cliente_id,tipo_cliente,tipo_documento,numero_documento,digito_verificacion,municipio_codigo,estado_cliente,fecha_vinculacion,email,telefono
1,NATURAL,CC,1236385469,,11001,ACTIVO,2015-01-01,isabel.londono1@example.com,3423277638
2,NATURAL,CC,1203026674,,19001,ACTIVO,2015-01-01,andres.zapata2@example.com,3696176944
3,NATURAL,CC,1049836358,,47001,ACTIVO,2015-01-05,antonio.palacios3@example.com,3954658445
4,JURIDICA,NIT,978071726,0,76834,ACTIVO,2015-01-06,contacto4@example.com,3809353819
5,JURIDICA,NIT,960151110,2,54001,ACTIVO,2015-01-07,contacto5@example.com,3992387161
6,JURIDICA,NIT,961791680,8,05088,ACTIVO,2015-01-10,contacto6@example.com,3436990148
7,NATURAL,CC,1082099316,,05360,ACTIVO,2015-01-15,sebastian.alzate7@example.com,3485274410
8,NATURAL,CC,1218371885,,13430,ACTIVO,2015-01-16,dario.olaya8@example.com,3205544660
9,JURIDICA,NIT,961638864,2,85001,ACTIVO,2015-01-16,contacto9@example.com,3232727570
10,NATURAL,CC,1240486152,,11001,ACTIVO,2015-01-19,alexander.quintero10@example.com,3649692264
11,NATURAL,CC,1240532120,,66001,ACTIVO,2015-01-19,mayra.gallego11@example.com,3806491280
12,NATURAL,CC,1189797529,,05001,ACTIVO,2015-01-24,luis.barrios12@example.com,3087979703
13,NATURAL,CC,1220923225,,11001,ACTIVO,2015-01-24,,3005856440
14,JURIDICA,NIT,964740600,1,95001,ACTIVO,2015-01-26,contacto14@example.com,3829139500
15,NATURAL,CC,1000900457,,11001,ACTIVO,2015-01-27,jose.manrique15@example.com,3962226499
16,NATURAL,CC,1145239181,,05001,ACTIVO,2015-01-27,yeison.hernandez16@example.com,3070523401
17,NATURAL,CC,1139246285,,68001,ACTIVO,2015-01-27,edith.rodriguez17@example.com,3920200644
18,NATURAL,CC,1161857373,,50001,ACTIVO,2015-01-29,,3524047140
19,NATURAL,CC,1126045605,,68276,ACTIVO,2015-01-30,martha.rojas19@example.com,3590154481
20,NATURAL,CC,1092341646,,76001,ACTIVO,2015-01-31,carlos.barreto20@example.com,3169463938
21,NATURAL,CC,1281423282,,11001,ACTIVO,2015-01-31,enith.caicedo21@example.com,3015764042
22,NATURAL,CC,1027765614,,50001,ACTIVO,2015-02-02,amalia.galvis22@example.com,3998838471
23,NATURAL,CC,1257572135,,50001,ACTIVO,2015-02-02,lina.meza23@example.com,3191970579
24,JURIDICA,NIT,967000729,9,41001,ACTIVO,2015-02-04,contacto24@example.com,3672623147
25,NATURAL,CC,1146909895,,76834,ACTIVO,2015-02-04,esther.cardona25@example.com,3264908951
26,NATURAL,CC,1268960714,,76001,ACTIVO,2015-02-06,angela.ibarra26@example.com,3176980286
27,NATURAL,CC,1211098266,,11001,ACTIVO,2015-02-06,alejandra.murillo27@example.com,3339609769
28,NATURAL,CC,1086561012,,11001,ACTIVO,2015-02-06,adriana.rodriguez28@example.com,3800766094
29,JURIDICA,NIT,983768294,1,73001,ACTIVO,2015-02-09,contacto29@example.com,3221473399
30,NATURAL,CC,1143786660,,08001,ACTIVO,2015-02-09,eduardo.angel30@example.com,3494566510
31,NATURAL,CC,1194343109,,66001,ACTIVO,2015-02-09,silvia.hernandez31@example.com,3647334484
32,NATURAL,CC,1016409720,,76001,ACTIVO,2015-02-12,,3436256372
33,NATURAL,CC,1096060823,,73001,ACTIVO,2015-02-12,amelia.diaz33@example.com,3271007917
34,NATURAL,PA,YW4514627,,11001,ACTIVO,2015-02-13,duban.serrano34@example.com,3931684975
35,JURIDICA,NIT,960691600,6,11001,ACTIVO,2015-02-14,contacto35@example.com,3080450777
36,NATURAL,CC,1124531168,,11001,ACTIVO,2015-02-16,esperanza.contreras36@example.com,3864491239
37,NATURAL,CC,1261015720,,68001,ACTIVO,2015-02-18,eduardo.hernandez37@example.com,3747240021
38,NATURAL,CC,1012315258,,17001,ACTIVO,2015-02-18,maria.gonzalez38@example.com,3651230125
39,NATURAL,CC,1280599292,,47001,ACTIVO,2015-02-19,lorena.ramirez39@example.com,3479006385
40,NATURAL,CC,1172781042,,08001,ACTIVO,2015-02-21,sara.camargo40@example.com,3300754684
41,NATURAL,CC,1153612084,,05001,ACTIVO,2015-02-21,brayan.quintero41@example.com,3625906049
42,NATURAL,CC,1088680397,,54001,ACTIVO,2015-02-24,david.caicedo42@example.com,3119652073
43,NATURAL,CC,1051746275,,11001,ACTIVO,2015-02-24,jhon.sierra43@example.com,3838769629
44,NATURAL,CC,1221562176,,11001,ACTIVO,2015-02-25,luis.perez44@example.com,3921100386
45,NATURAL,CC,1296650057,,54001,ACTIVO,2015-02-27,,3482370800
46,NATURAL,CC,1249345718,,11001,ACTIVO,2015-02-27,susana.mendez46@example.com,3792704438
47,NATURAL,CC,1291679918,,05001,ACTIVO,2015-02-27,beatriz.gomez47@example.com,3435296026
48,NATURAL,CC,1174455752,,11001,ACTIVO,2015-03-02,jose.duran48@example.com,3030238673
49,JURIDICA,NIT,973264271,2,11001,ACTIVO,2015-03-03,contacto49@example.com,3354072047
50,JURIDICA,NIT,987141988,7,11001,ACTIVO,2015-03-04,contacto50@example.com,3094342899
51,NATURAL,CC,1101184496,,11001,ACTIVO,2015-03-05,maria.jaimes51@example.com,3004421570
52,NATURAL,CC,1255840173,,05360,ACTIVO,2015-03-07,,3793282624
53,NATURAL,CC,1229225295,,13001,ACTIVO,2015-03-07,norberto.quintero53@example.com,3629539422
54,NATURAL,CC,1073926350,,17001,ACTIVO,2015-03-09,carlos.parra54@example.com,3689660421
55,NATURAL,CC,1145230566,,76001,ACTIVO,2015-03-09,dario.ruiz55@example.com,3328973356
56,NATURAL,CC,1153134457,,66001,ACTIVO,2015-03-11,jose.martinez56@example.com,3104697317
57,NATURAL,CC,1266758957,,54001,ACTIVO,2015-03-13,gabriela.hoyos57@example.com,3551108523
58,NATURAL,CC,1053941508,,05088,ACTIVO,2015-03-18,miryam.ochoa58@example.com,3726243614
59,NATURAL,CC,1142191912,,11001,ACTIVO,2015-03-19,jose.daza59@example.com,3888820868
60,NATURAL,CC,1045379083,,20001,ACTIVO,2015-03-19,mario.cruz60@example.com,3933291648
61,NATURAL,CC,1220808149,,05001,ACTIVO,2015-03-20,andres.hernandez61@example.com,3206942836
62,NATURAL,CC,1091588927,,76001,ACTIVO,2015-03-23,johan.cantillo62@example.com,3429167742
63,NATURAL,CC,1037109076,,08001,ACTIVO,2015-03-26,yenny.cardenas63@example.com,3067647392
64,NATURAL,CC,1280136093,,76001,ACTIVO,2015-03-26,manuel.romero64@example.com,3155641682
65,NATURAL,CC,1291026150,,08001,ACTIVO,2015-03-30,,3549975563
66,NATURAL,CC,1152137237,,76001,ACTIVO,2015-04-03,sofia.quintero66@example.com,3045959900
67,NATURAL,CC,1177069263,,11001,ACTIVO,2015-04-03,carmenza.cordoba67@example.com,3655647559
68,NATURAL,CC,1294930766,,73001,ACTIVO,2015-04-04,,3008705493
69,NATURAL,CC,1269693900,,05001,ACTIVO,2015-04-04,jesus.uribe69@example.com,3539163042
70,NATURAL,CC,1075449362,,05001,ACTIVO,2015-04-06,patricia.beltran70@example.com,3771201517
71,NATURAL,CC,1010273532,,05001,ACTIVO,2015-04-09,gustavo.quintero71@example.com,3565672767
72,NATURAL,CC,1120285483,,11001,ACTIVO,2015-04-13,patricia.burgos72@example.com,3120815335
73,NATURAL,CC,1166983688,,66170,ACTIVO,2015-04-13,jhon.ayala73@example.com,3283087045
74,NATURAL,CC,1085792318,,13001,ACTIVO,2015-04-13,elizabeth.portilla74@example.com,3929848269
75,NATURAL,CC,1169802494,,19001,ACTIVO,2015-04-13,esther.ruiz75@example.com,3909090385
76,JURIDICA,NIT,985696147,4,11001,ACTIVO,2015-04-13,contacto76@example.com,3794367663
77,NATURAL,CC,1062200499,,50001,ACTIVO,2015-04-14,adriana.ardila77@example.com,3708177769
78,NATURAL,CC,1175437030,,05088,ACTIVO,2015-04-14,rosa.cardona78@example.com,3476734140
79,JURIDICA,NIT,963710508,1,11001,ACTIVO,2015-04-16,contacto79@example.com,3376886244
80,JURIDICA,NIT,969952261,6,11001,ACTIVO,2015-04-18,contacto80@example.com,3089157006
81,NATURAL,CC,1222101204,,05001,ACTIVO,2015-04-20,daniela.fajardo81@example.com,3688535068
82,NATURAL,CC,1086094472,,05001,ACTIVO,2015-04-20,fernanda.bonilla82@example.com,3089411449
83,JURIDICA,NIT,987853600,0,76001,ACTIVO,2015-04-21,contacto83@example.com,3902656393
84,NATURAL,CC,1212129967,,52001,ACTIVO,2015-04-22,jader.rojas84@example.com,3425167398
85,JURIDICA,NIT,963468964,8,85001,ACTIVO,2015-04-23,contacto85@example.com,3823304282
86,NATURAL,CC,1136386800,,17001,ACTIVO,2015-04-24,beatriz.guevara86@example.com,3956816389
87,NATURAL,CC,1232319208,,54001,ACTIVO,2015-04-27,beatriz.ibarra87@example.com,3992095738
88,NATURAL,CC,1213863482,,11001,ACTIVO,2015-04-27,,3475716541
89,NATURAL,CC,1231942454,,11001,ACTIVO,2015-04-27,andres.estrada89@example.com,3194438750
90,JURIDICA,NIT,989131475,5,63001,ACTIVO,2015-04-28,contacto90@example.com,3249365864
91,NATURAL,CC,1245553119,,23001,ACTIVO,2015-04-30,ximena.vargas91@example.com,3525417706
92,NATURAL,CC,1120228049,,05266,ACTIVO,2015-04-30,rodrigo.jaimes92@example.com,3225128230
93,JURIDICA,NIT,969293710,3,05615,ACTIVO,2015-05-04,contacto93@example.com,3806039344
94,NATURAL,CC,1027990580,,20001,ACTIVO,2015-05-04,daniel.orozco94@example.com,3360709922
95,NATURAL,CC,1178653819,,08001,ACTIVO,2015-05-04,luz.sandoval95@example.com,3238143111
96,NATURAL,CC,1194015525,,66001,ACTIVO,2015-05-07,edisson.soto96@example.com,3667470925
97,JURIDICA,NIT,960136476,1,23001,ACTIVO,2015-05-07,contacto97@example.com,3529573787
98,NATURAL,CC,1087939942,,76001,ACTIVO,2015-05-08,jhon.garcia98@example.com,3192451152
99,NATURAL,CC,1061123168,,73001,ACTIVO,2015-05-09,rodrigo.murcia99@example.com,3534241438
100,NATURAL,CC,1025174748,,27001,ACTIVO,2015-05-09,carlos.romero100@example.com,3714733727
101,NATURAL,CC,1032612062,,11001,ACTIVO,2015-05-11,yolima.carrillo101@example.com,3685486589
102,NATURAL,CC,1262741777,,08001,ACTIVO,2015-05-14,pablo.escobar102@example.com,3512787798
103,NATURAL,CC,1248159728,,11001,ACTIVO,2015-05-15,elena.tamayo103@example.com,3189709792
104,NATURAL,CC,1137094576,,68001,ACTIVO,2015-05-16,ines.diaz104@example.com,3190611386
105,NATURAL,CC,1188193022,,05001,ACTIVO,2015-05-18,leydi.calderon105@example.com,3642944261
106,NATURAL,CC,1102025874,,18001,ACTIVO,2015-05-18,luis.jaimes106@example.com,3716626361
107,NATURAL,CC,1076861844,,11001,ACTIVO,2015-05-19,alexander.jaramillo107@example.com,3853585369
108,NATURAL,CC,1215255749,,73001,INACTIVO,2015-05-20,maria.lopez108@example.com,3406649805
109,NATURAL,CE,774265,,70001,ACTIVO,2015-05-21,erika.hoyos109@example.com,3046383122
110,NATURAL,CC,1186910037,,05001,ACTIVO,2015-05-22,isabel.fonseca110@example.com,3887855490
111,NATURAL,CC,1003960296,,05001,ACTIVO,2015-05-23,daniela.villa111@example.com,3799660459
112,NATURAL,CE,906798,,11001,ACTIVO,2015-05-23,maria.velasquez112@example.com,3699669731
113,NATURAL,CC,1003899300,,05001,ACTIVO,2015-05-23,lorena.correa113@example.com,3859757238
114,NATURAL,CC,1184196277,,13001,ACTIVO,2015-05-25,augusto.morales114@example.com,3706904475
115,JURIDICA,NIT,970427988,4,76520,ACTIVO,2015-05-25,contacto115@example.com,3583654997
116,JURIDICA,NIT,985107190,6,05001,ACTIVO,2015-05-26,contacto116@example.com,3690425972
117,NATURAL,CC,1206194539,,73001,ACTIVO,2015-05-27,hector.espinosa117@example.com,3808717953
118,JURIDICA,NIT,988419612,2,05001,ACTIVO,2015-05-29,contacto118@example.com,3272788448
119,NATURAL,CC,1117107817,,76001,ACTIVO,2015-05-29,,3273244224
120,NATURAL,CC,1081873257,,27001,ACTIVO,2015-06-01,fabian.acevedo120@example.com,3317275799
121,NATURAL,CC,1206296464,,11001,ACTIVO,2015-06-02,lorena.vargas121@example.com,3770804882
122,NATURAL,CC,1171962458,,05266,ACTIVO,2015-06-03,emilio.vallejo122@example.com,3650173613
123,JURIDICA,NIT,974799692,1,76001,ACTIVO,2015-06-04,contacto123@example.com,3425231430
124,NATURAL,CE,879652,,08758,ACTIVO,2015-06-04,carlos.garcia124@example.com,3742684865
125,NATURAL,CC,1290654959,,05088,ACTIVO,2015-06-05,maria.lopez125@example.com,3181988994
126,NATURAL,CC,1246831799,,81001,ACTIVO,2015-06-05,patricia.bautista126@example.com,3475733661
127,NATURAL,PPT,2061698,,05001,ACTIVO,2015-06-05,luis.parra127@example.com,3898176718
128,NATURAL,CC,1091664243,,66001,ACTIVO,2015-06-06,viviana.acosta128@example.com,3363475516
129,NATURAL,CC,1089339406,,63001,ACTIVO,2015-06-08,alexandra.caceres129@example.com,3216850995
130,NATURAL,CC,1110074448,,11001,ACTIVO,2015-06-08,maria.pineda130@example.com,3661516879
131,NATURAL,CC,1135874411,,11001,ACTIVO,2015-06-10,danilo.gutierrez131@example.com,3630107420
132,NATURAL,CC,1246143167,,66170,ACTIVO,2015-06-13,carlos.pineda132@example.com,3448621629
133,NATURAL,CC,1133536898,,52001,ACTIVO,2015-06-15,alexandra.calderon133@example.com,3074459352
134,NATURAL,CC,1230518277,,08758,ACTIVO,2015-06-15,julieth.arrieta134@example.com,3596255604
135,NATURAL,CC,1208269473,,11001,ACTIVO,2015-06-15,yenifer.florez135@example.com,3473739272
136,JURIDICA,NIT,971997710,2,11001,ACTIVO,2015-06-16,contacto136@example.com,3027430099
137,NATURAL,CC,1018821765,,13001,ACTIVO,2015-06-17,esther.patino137@example.com,3740962429
138,NATURAL,CC,1253879342,,08758,ACTIVO,2015-06-18,eugenia.moreno138@example.com,3322868742
139,JURIDICA,NIT,976481263,4,05001,ACTIVO,2015-06-19,contacto139@example.com,3982199817
140,NATURAL,CC,1246018089,,15759,ACTIVO,2015-06-20,sandra.garzon140@example.com,3721559201
141,NATURAL,CC,1014727366,,11001,ACTIVO,2015-06-24,abelardo.romero141@example.com,3140246724
142,NATURAL,CC,1106065129,,54001,ACTIVO,2015-06-24,rafael.rodriguez142@example.com,3118248855
143,NATURAL,CC,1131650350,,11001,ACTIVO,2015-06-25,daniel.lopez143@example.com,3593088776
144,NATURAL,CC,1118738084,,20001,ACTIVO,2015-06-27,marcela.acevedo144@example.com,3675592686
145,NATURAL,CC,1120334505,,70001,ACTIVO,2015-06-27,elsa.acosta145@example.com,3971882919
146,NATURAL,CC,1163572117,,25175,ACTIVO,2015-06-29,andrea.camargo146@example.com,3997349240
147,NATURAL,CC,1168526476,,13001,ACTIVO,2015-06-29,viviana.morales147@example.com,3309178102
148,NATURAL,CC,1057681901,,13430,ACTIVO,2015-07-01,manuel.sanchez148@example.com,3595996917
149,NATURAL,CC,1030933487,,66170,ACTIVO,2015-07-01,alvaro.ortiz149@example.com,3163922151
150,NATURAL,CC,1242099863,,20001,ACTIVO,2015-07-02,carmen.alvarez150@example.com,3843820052
151,NATURAL,CC,1208152754,,76001,ACTIVO,2015-07-03,ricardo.mora151@example.com,3983452293
152,JURIDICA,NIT,984848158,5,05360,ACTIVO,2015-07-06,contacto152@example.com,3310950133
153,NATURAL,CC,1250093015,,05001,ACTIVO,2015-07-08,nayibe.obando153@example.com,3053008827
154,NATURAL,CC,1044455665,,05266,ACTIVO,2015-07-08,fabian.ramirez154@example.com,3664351922
155,NATURAL,CC,1204861680,,11001,ACTIVO,2015-07-10,leidy.rico155@example.com,3832563282
156,NATURAL,CC,1050552872,,11001,ACTIVO,2015-07-11,jonatan.meza156@example.com,3105286025
157,NATURAL,CC,1010182955,,05001,ACTIVO,2015-07-11,orlando.gutierrez157@example.com,3214252854
158,NATURAL,CC,1195353350,,52001,ACTIVO,2015-07-11,alba.medina158@example.com,3718863473
159,NATURAL,CC,1155780747,,11001,ACTIVO,2015-07-14,marcela.ardila159@example.com,3605077469
160,NATURAL,CC,1150362864,,11001,ACTIVO,2015-07-16,jesus.rodriguez160@example.com,3304253272
161,NATURAL,CC,1053444727,,76001,ACTIVO,2015-07-16,andres.vega161@example.com,3916574783
162,NATURAL,CC,1001477208,,05001,ACTIVO,2015-07-17,camilo.paz162@example.com,3741147560
163,NATURAL,CC,1129732345,,44001,ACTIVO,2015-07-17,maria.perez163@example.com,3830711878
164,NATURAL,CC,1161765830,,66170,ACTIVO,2015-07-17,wilson.mejia164@example.com,3149962538
165,NATURAL,CC,1051970454,,25175,ACTIVO,2015-07-18,claudia.hernandez165@example.com,3512048476
166,JURIDICA,NIT,970622846,2,08001,ACTIVO,2015-07-20,contacto166@example.com,3239589256
167,JURIDICA,NIT,970824385,6,15001,ACTIVO,2015-07-22,contacto167@example.com,3471358310
168,NATURAL,CC,1159120464,,54001,ACTIVO,2015-07-22,carlos.sanchez168@example.com,3024761778
169,NATURAL,CC,1177719824,,50001,ACTIVO,2015-07-23,diana.cardozo169@example.com,3402859086
170,JURIDICA,NIT,972659168,4,13001,ACTIVO,2015-07-23,contacto170@example.com,3716137746
171,JURIDICA,NIT,966686822,6,08001,ACTIVO,2015-07-24,contacto171@example.com,3169532942
172,NATURAL,CC,1003997754,,05001,ACTIVO,2015-07-24,,3041068355
173,NATURAL,CC,1014841318,,05001,ACTIVO,2015-07-25,janneth.mejia173@example.com,3640685472
174,NATURAL,CC,1026519329,,76001,ACTIVO,2015-07-27,claudia.diaz174@example.com,3465666433
175,NATURAL,CC,1120021372,,11001,ACTIVO,2015-07-27,nubia.murillo175@example.com,3679894418
176,NATURAL,CC,1241459870,,54001,ACTIVO,2015-07-27,javier.contreras176@example.com,3422771726
177,NATURAL,CC,1046427982,,68276,ACTIVO,2015-07-28,dayana.figueroa177@example.com,3049230852
178,NATURAL,CC,1248110879,,11001,ACTIVO,2015-07-28,diana.gutierrez178@example.com,3697080904
179,NATURAL,CC,1172367658,,11001,ACTIVO,2015-07-30,andres.obando179@example.com,3194474568
180,NATURAL,CC,1204016450,,13430,ACTIVO,2015-07-30,marina.mosquera180@example.com,3598670707
181,NATURAL,CC,1001824285,,08001,ACTIVO,2015-08-03,armando.toro181@example.com,3709253676
182,NATURAL,CC,1275788326,,81001,ACTIVO,2015-08-03,carlos.martinez182@example.com,3512450583
183,NATURAL,CC,1123076899,,54001,ACTIVO,2015-08-04,david.barragan183@example.com,3958302945
184,NATURAL,CC,1249424361,,73001,ACTIVO,2015-08-05,jairo.meneses184@example.com,3221651973
185,NATURAL,CC,1298650304,,19001,ACTIVO,2015-08-07,patricia.mosquera185@example.com,3831445306
186,NATURAL,CC,1044136720,,20001,ACTIVO,2015-08-08,miguel.mora186@example.com,3458331144
187,NATURAL,CC,1110523740,,11001,ACTIVO,2015-08-10,,3601335447
188,NATURAL,CC,1185883202,,76834,ACTIVO,2015-08-11,ricardo.castillo188@example.com,3371020397
189,NATURAL,CC,1136617806,,11001,ACTIVO,2015-08-11,nataly.vega189@example.com,3377180223
190,NATURAL,PPT,9642354,,66170,ACTIVO,2015-08-11,luisa.martinez190@example.com,3064910951
191,JURIDICA,NIT,982587368,7,47001,ACTIVO,2015-08-11,contacto191@example.com,3374167314
192,NATURAL,CC,1241918642,,76001,ACTIVO,2015-08-12,bayron.ibarra192@example.com,3004132785
193,NATURAL,CC,1039389961,,11001,ACTIVO,2015-08-12,eduar.rodriguez193@example.com,3749652952
194,NATURAL,CC,1223352602,,68001,ACTIVO,2015-08-13,mirian.ariza194@example.com,3632782316
195,JURIDICA,NIT,969845223,8,11001,ACTIVO,2015-08-13,contacto195@example.com,3343092051
196,NATURAL,CC,1219352761,,11001,ACTIVO,2015-08-14,javier.torres196@example.com,3240431672
197,NATURAL,CC,1028293255,,11001,ACTIVO,2015-08-17,,3661254201
198,NATURAL,CC,1116281121,,76834,ACTIVO,2015-08-17,sandra.marin198@example.com,3001569763
199,NATURAL,CC,1230164396,,50001,ACTIVO,2015-08-17,jaime.bernal199@example.com,3768982845
200,NATURAL,CC,1237292995,,54001,ACTIVO,2015-08-17,maria.molina200@example.com,3693236495
201,NATURAL,CC,1074627041,,05360,ACTIVO,2015-08-19,hernan.rodriguez201@example.com,3055719750
202,NATURAL,CC,1193494215,,76001,ACTIVO,2015-08-19,maria.serna202@example.com,3088553924
203,JURIDICA,NIT,973070524,7,05001,ACTIVO,2015-08-19,contacto203@example.com,3040783921
204,NATURAL,CC,1021727904,,25269,ACTIVO,2015-08-19,jhon.gonzales204@example.com,3944072761
205,NATURAL,CC,1172992852,,17873,ACTIVO,2015-08-21,irene.murillo205@example.com,3432673382
206,NATURAL,PPT,8941235,,19001,ACTIVO,2015-08-24,rubiela.garcia206@example.com,3908505321
207,NATURAL,CC,1069367266,,20001,ACTIVO,2015-08-24,francisco.zambrano207@example.com,3414006863
208,NATURAL,CC,1137883302,,05001,ACTIVO,2015-08-24,edgar.sanchez208@example.com,3170622721
209,JURIDICA,NIT,987823034,3,08758,ACTIVO,2015-08-25,contacto209@example.com,3406393043
210,NATURAL,CC,1063774946,,41001,ACTIVO,2015-08-26,nubia.gomez210@example.com,3398088801
211,NATURAL,CC,1184943463,,66001,ACTIVO,2015-08-27,,3603018010
212,JURIDICA,NIT,980407428,2,11001,ACTIVO,2015-08-31,contacto212@example.com,3580224263
213,NATURAL,CC,1167401417,,13001,ACTIVO,2015-08-31,fernando.salcedo213@example.com,3879136804
214,NATURAL,CC,1203555819,,76834,ACTIVO,2015-09-01,alvaro.mercado214@example.com,3784513763
215,NATURAL,CC,1089146264,,11001,ACTIVO,2015-09-03,janneth.sarmiento215@example.com,3388611150
216,NATURAL,CC,1094776442,,68001,ACTIVO,2015-09-04,maria.beltran216@example.com,3373616051
217,NATURAL,CC,1020775210,,15759,ACTIVO,2015-09-07,eugenia.perez217@example.com,3816990846
218,NATURAL,CC,1058813722,,11001,ACTIVO,2015-09-07,jhon.meneses218@example.com,3608626059
219,NATURAL,CC,1031068982,,17001,ACTIVO,2015-09-07,marcela.ospino219@example.com,3405667684
220,NATURAL,CC,1182792402,,05001,ACTIVO,2015-09-08,alexander.ramos220@example.com,3554528856
221,JURIDICA,NIT,967214146,4,08001,ACTIVO,2015-09-08,contacto221@example.com,3513978410
222,NATURAL,CC,1200632676,,76001,ACTIVO,2015-09-08,judith.barrera222@example.com,3406314794
223,NATURAL,CC,1049794714,,44001,ACTIVO,2015-09-08,maria.bernal223@example.com,3542365299
224,NATURAL,CE,815260,,13001,ACTIVO,2015-09-09,ariel.hernandez224@example.com,3879874918
225,NATURAL,CC,1020988566,,76520,ACTIVO,2015-09-10,hugo.rojas225@example.com,3601905778
226,NATURAL,CC,1004012302,,11001,ACTIVO,2015-09-14,diana.rosero226@example.com,3929608833
227,NATURAL,CC,1069342866,,76001,ACTIVO,2015-09-14,marcela.munoz227@example.com,3516241285
228,NATURAL,CE,930075,,11001,ACTIVO,2015-09-18,,3105177107
229,NATURAL,CC,1025710027,,15001,ACTIVO,2015-09-18,antonio.gutierrez229@example.com,3621838509
230,NATURAL,CC,1231421183,,66001,ACTIVO,2015-09-22,alberto.velandia230@example.com,3972307505
231,NATURAL,CC,1132057423,,47001,ACTIVO,2015-09-24,marisol.murcia231@example.com,3864098185
232,NATURAL,CC,1056409032,,11001,ACTIVO,2015-09-25,ruth.sepulveda232@example.com,3971254856
233,NATURAL,CC,1202675897,,11001,ACTIVO,2015-09-25,eugenia.mejia233@example.com,3609957292
234,JURIDICA,NIT,984070164,9,11001,ACTIVO,2015-09-25,contacto234@example.com,3137721268
235,JURIDICA,NIT,980614230,9,08758,ACTIVO,2015-09-25,contacto235@example.com,3538957390
236,JURIDICA,NIT,988513915,0,73001,ACTIVO,2015-09-26,contacto236@example.com,3893591310
237,NATURAL,CE,414767,,05266,ACTIVO,2015-09-28,amalia.cruz237@example.com,3933771183
238,NATURAL,CE,966354,,11001,ACTIVO,2015-09-28,ivan.forero238@example.com,3426341848
239,NATURAL,CC,1295929111,,11001,ACTIVO,2015-09-28,stiven.arango239@example.com,3067431635
240,NATURAL,CE,156448,,50001,ACTIVO,2015-09-28,carlos.pineda240@example.com,3448620377
241,JURIDICA,NIT,984599769,6,11001,ACTIVO,2015-09-30,contacto241@example.com,3444743111
242,NATURAL,CC,1162432048,,11001,ACTIVO,2015-09-30,jairo.gutierrez242@example.com,3075015110
243,NATURAL,CE,941261,,11001,ACTIVO,2015-10-01,,3416262973
244,NATURAL,CC,1285419944,,76001,ACTIVO,2015-10-05,cecilia.gonzalez244@example.com,3967588895
245,NATURAL,CC,1184905302,,86001,ACTIVO,2015-10-07,jose.gutierrez245@example.com,3603817556
246,NATURAL,CC,1282435053,,54001,ACTIVO,2015-10-09,,3693353891
247,NATURAL,CC,1106618520,,11001,ACTIVO,2015-10-09,jaime.pedraza247@example.com,3812806502
248,NATURAL,CC,1133165470,,11001,ACTIVO,2015-10-12,doris.montes248@example.com,3466365932
249,NATURAL,CC,1160434325,,54001,ACTIVO,2015-10-12,,3742705278
250,NATURAL,CC,1033091281,,05001,ACTIVO,2015-10-13,stella.fernandez250@example.com,3295304314
251,NATURAL,CC,1075227641,,76001,ACTIVO,2015-10-15,beatriz.rojas251@example.com,3585282915
252,JURIDICA,NIT,983667652,1,11001,ACTIVO,2015-10-15,contacto252@example.com,3955949187
253,NATURAL,CC,1147659261,,76001,ACTIVO,2015-10-16,ines.herrera253@example.com,3212848991
254,NATURAL,PPT,5370685,,17001,ACTIVO,2015-10-17,jose.velandia254@example.com,3071976715
255,JURIDICA,NIT,975503911,1,20001,ACTIVO,2015-10-19,contacto255@example.com,3063958367
256,NATURAL,CC,1188543112,,08001,ACTIVO,2015-10-19,mercedes.arias256@example.com,3888732756
257,NATURAL,CE,522728,,11001,ACTIVO,2015-10-19,vanessa.espinosa257@example.com,3172985245
258,NATURAL,CC,1167623281,,15001,ACTIVO,2015-10-22,yessica.carmona258@example.com,3607659387
259,JURIDICA,NIT,967516465,5,94001,ACTIVO,2015-10-22,contacto259@example.com,3396948359
260,NATURAL,CC,1276203274,,11001,ACTIVO,2015-10-22,guillermo.orozco260@example.com,3934588108
261,NATURAL,CC,1262222166,,11001,ACTIVO,2015-10-23,cecilia.gomez261@example.com,3271377420
262,NATURAL,CC,1076836402,,11001,ACTIVO,2015-10-23,milena.granados262@example.com,3882873510
263,NATURAL,CC,1168711170,,11001,ACTIVO,2015-10-24,isabel.miranda263@example.com,3293711848
264,NATURAL,CC,1277937248,,11001,ACTIVO,2015-10-24,,3998209525
265,NATURAL,CC,1180965598,,05001,ACTIVO,2015-10-24,jader.rodriguez265@example.com,3544189718
266,NATURAL,CC,1153282706,,23001,ACTIVO,2015-10-26,maria.lopez266@example.com,3710733895
267,NATURAL,CC,1122633377,,11001,ACTIVO,2015-10-26,alfonso.moreno267@example.com,3742873427
268,NATURAL,CC,1264538643,,11001,ACTIVO,2015-10-28,miguel.rosero268@example.com,3719611771
269,NATURAL,CC,1271594666,,05088,ACTIVO,2015-10-30,carlos.burbano269@example.com,3928641783
270,NATURAL,CC,1146734785,,76001,ACTIVO,2015-11-02,jennifer.pena270@example.com,3376963377
271,NATURAL,CC,1108308174,,11001,ACTIVO,2015-11-03,yuliana.arenas271@example.com,3023462801
272,NATURAL,CC,1040838308,,05001,ACTIVO,2015-11-05,estela.vargas272@example.com,3389415264
273,NATURAL,CC,1296027253,,47001,ACTIVO,2015-11-05,uriel.ceron273@example.com,3405690130
274,JURIDICA,NIT,985053765,7,05001,ACTIVO,2015-11-05,contacto274@example.com,3917422097
275,NATURAL,CC,1196944052,,41001,ACTIVO,2015-11-05,amparo.munoz275@example.com,3144302017
276,NATURAL,CC,1295034935,,47001,ACTIVO,2015-11-07,enith.sepulveda276@example.com,3858332025
277,NATURAL,CC,1173312057,,68276,ACTIVO,2015-11-07,lizeth.ortiz277@example.com,3525153092
278,NATURAL,PPT,4032607,,11001,ACTIVO,2015-11-09,david.sepulveda278@example.com,3522399076
279,NATURAL,CC,1144927295,,13001,ACTIVO,2015-11-10,karen.mosquera279@example.com,3358536601
280,NATURAL,CC,1288475464,,54001,ACTIVO,2015-11-10,,3632659783
281,NATURAL,CC,1176738663,,76109,ACTIVO,2015-11-12,eduardo.martinez281@example.com,3368785373
282,NATURAL,CC,1249459226,,76001,ACTIVO,2015-11-16,monica.garcia282@example.com,3696377717
283,NATURAL,CC,1185828525,,70001,ACTIVO,2015-11-17,diego.lozano283@example.com,3518931716
284,NATURAL,CC,1201277934,,76001,ACTIVO,2015-11-18,fernando.hernandez284@example.com,3670612270
285,NATURAL,CC,1116192431,,11001,ACTIVO,2015-11-18,vicente.carvajal285@example.com,3545090425
286,JURIDICA,NIT,963923594,8,66001,ACTIVO,2015-11-19,contacto286@example.com,3288297987
287,JURIDICA,NIT,961353155,4,11001,ACTIVO,2015-11-20,contacto287@example.com,3956263554
288,NATURAL,CC,1242885146,,50001,ACTIVO,2015-11-21,,3714011199
289,NATURAL,CC,1249201107,,05001,ACTIVO,2015-11-23,nora.vera289@example.com,3488212546
290,NATURAL,CC,1002494132,,54001,ACTIVO,2015-11-25,socorro.miranda290@example.com,3398735220
291,NATURAL,CC,1136816894,,11001,ACTIVO,2015-11-25,henry.sanchez291@example.com,3637676609
292,NATURAL,CC,1149272880,,05360,ACTIVO,2015-11-26,mauricio.rojas292@example.com,3925788798
293,NATURAL,CC,1183282180,,05001,ACTIVO,2015-11-27,vicente.rodriguez293@example.com,3665516556
294,NATURAL,CC,1026806873,,11001,ACTIVO,2015-11-27,flor.cuesta294@example.com,3124861181
295,JURIDICA,NIT,965693588,2,05001,ACTIVO,2015-11-27,contacto295@example.com,3416843917
296,NATURAL,CC,1213660535,,05001,ACTIVO,2015-11-28,marisol.correa296@example.com,3667428130
297,NATURAL,CC,1183622134,,13001,ACTIVO,2015-11-30,marcela.salas297@example.com,3315361686
298,NATURAL,CC,1072061430,,05001,ACTIVO,2015-11-30,julian.herrera298@example.com,3177336329
299,NATURAL,CC,1210515385,,11001,ACTIVO,2015-12-04,martha.pulido299@example.com,3646755020
300,NATURAL,CC,1088137359,,11001,ACTIVO,2015-12-04,ximena.marin300@example.com,3110919569
301,NATURAL,CC,1103037974,,08001,ACTIVO,2015-12-05,libia.ocampo301@example.com,3785619168
302,NATURAL,CC,1285565994,,18001,ACTIVO,2015-12-05,jose.sanchez302@example.com,3995708180
303,NATURAL,CC,1206063163,,11001,ACTIVO,2015-12-07,elsa.giraldo303@example.com,3143171269
304,NATURAL,CC,1078038175,,13001,ACTIVO,2015-12-07,paola.vergara304@example.com,3145327506
305,NATURAL,CC,1115852164,,44001,ACTIVO,2015-12-07,,3317537596
306,NATURAL,CC,1177753397,,76001,ACTIVO,2015-12-08,oscar.sanchez306@example.com,3433517046
307,NATURAL,CC,1018938924,,08001,ACTIVO,2015-12-11,francisco.florez307@example.com,3474332658
308,NATURAL,CC,1030929186,,05001,ACTIVO,2015-12-11,dario.torres308@example.com,3220782830
309,NATURAL,CC,1179045847,,66001,ACTIVO,2015-12-14,elena.ruiz309@example.com,3311741058
310,NATURAL,CC,1210684263,,11001,ACTIVO,2015-12-14,david.martinez310@example.com,3172857313
311,NATURAL,CC,1156065873,,08001,ACTIVO,2015-12-15,bernardo.benavides311@example.com,3252605410
312,JURIDICA,NIT,970088268,4,76001,ACTIVO,2015-12-16,contacto312@example.com,3466734556
313,NATURAL,CC,1007074466,,11001,ACTIVO,2015-12-19,david.vargas313@example.com,3045615351
314,NATURAL,CC,1119419507,,11001,ACTIVO,2015-12-19,angelica.blanco314@example.com,3933133965
315,NATURAL,CC,1163371574,,08001,ACTIVO,2015-12-19,camilo.pena315@example.com,3406220462
316,NATURAL,CC,1208007202,,76001,ACTIVO,2015-12-21,bernardo.garcia316@example.com,3236271818
317,NATURAL,CC,1187158819,,20001,ACTIVO,2015-12-21,johana.lopez317@example.com,3676775948
318,JURIDICA,NIT,972457827,2,50001,ACTIVO,2015-12-21,contacto318@example.com,3865524884
319,NATURAL,CC,1045911273,,05001,ACTIVO,2015-12-21,lorena.valderrama319@example.com,3635674004
320,NATURAL,CC,1044099438,,08001,ACTIVO,2015-12-22,luz.mosquera320@example.com,3818194881
321,NATURAL,CC,1192675393,,13001,ACTIVO,2015-12-22,jose.bautista321@example.com,3709853481
322,NATURAL,CC,1222051488,,68001,ACTIVO,2015-12-25,john.fuentes322@example.com,3279409504
323,NATURAL,CC,1010626903,,11001,ACTIVO,2015-12-28,alberto.gil323@example.com,3901041656
324,NATURAL,CC,1065801943,,15238,ACTIVO,2015-12-28,andrea.mendez324@example.com,3561800446
325,NATURAL,CC,1236530757,,11001,ACTIVO,2015-12-29,jimena.padilla325@example.com,3695769317
326,NATURAL,CC,1219033188,,68001,ACTIVO,2015-12-30,lucia.gomez326@example.com,3637368978
327,NATURAL,CC,1068047282,,08758,ACTIVO,2015-12-31,paola.becerra327@example.com,3629694345
328,NATURAL,CC,1256557754,,11001,ACTIVO,2016-01-02,felipe.quintero328@example.com,3578175054
329,NATURAL,CC,1132978426,,11001,ACTIVO,2016-01-05,roger.zapata329@example.com,3412000350
330,JURIDICA,NIT,976962708,4,17001,ACTIVO,2016-01-06,contacto330@example.com,3995868771
331,NATURAL,CC,1268132558,,05001,ACTIVO,2016-01-07,,3792896281
332,NATURAL,CC,1203744797,,73001,ACTIVO,2016-01-12,luis.jimenez332@example.com,3834850078
333,NATURAL,CC,1171738030,,11001,ACTIVO,2016-01-13,isabel.triana333@example.com,3273563405
334,NATURAL,CC,1033619664,,11001,ACTIVO,2016-01-14,augusto.orozco334@example.com,3563042696
335,NATURAL,CC,1294432690,,76001,ACTIVO,2016-01-15,sandra.perdomo335@example.com,3714390311
336,JURIDICA,NIT,971901497,6,11001,ACTIVO,2016-01-15,contacto336@example.com,3590799442
337,NATURAL,CC,1029331816,,11001,ACTIVO,2016-01-18,,3593733157
338,NATURAL,CC,1296666725,,44001,ACTIVO,2016-01-18,,3905568151
339,NATURAL,CC,1023377070,,73001,ACTIVO,2016-01-19,leonor.sanchez339@example.com,3008767903
340,NATURAL,CC,1044713355,,81001,ACTIVO,2016-01-21,sergio.alvarez340@example.com,3616242782
341,NATURAL,CC,1127327914,,41001,ACTIVO,2016-01-22,juan.velasquez341@example.com,3286659455
342,NATURAL,CC,1115118230,,11001,ACTIVO,2016-01-22,angie.vasquez342@example.com,3369328212
343,NATURAL,CC,1069050899,,47001,ACTIVO,2016-01-26,alejandra.medina343@example.com,3140473271
344,NATURAL,CC,1125817765,,08001,ACTIVO,2016-01-27,deiby.sanchez344@example.com,3724119271
345,NATURAL,CC,1099334203,,85001,ACTIVO,2016-01-27,luz.arias345@example.com,3494967877
346,JURIDICA,NIT,989378508,0,76001,ACTIVO,2016-01-30,contacto346@example.com,3453292246
347,JURIDICA,NIT,963407849,8,11001,ACTIVO,2016-01-30,contacto347@example.com,3850239628
348,JURIDICA,NIT,975020844,2,11001,ACTIVO,2016-01-30,contacto348@example.com,3720075011
349,NATURAL,CC,1261509714,,20001,ACTIVO,2016-02-01,david.villamizar349@example.com,3247848528
350,JURIDICA,NIT,981011193,1,68001,ACTIVO,2016-02-01,contacto350@example.com,3611169201
351,NATURAL,CC,1071038350,,11001,ACTIVO,2016-02-03,luis.gutierrez351@example.com,3230068140
352,NATURAL,CC,1289853520,,11001,ACTIVO,2016-02-06,enrique.agudelo352@example.com,3388712686
353,JURIDICA,NIT,974429582,1,68276,ACTIVO,2016-02-06,contacto353@example.com,3206130304
354,NATURAL,CC,1171972976,,08001,ACTIVO,2016-02-08,sandra.castro354@example.com,3080973751
355,NATURAL,CC,1188984381,,11001,ACTIVO,2016-02-08,jacqueline.beltran355@example.com,3316798801
356,JURIDICA,NIT,960962900,4,05001,ACTIVO,2016-02-09,contacto356@example.com,3445408686
357,NATURAL,CC,1066716336,,76001,ACTIVO,2016-02-11,fernanda.vargas357@example.com,3398777527
358,NATURAL,CC,1087822520,,11001,ACTIVO,2016-02-11,olga.daza358@example.com,3487053712
359,NATURAL,CC,1014385651,,08001,ACTIVO,2016-02-15,dario.giraldo359@example.com,3010130763
360,NATURAL,CC,1056865716,,11001,ACTIVO,2016-02-15,isabel.murillo360@example.com,3012710463
361,JURIDICA,NIT,980464576,7,76001,ACTIVO,2016-02-17,contacto361@example.com,3786848953
362,JURIDICA,NIT,962534764,0,11001,ACTIVO,2016-02-17,contacto362@example.com,3408122536
363,JURIDICA,NIT,980397056,1,05088,ACTIVO,2016-02-20,contacto363@example.com,3376089800
364,NATURAL,CC,1239676197,,11001,ACTIVO,2016-02-22,alejandra.gomez364@example.com,3148571015
365,NATURAL,CC,1048501723,,11001,ACTIVO,2016-02-24,marino.marin365@example.com,3768861791
366,NATURAL,CC,1271329201,,11001,ACTIVO,2016-02-26,miryam.ramirez366@example.com,3913235815
367,NATURAL,CC,1144407694,,11001,ACTIVO,2016-02-27,juan.contreras367@example.com,3747862281
368,JURIDICA,NIT,985301365,9,11001,ACTIVO,2016-02-29,contacto368@example.com,3060452412
369,NATURAL,CC,1034787351,,68001,ACTIVO,2016-02-29,luis.rodriguez369@example.com,3872957975
370,NATURAL,CC,1288087780,,05001,ACTIVO,2016-03-01,fernando.perez370@example.com,3157266616
371,NATURAL,CC,1080055944,,66001,ACTIVO,2016-03-02,richard.fernandez371@example.com,3287924389
372,JURIDICA,NIT,961536128,1,11001,ACTIVO,2016-03-02,contacto372@example.com,3023269142
373,NATURAL,CC,1291747850,,11001,ACTIVO,2016-03-04,isabel.marquez373@example.com,3107736730
374,NATURAL,CC,1183229056,,76109,ACTIVO,2016-03-07,cesar.guevara374@example.com,3101713937
375,NATURAL,CC,1111098339,,05088,ACTIVO,2016-03-09,wilfredo.ardila375@example.com,3628852087
376,NATURAL,CC,1256510531,,66170,ACTIVO,2016-03-10,maria.vargas376@example.com,3328602047
377,NATURAL,CC,1137997139,,11001,ACTIVO,2016-03-10,nelson.gutierrez377@example.com,3686342986
378,NATURAL,CC,1164716460,,23001,ACTIVO,2016-03-11,ricardo.nino378@example.com,3884577711
379,NATURAL,CC,1109517572,,11001,ACTIVO,2016-03-11,julian.herrera379@example.com,3025040547
380,NATURAL,CC,1260707537,,05001,ACTIVO,2016-03-12,angie.mesa380@example.com,3346043535
381,JURIDICA,NIT,973657162,5,05001,ACTIVO,2016-03-12,contacto381@example.com,3127186730
382,JURIDICA,NIT,967215684,1,11001,ACTIVO,2016-03-12,contacto382@example.com,3149607759
383,NATURAL,CC,1193372223,,05001,ACTIVO,2016-03-14,nelly.perez383@example.com,3079042521
384,NATURAL,CC,1221551859,,68276,ACTIVO,2016-03-17,mariela.cardenas384@example.com,3814959136
385,NATURAL,CC,1063694230,,76109,ACTIVO,2016-03-18,luis.reyes385@example.com,3287535297
386,NATURAL,CC,1183556708,,11001,INACTIVO,2016-03-21,elizabeth.perez386@example.com,3085153858
387,NATURAL,CC,1260547578,,11001,ACTIVO,2016-03-23,elizabeth.rojas387@example.com,3682794010
388,NATURAL,CC,1084883305,,11001,ACTIVO,2016-03-24,alberto.bermudez388@example.com,3581334929
389,NATURAL,CC,1007637511,,85001,ACTIVO,2016-03-30,claudia.valderrama389@example.com,3721114975
390,JURIDICA,NIT,988641903,0,11001,ACTIVO,2016-03-30,contacto390@example.com,3329094158
391,NATURAL,CC,1080438225,,11001,ACTIVO,2016-04-04,luis.giraldo391@example.com,3265419546
392,NATURAL,CC,1056734306,,68001,ACTIVO,2016-04-04,jhon.ruiz392@example.com,3267412348
393,JURIDICA,NIT,965688214,3,11001,ACTIVO,2016-04-04,contacto393@example.com,3967341859
394,NATURAL,CC,1252524129,,11001,ACTIVO,2016-04-04,leidy.cruz394@example.com,3810891990
395,NATURAL,CC,1234462577,,11001,ACTIVO,2016-04-06,martha.lopez395@example.com,3557853705
396,JURIDICA,NIT,986958504,1,11001,ACTIVO,2016-04-06,contacto396@example.com,3737288575
397,NATURAL,CC,1062228118,,13001,ACTIVO,2016-04-08,constanza.ramirez397@example.com,3480199065
398,NATURAL,CC,1196549254,,15759,ACTIVO,2016-04-08,amparo.pulido398@example.com,3686228656
399,JURIDICA,NIT,972609190,3,11001,ACTIVO,2016-04-09,contacto399@example.com,3163917332
400,NATURAL,CC,1243079161,,11001,INACTIVO,2016-04-09,carlos.torres400@example.com,3230327881
401,NATURAL,CC,1143124975,,20001,ACTIVO,2016-04-09,rafael.caceres401@example.com,3696705419
402,JURIDICA,NIT,984226431,2,05001,ACTIVO,2016-04-11,contacto402@example.com,3044092540
403,NATURAL,CC,1294570461,,23001,ACTIVO,2016-04-11,hernan.alzate403@example.com,3297619295
404,NATURAL,CC,1292460103,,11001,ACTIVO,2016-04-12,marcela.lozano404@example.com,3493609310
405,NATURAL,CC,1070276567,,05001,ACTIVO,2016-04-15,,3810054133
406,JURIDICA,NIT,975820788,0,18001,ACTIVO,2016-04-15,contacto406@example.com,3689432066
407,NATURAL,CC,1117545042,,25126,ACTIVO,2016-04-19,mariana.cortes407@example.com,3801508410
408,NATURAL,CC,1027147514,,05001,ACTIVO,2016-04-21,andres.rodriguez408@example.com,3197417248
409,NATURAL,CC,1044402997,,13001,ACTIVO,2016-04-21,manuel.rodriguez409@example.com,3097350050
410,NATURAL,CC,1039866479,,11001,ACTIVO,2016-04-25,felipe.molina410@example.com,3058294172
411,NATURAL,CC,1135527897,,13001,ACTIVO,2016-04-27,maria.torres411@example.com,3389692285
412,NATURAL,CC,1117230127,,50001,ACTIVO,2016-04-27,emilio.valencia412@example.com,3880671704
413,NATURAL,CC,1174782568,,63001,ACTIVO,2016-04-27,edgar.rodriguez413@example.com,3469538204
414,NATURAL,CC,1197360781,,13001,ACTIVO,2016-04-28,constanza.reyes414@example.com,3261069800
415,NATURAL,CC,1084826609,,76001,ACTIVO,2016-04-29,fernando.rodriguez415@example.com,3946138555
416,NATURAL,CE,585206,,63001,ACTIVO,2016-04-29,carolina.roa416@example.com,3368804335
417,NATURAL,CC,1293311757,,08001,ACTIVO,2016-04-29,miguel.ballesteros417@example.com,3528189223
418,NATURAL,CC,1219146460,,27001,ACTIVO,2016-05-02,derly.vargas418@example.com,3722841533
419,NATURAL,CC,1055684590,,05266,ACTIVO,2016-05-02,marlene.perez419@example.com,3275864170
420,NATURAL,CC,1154601335,,76834,ACTIVO,2016-05-02,fernando.calderon420@example.com,3662853636
421,NATURAL,CC,1176071101,,08758,ACTIVO,2016-05-03,leonardo.silva421@example.com,3949115794
422,NATURAL,PPT,5270996,,76001,ACTIVO,2016-05-07,,3656739055
423,NATURAL,CC,1265409873,,54001,ACTIVO,2016-05-09,alonso.sanchez423@example.com,3495538932
424,NATURAL,CC,1296509744,,08001,ACTIVO,2016-05-10,kelly.romero424@example.com,3137618444
425,NATURAL,CC,1118971853,,85001,ACTIVO,2016-05-11,alejandro.duarte425@example.com,3044125643
426,NATURAL,CC,1085686365,,73001,ACTIVO,2016-05-11,james.suarez426@example.com,3795772157
427,NATURAL,CC,1222433647,,66170,ACTIVO,2016-05-11,jorge.duarte427@example.com,3805059397
428,NATURAL,CC,1199004621,,68001,ACTIVO,2016-05-11,alexander.rojas428@example.com,3099562719
429,NATURAL,CC,1236659103,,11001,ACTIVO,2016-05-11,hernando.lara429@example.com,3868365483
430,NATURAL,CC,1290654749,,54001,ACTIVO,2016-05-13,,3461849428
431,JURIDICA,NIT,983577345,9,08001,ACTIVO,2016-05-13,contacto431@example.com,3138554753
432,NATURAL,CC,1176121985,,73001,ACTIVO,2016-05-13,jose.rodriguez432@example.com,3373572780
433,NATURAL,CC,1230055104,,23001,ACTIVO,2016-05-13,carlos.salazar433@example.com,3926337316
434,NATURAL,CC,1056772518,,52001,ACTIVO,2016-05-14,paula.agudelo434@example.com,3018964529
435,NATURAL,CC,1239248780,,08001,ACTIVO,2016-05-14,martin.hernandez435@example.com,3622398372
436,NATURAL,CC,1227665366,,05001,ACTIVO,2016-05-14,mercedes.gaitan436@example.com,3543087571
437,NATURAL,CC,1060124083,,11001,ACTIVO,2016-05-16,luis.parra437@example.com,3318704530
438,NATURAL,CC,1077700462,,19001,ACTIVO,2016-05-16,carmen.sanchez438@example.com,3542880935
439,NATURAL,CC,1029165449,,13001,ACTIVO,2016-05-17,santos.betancur439@example.com,3984323996
440,NATURAL,CC,1095014937,,63001,ACTIVO,2016-05-19,ismael.parra440@example.com,3420940781
441,JURIDICA,NIT,989955987,0,11001,ACTIVO,2016-05-19,contacto441@example.com,3461080701
442,JURIDICA,NIT,984059907,1,11001,ACTIVO,2016-05-20,contacto442@example.com,3891740159
443,NATURAL,CC,1194563952,,05615,ACTIVO,2016-05-21,rocio.perdomo443@example.com,3603703184
444,NATURAL,CC,1204876310,,11001,ACTIVO,2016-05-21,jeison.benitez444@example.com,3269493993
445,NATURAL,CC,1077122224,,76001,ACTIVO,2016-05-23,gerardo.quiroga445@example.com,3715825456
446,NATURAL,CC,1034866996,,05001,ACTIVO,2016-05-25,luis.vega446@example.com,3729655881
447,NATURAL,CC,1211246530,,76001,ACTIVO,2016-05-26,,3930911421
448,NATURAL,CC,1254166078,,08001,ACTIVO,2016-05-28,maria.hernandez448@example.com,3144596767
449,NATURAL,CC,1108717114,,66001,ACTIVO,2016-05-28,mary.delgado449@example.com,3382766824
450,NATURAL,CC,1189910888,,05001,ACTIVO,2016-05-30,,3710684752
451,NATURAL,CC,1176116317,,11001,ACTIVO,2016-05-30,angel.ramirez451@example.com,3299413143
452,NATURAL,CC,1214349203,,11001,ACTIVO,2016-05-31,david.caicedo452@example.com,3409413404
453,NATURAL,CC,1061294414,,23001,ACTIVO,2016-06-01,rosa.vasquez453@example.com,3818969415
454,NATURAL,CC,1227314540,,23001,ACTIVO,2016-06-01,margarita.arboleda454@example.com,3531751918
455,NATURAL,CC,1016698760,,68001,ACTIVO,2016-06-02,joan.caicedo455@example.com,3192268443
456,NATURAL,CC,1053482109,,05001,ACTIVO,2016-06-03,yuli.escobar456@example.com,3785548452
457,NATURAL,CC,1276426099,,68276,ACTIVO,2016-06-03,judith.medina457@example.com,3886863441
458,NATURAL,CC,1225989160,,11001,ACTIVO,2016-06-03,anderson.castro458@example.com,3642871811
459,JURIDICA,NIT,973634371,9,05001,ACTIVO,2016-06-04,contacto459@example.com,3398088941
460,JURIDICA,NIT,961899141,5,50001,ACTIVO,2016-06-04,contacto460@example.com,3948322460
461,JURIDICA,NIT,973056975,7,08001,ACTIVO,2016-06-06,contacto461@example.com,3435858126
462,NATURAL,CC,1139350141,,05001,ACTIVO,2016-06-06,gabriel.becerra462@example.com,3439762548
463,NATURAL,CC,1102284602,,66170,ACTIVO,2016-06-08,andres.loaiza463@example.com,3731601409
464,NATURAL,CC,1144433068,,05001,ACTIVO,2016-06-09,antonio.gamboa464@example.com,3694475933
465,JURIDICA,NIT,968667725,6,11001,ACTIVO,2016-06-10,contacto465@example.com,3183776644
466,NATURAL,CC,1245678809,,11001,ACTIVO,2016-06-10,elena.acosta466@example.com,3632730789
467,JURIDICA,NIT,987316114,1,11001,ACTIVO,2016-06-11,contacto467@example.com,3008386813
468,NATURAL,CC,1136990912,,54001,ACTIVO,2016-06-13,maria.castro468@example.com,3923950830
469,NATURAL,CC,1215446757,,11001,ACTIVO,2016-06-13,,3432715825
470,NATURAL,CC,1010424293,,11001,ACTIVO,2016-06-13,enrique.garcia470@example.com,3767768865
471,NATURAL,CC,1092796953,,19001,ACTIVO,2016-06-13,karol.gomez471@example.com,3220481196
472,NATURAL,CC,1010775425,,05001,ACTIVO,2016-06-16,carlos.moreno472@example.com,3038610269
473,NATURAL,CC,1257302372,,68276,ACTIVO,2016-06-17,laura.vergara473@example.com,3245123950
474,NATURAL,CC,1052728502,,76109,ACTIVO,2016-06-17,,3928397552
475,NATURAL,CC,1261349014,,54001,ACTIVO,2016-06-18,,3771101793
476,NATURAL,CC,1156670171,,11001,ACTIVO,2016-06-20,jhon.gutierrez476@example.com,3336326094
477,NATURAL,CC,1154069223,,11001,ACTIVO,2016-06-20,hector.fernandez477@example.com,3183044262
478,NATURAL,CC,1097055337,,11001,ACTIVO,2016-06-24,paola.fonseca478@example.com,3342751413
479,NATURAL,CC,1188369167,,50001,ACTIVO,2016-06-24,lorena.rico479@example.com,3912471847
480,NATURAL,CC,1039793782,,76001,ACTIVO,2016-06-27,miryam.medina480@example.com,3698768894
481,NATURAL,CC,1201635211,,05001,ACTIVO,2016-06-27,adriana.cordoba481@example.com,3400694096
482,JURIDICA,NIT,960905452,3,50001,ACTIVO,2016-06-27,contacto482@example.com,3146583796
483,NATURAL,PPT,2538150,,11001,ACTIVO,2016-07-01,ivan.hernandez483@example.com,3090535257
484,NATURAL,CC,1102068434,,05001,ACTIVO,2016-07-02,nelly.sanchez484@example.com,3291827350
485,NATURAL,CC,1082569143,,05001,ACTIVO,2016-07-04,fernando.nunez485@example.com,3083738337
486,NATURAL,CC,1255866138,,11001,ACTIVO,2016-07-04,alberto.gaviria486@example.com,3268914448
487,NATURAL,CC,1197909586,,52001,ACTIVO,2016-07-04,dario.rivera487@example.com,3489877159
488,NATURAL,PA,ZK9159556,,11001,ACTIVO,2016-07-05,mauricio.hernandez488@example.com,3429313642
489,NATURAL,CC,1102137935,,44001,ACTIVO,2016-07-05,,3661605230
490,NATURAL,CC,1071348522,,05001,ACTIVO,2016-07-05,paola.carvajal490@example.com,3919618049
491,NATURAL,CC,1253182233,,05001,ACTIVO,2016-07-05,flor.monroy491@example.com,3933400713
492,NATURAL,CC,1077075775,,11001,ACTIVO,2016-07-06,maritza.bedoya492@example.com,3400898860
493,NATURAL,CC,1169760048,,76001,ACTIVO,2016-07-06,luis.hurtado493@example.com,3036723476
494,NATURAL,CC,1063724476,,76001,ACTIVO,2016-07-07,andrea.osorio494@example.com,3686826131
495,NATURAL,CC,1068833347,,08001,ACTIVO,2016-07-08,humberto.rodriguez495@example.com,3061226119
496,NATURAL,CC,1121395261,,11001,ACTIVO,2016-07-08,rosa.agudelo496@example.com,3266957082
497,NATURAL,CC,1134775464,,41001,ACTIVO,2016-07-09,arturo.mora497@example.com,3993969393
498,NATURAL,CC,1263630911,,05001,ACTIVO,2016-07-11,alberto.medina498@example.com,3847961042
499,NATURAL,CC,1266921200,,68276,ACTIVO,2016-07-11,david.rincon499@example.com,3203223806
500,NATURAL,CC,1019192281,,15001,ACTIVO,2016-07-15,alvaro.perez500@example.com,3521024043
501,NATURAL,CC,1087192226,,11001,ACTIVO,2016-07-18,gustavo.lopez501@example.com,3261790720
502,NATURAL,CC,1116530272,,05001,ACTIVO,2016-07-18,jose.rodriguez502@example.com,3514794083
503,NATURAL,CC,1285901768,,66001,ACTIVO,2016-07-18,andres.ortiz503@example.com,3258372734
504,NATURAL,CC,1157149640,,11001,ACTIVO,2016-07-19,amanda.pinzon504@example.com,3877081606
505,NATURAL,CC,1161240773,,11001,ACTIVO,2016-07-19,socorro.vasquez505@example.com,3476663377
506,NATURAL,CC,1299639067,,76001,ACTIVO,2016-07-20,cecilia.mora506@example.com,3904280776
507,JURIDICA,NIT,978444620,0,76520,ACTIVO,2016-07-20,contacto507@example.com,3028921444
508,NATURAL,CC,1089532435,,63001,ACTIVO,2016-07-20,carlos.cardozo508@example.com,3001391360
509,NATURAL,CC,1049118599,,05088,ACTIVO,2016-07-21,william.mora509@example.com,3384166273
510,NATURAL,CC,1259145530,,13001,ACTIVO,2016-07-21,cristian.lopez510@example.com,3105068717
511,NATURAL,CC,1028352876,,25269,ACTIVO,2016-07-22,rafael.correa511@example.com,3838611270
512,NATURAL,CC,1137212765,,50001,ACTIVO,2016-07-23,blanca.ortiz512@example.com,3015110212
513,NATURAL,CC,1143923920,,05001,ACTIVO,2016-07-25,gloria.blanco513@example.com,3382661505
514,NATURAL,CC,1272784327,,85001,ACTIVO,2016-07-25,fredy.rojas514@example.com,3267882513
515,NATURAL,CC,1037765719,,11001,ACTIVO,2016-07-26,ana.sanchez515@example.com,3955508270
516,NATURAL,CC,1126166793,,15238,ACTIVO,2016-07-26,andres.alarcon516@example.com,3599107764
517,NATURAL,CC,1027355316,,05001,ACTIVO,2016-07-29,mary.vasquez517@example.com,3102217041
518,JURIDICA,NIT,970736634,8,11001,ACTIVO,2016-07-29,contacto518@example.com,3521859402
519,NATURAL,CC,1007295330,,11001,ACTIVO,2016-07-29,francisco.cardenas519@example.com,3377543009
520,NATURAL,CC,1250921933,,08001,ACTIVO,2016-07-30,francisco.garces520@example.com,3924033112
521,NATURAL,CC,1052001569,,13001,ACTIVO,2016-07-30,,3498155207
522,NATURAL,CC,1223290060,,05266,ACTIVO,2016-08-01,edwin.vera522@example.com,3378176384
523,NATURAL,CC,1296032868,,76520,ACTIVO,2016-08-01,david.gonzalez523@example.com,3387387365
524,NATURAL,CC,1192701192,,76001,ACTIVO,2016-08-01,ivan.angarita524@example.com,3667425313
525,NATURAL,CC,1203607419,,11001,ACTIVO,2016-08-05,gladys.loaiza525@example.com,3676327502
526,NATURAL,CC,1185189534,,08001,ACTIVO,2016-08-06,angelica.granados526@example.com,3911863346
527,NATURAL,CC,1287517440,,17001,ACTIVO,2016-08-06,rocio.perez527@example.com,3401816397
528,NATURAL,CC,1141144753,,05001,ACTIVO,2016-08-08,edinson.romero528@example.com,3939136208
529,NATURAL,CC,1046920024,,11001,ACTIVO,2016-08-08,aurelio.vargas529@example.com,3445828960
530,JURIDICA,NIT,977962539,1,05001,ACTIVO,2016-08-08,contacto530@example.com,3789717113
531,NATURAL,CC,1199603059,,13001,ACTIVO,2016-08-08,,3879835446
532,NATURAL,CC,1071702181,,66170,ACTIVO,2016-08-10,cesar.arevalo532@example.com,3163322023
533,NATURAL,CC,1054842418,,76001,ACTIVO,2016-08-11,isabel.velasquez533@example.com,3258729594
534,NATURAL,CC,1166524861,,13430,ACTIVO,2016-08-11,mauricio.henao534@example.com,3876497288
535,NATURAL,CC,1150217974,,11001,ACTIVO,2016-08-12,lorena.valencia535@example.com,3342535300
536,NATURAL,CC,1068232104,,08758,ACTIVO,2016-08-12,sonia.mejia536@example.com,3353394867
537,NATURAL,CC,1144594598,,66001,ACTIVO,2016-08-15,edwin.rodriguez537@example.com,3467814533
538,NATURAL,CC,1064758786,,52001,ACTIVO,2016-08-16,,3522305436
539,JURIDICA,NIT,963464745,3,68276,ACTIVO,2016-08-16,contacto539@example.com,3464938922
540,NATURAL,CC,1152392256,,76001,ACTIVO,2016-08-19,luz.melo540@example.com,3533368476
541,NATURAL,CC,1084015111,,47001,ACTIVO,2016-08-20,patricia.gonzalez541@example.com,3721623236
542,NATURAL,CC,1061327124,,15001,ACTIVO,2016-08-22,jhonny.diaz542@example.com,3252819626
543,NATURAL,CC,1110101769,,11001,ACTIVO,2016-08-22,alfonso.quintero543@example.com,3454183761
544,NATURAL,CC,1268915724,,47001,ACTIVO,2016-08-23,dario.rojas544@example.com,3390476939
545,NATURAL,CC,1001232809,,08758,ACTIVO,2016-08-25,daniela.sanchez545@example.com,3580959321
546,NATURAL,CC,1017972836,,11001,ACTIVO,2016-08-26,maria.rojas546@example.com,3534088034
547,NATURAL,CC,1157517879,,08758,ACTIVO,2016-08-27,gustavo.pacheco547@example.com,3906201624
548,NATURAL,CC,1258266922,,76109,ACTIVO,2016-08-29,nataly.mantilla548@example.com,3682191183
549,NATURAL,CC,1252975100,,50001,ACTIVO,2016-08-29,ibeth.rodriguez549@example.com,3039576848
550,NATURAL,CC,1021578426,,11001,ACTIVO,2016-08-30,fernanda.solano550@example.com,3538395635
551,NATURAL,CC,1084887483,,20001,ACTIVO,2016-09-01,camila.jaramillo551@example.com,3090314322
552,NATURAL,PPT,5731487,,76001,ACTIVO,2016-09-01,nohora.cruz552@example.com,3200770679
553,NATURAL,CC,1068673530,,44001,ACTIVO,2016-09-05,paola.correa553@example.com,3008367688
554,NATURAL,CC,1101755858,,05001,ACTIVO,2016-09-05,jorge.jimenez554@example.com,3032983704
555,NATURAL,CC,1081815622,,70001,ACTIVO,2016-09-06,efren.ortiz555@example.com,3527504945
556,NATURAL,CC,1055828917,,23001,ACTIVO,2016-09-06,amparo.alvarez556@example.com,3880618872
557,JURIDICA,NIT,961989648,3,20001,ACTIVO,2016-09-06,contacto557@example.com,3475972543
558,NATURAL,CC,1011132082,,11001,ACTIVO,2016-09-07,sonia.santos558@example.com,3263727541
559,NATURAL,CC,1066416208,,13001,ACTIVO,2016-09-09,,3394922848
560,NATURAL,CC,1278329942,,08001,ACTIVO,2016-09-10,natalia.granados560@example.com,3201161123
561,NATURAL,CC,1141237850,,25175,ACTIVO,2016-09-12,jose.aguirre561@example.com,3672130856
562,JURIDICA,NIT,978032374,5,11001,ACTIVO,2016-09-12,contacto562@example.com,3183451168
563,NATURAL,CC,1196679560,,11001,ACTIVO,2016-09-13,margarita.leal563@example.com,3174917029
564,NATURAL,CC,1102030598,,11001,ACTIVO,2016-09-13,milena.espinosa564@example.com,3994088265
565,NATURAL,CC,1149138085,,05001,ACTIVO,2016-09-14,jose.vargas565@example.com,3979358877
566,NATURAL,CC,1167321755,,15238,ACTIVO,2016-09-15,luis.rojas566@example.com,3276800166
567,NATURAL,CC,1132731296,,41001,ACTIVO,2016-09-17,oscar.gomez567@example.com,3071408895
568,NATURAL,CC,1151778781,,11001,ACTIVO,2016-09-17,maria.luna568@example.com,3089887389
569,NATURAL,CC,1268644556,,44001,ACTIVO,2016-09-19,laura.suarez569@example.com,3761489608
570,NATURAL,CC,1080670116,,05001,ACTIVO,2016-09-20,janneth.torres570@example.com,3184265134
571,NATURAL,CC,1233028068,,15001,ACTIVO,2016-09-21,jorge.patino571@example.com,3892656651
572,NATURAL,PPT,1066051,,66001,ACTIVO,2016-09-21,emilia.posada572@example.com,3933681060
573,NATURAL,CC,1183765399,,11001,ACTIVO,2016-09-22,nelly.pacheco573@example.com,3724599204
574,JURIDICA,NIT,989340266,9,73001,ACTIVO,2016-09-23,contacto574@example.com,3082758813
575,NATURAL,CE,218886,,11001,ACTIVO,2016-09-26,maicol.galvis575@example.com,3181328942
576,NATURAL,CC,1247104822,,54001,ACTIVO,2016-09-26,maria.alzate576@example.com,3234055362
577,NATURAL,CE,271679,,05001,ACTIVO,2016-09-26,laura.perez577@example.com,3691379815
578,NATURAL,CC,1106217710,,20001,ACTIVO,2016-09-27,jesus.arango578@example.com,3587327746
579,NATURAL,CC,1036669197,,11001,ACTIVO,2016-09-27,maria.vasquez579@example.com,3206386463
580,NATURAL,CC,1228262745,,11001,ACTIVO,2016-09-29,santiago.salazar580@example.com,3135709352
581,NATURAL,CC,1179180706,,05001,ACTIVO,2016-09-29,elena.leon581@example.com,3665537974
582,NATURAL,CC,1140747152,,05088,ACTIVO,2016-10-01,luz.torres582@example.com,3536383991
583,NATURAL,CC,1152901386,,11001,ACTIVO,2016-10-01,luz.jimenez583@example.com,3324208309
584,NATURAL,CC,1299410261,,66001,ACTIVO,2016-10-03,irene.hernandez584@example.com,3063175430
585,NATURAL,CC,1145516045,,05001,INACTIVO,2016-10-03,fernando.castro585@example.com,3305107098
586,NATURAL,CC,1147946007,,27001,INACTIVO,2016-10-05,ana.andrade586@example.com,3978868909
587,NATURAL,CC,1282663798,,05001,ACTIVO,2016-10-08,antonio.suarez587@example.com,3662020424
588,NATURAL,CC,1076352335,,11001,ACTIVO,2016-10-10,teresa.garcia588@example.com,3557756748
589,NATURAL,PPT,3877755,,11001,ACTIVO,2016-10-13,alonso.arroyo589@example.com,3169657951
590,NATURAL,CC,1234079088,,76001,ACTIVO,2016-10-13,luis.barragan590@example.com,3472776501
591,NATURAL,CC,1293942461,,23001,ACTIVO,2016-10-14,jesus.vanegas591@example.com,3489720592
592,NATURAL,CC,1082687235,,05001,ACTIVO,2016-10-17,jose.arias592@example.com,3659379795
593,NATURAL,CC,1242140079,,05001,ACTIVO,2016-10-17,aldemar.ballesteros593@example.com,3532729355
594,NATURAL,CC,1136394849,,76109,INACTIVO,2016-10-17,andres.pinzon594@example.com,3580732727
595,NATURAL,CC,1175957035,,76001,ACTIVO,2016-10-20,maria.herrera595@example.com,3532123197
596,NATURAL,CC,1099781052,,05266,ACTIVO,2016-10-20,laura.gomez596@example.com,3763564438
597,NATURAL,CC,1161052650,,05001,ACTIVO,2016-10-21,agustin.bustos597@example.com,3208391466
598,NATURAL,CC,1196086148,,08758,ACTIVO,2016-10-21,german.ibarra598@example.com,3049601928
599,NATURAL,CC,1179376238,,11001,ACTIVO,2016-10-24,carolina.suarez599@example.com,3030452724
600,NATURAL,CC,1081184631,,50001,ACTIVO,2016-10-24,orlando.gutierrez600@example.com,3449354349
601,NATURAL,CC,1154148726,,76001,ACTIVO,2016-10-26,,3102189901
602,NATURAL,CC,1240429810,,20001,ACTIVO,2016-10-26,alberto.ramos602@example.com,3584554081
603,JURIDICA,NIT,982037092,0,05001,ACTIVO,2016-10-27,contacto603@example.com,3923763820
604,NATURAL,CC,1095627133,,44001,ACTIVO,2016-10-27,maria.martinez604@example.com,3849485214
605,NATURAL,PPT,7050479,,23001,ACTIVO,2016-11-03,veronica.ortiz605@example.com,3977701524
606,NATURAL,CC,1140392232,,54001,ACTIVO,2016-11-04,monica.ramirez606@example.com,3946821976
607,NATURAL,CC,1139348542,,05088,ACTIVO,2016-11-04,alejandra.vega607@example.com,3286240595
608,NATURAL,PPT,7178970,,68001,ACTIVO,2016-11-07,maria.vargas608@example.com,3289393853
609,JURIDICA,NIT,973081706,8,19001,ACTIVO,2016-11-07,contacto609@example.com,3059681226
610,JURIDICA,NIT,987938529,1,11001,ACTIVO,2016-11-07,contacto610@example.com,3732205671
611,NATURAL,CC,1298099429,,19001,ACTIVO,2016-11-08,john.medina611@example.com,3886813518
612,NATURAL,CC,1038054542,,05001,ACTIVO,2016-11-08,jhonatan.cortes612@example.com,3829210575
613,NATURAL,CC,1189740104,,05001,ACTIVO,2016-11-09,diana.parada613@example.com,3615355835
614,NATURAL,CC,1038596902,,11001,ACTIVO,2016-11-10,valentina.gonzalez614@example.com,3319937355
615,NATURAL,CC,1256192236,,68001,ACTIVO,2016-11-10,patricia.castillo615@example.com,3970329041
616,NATURAL,CC,1005202283,,68001,ACTIVO,2016-11-11,yulieth.vera616@example.com,3800816006
617,NATURAL,CC,1240463791,,11001,ACTIVO,2016-11-12,,3292088318
618,NATURAL,CC,1148574657,,05001,INACTIVO,2016-11-14,anderson.ojeda618@example.com,3155914306
619,NATURAL,CC,1263477064,,52001,ACTIVO,2016-11-17,milena.herrera619@example.com,3772787078
620,NATURAL,CC,1104050156,,11001,ACTIVO,2016-11-19,,3944673117
621,NATURAL,CC,1059561611,,19001,ACTIVO,2016-11-19,mercedes.caicedo621@example.com,3337151456
622,NATURAL,PA,LP9361529,,68276,ACTIVO,2016-11-19,xiomara.ortiz622@example.com,3109510763
623,NATURAL,CC,1193392737,,19001,ACTIVO,2016-11-19,mauricio.sanchez623@example.com,3964703396
624,JURIDICA,NIT,962240597,4,20001,ACTIVO,2016-11-19,contacto624@example.com,3875809188
625,NATURAL,CC,1044148602,,13430,ACTIVO,2016-11-21,antonio.sanchez625@example.com,3993998842
626,NATURAL,CC,1256148284,,76001,ACTIVO,2016-11-21,jean.romero626@example.com,3545951187
627,NATURAL,CC,1236220375,,76001,ACTIVO,2016-11-21,luis.mercado627@example.com,3491827949
628,NATURAL,CC,1233036097,,54001,ACTIVO,2016-11-21,daniel.jaimes628@example.com,3412587892
629,NATURAL,CC,1030640138,,73001,ACTIVO,2016-11-22,paola.amaya629@example.com,3091566954
630,NATURAL,CC,1057602643,,11001,ACTIVO,2016-11-22,franklin.torres630@example.com,3518740827
631,NATURAL,CC,1085174685,,17001,ACTIVO,2016-11-26,albeiro.mejia631@example.com,3092420180
632,NATURAL,CC,1250063353,,66001,ACTIVO,2016-11-26,,3295496523
633,NATURAL,CC,1087077700,,76834,ACTIVO,2016-11-28,ivan.munoz633@example.com,3867920888
634,NATURAL,CC,1086842631,,50001,ACTIVO,2016-11-29,diana.quintero634@example.com,3345633780
635,NATURAL,CC,1193051001,,05001,ACTIVO,2016-11-29,carolina.burgos635@example.com,3643026869
636,NATURAL,CC,1116687676,,20001,ACTIVO,2016-11-30,,3011568502
637,NATURAL,CC,1097244393,,47001,ACTIVO,2016-11-30,mauricio.sanabria637@example.com,3160820924
638,NATURAL,CC,1214682433,,05001,ACTIVO,2016-11-30,jorge.roa638@example.com,3686147344
639,JURIDICA,NIT,969094478,5,11001,ACTIVO,2016-12-01,contacto639@example.com,3322023349
640,NATURAL,CC,1044752970,,41001,ACTIVO,2016-12-01,cesar.diaz640@example.com,3812021125
641,NATURAL,CC,1199883605,,11001,ACTIVO,2016-12-02,nubia.sarmiento641@example.com,3421137819
642,NATURAL,CC,1183369906,,05001,ACTIVO,2016-12-03,amparo.cardozo642@example.com,3477797935
643,NATURAL,CC,1200613692,,11001,ACTIVO,2016-12-05,sandra.cardenas643@example.com,3607264629
644,NATURAL,CC,1105187087,,11001,ACTIVO,2016-12-07,daniel.bravo644@example.com,3966595377
645,JURIDICA,NIT,976027789,0,11001,ACTIVO,2016-12-07,contacto645@example.com,3200219175
646,NATURAL,CC,1058929517,,47001,ACTIVO,2016-12-07,luis.angulo646@example.com,3801111951
647,NATURAL,CE,120422,,76001,ACTIVO,2016-12-08,sandra.leon647@example.com,3647578658
648,NATURAL,CC,1200637193,,11001,ACTIVO,2016-12-08,rosa.martinez648@example.com,3838768937
649,NATURAL,CC,1286682316,,76001,ACTIVO,2016-12-12,elena.gaitan649@example.com,3187681587
650,JURIDICA,NIT,962115502,0,11001,ACTIVO,2016-12-12,contacto650@example.com,3780392632
651,NATURAL,CC,1281110426,,41001,ACTIVO,2016-12-15,ligia.mosquera651@example.com,3295594633
652,NATURAL,PPT,8398751,,68001,ACTIVO,2016-12-15,patricia.hernandez652@example.com,3017933000
653,NATURAL,PPT,2253709,,44001,ACTIVO,2016-12-19,daniel.duarte653@example.com,3871783687
654,NATURAL,CC,1204042748,,11001,ACTIVO,2016-12-19,derly.torres654@example.com,3606743803
655,NATURAL,CC,1247279406,,13001,ACTIVO,2016-12-20,jesus.zuluaga655@example.com,3803133121
656,NATURAL,CC,1182313434,,11001,ACTIVO,2016-12-21,,3591910664
657,JURIDICA,NIT,964803891,1,11001,ACTIVO,2016-12-21,contacto657@example.com,3639678242
658,NATURAL,CC,1065095972,,54001,ACTIVO,2016-12-23,sofia.cabrera658@example.com,3697368727
659,NATURAL,CC,1136125853,,52001,ACTIVO,2016-12-23,jaime.munoz659@example.com,3379893511
660,NATURAL,CC,1295836294,,13001,ACTIVO,2016-12-26,,3824598260
661,NATURAL,CC,1252720579,,11001,ACTIVO,2016-12-26,jose.ojeda661@example.com,3378519879
662,NATURAL,CC,1011961500,,05001,ACTIVO,2016-12-26,eugenia.marin662@example.com,3049821898
663,NATURAL,PPT,5360478,,15238,ACTIVO,2016-12-26,marina.herrera663@example.com,3625092432
664,NATURAL,CC,1128939226,,11001,ACTIVO,2016-12-26,carlos.nieto664@example.com,3355390975
665,NATURAL,CC,1230487925,,05001,ACTIVO,2016-12-27,francisco.ramirez665@example.com,3116242616
666,NATURAL,PPT,7260321,,11001,ACTIVO,2016-12-27,,3179234509
667,NATURAL,CC,1176378757,,11001,ACTIVO,2016-12-28,,3079444464
668,NATURAL,CC,1245501199,,05001,ACTIVO,2016-12-30,nidia.martinez668@example.com,3409441632
669,JURIDICA,NIT,965071386,2,11001,ACTIVO,2016-12-30,contacto669@example.com,3687657475
670,NATURAL,CC,1206568653,,86001,ACTIVO,2016-12-30,paula.giraldo670@example.com,3017873957
671,NATURAL,CC,1063717186,,68276,ACTIVO,2016-12-31,lucia.rodriguez671@example.com,3560223611
672,NATURAL,CC,1255186819,,73001,ACTIVO,2017-01-02,rodrigo.cardenas672@example.com,3376577464
673,NATURAL,CC,1165341929,,68001,ACTIVO,2017-01-02,maria.sierra673@example.com,3036623700
674,NATURAL,CC,1075306806,,05001,ACTIVO,2017-01-02,jose.cordoba674@example.com,3581761137
675,NATURAL,CC,1042545721,,85001,ACTIVO,2017-01-02,antonio.torres675@example.com,3987976675
676,JURIDICA,NIT,988231295,1,76001,ACTIVO,2017-01-02,contacto676@example.com,3492589623
677,NATURAL,CC,1226092846,,13001,ACTIVO,2017-01-02,teresa.gonzalez677@example.com,3253563366
678,NATURAL,CC,1014456317,,11001,ACTIVO,2017-01-02,viviana.rengifo678@example.com,3374443894
679,NATURAL,CC,1136437500,,50001,ACTIVO,2017-01-04,maria.cordoba679@example.com,3333441028
680,NATURAL,CC,1025334378,,08001,ACTIVO,2017-01-04,maria.gutierrez680@example.com,3887810623
681,NATURAL,CC,1019674553,,11001,ACTIVO,2017-01-05,yohana.giraldo681@example.com,3231229240
682,NATURAL,CC,1187967717,,76001,INACTIVO,2017-01-05,luis.munoz682@example.com,3265612970
683,NATURAL,CC,1108995158,,70001,ACTIVO,2017-01-06,diana.hernandez683@example.com,3779469311
684,NATURAL,CC,1252186766,,13001,ACTIVO,2017-01-06,leidy.barragan684@example.com,3492835344
685,NATURAL,CC,1281233578,,50001,ACTIVO,2017-01-07,rafael.fuentes685@example.com,3266838941
686,NATURAL,CC,1092621233,,86001,ACTIVO,2017-01-09,mauricio.martinez686@example.com,3239016074
687,NATURAL,CC,1273882929,,88001,ACTIVO,2017-01-09,carolina.valencia687@example.com,3775725316
688,NATURAL,CC,1264208807,,08758,ACTIVO,2017-01-11,marlon.roa688@example.com,3046458918
689,NATURAL,CC,1205512560,,18001,ACTIVO,2017-01-12,diego.martinez689@example.com,3183428787
690,NATURAL,CC,1162723281,,11001,ACTIVO,2017-01-12,leidy.jimenez690@example.com,3813337431
691,NATURAL,CC,1168964235,,20001,ACTIVO,2017-01-12,lorenzo.pabon691@example.com,3022784516
692,NATURAL,CE,415451,,11001,ACTIVO,2017-01-12,nelly.andrade692@example.com,3695695829
693,NATURAL,CC,1298030224,,68276,ACTIVO,2017-01-12,jose.salcedo693@example.com,3807318676
694,NATURAL,CC,1129240793,,11001,ACTIVO,2017-01-13,manuel.ibarra694@example.com,3385320086
695,NATURAL,CC,1269179799,,76001,ACTIVO,2017-01-14,johana.rivas695@example.com,3764592631
696,NATURAL,CC,1107514715,,66001,ACTIVO,2017-01-16,,3104085699
697,NATURAL,CC,1245369535,,11001,ACTIVO,2017-01-16,,3736810090
698,NATURAL,CC,1066789231,,17380,ACTIVO,2017-01-16,javier.gonzalez698@example.com,3616309516
699,NATURAL,CC,1106808157,,11001,ACTIVO,2017-01-17,cecilia.garcia699@example.com,3329222982
700,NATURAL,CC,1022557477,,11001,ACTIVO,2017-01-17,marcela.garcia700@example.com,3629092061
701,NATURAL,CC,1267308044,,68001,ACTIVO,2017-01-17,yolanda.quintero701@example.com,3230399269
702,JURIDICA,NIT,974476535,5,11001,ACTIVO,2017-01-18,contacto702@example.com,3316114981
703,NATURAL,CC,1285904922,,47001,ACTIVO,2017-01-19,jhon.carrillo703@example.com,3170647252
704,JURIDICA,NIT,961343186,1,11001,ACTIVO,2017-01-23,contacto704@example.com,3816526384
705,NATURAL,CC,1095857445,,11001,ACTIVO,2017-01-24,yeison.fajardo705@example.com,3010543115
706,NATURAL,CC,1100062086,,50001,ACTIVO,2017-01-25,judith.sanchez706@example.com,3777520035
707,NATURAL,CC,1291151197,,05001,ACTIVO,2017-01-26,,3048820032
708,NATURAL,CC,1115507949,,54001,ACTIVO,2017-01-26,guillermo.castaneda708@example.com,3130322084
709,NATURAL,CC,1075106246,,05001,ACTIVO,2017-01-27,lorena.gomez709@example.com,3527784186
710,NATURAL,PA,JL6890583,,76001,ACTIVO,2017-01-27,fabian.mora710@example.com,3600575780
711,JURIDICA,NIT,989847743,8,08001,ACTIVO,2017-01-28,contacto711@example.com,3350305109
712,NATURAL,CE,906064,,08758,ACTIVO,2017-01-30,leandro.rincon712@example.com,3406173908
713,NATURAL,CC,1209860998,,05001,ACTIVO,2017-02-03,oswaldo.ortega713@example.com,3752134901
714,NATURAL,CC,1087582609,,08758,ACTIVO,2017-02-06,eduardo.diaz714@example.com,3188046059
715,JURIDICA,NIT,975220288,5,08758,ACTIVO,2017-02-06,contacto715@example.com,3410852876
716,NATURAL,CC,1185739915,,11001,ACTIVO,2017-02-07,jhoana.garcia716@example.com,3483729716
717,NATURAL,CC,1076828983,,11001,ACTIVO,2017-02-08,rafael.lopez717@example.com,3529808630
718,NATURAL,CC,1055249846,,18001,ACTIVO,2017-02-08,martha.mendoza718@example.com,3123293448
719,NATURAL,CC,1257667675,,05001,ACTIVO,2017-02-09,diana.montes719@example.com,3740135693
720,NATURAL,CC,1153782114,,54001,ACTIVO,2017-02-09,stella.castro720@example.com,3788137866
721,NATURAL,CC,1204247925,,52001,ACTIVO,2017-02-10,mauricio.gonzalez721@example.com,3455030917
722,NATURAL,CC,1233388311,,11001,ACTIVO,2017-02-10,candelaria.ochoa722@example.com,3797998609
723,NATURAL,CC,1164757547,,11001,ACTIVO,2017-02-13,andres.osorio723@example.com,3553043269
724,NATURAL,CC,1036094461,,08001,ACTIVO,2017-02-13,jhoana.toro724@example.com,3888706935
725,JURIDICA,NIT,983378660,0,76001,ACTIVO,2017-02-13,contacto725@example.com,3522858794
726,JURIDICA,NIT,963628073,8,76001,ACTIVO,2017-02-13,contacto726@example.com,3942761141
727,NATURAL,CC,1222836650,,05001,ACTIVO,2017-02-13,ester.castro727@example.com,3726335285
728,NATURAL,CC,1202297951,,05001,ACTIVO,2017-02-13,marco.ayala728@example.com,3441995702
729,JURIDICA,NIT,961101573,9,11001,ACTIVO,2017-02-14,contacto729@example.com,3370179976
730,NATURAL,PA,RK9425978,,11001,ACTIVO,2017-02-14,marcela.romero730@example.com,3649193054
731,NATURAL,CC,1058136498,,05088,ACTIVO,2017-02-14,nelson.parra731@example.com,3167422288
732,NATURAL,CC,1028701375,,76001,ACTIVO,2017-02-15,jorge.barbosa732@example.com,3685893742
733,NATURAL,CC,1013557367,,76001,ACTIVO,2017-02-16,fabian.quintero733@example.com,3587531024
734,NATURAL,CC,1145234823,,17001,ACTIVO,2017-02-17,beatriz.fonseca734@example.com,3574913009
735,NATURAL,CC,1169736881,,08001,ACTIVO,2017-02-22,fabiola.tovar735@example.com,3092101551
736,NATURAL,CC,1013486853,,11001,ACTIVO,2017-02-23,luis.ordonez736@example.com,3866234850
737,NATURAL,CC,1190192546,,23001,ACTIVO,2017-02-23,francisco.paez737@example.com,3860833440
738,NATURAL,CC,1120213600,,13430,ACTIVO,2017-02-23,angela.perez738@example.com,3524882145
739,NATURAL,CC,1149199292,,11001,ACTIVO,2017-02-27,jhony.ruiz739@example.com,3191053006
740,JURIDICA,NIT,972902223,3,50001,ACTIVO,2017-02-27,contacto740@example.com,3224853010
741,NATURAL,CC,1071862440,,13001,ACTIVO,2017-02-27,,3317975073
742,NATURAL,CC,1225638554,,66001,ACTIVO,2017-02-27,jorge.acevedo742@example.com,3572080273
743,JURIDICA,NIT,965199450,7,11001,ACTIVO,2017-03-01,contacto743@example.com,3452362424
744,NATURAL,CC,1045888726,,50001,ACTIVO,2017-03-02,cecilia.rodriguez744@example.com,3059540055
745,NATURAL,CC,1220873530,,17873,ACTIVO,2017-03-03,ernesto.ceballos745@example.com,3511373378
746,JURIDICA,NIT,974362381,8,76001,ACTIVO,2017-03-04,contacto746@example.com,3662760265
747,NATURAL,CC,1227461381,,23001,ACTIVO,2017-03-04,antonio.gutierrez747@example.com,3047488525
748,NATURAL,CC,1168693677,,18001,ACTIVO,2017-03-06,,3831235478
749,NATURAL,CC,1178185250,,76001,ACTIVO,2017-03-06,sandra.arteaga749@example.com,3294628453
750,NATURAL,CC,1281307027,,50001,ACTIVO,2017-03-06,,3796451087
751,NATURAL,CC,1172717620,,13001,ACTIVO,2017-03-06,javier.pineda751@example.com,3984203208
752,NATURAL,CC,1108848366,,13001,ACTIVO,2017-03-06,sandra.correa752@example.com,3379815584
753,NATURAL,CC,1293665326,,73001,ACTIVO,2017-03-06,yeison.avila753@example.com,3224909687
754,NATURAL,CC,1229576616,,11001,ACTIVO,2017-03-07,juan.quintero754@example.com,3649941454
755,NATURAL,CC,1057482826,,11001,ACTIVO,2017-03-08,,3308615376
756,NATURAL,CC,1264761853,,15001,ACTIVO,2017-03-09,maria.rubio756@example.com,3406476279
757,NATURAL,CC,1026142661,,11001,ACTIVO,2017-03-09,maria.palacios757@example.com,3341867551
758,NATURAL,CC,1228437197,,25269,ACTIVO,2017-03-09,luis.uribe758@example.com,3381166666
759,NATURAL,CC,1049498826,,68276,ACTIVO,2017-03-10,david.sanchez759@example.com,3303565507
760,NATURAL,CC,1198384629,,11001,ACTIVO,2017-03-10,isabel.loaiza760@example.com,3052146347
761,NATURAL,CC,1032700821,,41001,ACTIVO,2017-03-10,rosa.angel761@example.com,3322921767
762,NATURAL,CC,1037012049,,05001,ACTIVO,2017-03-11,maria.carrillo762@example.com,3264282887
763,NATURAL,CC,1100393814,,05266,ACTIVO,2017-03-11,gladys.soto763@example.com,3800156144
764,JURIDICA,NIT,982847021,3,70001,ACTIVO,2017-03-11,contacto764@example.com,3088569604
765,JURIDICA,NIT,961131002,3,13001,ACTIVO,2017-03-13,contacto765@example.com,3158532459
766,NATURAL,CE,234439,,76001,ACTIVO,2017-03-13,diana.medina766@example.com,3556133918
767,NATURAL,CC,1164228720,,11001,ACTIVO,2017-03-13,sandra.pineda767@example.com,3228090089
768,NATURAL,CC,1189778448,,76520,ACTIVO,2017-03-14,jose.gutierrez768@example.com,3997224582
769,NATURAL,CC,1299084384,,66170,ACTIVO,2017-03-14,,3695805453
770,JURIDICA,NIT,969929985,3,05088,ACTIVO,2017-03-15,contacto770@example.com,3574526062
771,NATURAL,CC,1006993239,,08758,ACTIVO,2017-03-15,amparo.nino771@example.com,3621925034
772,NATURAL,CC,1112790750,,11001,ACTIVO,2017-03-15,sergio.vargas772@example.com,3240668288
773,JURIDICA,NIT,978400271,4,66001,ACTIVO,2017-03-15,contacto773@example.com,3108523279
774,NATURAL,CC,1285589029,,11001,ACTIVO,2017-03-16,richard.delgado774@example.com,3337193464
775,NATURAL,CC,1208938930,,05001,ACTIVO,2017-03-18,camilo.molina775@example.com,3297666349
776,NATURAL,CC,1022602155,,11001,ACTIVO,2017-03-18,alejandra.espinosa776@example.com,3623482921
777,JURIDICA,NIT,966672493,5,66170,ACTIVO,2017-03-20,contacto777@example.com,3131866013
778,NATURAL,CC,1030888900,,20001,ACTIVO,2017-03-21,alejandro.trujillo778@example.com,3994729684
779,NATURAL,CC,1048927768,,11001,ACTIVO,2017-03-21,edith.hernandez779@example.com,3602028799
780,NATURAL,CC,1204281586,,68001,ACTIVO,2017-03-21,stiven.prada780@example.com,3980608367
781,NATURAL,CC,1055037905,,76001,ACTIVO,2017-03-21,alex.navarro781@example.com,3536628226
782,JURIDICA,NIT,976234518,9,68276,ACTIVO,2017-03-21,contacto782@example.com,3944918059
783,NATURAL,CC,1180331144,,54001,ACTIVO,2017-03-22,edward.diaz783@example.com,3311961364
784,NATURAL,CE,599700,,08758,ACTIVO,2017-03-23,julieth.acosta784@example.com,3258658411
785,JURIDICA,NIT,973498643,3,13001,ACTIVO,2017-03-23,contacto785@example.com,3707541057
786,NATURAL,CC,1101207585,,05360,ACTIVO,2017-03-24,maria.perez786@example.com,3378186095
787,NATURAL,CC,1117499855,,05001,ACTIVO,2017-03-25,edith.lopez787@example.com,3751538965
788,NATURAL,CC,1066611462,,05001,ACTIVO,2017-03-25,jair.zapata788@example.com,3000425620
789,NATURAL,CC,1246378625,,76001,ACTIVO,2017-03-29,francisco.murillo789@example.com,3817721419
790,NATURAL,CC,1163149195,,11001,ACTIVO,2017-03-29,jimmy.perez790@example.com,3919534138
791,NATURAL,CC,1139644011,,11001,ACTIVO,2017-03-30,,3222604653
792,NATURAL,CC,1041936158,,11001,ACTIVO,2017-04-01,angel.jaramillo792@example.com,3707122197
793,NATURAL,CC,1251269920,,76001,ACTIVO,2017-04-01,teresa.henao793@example.com,3523321131
794,NATURAL,CC,1251996094,,11001,ACTIVO,2017-04-01,cesar.miranda794@example.com,3796607563
795,NATURAL,CC,1196897244,,52001,ACTIVO,2017-04-03,fredy.camacho795@example.com,3570578361
796,NATURAL,CC,1177303024,,11001,ACTIVO,2017-04-03,luis.castro796@example.com,3742196969
797,NATURAL,CC,1233686173,,11001,ACTIVO,2017-04-03,felipe.bravo797@example.com,3520748570
798,JURIDICA,NIT,972622933,2,11001,ACTIVO,2017-04-03,contacto798@example.com,3901854986
799,NATURAL,CC,1135627302,,70001,ACTIVO,2017-04-03,juan.guerra799@example.com,3636286314
800,NATURAL,CC,1027001298,,11001,ACTIVO,2017-04-05,angelica.franco800@example.com,3652283224
801,NATURAL,CC,1213221095,,13001,ACTIVO,2017-04-06,vilma.cortes801@example.com,3055903885
802,NATURAL,CC,1091957052,,54001,ACTIVO,2017-04-06,edgar.ortiz802@example.com,3921662051
803,NATURAL,CC,1164332748,,11001,ACTIVO,2017-04-06,estella.orozco803@example.com,3364634940
804,NATURAL,CC,1098551316,,11001,ACTIVO,2017-04-06,sandra.vargas804@example.com,3592843872
805,NATURAL,CC,1095408292,,44001,ACTIVO,2017-04-07,ricardo.garcia805@example.com,3281785951
806,NATURAL,CC,1203316035,,11001,ACTIVO,2017-04-10,jose.perez806@example.com,3462591672
807,JURIDICA,NIT,975451557,2,66001,ACTIVO,2017-04-11,contacto807@example.com,3915442532
808,JURIDICA,NIT,988826150,7,11001,ACTIVO,2017-04-12,contacto808@example.com,3348416464
809,JURIDICA,NIT,965106594,0,11001,ACTIVO,2017-04-13,contacto809@example.com,3729221501
810,NATURAL,CC,1104602607,,11001,ACTIVO,2017-04-13,olga.alvarado810@example.com,3758134319
811,NATURAL,CC,1278336663,,44001,ACTIVO,2017-04-14,juan.sanchez811@example.com,3050875888
812,NATURAL,CC,1012698932,,66170,ACTIVO,2017-04-15,jose.lozano812@example.com,3344686366
813,NATURAL,CC,1037970397,,41001,ACTIVO,2017-04-15,maria.caicedo813@example.com,3648079354
814,NATURAL,CC,1124309029,,05001,ACTIVO,2017-04-15,maria.rodriguez814@example.com,3899182369
815,NATURAL,CC,1003192976,,11001,ACTIVO,2017-04-17,,3594142441
816,JURIDICA,NIT,985852260,8,17380,ACTIVO,2017-04-18,contacto816@example.com,3445247881
817,NATURAL,CC,1191977368,,05001,ACTIVO,2017-04-19,josefina.ordonez817@example.com,3727663261
818,NATURAL,CC,1287222913,,54001,ACTIVO,2017-04-20,esperanza.estrada818@example.com,3771951075
819,NATURAL,CE,139880,,11001,ACTIVO,2017-04-20,william.martinez819@example.com,3353777283
820,NATURAL,CC,1174922869,,76001,ACTIVO,2017-04-22,ana.ortiz820@example.com,3316129301
821,NATURAL,CC,1048091444,,52001,ACTIVO,2017-04-24,eugenia.correa821@example.com,3367244951
822,NATURAL,CC,1246433906,,70001,ACTIVO,2017-04-24,esteban.jaramillo822@example.com,3463675565
823,NATURAL,CC,1015821401,,13430,ACTIVO,2017-04-24,andres.mendoza823@example.com,3110002982
824,NATURAL,CC,1106325043,,11001,ACTIVO,2017-04-25,alberto.chavez824@example.com,3606187923
825,NATURAL,CC,1248326146,,11001,ACTIVO,2017-04-27,manuel.diaz825@example.com,3538928616
826,NATURAL,CC,1295442296,,11001,ACTIVO,2017-04-28,carlos.bejarano826@example.com,3327843795
827,NATURAL,CC,1218693960,,66001,ACTIVO,2017-05-01,john.acosta827@example.com,3813705232
828,NATURAL,CC,1055175527,,23001,ACTIVO,2017-05-01,andres.gutierrez828@example.com,3143071624
829,NATURAL,CC,1268928570,,76001,ACTIVO,2017-05-02,joaquin.munoz829@example.com,3714381987
830,NATURAL,CC,1101388672,,68276,ACTIVO,2017-05-03,cristina.martinez830@example.com,3050640906
831,NATURAL,CC,1167163939,,68276,ACTIVO,2017-05-05,jorge.palacios831@example.com,3338322171
832,NATURAL,CC,1018210148,,11001,ACTIVO,2017-05-06,jessica.torres832@example.com,3104335684
833,JURIDICA,NIT,978748815,5,11001,ACTIVO,2017-05-10,contacto833@example.com,3527145105
834,JURIDICA,NIT,962312355,9,05088,ACTIVO,2017-05-11,contacto834@example.com,3623813695
835,NATURAL,CC,1173136512,,25269,ACTIVO,2017-05-11,magda.duque835@example.com,3302159717
836,JURIDICA,NIT,977724748,2,11001,ACTIVO,2017-05-12,contacto836@example.com,3819362914
837,NATURAL,CC,1145522448,,47001,ACTIVO,2017-05-12,franco.palacios837@example.com,3027576951
838,NATURAL,PPT,8965172,,54001,ACTIVO,2017-05-13,,3628551426
839,NATURAL,CC,1223147541,,11001,ACTIVO,2017-05-15,luis.salazar839@example.com,3801789112
840,NATURAL,CC,1239783925,,11001,ACTIVO,2017-05-15,jenny.ramirez840@example.com,3887114544
841,NATURAL,CC,1064475770,,52001,ACTIVO,2017-05-15,ricardo.gomez841@example.com,3678160851
842,JURIDICA,NIT,970910308,7,05001,ACTIVO,2017-05-19,contacto842@example.com,3200636709
843,JURIDICA,NIT,964164172,1,11001,ACTIVO,2017-05-19,contacto843@example.com,3695053587
844,NATURAL,CC,1108722680,,44001,ACTIVO,2017-05-20,angel.palacio844@example.com,3614093185
845,NATURAL,CC,1242922873,,70001,ACTIVO,2017-05-22,yeny.sierra845@example.com,3110596436
846,NATURAL,CC,1014950929,,66001,ACTIVO,2017-05-22,yesid.perez846@example.com,3638052192
847,NATURAL,CC,1163655421,,81001,ACTIVO,2017-05-22,martha.zambrano847@example.com,3706554104
848,NATURAL,CC,1142571250,,05088,ACTIVO,2017-05-22,janeth.morales848@example.com,3033294540
849,NATURAL,CC,1144979100,,11001,ACTIVO,2017-05-23,,3030154283
850,NATURAL,CC,1120658605,,05360,ACTIVO,2017-05-23,adriana.mosquera850@example.com,3626822672
851,NATURAL,CC,1168267062,,08001,ACTIVO,2017-05-23,elena.reyes851@example.com,3182637958
852,NATURAL,CC,1068417859,,11001,ACTIVO,2017-05-24,milena.mercado852@example.com,3922907186
853,NATURAL,CC,1255993616,,11001,ACTIVO,2017-05-25,alvaro.torres853@example.com,3374388084
854,NATURAL,CC,1010667111,,05001,ACTIVO,2017-05-25,alberto.herrera854@example.com,3789765496
855,NATURAL,CC,1293537741,,19001,ACTIVO,2017-05-26,wilder.benavides855@example.com,3135208545
856,NATURAL,CC,1090080129,,05001,ACTIVO,2017-05-26,miguel.roa856@example.com,3221482283
857,NATURAL,CC,1096685619,,81001,ACTIVO,2017-05-27,liliana.restrepo857@example.com,3539345955
858,NATURAL,CC,1286662527,,05001,ACTIVO,2017-05-29,ingrid.manrique858@example.com,3359644030
859,NATURAL,CC,1035038488,,13001,ACTIVO,2017-05-29,nel.rios859@example.com,3333316120
860,NATURAL,CC,1073855769,,20001,ACTIVO,2017-05-30,maria.ramos860@example.com,3903669015
861,NATURAL,CC,1235072106,,70001,ACTIVO,2017-05-31,alonso.cifuentes861@example.com,3379488081
862,NATURAL,CC,1141876201,,11001,ACTIVO,2017-06-01,estella.ruiz862@example.com,3112520585
863,NATURAL,CC,1103130185,,76001,ACTIVO,2017-06-03,david.garcia863@example.com,3762338944
864,NATURAL,CC,1070619687,,11001,ACTIVO,2017-06-05,eliana.garcia864@example.com,3579749159
865,NATURAL,CC,1027601228,,86001,ACTIVO,2017-06-05,elsa.munoz865@example.com,3164174099
866,NATURAL,CC,1091221090,,11001,ACTIVO,2017-06-05,eugenia.rios866@example.com,3739326062
867,NATURAL,CC,1138781873,,70001,ACTIVO,2017-06-06,julia.gomez867@example.com,3611348946
868,NATURAL,CC,1124923347,,13001,ACTIVO,2017-06-06,sandra.bernal868@example.com,3849684661
869,NATURAL,CC,1090793637,,11001,ACTIVO,2017-06-06,,3821443232
870,NATURAL,CC,1013593973,,27001,ACTIVO,2017-06-06,,3277558253
871,NATURAL,CC,1095473097,,13001,ACTIVO,2017-06-07,andres.suarez871@example.com,3719806291
872,NATURAL,CC,1133079919,,20001,ACTIVO,2017-06-08,farid.vargas872@example.com,3287966182
873,NATURAL,CC,1076365782,,76834,ACTIVO,2017-06-08,eliana.sanchez873@example.com,3289964495
874,NATURAL,CC,1287112578,,70001,ACTIVO,2017-06-09,,3638516925
875,NATURAL,CC,1056207459,,70001,ACTIVO,2017-06-12,arturo.henao875@example.com,3401508283
876,NATURAL,CC,1135872276,,85001,ACTIVO,2017-06-12,cesar.orjuela876@example.com,3168417190
877,JURIDICA,NIT,978131632,5,63001,ACTIVO,2017-06-13,contacto877@example.com,3040706422
878,NATURAL,CC,1065532810,,11001,ACTIVO,2017-06-14,david.rivera878@example.com,3434145106
879,NATURAL,CC,1043426605,,68276,ACTIVO,2017-06-14,luz.sierra879@example.com,3499344847
880,NATURAL,CC,1236275519,,76001,ACTIVO,2017-06-19,elmer.martinez880@example.com,3997911362
881,NATURAL,CC,1027955705,,68001,ACTIVO,2017-06-19,rita.carvajal881@example.com,3802284853
882,NATURAL,CC,1186178952,,76001,ACTIVO,2017-06-19,dario.gonzalez882@example.com,3349441786
883,NATURAL,CC,1022377738,,73001,ACTIVO,2017-06-19,jair.quintero883@example.com,3871200257
884,NATURAL,CC,1150160037,,52001,ACTIVO,2017-06-22,alejandra.gutierrez884@example.com,3406665510
885,NATURAL,CC,1108111867,,76109,ACTIVO,2017-06-22,alberto.ceballos885@example.com,3604116495
886,JURIDICA,NIT,983082383,3,05001,ACTIVO,2017-06-22,contacto886@example.com,3072053414
887,NATURAL,CC,1164744453,,70001,ACTIVO,2017-06-22,rosario.santos887@example.com,3424822163
888,JURIDICA,NIT,962139949,2,08758,ACTIVO,2017-06-23,contacto888@example.com,3092098948
889,NATURAL,CC,1052218263,,11001,ACTIVO,2017-06-23,jose.bastidas889@example.com,3809363447
890,NATURAL,CC,1078355912,,05615,ACTIVO,2017-06-23,diego.meneses890@example.com,3244266641
891,NATURAL,CC,1067362716,,76001,ACTIVO,2017-06-29,leonor.herrera891@example.com,3946996487
892,JURIDICA,NIT,982607419,1,47001,ACTIVO,2017-06-29,contacto892@example.com,3590176177
893,NATURAL,CC,1236550939,,17001,ACTIVO,2017-06-30,edilson.morales893@example.com,3338891238
894,NATURAL,CC,1087073133,,68001,ACTIVO,2017-06-30,brayan.sanchez894@example.com,3154661855
895,NATURAL,CC,1213252979,,13001,ACTIVO,2017-06-30,marina.zambrano895@example.com,3439049064
896,NATURAL,CC,1192990496,,76109,ACTIVO,2017-06-30,adriana.ortiz896@example.com,3525178053
897,NATURAL,CC,1234550465,,11001,ACTIVO,2017-07-01,elver.morales897@example.com,3962492643
898,NATURAL,CC,1123745989,,08758,ACTIVO,2017-07-03,jose.castaneda898@example.com,3971991069
899,NATURAL,CC,1025495512,,88001,ACTIVO,2017-07-03,jose.moreno899@example.com,3176423759
900,NATURAL,CC,1193428795,,73001,ACTIVO,2017-07-03,alirio.sarmiento900@example.com,3839571747
901,NATURAL,CC,1245130229,,76001,ACTIVO,2017-07-03,jairo.pinzon901@example.com,3736612249
902,NATURAL,CC,1111254331,,05001,ACTIVO,2017-07-04,rosa.ramirez902@example.com,3374475706
903,NATURAL,CC,1055933737,,11001,ACTIVO,2017-07-06,diana.mora903@example.com,3859772971
904,NATURAL,CC,1228480884,,08001,ACTIVO,2017-07-06,maria.roa904@example.com,3571370730
905,NATURAL,CC,1096510769,,11001,ACTIVO,2017-07-06,,3099804868
906,NATURAL,CC,1057134681,,20001,ACTIVO,2017-07-06,clemencia.prieto906@example.com,3666823599
907,NATURAL,CC,1121862830,,68276,ACTIVO,2017-07-08,ivan.jimenez907@example.com,3115041287
908,NATURAL,CC,1205452353,,47001,ACTIVO,2017-07-10,carlos.fuentes908@example.com,3955014201
909,NATURAL,CC,1174540700,,05360,ACTIVO,2017-07-10,maritza.franco909@example.com,3929111746
910,NATURAL,CC,1036024611,,76109,ACTIVO,2017-07-10,milena.gomez910@example.com,3827362374
911,NATURAL,CC,1275075112,,08001,ACTIVO,2017-07-10,,3463983517
912,NATURAL,CC,1214181651,,11001,ACTIVO,2017-07-11,adrian.paz912@example.com,3392068231
913,NATURAL,CC,1274986761,,76001,ACTIVO,2017-07-12,alexis.medina913@example.com,3373957144
914,NATURAL,CC,1028194323,,23001,ACTIVO,2017-07-12,milton.escobar914@example.com,3143178692
915,NATURAL,CC,1051096504,,73001,ACTIVO,2017-07-12,maria.romero915@example.com,3011555575
916,JURIDICA,NIT,967090031,1,05088,ACTIVO,2017-07-13,contacto916@example.com,3793735173
917,NATURAL,CC,1032596464,,11001,ACTIVO,2017-07-14,maria.gonzales917@example.com,3221414483
918,NATURAL,CC,1168747579,,11001,ACTIVO,2017-07-14,juan.rodriguez918@example.com,3888502183
919,NATURAL,CC,1093678302,,05001,ACTIVO,2017-07-14,john.cano919@example.com,3551786277
920,NATURAL,CC,1147612643,,47001,ACTIVO,2017-07-15,rodrigo.mora920@example.com,3519809944
921,NATURAL,CE,899707,,41001,ACTIVO,2017-07-15,carmen.munoz921@example.com,3067066231
922,NATURAL,CC,1184840147,,05088,ACTIVO,2017-07-17,rodrigo.moreno922@example.com,3015827256
923,NATURAL,CC,1181905963,,08001,ACTIVO,2017-07-17,maria.rodriguez923@example.com,3785365824
924,NATURAL,CC,1200593298,,76834,ACTIVO,2017-07-17,cecilia.oviedo924@example.com,3687467923
925,NATURAL,CC,1114154922,,66170,ACTIVO,2017-07-17,carlos.duran925@example.com,3960579607
926,NATURAL,CC,1259198515,,18001,ACTIVO,2017-07-18,consuelo.meza926@example.com,3762969895
927,JURIDICA,NIT,960706635,0,76001,ACTIVO,2017-07-19,contacto927@example.com,3762878618
928,JURIDICA,NIT,966000880,1,11001,ACTIVO,2017-07-20,contacto928@example.com,3614803096
929,NATURAL,CC,1128302057,,05001,ACTIVO,2017-07-21,cristian.hernandez929@example.com,3442984515
930,NATURAL,CC,1020283180,,11001,ACTIVO,2017-07-21,,3432422096
931,NATURAL,CC,1283769330,,44001,ACTIVO,2017-07-24,marisol.torres931@example.com,3686326347
932,NATURAL,CC,1082140560,,05001,ACTIVO,2017-07-24,jaime.cruz932@example.com,3940375038
933,NATURAL,CC,1258247238,,19001,ACTIVO,2017-07-25,,3370600800
934,NATURAL,CC,1143428532,,05001,ACTIVO,2017-07-26,juan.martinez934@example.com,3898304980
935,NATURAL,CC,1159657688,,11001,ACTIVO,2017-07-27,sara.martinez935@example.com,3731760445
936,NATURAL,CC,1275874932,,73001,INACTIVO,2017-07-27,martha.gonzalez936@example.com,3691348823
937,NATURAL,CC,1094586222,,68276,INACTIVO,2017-07-28,sandra.martinez937@example.com,3698670071
938,JURIDICA,NIT,970846943,0,50001,ACTIVO,2017-07-29,contacto938@example.com,3493459425
939,NATURAL,CC,1089242631,,13001,ACTIVO,2017-07-29,margarita.jaramillo939@example.com,3916469181
940,NATURAL,CC,1284525934,,27001,ACTIVO,2017-07-31,carlos.silva940@example.com,3307445456
941,NATURAL,CC,1163620508,,76834,ACTIVO,2017-08-01,karol.bautista941@example.com,3863677087
942,NATURAL,CC,1237197761,,05001,ACTIVO,2017-08-01,jose.gomez942@example.com,3099426117
943,NATURAL,CC,1255715534,,11001,ACTIVO,2017-08-02,ines.rodriguez943@example.com,3581741251
944,NATURAL,CC,1182231470,,11001,ACTIVO,2017-08-03,,3164257845
945,NATURAL,CC,1253053151,,76109,ACTIVO,2017-08-04,jose.castro945@example.com,3999407861
946,NATURAL,CC,1052708356,,68001,ACTIVO,2017-08-04,cesar.benavides946@example.com,3909480803
947,NATURAL,CC,1143782492,,05001,ACTIVO,2017-08-05,patricia.sanchez947@example.com,3037469044
948,JURIDICA,NIT,980492304,1,66001,ACTIVO,2017-08-05,contacto948@example.com,3896118598
949,NATURAL,CC,1055067163,,11001,INACTIVO,2017-08-07,andres.cabrera949@example.com,3834204784
950,JURIDICA,NIT,971840653,6,05001,ACTIVO,2017-08-07,contacto950@example.com,3899451452
951,NATURAL,CC,1021768915,,54001,ACTIVO,2017-08-08,juan.guevara951@example.com,3664763370
952,NATURAL,CE,793277,,11001,ACTIVO,2017-08-10,gilberto.leal952@example.com,3591126977
953,NATURAL,CC,1114928247,,44001,ACTIVO,2017-08-11,cecilia.molano953@example.com,3338322191
954,NATURAL,CC,1172379246,,05001,ACTIVO,2017-08-11,dayana.ramirez954@example.com,3317350976
955,NATURAL,CC,1261568524,,11001,ACTIVO,2017-08-12,miguel.rojas955@example.com,3491785552
956,NATURAL,CC,1219197367,,17873,ACTIVO,2017-08-12,harold.cardenas956@example.com,3333735721
957,NATURAL,CC,1202105039,,11001,ACTIVO,2017-08-14,alicia.paez957@example.com,3944456558
958,NATURAL,CC,1186404022,,05001,ACTIVO,2017-08-14,victor.lopez958@example.com,3836392244
959,NATURAL,CC,1091112512,,11001,ACTIVO,2017-08-17,pilar.nieto959@example.com,3174162827
960,NATURAL,CC,1097769332,,23001,ACTIVO,2017-08-18,vilma.pinzon960@example.com,3112542599
961,NATURAL,CC,1050509562,,11001,ACTIVO,2017-08-21,camilo.sanchez961@example.com,3846771440
962,NATURAL,CC,1040022752,,05001,ACTIVO,2017-08-21,rafael.rivas962@example.com,3262278126
963,NATURAL,CC,1109308004,,11001,ACTIVO,2017-08-21,doris.silva963@example.com,3594702816
964,JURIDICA,NIT,970859427,8,11001,ACTIVO,2017-08-21,contacto964@example.com,3629081682
965,JURIDICA,NIT,987829530,2,41001,ACTIVO,2017-08-22,contacto965@example.com,3391970603
966,NATURAL,CC,1042673806,,17001,ACTIVO,2017-08-23,stiven.rosero966@example.com,3100532372
967,NATURAL,CC,1039894774,,13001,ACTIVO,2017-08-23,elmer.camargo967@example.com,3691434370
968,NATURAL,CC,1292564756,,11001,ACTIVO,2017-08-24,jaime.toro968@example.com,3384571230
969,NATURAL,CC,1227952861,,76001,ACTIVO,2017-08-24,javier.rodriguez969@example.com,3145962161
970,NATURAL,CC,1060439418,,05001,ACTIVO,2017-08-25,rosa.ortiz970@example.com,3428785136
971,NATURAL,CC,1027584311,,11001,ACTIVO,2017-08-26,isabel.caballero971@example.com,3240733291
972,NATURAL,CC,1126981665,,17001,ACTIVO,2017-08-28,maria.martinez972@example.com,3636295812
973,NATURAL,CC,1275443099,,47001,ACTIVO,2017-08-28,alejandra.reyes973@example.com,3978850914
974,NATURAL,CC,1171016391,,76001,ACTIVO,2017-08-29,luis.rincon974@example.com,3097471920
975,NATURAL,CC,1067488477,,11001,ACTIVO,2017-08-29,edith.osorio975@example.com,3284670280
976,NATURAL,CC,1186934406,,05001,ACTIVO,2017-08-29,,3335044998
977,NATURAL,CC,1204855364,,11001,ACTIVO,2017-08-30,alvaro.beltran977@example.com,3755029413
978,NATURAL,CC,1144374560,,11001,ACTIVO,2017-09-01,guillermo.cardenas978@example.com,3781849170
979,NATURAL,CC,1111408240,,76001,ACTIVO,2017-09-01,ines.duran979@example.com,3303823880
980,NATURAL,CC,1250759416,,05001,ACTIVO,2017-09-02,alba.cortes980@example.com,3102541936
981,NATURAL,CC,1075064641,,08001,ACTIVO,2017-09-02,edwar.palacio981@example.com,3117769650
982,NATURAL,CC,1116658696,,05001,ACTIVO,2017-09-04,daniela.perez982@example.com,3053214301
983,NATURAL,CC,1190618712,,08758,ACTIVO,2017-09-04,julio.rivera983@example.com,3316514914
984,NATURAL,CC,1022453938,,08001,ACTIVO,2017-09-04,rosa.fernandez984@example.com,3654013661
985,NATURAL,CC,1062918743,,08758,ACTIVO,2017-09-04,,3623672939
986,NATURAL,CC,1240238693,,11001,ACTIVO,2017-09-07,elizabeth.guerra986@example.com,3940480096
987,JURIDICA,NIT,988068930,2,25126,ACTIVO,2017-09-08,contacto987@example.com,3531409899
988,NATURAL,CE,316566,,11001,ACTIVO,2017-09-09,juan.rico988@example.com,3322367636
989,NATURAL,CC,1244884611,,25269,ACTIVO,2017-09-11,dany.duque989@example.com,3183041595
990,NATURAL,CC,1250330266,,54001,ACTIVO,2017-09-11,maria.valencia990@example.com,3851165838
991,JURIDICA,NIT,975946882,7,54001,ACTIVO,2017-09-11,contacto991@example.com,3160396454
992,NATURAL,CC,1175768438,,11001,ACTIVO,2017-09-11,paula.calderon992@example.com,3748358180
993,NATURAL,CC,1170193529,,68001,ACTIVO,2017-09-11,,3497391658
994,NATURAL,CC,1162781164,,11001,ACTIVO,2017-09-15,ana.velez994@example.com,3629177831
995,NATURAL,CC,1002315791,,68001,ACTIVO,2017-09-18,luis.salazar995@example.com,3248660642
996,NATURAL,CC,1269256218,,68276,ACTIVO,2017-09-19,yohana.diaz996@example.com,3337692525
997,NATURAL,CC,1189405467,,18001,ACTIVO,2017-09-20,ramon.monroy997@example.com,3857230739
998,NATURAL,CC,1236923259,,11001,ACTIVO,2017-09-22,rocio.rosero998@example.com,3002273113
999,NATURAL,CC,1068454503,,17001,ACTIVO,2017-09-23,olga.caicedo999@example.com,3644599362
1000,NATURAL,CC,1129746164,,44001,ACTIVO,2017-09-23,lucia.ramirez1000@example.com,3340978551
1001,NATURAL,CC,1071357174,,68276,ACTIVO,2017-09-25,,3779115552
1002,NATURAL,CC,1259180029,,05001,ACTIVO,2017-09-29,francisco.correa1002@example.com,3694541929
1003,NATURAL,CC,1100607952,,11001,ACTIVO,2017-09-30,oswaldo.sanchez1003@example.com,3549784770
1004,NATURAL,CC,1108116886,,05088,ACTIVO,2017-09-30,orlando.cano1004@example.com,3812045201
1005,NATURAL,CC,1276537990,,68276,ACTIVO,2017-10-02,luis.bonilla1005@example.com,3884041144
1006,JURIDICA,NIT,960733449,1,11001,ACTIVO,2017-10-02,contacto1006@example.com,3414501052
1007,NATURAL,CC,1190166509,,41001,ACTIVO,2017-10-03,cristina.delgado1007@example.com,3459174919
1008,NATURAL,CC,1000079089,,05001,ACTIVO,2017-10-03,daniel.gaviria1008@example.com,3445376761
1009,NATURAL,CC,1143467368,,05088,ACTIVO,2017-10-05,libia.acosta1009@example.com,3221125861
1010,JURIDICA,NIT,974042276,1,05001,ACTIVO,2017-10-05,contacto1010@example.com,3148033440
1011,NATURAL,CC,1089112602,,13001,ACTIVO,2017-10-07,laura.torres1011@example.com,3659280474
1012,NATURAL,CE,405888,,11001,ACTIVO,2017-10-07,guillermo.ramirez1012@example.com,3533216490
1013,NATURAL,CE,279484,,11001,ACTIVO,2017-10-09,armando.rodriguez1013@example.com,3060900854
1014,NATURAL,CC,1097327992,,20001,ACTIVO,2017-10-11,catalina.molina1014@example.com,3090426314
1015,NATURAL,CC,1163778423,,54001,ACTIVO,2017-10-11,miguel.ayala1015@example.com,3457395048
1016,NATURAL,CC,1123761411,,52001,ACTIVO,2017-10-11,andrea.ibarra1016@example.com,3635634029
1017,NATURAL,CC,1027832465,,05615,ACTIVO,2017-10-12,alexandra.padilla1017@example.com,3789929562
1018,NATURAL,CC,1053745931,,13001,ACTIVO,2017-10-13,fernanda.osorio1018@example.com,3466429126
1019,NATURAL,CC,1186203620,,66001,ACTIVO,2017-10-16,oscar.perez1019@example.com,3368490059
1020,NATURAL,CC,1070790002,,05001,ACTIVO,2017-10-17,bibiana.marquez1020@example.com,3703543479
1021,NATURAL,CC,1257637900,,11001,ACTIVO,2017-10-17,roberto.lopez1021@example.com,3221544067
1022,JURIDICA,NIT,972217094,1,05088,ACTIVO,2017-10-19,contacto1022@example.com,3799260869
1023,NATURAL,CC,1042454291,,76109,ACTIVO,2017-10-19,adriana.garcia1023@example.com,3831368867
1024,NATURAL,CC,1243947093,,68001,ACTIVO,2017-10-19,ines.sandoval1024@example.com,3875320997
1025,NATURAL,CC,1213693652,,05001,ACTIVO,2017-10-20,,3762503919
1026,NATURAL,CC,1001409979,,13001,ACTIVO,2017-10-21,samir.sanchez1026@example.com,3933419364
1027,NATURAL,CC,1129340755,,11001,ACTIVO,2017-10-21,viviana.guzman1027@example.com,3348056564
1028,NATURAL,CC,1262663471,,05088,ACTIVO,2017-10-23,maria.vera1028@example.com,3789606283
1029,NATURAL,CC,1139743990,,13001,ACTIVO,2017-10-23,ivan.mejia1029@example.com,3662345863
1030,NATURAL,CC,1005746589,,11001,ACTIVO,2017-10-23,rosario.munoz1030@example.com,3963299147
1031,NATURAL,CC,1020425060,,73001,ACTIVO,2017-10-24,emiro.hernandez1031@example.com,3014692820
1032,NATURAL,CE,613056,,05088,ACTIVO,2017-10-24,rosa.rosero1032@example.com,3751489584
1033,NATURAL,CC,1031151376,,11001,ACTIVO,2017-10-26,,3038232472
1034,JURIDICA,NIT,963763359,6,23001,ACTIVO,2017-10-28,contacto1034@example.com,3530286611
1035,NATURAL,CC,1176340274,,11001,ACTIVO,2017-10-28,juan.cardenas1035@example.com,3920463468
1036,NATURAL,CC,1114445180,,15759,ACTIVO,2017-10-30,julian.florez1036@example.com,3797070262
1037,JURIDICA,NIT,965478104,0,11001,ACTIVO,2017-10-30,contacto1037@example.com,3401906194
1038,NATURAL,CC,1192648221,,11001,ACTIVO,2017-10-30,edith.garcia1038@example.com,3890047530
1039,NATURAL,CC,1156450407,,27001,ACTIVO,2017-10-31,ruby.angel1039@example.com,3282926908
1040,NATURAL,CC,1229030972,,54001,ACTIVO,2017-11-01,mercedes.calderon1040@example.com,3767271865
1041,NATURAL,CC,1173827262,,05001,ACTIVO,2017-11-03,daniel.guerrero1041@example.com,3747719903
1042,JURIDICA,NIT,988265202,3,05001,ACTIVO,2017-11-06,contacto1042@example.com,3297513082
1043,NATURAL,CC,1275405092,,11001,ACTIVO,2017-11-06,margarita.munoz1043@example.com,3707448655
1044,NATURAL,CC,1221978239,,15238,ACTIVO,2017-11-09,,3303486291
1045,NATURAL,CC,1059005178,,73001,ACTIVO,2017-11-10,maria.pena1045@example.com,3410639272
1046,NATURAL,CC,1144923740,,76520,ACTIVO,2017-11-10,enrique.jaimes1046@example.com,3363616352
1047,JURIDICA,NIT,980592555,0,23001,ACTIVO,2017-11-10,contacto1047@example.com,3692670000
1048,NATURAL,CC,1200416997,,05001,ACTIVO,2017-11-11,,3074448629
1049,JURIDICA,NIT,970504017,8,47001,ACTIVO,2017-11-11,contacto1049@example.com,3963711928
1050,NATURAL,CC,1293631753,,11001,ACTIVO,2017-11-11,nelly.pinto1050@example.com,3296255405
1051,NATURAL,CC,1285976932,,08758,ACTIVO,2017-11-13,yamile.bernal1051@example.com,3393913599
1052,JURIDICA,NIT,971744458,5,11001,ACTIVO,2017-11-13,contacto1052@example.com,3107695366
1053,NATURAL,CC,1099694442,,11001,ACTIVO,2017-11-13,eliana.ospina1053@example.com,3390563663
1054,NATURAL,CC,1175905859,,41001,ACTIVO,2017-11-13,wilman.bustamante1054@example.com,3625598968
1055,NATURAL,CC,1011071243,,20001,ACTIVO,2017-11-14,jhon.bohorquez1055@example.com,3595742409
1056,NATURAL,CC,1158647785,,23001,ACTIVO,2017-11-15,clara.luna1056@example.com,3181087316
1057,NATURAL,CC,1215700253,,70001,INACTIVO,2017-11-15,marco.sierra1057@example.com,3767168955
1058,NATURAL,CC,1110553643,,76001,ACTIVO,2017-11-16,carmen.torres1058@example.com,3131222841
1059,NATURAL,CC,1271649279,,63001,ACTIVO,2017-11-17,mario.henao1059@example.com,3536397123
1060,NATURAL,PPT,2396190,,11001,ACTIVO,2017-11-20,victor.galeano1060@example.com,3826170612
1061,NATURAL,CC,1016726765,,76001,ACTIVO,2017-11-20,fernanda.caro1061@example.com,3886470378
1062,NATURAL,CC,1166931318,,08758,ACTIVO,2017-11-20,maria.rodriguez1062@example.com,3763445999
1063,NATURAL,CC,1269041381,,11001,ACTIVO,2017-11-22,william.rojas1063@example.com,3797784129
1064,NATURAL,CC,1218467041,,11001,ACTIVO,2017-11-22,amparo.mejia1064@example.com,3453301198
1065,NATURAL,CC,1189418519,,11001,ACTIVO,2017-11-23,gisela.castrillon1065@example.com,3385319674
1066,NATURAL,CC,1282853614,,05001,ACTIVO,2017-11-24,alejandra.duque1066@example.com,3434393949
1067,NATURAL,CC,1062099765,,11001,ACTIVO,2017-11-24,jose.ospina1067@example.com,3574904720
1068,JURIDICA,NIT,984815225,9,11001,ACTIVO,2017-11-27,contacto1068@example.com,3346317445
1069,NATURAL,CC,1141133948,,11001,ACTIVO,2017-11-27,fernando.medina1069@example.com,3790634603
1070,NATURAL,CC,1290427703,,76001,ACTIVO,2017-11-27,jesus.barragan1070@example.com,3570810988
1071,NATURAL,CC,1295488014,,11001,ACTIVO,2017-11-27,andres.munoz1071@example.com,3421368043
1072,NATURAL,CC,1111816427,,76520,ACTIVO,2017-11-28,ana.mena1072@example.com,3595891437
1073,NATURAL,CC,1139724740,,11001,ACTIVO,2017-11-28,,3276947734
1074,NATURAL,CC,1046077635,,15238,ACTIVO,2017-11-30,luz.bravo1074@example.com,3320768063
1075,NATURAL,CC,1218848870,,11001,ACTIVO,2017-11-30,guillermo.cordoba1075@example.com,3715463941
1076,NATURAL,CC,1064005478,,11001,ACTIVO,2017-12-04,maria.espinosa1076@example.com,3773288093
1077,JURIDICA,NIT,975882284,6,11001,ACTIVO,2017-12-04,contacto1077@example.com,3478041806
1078,NATURAL,CC,1144678926,,44001,ACTIVO,2017-12-04,manuel.bautista1078@example.com,3601616309
1079,NATURAL,CC,1099379063,,11001,ACTIVO,2017-12-06,edith.bautista1079@example.com,3215668649
1080,NATURAL,CC,1179874135,,68001,ACTIVO,2017-12-06,jesus.vargas1080@example.com,3620761814
1081,NATURAL,CC,1247897940,,11001,ACTIVO,2017-12-06,,3421552316
1082,NATURAL,CC,1049972939,,15238,ACTIVO,2017-12-06,gloria.gaviria1082@example.com,3302562125
1083,NATURAL,CC,1118142927,,20001,ACTIVO,2017-12-07,sergio.castillo1083@example.com,3584030556
1084,NATURAL,CC,1166143005,,23001,ACTIVO,2017-12-08,andres.castaneda1084@example.com,3703436063
1085,JURIDICA,NIT,967737874,2,66170,ACTIVO,2017-12-11,contacto1085@example.com,3830261663
1086,NATURAL,PPT,7806036,,63001,ACTIVO,2017-12-13,luz.fonseca1086@example.com,3381295707
1087,JURIDICA,NIT,967620378,7,11001,ACTIVO,2017-12-14,contacto1087@example.com,3117888619
1088,NATURAL,CC,1238302532,,08001,ACTIVO,2017-12-15,fredy.molina1088@example.com,3027355348
1089,NATURAL,CC,1189509964,,52001,ACTIVO,2017-12-18,carlos.pineda1089@example.com,3571779506
1090,NATURAL,CC,1095572975,,13001,ACTIVO,2017-12-20,,3539789014
1091,NATURAL,CC,1048614524,,05266,ACTIVO,2017-12-21,osvaldo.contreras1091@example.com,3698008413
1092,NATURAL,CC,1103485533,,05001,ACTIVO,2017-12-21,andrea.salazar1092@example.com,3049530356
1093,JURIDICA,NIT,986692656,7,76001,ACTIVO,2017-12-22,contacto1093@example.com,3038969374
1094,NATURAL,CC,1121141780,,20001,ACTIVO,2017-12-22,daniela.leon1094@example.com,3695663769
1095,NATURAL,CC,1192673722,,76001,ACTIVO,2017-12-22,laura.ardila1095@example.com,3725803523
1096,NATURAL,CC,1103984674,,11001,ACTIVO,2017-12-25,jose.jimenez1096@example.com,3613957351
1097,NATURAL,CC,1023892628,,54001,ACTIVO,2017-12-25,carolina.gonzalez1097@example.com,3963654578
1098,NATURAL,CC,1289061851,,70001,ACTIVO,2017-12-25,isabel.arenas1098@example.com,3343110465
1099,NATURAL,CC,1163339162,,15001,ACTIVO,2017-12-25,lorena.marin1099@example.com,3433659665
1100,NATURAL,CE,760283,,08001,ACTIVO,2017-12-25,jose.polo1100@example.com,3476411344
1101,NATURAL,CC,1206394236,,11001,ACTIVO,2017-12-26,enrique.miranda1101@example.com,3433740884
1102,NATURAL,CC,1003167502,,08758,ACTIVO,2017-12-26,adriana.restrepo1102@example.com,3265301419
1103,NATURAL,CE,270456,,08001,ACTIVO,2017-12-28,alba.orozco1103@example.com,3316967295
1104,NATURAL,CC,1036680951,,05001,ACTIVO,2017-12-28,liliana.castro1104@example.com,3349272973
1105,NATURAL,CC,1090886711,,13001,ACTIVO,2017-12-28,,3113120705
1106,NATURAL,CC,1220837755,,76001,ACTIVO,2017-12-28,,3250515181
1107,NATURAL,CC,1222898938,,05266,ACTIVO,2017-12-28,alicia.uribe1107@example.com,3195227005
1108,NATURAL,CC,1113317449,,47001,ACTIVO,2017-12-30,alberto.londono1108@example.com,3957620315
1109,NATURAL,CC,1232777065,,08001,ACTIVO,2017-12-30,lida.valencia1109@example.com,3855528672
1110,NATURAL,PPT,5533626,,11001,ACTIVO,2017-12-30,miguel.gonzalez1110@example.com,3620739970
1111,NATURAL,CC,1262714361,,05001,ACTIVO,2018-01-01,santiago.narvaez1111@example.com,3178536365
1112,NATURAL,CC,1014055764,,11001,ACTIVO,2018-01-02,fernando.gutierrez1112@example.com,3658757211
1113,NATURAL,CC,1278750382,,66001,ACTIVO,2018-01-02,hector.miranda1113@example.com,3313402217
1114,NATURAL,CC,1272505776,,05615,ACTIVO,2018-01-02,hilda.barrios1114@example.com,3691065617
1115,NATURAL,CC,1034937044,,20001,ACTIVO,2018-01-03,mariana.sanchez1115@example.com,3558648694
1116,NATURAL,CC,1032645751,,47001,ACTIVO,2018-01-04,,3723775728
1117,NATURAL,CC,1170210789,,76520,ACTIVO,2018-01-05,nicolas.martinez1117@example.com,3029757274
1118,NATURAL,CC,1252810583,,66170,ACTIVO,2018-01-05,maria.rosero1118@example.com,3835116789
1119,NATURAL,CC,1284750905,,11001,ACTIVO,2018-01-06,jose.lopez1119@example.com,3487009147
1120,JURIDICA,NIT,975401110,0,76520,ACTIVO,2018-01-08,contacto1120@example.com,3717876287
1121,NATURAL,CC,1258902449,,11001,ACTIVO,2018-01-08,andrea.jimenez1121@example.com,3759331544
1122,NATURAL,CC,1101747338,,76001,ACTIVO,2018-01-08,,3294365325
1123,NATURAL,CC,1272578231,,95001,ACTIVO,2018-01-08,jesus.navarro1123@example.com,3972456109
1124,JURIDICA,NIT,979251059,2,68276,ACTIVO,2018-01-08,contacto1124@example.com,3332948205
1125,NATURAL,CC,1102631306,,11001,ACTIVO,2018-01-09,katerine.sandoval1125@example.com,3883587116
1126,NATURAL,CC,1119747237,,08001,ACTIVO,2018-01-11,elena.aguirre1126@example.com,3530355202
1127,NATURAL,CC,1078152507,,08758,ACTIVO,2018-01-11,yecid.giraldo1127@example.com,3741891603
1128,NATURAL,CC,1010388635,,05001,ACTIVO,2018-01-12,lorenzo.arias1128@example.com,3084574672
1129,JURIDICA,NIT,968943326,4,63001,ACTIVO,2018-01-12,contacto1129@example.com,3381301380
1130,JURIDICA,NIT,971917073,7,19001,ACTIVO,2018-01-12,contacto1130@example.com,3269310673
1131,NATURAL,CE,950279,,05001,ACTIVO,2018-01-15,marina.garcia1131@example.com,3742412527
1132,NATURAL,CC,1273870841,,54001,ACTIVO,2018-01-15,johan.caballero1132@example.com,3329475310
1133,NATURAL,CC,1008478711,,05001,ACTIVO,2018-01-16,maria.villegas1133@example.com,3469328383
1134,NATURAL,CC,1079427711,,08001,ACTIVO,2018-01-16,kevin.figueroa1134@example.com,3278419568
1135,NATURAL,CC,1100245076,,25269,ACTIVO,2018-01-17,emerson.castillo1135@example.com,3717477114
1136,NATURAL,CC,1009342012,,11001,ACTIVO,2018-01-18,luis.cordoba1136@example.com,3468715472
1137,NATURAL,CC,1219060636,,11001,ACTIVO,2018-01-19,lorenzo.ordonez1137@example.com,3098866216
1138,NATURAL,CC,1275521916,,17380,ACTIVO,2018-01-20,carolina.vega1138@example.com,3928065193
1139,NATURAL,CC,1049891541,,11001,ACTIVO,2018-01-22,rosa.hernandez1139@example.com,3451286503
1140,JURIDICA,NIT,982478368,1,05001,ACTIVO,2018-01-22,contacto1140@example.com,3340046452
1141,NATURAL,CC,1196307996,,44001,ACTIVO,2018-01-22,omaira.mesa1141@example.com,3139323054
1142,JURIDICA,NIT,989610348,3,11001,ACTIVO,2018-01-22,contacto1142@example.com,3956185133
1143,NATURAL,CC,1204656050,,44001,ACTIVO,2018-01-22,,3172784258
1144,NATURAL,CC,1113742459,,68001,ACTIVO,2018-01-22,laura.jimenez1144@example.com,3978624511
1145,NATURAL,CC,1067132335,,25175,ACTIVO,2018-01-23,milena.galvis1145@example.com,3670462531
1146,NATURAL,CC,1116324412,,23001,ACTIVO,2018-01-23,jose.calderon1146@example.com,3495326979
1147,NATURAL,CC,1186491307,,47001,ACTIVO,2018-01-24,edith.perez1147@example.com,3659080406
1148,NATURAL,PPT,4699204,,47001,ACTIVO,2018-01-25,tatiana.arenas1148@example.com,3122876562
1149,NATURAL,CC,1239860176,,13001,ACTIVO,2018-01-27,maria.cardenas1149@example.com,3077154965
1150,NATURAL,CC,1107766224,,05001,ACTIVO,2018-01-29,eliecer.molina1150@example.com,3011675629
1151,NATURAL,CC,1047074962,,52001,ACTIVO,2018-01-29,ana.narvaez1151@example.com,3675401308
1152,NATURAL,CC,1070148831,,11001,ACTIVO,2018-01-30,carlos.jimenez1152@example.com,3096224545
1153,JURIDICA,NIT,980203869,0,15238,ACTIVO,2018-01-30,contacto1153@example.com,3234385873
1154,NATURAL,CC,1002957516,,05001,ACTIVO,2018-01-31,amparo.santos1154@example.com,3720274877
1155,NATURAL,CC,1122904033,,76109,ACTIVO,2018-02-01,luz.munoz1155@example.com,3572350777
1156,NATURAL,CC,1177293799,,11001,ACTIVO,2018-02-01,rafael.salas1156@example.com,3645199685
1157,NATURAL,CC,1111072042,,11001,ACTIVO,2018-02-02,jose.trujillo1157@example.com,3271724254
1158,JURIDICA,NIT,976200002,4,05360,ACTIVO,2018-02-03,contacto1158@example.com,3968827570
1159,JURIDICA,NIT,962145290,2,05088,ACTIVO,2018-02-03,contacto1159@example.com,3006984973
1160,JURIDICA,NIT,984262574,1,11001,ACTIVO,2018-02-03,contacto1160@example.com,3025043374
1161,NATURAL,CC,1204551657,,76001,ACTIVO,2018-02-05,maria.pinzon1161@example.com,3080554860
1162,NATURAL,CC,1186961865,,54001,ACTIVO,2018-02-05,margarita.quiroga1162@example.com,3088716595
1163,JURIDICA,NIT,976277403,5,76109,ACTIVO,2018-02-06,contacto1163@example.com,3016602101
1164,JURIDICA,NIT,979305569,0,11001,ACTIVO,2018-02-06,contacto1164@example.com,3569869559
1165,NATURAL,CC,1068304021,,17001,ACTIVO,2018-02-07,yolanda.rodriguez1165@example.com,3142189332
1166,NATURAL,CC,1248992411,,11001,ACTIVO,2018-02-08,shirley.bastidas1166@example.com,3101089946
1167,NATURAL,CC,1232083937,,11001,ACTIVO,2018-02-08,marisol.duarte1167@example.com,3685349859
1168,NATURAL,CC,1078302799,,11001,ACTIVO,2018-02-08,julia.castro1168@example.com,3577335946
1169,NATURAL,CC,1255778909,,08001,ACTIVO,2018-02-09,johan.cano1169@example.com,3040599402
1170,NATURAL,CC,1172111225,,05360,ACTIVO,2018-02-10,mercedes.montoya1170@example.com,3046316857
1171,NATURAL,CC,1115335250,,05615,ACTIVO,2018-02-10,,3684521590
1172,NATURAL,CC,1146010758,,05088,ACTIVO,2018-02-13,ruben.jaramillo1172@example.com,3303646875
1173,JURIDICA,NIT,979272118,9,13001,ACTIVO,2018-02-13,contacto1173@example.com,3957154208
1174,NATURAL,CC,1048316089,,11001,ACTIVO,2018-02-13,maria.parada1174@example.com,3628809548
1175,JURIDICA,NIT,965461597,3,73001,ACTIVO,2018-02-14,contacto1175@example.com,3571054744
1176,JURIDICA,NIT,961046446,6,11001,ACTIVO,2018-02-14,contacto1176@example.com,3437377241
1177,NATURAL,CC,1195601391,,23001,ACTIVO,2018-02-14,jazmin.romero1177@example.com,3539052268
1178,NATURAL,CC,1134240167,,50001,ACTIVO,2018-02-15,magaly.serrano1178@example.com,3956861649
1179,NATURAL,CC,1024266294,,11001,ACTIVO,2018-02-15,yaneth.nieto1179@example.com,3329905755
1180,JURIDICA,NIT,988530031,7,66001,ACTIVO,2018-02-16,contacto1180@example.com,3333464220
1181,NATURAL,CC,1166436194,,19001,ACTIVO,2018-02-16,carlos.silva1181@example.com,3633042953
1182,NATURAL,CC,1154669032,,68276,ACTIVO,2018-02-16,andres.gonzalez1182@example.com,3461639590
1183,JURIDICA,NIT,969796708,7,76834,ACTIVO,2018-02-17,contacto1183@example.com,3416216971
1184,NATURAL,CC,1095945431,,76001,ACTIVO,2018-02-19,humberto.romero1184@example.com,3428276500
1185,JURIDICA,NIT,970256849,4,11001,ACTIVO,2018-02-19,contacto1185@example.com,3500025577
1186,JURIDICA,NIT,989432090,5,08001,ACTIVO,2018-02-20,contacto1186@example.com,3649546535
1187,NATURAL,CC,1256373848,,76001,ACTIVO,2018-02-21,,3612777278
1188,NATURAL,CC,1036326810,,47001,ACTIVO,2018-02-22,sebastian.aguilar1188@example.com,3531571274
1189,NATURAL,CC,1285368056,,68276,ACTIVO,2018-02-22,lorena.romero1189@example.com,3977956605
1190,JURIDICA,NIT,982673505,8,11001,ACTIVO,2018-02-23,contacto1190@example.com,3474325399
1191,NATURAL,CC,1118336487,,19001,ACTIVO,2018-02-23,federico.daza1191@example.com,3894928633
1192,NATURAL,CC,1206874042,,11001,ACTIVO,2018-02-23,teresa.valderrama1192@example.com,3545302724
1193,NATURAL,CC,1009385402,,05001,ACTIVO,2018-02-23,juan.pacheco1193@example.com,3661163702
1194,JURIDICA,NIT,978445909,8,15238,ACTIVO,2018-02-24,contacto1194@example.com,3144894481
1195,JURIDICA,NIT,960984774,7,19001,ACTIVO,2018-02-24,contacto1195@example.com,3761944605
1196,NATURAL,CC,1015466431,,27001,ACTIVO,2018-02-26,ana.hernandez1196@example.com,3845768643
1197,NATURAL,CC,1238726899,,17174,ACTIVO,2018-02-26,andres.chavez1197@example.com,3291867492
1198,NATURAL,CC,1225599991,,11001,ACTIVO,2018-02-26,cristian.gutierrez1198@example.com,3836415523
1199,NATURAL,CC,1033534200,,17174,ACTIVO,2018-02-28,luz.duque1199@example.com,3871092742
1200,NATURAL,CC,1002754309,,13001,ACTIVO,2018-03-01,alberto.toro1200@example.com,3187889252
1201,NATURAL,CC,1017798707,,27001,ACTIVO,2018-03-02,gerardo.fernandez1201@example.com,3088391548
1202,NATURAL,CC,1199769062,,11001,ACTIVO,2018-03-03,gloria.luna1202@example.com,3016879087
1203,NATURAL,CC,1299533751,,11001,ACTIVO,2018-03-03,margarita.burgos1203@example.com,3039038860
1204,NATURAL,CC,1297195439,,76834,ACTIVO,2018-03-05,manuela.lozano1204@example.com,3703461873
1205,NATURAL,CE,397709,,41001,ACTIVO,2018-03-05,cristina.velasquez1205@example.com,3018288929
1206,NATURAL,CC,1002111244,,05360,ACTIVO,2018-03-05,rosa.romero1206@example.com,3539144837
1207,NATURAL,CC,1212790789,,05360,ACTIVO,2018-03-08,luis.mejia1207@example.com,3081596416
1208,NATURAL,CC,1108083868,,11001,ACTIVO,2018-03-08,duban.caicedo1208@example.com,3485224327
1209,JURIDICA,NIT,975975592,1,52001,ACTIVO,2018-03-08,contacto1209@example.com,3402550762
1210,NATURAL,CC,1151959185,,20001,ACTIVO,2018-03-08,maria.vargas1210@example.com,3249926679
1211,NATURAL,CC,1152655671,,08758,ACTIVO,2018-03-08,raul.cortes1211@example.com,3485217630
1212,JURIDICA,NIT,988357450,9,11001,ACTIVO,2018-03-09,contacto1212@example.com,3956954161
1213,NATURAL,CC,1237411241,,52001,ACTIVO,2018-03-12,elena.guerrero1213@example.com,3104249028
1214,NATURAL,CC,1142431763,,08001,ACTIVO,2018-03-12,german.velez1214@example.com,3025970354
1215,NATURAL,CC,1053107485,,11001,ACTIVO,2018-03-12,gonzalo.rincon1215@example.com,3877728458
1216,NATURAL,CC,1260605487,,73001,ACTIVO,2018-03-13,ana.escobar1216@example.com,3125272429
1217,NATURAL,CC,1260309948,,20001,ACTIVO,2018-03-14,arturo.palacio1217@example.com,3465603481
1218,NATURAL,CC,1260011927,,91001,ACTIVO,2018-03-15,paola.melo1218@example.com,3057208225
1219,NATURAL,CC,1088301337,,11001,ACTIVO,2018-03-15,,3064238104
1220,NATURAL,CC,1267778614,,11001,ACTIVO,2018-03-15,rosa.mendez1220@example.com,3746405754
1221,NATURAL,CC,1045974078,,88001,ACTIVO,2018-03-16,enrique.jaramillo1221@example.com,3479544495
1222,NATURAL,CC,1209696212,,11001,ACTIVO,2018-03-17,martha.vallejo1222@example.com,3165398299
1223,NATURAL,CC,1110823452,,47001,ACTIVO,2018-03-17,milena.beltran1223@example.com,3043750806
1224,NATURAL,CC,1124239446,,11001,ACTIVO,2018-03-19,ana.suarez1224@example.com,3985823690
1225,NATURAL,CC,1108374849,,17001,ACTIVO,2018-03-19,doris.morales1225@example.com,3563678882
1226,NATURAL,CC,1283570318,,18001,ACTIVO,2018-03-19,luz.hernandez1226@example.com,3312564887
1227,NATURAL,CC,1222255807,,27001,INACTIVO,2018-03-19,esmeralda.ortega1227@example.com,3388903641
1228,NATURAL,CC,1223295006,,11001,ACTIVO,2018-03-19,mary.cardona1228@example.com,3701232496
1229,NATURAL,CC,1183582472,,11001,ACTIVO,2018-03-19,fernanda.reyes1229@example.com,3191143788
1230,NATURAL,CC,1185176518,,25269,ACTIVO,2018-03-21,jorge.sanchez1230@example.com,3603571894
1231,NATURAL,CC,1216565626,,76001,ACTIVO,2018-03-23,julian.lopez1231@example.com,3143296828
1232,NATURAL,CC,1252625380,,15759,ACTIVO,2018-03-26,johan.hoyos1232@example.com,3027783274
1233,NATURAL,CC,1035040586,,73001,ACTIVO,2018-03-26,alfonso.rincon1233@example.com,3931304820
1234,NATURAL,CC,1145088400,,05266,ACTIVO,2018-03-26,luis.gamboa1234@example.com,3264154846
1235,NATURAL,CC,1245948094,,11001,ACTIVO,2018-03-27,alberto.ordonez1235@example.com,3663205539
1236,NATURAL,CC,1196037582,,17001,ACTIVO,2018-03-28,elizabeth.torres1236@example.com,3557316842
1237,NATURAL,CC,1226553128,,11001,ACTIVO,2018-03-29,adalberto.alzate1237@example.com,3060483061
1238,JURIDICA,NIT,983144374,4,11001,ACTIVO,2018-03-29,contacto1238@example.com,3514993440
1239,NATURAL,CC,1167055422,,05001,ACTIVO,2018-03-30,miguel.rojas1239@example.com,3420562671
1240,NATURAL,CC,1262247774,,50001,ACTIVO,2018-03-30,marina.rojas1240@example.com,3405519326
1241,NATURAL,CC,1261449086,,20001,ACTIVO,2018-04-02,paola.rodriguez1241@example.com,3023589000
1242,NATURAL,PPT,8055000,,08001,ACTIVO,2018-04-03,alejandro.lopez1242@example.com,3855941231
1243,NATURAL,CC,1063031196,,11001,ACTIVO,2018-04-03,judith.trujillo1243@example.com,3199937854
1244,NATURAL,CC,1162440940,,05001,ACTIVO,2018-04-03,diego.vergara1244@example.com,3236839789
1245,NATURAL,CC,1130337292,,13001,ACTIVO,2018-04-03,andres.posada1245@example.com,3300484170
1246,NATURAL,CC,1082489556,,05001,ACTIVO,2018-04-04,lucia.quintero1246@example.com,3876928173
1247,NATURAL,CC,1079175544,,11001,ACTIVO,2018-04-05,felipe.navarro1247@example.com,3891402100
1248,NATURAL,CC,1271195487,,76520,ACTIVO,2018-04-06,cristina.rincon1248@example.com,3512641674
1249,NATURAL,CC,1067615719,,05001,ACTIVO,2018-04-06,graciela.mendoza1249@example.com,3888851532
1250,NATURAL,CC,1283581314,,11001,ACTIVO,2018-04-06,teresa.perez1250@example.com,3567282445
1251,JURIDICA,NIT,967287241,9,05088,ACTIVO,2018-04-07,contacto1251@example.com,3730102115
1252,NATURAL,CC,1065015156,,13001,ACTIVO,2018-04-09,marina.sanchez1252@example.com,3190968413
1253,NATURAL,PPT,5090636,,11001,ACTIVO,2018-04-09,ines.parra1253@example.com,3444558941
1254,JURIDICA,NIT,984411934,8,05001,ACTIVO,2018-04-10,contacto1254@example.com,3386482337
1255,JURIDICA,NIT,973532445,7,13001,ACTIVO,2018-04-11,contacto1255@example.com,3210268282
1256,NATURAL,CC,1269611649,,76001,ACTIVO,2018-04-11,sonia.manrique1256@example.com,3851322119
1257,NATURAL,CC,1031417622,,13001,ACTIVO,2018-04-12,adolfo.garcia1257@example.com,3854429798
1258,NATURAL,CC,1270527753,,11001,ACTIVO,2018-04-13,,3605588897
1259,NATURAL,CC,1174987416,,76001,ACTIVO,2018-04-13,edgar.torres1259@example.com,3172052297
1260,NATURAL,CC,1135280937,,11001,ACTIVO,2018-04-14,alexis.perez1260@example.com,3290829463
1261,NATURAL,CC,1199781813,,50001,ACTIVO,2018-04-16,maria.mejia1261@example.com,3787750015
1262,NATURAL,CC,1073543028,,76109,ACTIVO,2018-04-16,carmen.escobar1262@example.com,3319219655
1263,NATURAL,PA,FE6974958,,05001,ACTIVO,2018-04-17,maria.martinez1263@example.com,3353423620
1264,JURIDICA,NIT,982128011,5,13001,ACTIVO,2018-04-17,contacto1264@example.com,3385236073
1265,NATURAL,CC,1067084376,,27001,ACTIVO,2018-04-18,yulieth.alvarez1265@example.com,3530225409
1266,NATURAL,CC,1140966287,,17001,ACTIVO,2018-04-18,karen.hernandez1266@example.com,3071776658
1267,NATURAL,CC,1084269731,,11001,ACTIVO,2018-04-19,luz.hernandez1267@example.com,3112618215
1268,NATURAL,CC,1243574984,,76001,ACTIVO,2018-04-19,diana.meneses1268@example.com,3853719832
1269,NATURAL,CC,1235580715,,76001,ACTIVO,2018-04-19,vanessa.martinez1269@example.com,3589370804
1270,NATURAL,CC,1148238803,,68276,ACTIVO,2018-04-19,johana.arevalo1270@example.com,3524071759
1271,NATURAL,CC,1264067808,,68001,ACTIVO,2018-04-20,patricia.restrepo1271@example.com,3081358073
1272,NATURAL,CC,1108974668,,97001,ACTIVO,2018-04-21,lida.ramirez1272@example.com,3514134942
1273,NATURAL,CC,1120335372,,11001,ACTIVO,2018-04-23,manuel.cortes1273@example.com,3659146054
1274,NATURAL,CC,1271432878,,76109,ACTIVO,2018-04-23,,3393736340
1275,NATURAL,CC,1143777523,,11001,ACTIVO,2018-04-27,maria.restrepo1275@example.com,3588769105
1276,NATURAL,CC,1280372968,,08758,ACTIVO,2018-04-27,,3582408155
1277,NATURAL,CC,1143726339,,85001,ACTIVO,2018-04-28,mariela.londono1277@example.com,3007959187
1278,NATURAL,CC,1236155265,,11001,ACTIVO,2018-04-28,cristina.castro1278@example.com,3183501668
1279,NATURAL,CC,1234359331,,11001,ACTIVO,2018-04-30,lucia.sanchez1279@example.com,3874222179
1280,NATURAL,CE,766031,,11001,ACTIVO,2018-05-01,erick.galvis1280@example.com,3025171687
1281,NATURAL,CC,1195277522,,85001,ACTIVO,2018-05-02,yanet.pedraza1281@example.com,3973154882
1282,NATURAL,CC,1133464335,,47001,ACTIVO,2018-05-02,doris.palacios1282@example.com,3652194020
1283,JURIDICA,NIT,987656423,9,70001,ACTIVO,2018-05-02,contacto1283@example.com,3459951198
1284,NATURAL,CC,1027978455,,94001,ACTIVO,2018-05-03,ana.ospino1284@example.com,3608462677
1285,NATURAL,CC,1054938883,,66001,ACTIVO,2018-05-03,maria.perea1285@example.com,3404178169
1286,NATURAL,CC,1207159833,,13001,ACTIVO,2018-05-04,,3708133024
1287,NATURAL,CC,1115645585,,44001,ACTIVO,2018-05-05,kelly.rodriguez1287@example.com,3406752022
1288,NATURAL,CC,1263106592,,85001,ACTIVO,2018-05-05,fernanda.espitia1288@example.com,3469628608
1289,JURIDICA,NIT,987749255,8,11001,ACTIVO,2018-05-07,contacto1289@example.com,3545017014
1290,NATURAL,CC,1226836207,,05001,ACTIVO,2018-05-07,orlando.barrios1290@example.com,3038952132
1291,NATURAL,CC,1148053170,,76001,ACTIVO,2018-05-07,orlando.fuentes1291@example.com,3282690632
1292,NATURAL,CC,1099096560,,05360,ACTIVO,2018-05-08,julian.polo1292@example.com,3469756395
1293,JURIDICA,NIT,988643735,9,05001,ACTIVO,2018-05-08,contacto1293@example.com,3285434486
1294,JURIDICA,NIT,985783025,7,05001,ACTIVO,2018-05-08,contacto1294@example.com,3093459714
1295,NATURAL,CC,1157992254,,15759,ACTIVO,2018-05-10,sandra.hurtado1295@example.com,3218433291
1296,NATURAL,CC,1185850490,,13001,ACTIVO,2018-05-11,fabian.lopez1296@example.com,3259158535
1297,NATURAL,CC,1007775040,,08758,ACTIVO,2018-05-12,stella.cordoba1297@example.com,3928435616
1298,NATURAL,CC,1236408872,,17001,ACTIVO,2018-05-12,diego.torres1298@example.com,3003001460
1299,NATURAL,CC,1148033769,,11001,ACTIVO,2018-05-14,mery.vera1299@example.com,3348167065
1300,NATURAL,CC,1180129582,,68001,ACTIVO,2018-05-14,irma.torres1300@example.com,3703983450
1301,JURIDICA,NIT,979724082,3,76001,ACTIVO,2018-05-14,contacto1301@example.com,3044772151
1302,NATURAL,CC,1226656927,,05001,ACTIVO,2018-05-14,mary.arboleda1302@example.com,3855945196
1303,NATURAL,CC,1143242088,,11001,ACTIVO,2018-05-15,andrea.maldonado1303@example.com,3031294988
1304,NATURAL,CC,1056244692,,11001,ACTIVO,2018-05-15,patricia.calderon1304@example.com,3848904464
1305,NATURAL,CC,1059645769,,76001,ACTIVO,2018-05-15,adriana.naranjo1305@example.com,3641065838
1306,NATURAL,CC,1121746142,,08001,ACTIVO,2018-05-16,arbey.perez1306@example.com,3751419024
1307,JURIDICA,NIT,977966488,0,11001,ACTIVO,2018-05-17,contacto1307@example.com,3178331993
1308,NATURAL,CC,1149300641,,11001,ACTIVO,2018-05-18,,3211404311
1309,NATURAL,CC,1250539204,,11001,ACTIVO,2018-05-18,daniel.bohorquez1309@example.com,3099494432
1310,NATURAL,CC,1272703343,,11001,ACTIVO,2018-05-19,javier.guerra1310@example.com,3283427504
1311,NATURAL,CC,1224743586,,08001,ACTIVO,2018-05-21,maria.figueroa1311@example.com,3283983569
1312,NATURAL,CC,1051909737,,08758,ACTIVO,2018-05-21,nelson.pena1312@example.com,3376788410
1313,NATURAL,CC,1049268475,,66001,ACTIVO,2018-05-21,jose.chavez1313@example.com,3045909906
1314,NATURAL,CC,1053490516,,76001,ACTIVO,2018-05-21,paulo.contreras1314@example.com,3579096219
1315,NATURAL,CC,1195727633,,13001,ACTIVO,2018-05-21,miriam.bustos1315@example.com,3027067153
1316,NATURAL,PPT,6596207,,25175,ACTIVO,2018-05-22,claudia.orozco1316@example.com,3905208429
1317,NATURAL,CC,1003191699,,85001,ACTIVO,2018-05-23,julieth.hernandez1317@example.com,3448559035
1318,NATURAL,CC,1100084131,,05001,ACTIVO,2018-05-25,alonso.mosquera1318@example.com,3212416441
1319,NATURAL,CC,1083045255,,11001,ACTIVO,2018-05-25,rosa.mendoza1319@example.com,3180164643
1320,NATURAL,CC,1085482894,,76001,ACTIVO,2018-05-26,fabiola.ojeda1320@example.com,3954441108
1321,JURIDICA,NIT,966249951,4,08001,ACTIVO,2018-05-28,contacto1321@example.com,3699959444
1322,NATURAL,CC,1243491617,,11001,ACTIVO,2018-05-28,andres.angulo1322@example.com,3898764517
1323,NATURAL,CC,1262146520,,13001,ACTIVO,2018-05-28,jesus.jaimes1323@example.com,3344256942
1324,NATURAL,CC,1232323704,,08758,ACTIVO,2018-05-29,astrid.molina1324@example.com,3093884071
1325,NATURAL,CC,1135512428,,08001,ACTIVO,2018-05-29,patricia.guzman1325@example.com,3950438667
1326,NATURAL,CC,1081161389,,13001,ACTIVO,2018-05-30,maricela.barrios1326@example.com,3438147560
1327,NATURAL,CC,1265151439,,11001,ACTIVO,2018-05-30,manuel.padilla1327@example.com,3068954974
1328,NATURAL,CC,1023766990,,68276,ACTIVO,2018-05-31,yolima.gomez1328@example.com,3833520696
1329,NATURAL,CC,1164548409,,11001,ACTIVO,2018-06-01,luz.morales1329@example.com,3150770008
1330,NATURAL,CC,1060643487,,11001,ACTIVO,2018-06-01,wilmer.gonzalez1330@example.com,3839017539
1331,NATURAL,CC,1294520711,,11001,ACTIVO,2018-06-02,viviana.palacios1331@example.com,3494404286
1332,NATURAL,CC,1227987679,,05001,ACTIVO,2018-06-02,juan.rivera1332@example.com,3550930909
1333,NATURAL,CC,1042965631,,11001,ACTIVO,2018-06-04,omar.valencia1333@example.com,3148629964
1334,NATURAL,CC,1280442916,,85001,ACTIVO,2018-06-04,wilfrido.sepulveda1334@example.com,3984808412
1335,JURIDICA,NIT,978106380,9,50001,ACTIVO,2018-06-04,contacto1335@example.com,3486662462
1336,NATURAL,CC,1254443872,,54001,ACTIVO,2018-06-06,augusto.perdomo1336@example.com,3392412493
1337,NATURAL,CC,1221746951,,66001,ACTIVO,2018-06-07,luis.fernandez1337@example.com,3564048795
1338,NATURAL,CC,1161489475,,11001,ACTIVO,2018-06-08,anyi.torres1338@example.com,3692251367
1339,NATURAL,CC,1007836526,,05088,ACTIVO,2018-06-08,daniel.londono1339@example.com,3154429395
1340,NATURAL,CC,1195713779,,76520,ACTIVO,2018-06-09,yaneth.castro1340@example.com,3737096661
1341,NATURAL,CC,1249349871,,11001,ACTIVO,2018-06-11,antonio.ballesteros1341@example.com,3929322293
1342,NATURAL,CC,1000693447,,05001,ACTIVO,2018-06-11,nelson.quintero1342@example.com,3028646699
1343,NATURAL,CC,1005091122,,15001,ACTIVO,2018-06-12,andrea.rodriguez1343@example.com,3178060607
1344,NATURAL,CC,1006023042,,11001,ACTIVO,2018-06-12,luis.cruz1344@example.com,3907763137
1345,NATURAL,CC,1156005917,,11001,ACTIVO,2018-06-12,daniel.patino1345@example.com,3939539221
1346,NATURAL,CC,1253622038,,44001,ACTIVO,2018-06-13,rosalba.ojeda1346@example.com,3164152399
1347,NATURAL,CC,1224493139,,76001,ACTIVO,2018-06-14,,3526090562
1348,NATURAL,CC,1165134904,,44001,ACTIVO,2018-06-15,maria.torres1348@example.com,3471543475
1349,NATURAL,CC,1130744329,,15238,ACTIVO,2018-06-16,ligia.posada1349@example.com,3828757228
1350,NATURAL,CC,1072386591,,13430,ACTIVO,2018-06-18,david.rodriguez1350@example.com,3848118471
1351,NATURAL,CC,1164978371,,76001,ACTIVO,2018-06-18,amparo.duran1351@example.com,3123303359
1352,NATURAL,CC,1151805462,,11001,ACTIVO,2018-06-19,lorena.garcia1352@example.com,3370388572
1353,NATURAL,CC,1148109615,,76001,ACTIVO,2018-06-19,mary.nino1353@example.com,3349918588
1354,NATURAL,CC,1076652648,,25175,ACTIVO,2018-06-20,alfonso.vargas1354@example.com,3075196998
1355,NATURAL,CC,1225849945,,08001,ACTIVO,2018-06-21,johana.rodriguez1355@example.com,3495825670
1356,NATURAL,CC,1130899315,,11001,ACTIVO,2018-06-25,emilio.calderon1356@example.com,3151993541
1357,NATURAL,CC,1291659516,,66001,ACTIVO,2018-06-25,gloria.caicedo1357@example.com,3259675227
1358,NATURAL,CC,1199928680,,76520,ACTIVO,2018-06-25,jaime.hernandez1358@example.com,3379418499
1359,NATURAL,CC,1206906615,,05360,ACTIVO,2018-06-25,martha.guerrero1359@example.com,3466523748
1360,NATURAL,CC,1051214459,,11001,ACTIVO,2018-06-25,ruth.agudelo1360@example.com,3416001493
1361,NATURAL,CC,1028204196,,66170,ACTIVO,2018-06-26,carlos.castillo1361@example.com,3045902394
1362,NATURAL,CC,1258175908,,11001,ACTIVO,2018-06-26,milton.tamayo1362@example.com,3442320704
1363,NATURAL,CC,1109109325,,73001,ACTIVO,2018-06-26,david.gonzalez1363@example.com,3791704124
1364,JURIDICA,NIT,973059659,8,15759,ACTIVO,2018-06-27,contacto1364@example.com,3335730165
1365,NATURAL,CC,1196950877,,76001,ACTIVO,2018-06-27,,3170204724
1366,NATURAL,CC,1084255752,,76001,ACTIVO,2018-06-27,david.vasquez1366@example.com,3324433662
1367,JURIDICA,NIT,987390429,9,20001,ACTIVO,2018-06-28,contacto1367@example.com,3347911950
1368,NATURAL,CC,1184798263,,11001,ACTIVO,2018-06-28,,3067734955
1369,NATURAL,CC,1096103821,,54001,ACTIVO,2018-06-29,carlos.rodriguez1369@example.com,3373302400
1370,NATURAL,CC,1272116160,,11001,ACTIVO,2018-06-29,john.pedraza1370@example.com,3282756960
1371,NATURAL,CC,1156777081,,11001,ACTIVO,2018-06-29,andres.meneses1371@example.com,3724634656
1372,NATURAL,CC,1069303023,,11001,ACTIVO,2018-06-30,alberto.pena1372@example.com,3317202630
1373,NATURAL,CC,1179763411,,18001,ACTIVO,2018-06-30,arnulfo.palacios1373@example.com,3082108140
1374,NATURAL,CC,1160943213,,17001,ACTIVO,2018-06-30,elizabeth.gomez1374@example.com,3800301352
1375,NATURAL,CC,1102210589,,11001,ACTIVO,2018-07-02,lorena.torres1375@example.com,3015521541
1376,NATURAL,CC,1265955276,,76001,ACTIVO,2018-07-02,luz.hernandez1376@example.com,3871914420
1377,NATURAL,CE,250535,,76520,ACTIVO,2018-07-02,harold.jimenez1377@example.com,3864987261
1378,NATURAL,CC,1299904016,,19001,ACTIVO,2018-07-02,yesid.marin1378@example.com,3686829507
1379,NATURAL,CC,1112009691,,05088,ACTIVO,2018-07-02,,3377742073
1380,NATURAL,CC,1145376993,,50001,ACTIVO,2018-07-02,william.giraldo1380@example.com,3605038436
1381,NATURAL,CC,1119194198,,73001,ACTIVO,2018-07-02,juan.jimenez1381@example.com,3653710450
1382,NATURAL,CC,1053051348,,11001,ACTIVO,2018-07-02,,3866769260
1383,NATURAL,CC,1018420786,,66001,ACTIVO,2018-07-03,angelica.ardila1383@example.com,3457460949
1384,NATURAL,CC,1269782235,,23001,ACTIVO,2018-07-03,patricia.rodriguez1384@example.com,3383423516
1385,JURIDICA,NIT,981084082,3,05001,ACTIVO,2018-07-03,contacto1385@example.com,3908349329
1386,NATURAL,CC,1050684857,,05001,ACTIVO,2018-07-03,yolanda.torres1386@example.com,3131263132
1387,NATURAL,CC,1022346135,,23001,ACTIVO,2018-07-04,,3842409494
1388,NATURAL,CC,1007299937,,11001,ACTIVO,2018-07-04,lorena.gomez1388@example.com,3584387699
1389,NATURAL,CC,1257808885,,05001,ACTIVO,2018-07-05,miriam.arroyo1389@example.com,3907935814
1390,NATURAL,CE,552286,,13430,ACTIVO,2018-07-05,david.bernal1390@example.com,3911177930
1391,JURIDICA,NIT,975593664,1,68001,ACTIVO,2018-07-06,contacto1391@example.com,3191624277
1392,NATURAL,CC,1220498814,,20001,ACTIVO,2018-07-07,astrid.diaz1392@example.com,3546991577
1393,JURIDICA,NIT,962935248,2,08001,ACTIVO,2018-07-09,contacto1393@example.com,3252439629
1394,NATURAL,CC,1290223430,,05360,ACTIVO,2018-07-09,fabian.mendez1394@example.com,3795590397
1395,NATURAL,CC,1070679843,,76001,ACTIVO,2018-07-09,luz.hoyos1395@example.com,3818597400
1396,JURIDICA,NIT,985129612,7,52001,ACTIVO,2018-07-10,contacto1396@example.com,3697768504
1397,NATURAL,CC,1298505977,,11001,ACTIVO,2018-07-11,maria.mendez1397@example.com,3465023462
1398,NATURAL,CC,1173876292,,11001,ACTIVO,2018-07-11,mayerly.arias1398@example.com,3808050384
1399,NATURAL,CC,1191485688,,13001,ACTIVO,2018-07-11,,3820017510
1400,NATURAL,CC,1034073544,,11001,ACTIVO,2018-07-11,gilberto.guevara1400@example.com,3499313739
1401,NATURAL,CC,1270797701,,08001,ACTIVO,2018-07-13,maria.martinez1401@example.com,3890920651
1402,NATURAL,CC,1265105089,,76001,ACTIVO,2018-07-13,esperanza.garcia1402@example.com,3979890091
1403,JURIDICA,NIT,979095796,3,50001,ACTIVO,2018-07-13,contacto1403@example.com,3763213695
1404,NATURAL,CC,1073007150,,76001,ACTIVO,2018-07-16,darwin.sandoval1404@example.com,3976650561
1405,JURIDICA,NIT,969381621,3,11001,ACTIVO,2018-07-17,contacto1405@example.com,3254796962
1406,NATURAL,CC,1196690269,,08758,ACTIVO,2018-07-19,luz.serrano1406@example.com,3793506288
1407,NATURAL,CC,1268303905,,18001,ACTIVO,2018-07-20,fanny.gonzalez1407@example.com,3393445670
1408,NATURAL,CC,1231636824,,11001,ACTIVO,2018-07-21,gloria.villamizar1408@example.com,3813333472
1409,NATURAL,CE,249928,,08758,ACTIVO,2018-07-21,paola.restrepo1409@example.com,3497622603
1410,NATURAL,CC,1267241656,,05615,ACTIVO,2018-07-23,miller.ceballos1410@example.com,3005027179
1411,NATURAL,CC,1152609195,,11001,ACTIVO,2018-07-23,carolina.zuluaga1411@example.com,3680106134
1412,NATURAL,CC,1069814666,,11001,ACTIVO,2018-07-23,maria.gomez1412@example.com,3509442768
1413,NATURAL,CC,1042905076,,05088,ACTIVO,2018-07-25,isabel.ramos1413@example.com,3823894631
1414,NATURAL,CC,1004125586,,76001,ACTIVO,2018-07-27,blanca.polo1414@example.com,3879383539
1415,JURIDICA,NIT,984284037,0,76520,ACTIVO,2018-07-28,contacto1415@example.com,3720065497
1416,NATURAL,CC,1221239362,,05088,ACTIVO,2018-07-30,edna.mantilla1416@example.com,3123480223
1417,JURIDICA,NIT,983702592,8,76001,ACTIVO,2018-07-31,contacto1417@example.com,3584963477
1418,NATURAL,CC,1269685520,,11001,ACTIVO,2018-08-01,nelson.sanchez1418@example.com,3345798209
1419,NATURAL,CC,1191324250,,63001,ACTIVO,2018-08-02,isabel.meneses1419@example.com,3708238269
1420,NATURAL,CC,1098791803,,13001,ACTIVO,2018-08-02,nestor.salgado1420@example.com,3732913999
1421,JURIDICA,NIT,964940841,8,11001,ACTIVO,2018-08-03,contacto1421@example.com,3603963148
1422,NATURAL,CC,1003096011,,05001,ACTIVO,2018-08-03,yasmin.hernandez1422@example.com,3264221830
1423,NATURAL,CC,1111775852,,11001,ACTIVO,2018-08-04,anderson.osorio1423@example.com,3089589762
1424,NATURAL,CE,862885,,76001,ACTIVO,2018-08-04,,3225822625
1425,NATURAL,CC,1216404869,,08001,ACTIVO,2018-08-04,carlos.mosquera1425@example.com,3072383535
1426,NATURAL,CC,1101738050,,11001,ACTIVO,2018-08-04,andres.salazar1426@example.com,3709105567
1427,JURIDICA,NIT,981947977,4,08758,ACTIVO,2018-08-06,contacto1427@example.com,3461597874
1428,JURIDICA,NIT,978143473,2,66001,ACTIVO,2018-08-06,contacto1428@example.com,3842878741
1429,NATURAL,CC,1048362829,,11001,ACTIVO,2018-08-07,,3999700340
1430,NATURAL,CC,1093796130,,08001,ACTIVO,2018-08-07,fernando.gutierrez1430@example.com,3866527122
1431,NATURAL,CC,1089470260,,11001,ACTIVO,2018-08-08,felipe.morales1431@example.com,3906941177
1432,NATURAL,CC,1046937552,,08001,ACTIVO,2018-08-08,jairo.diaz1432@example.com,3590894154
1433,NATURAL,CC,1243993199,,08758,ACTIVO,2018-08-08,dairo.murillo1433@example.com,3425560569
1434,NATURAL,CC,1230201884,,11001,ACTIVO,2018-08-10,david.ruiz1434@example.com,3761640041
1435,NATURAL,CC,1136843509,,05001,ACTIVO,2018-08-10,,3343474388
1436,NATURAL,CC,1134941494,,52001,ACTIVO,2018-08-10,jazmin.rodriguez1436@example.com,3579917264
1437,NATURAL,CC,1274441725,,13001,ACTIVO,2018-08-10,jose.rodriguez1437@example.com,3686743832
1438,NATURAL,CC,1172438722,,11001,ACTIVO,2018-08-10,elena.munoz1438@example.com,3795326421
1439,NATURAL,CE,358129,,11001,ACTIVO,2018-08-10,alejandra.daza1439@example.com,3667616149
1440,JURIDICA,NIT,984329572,5,11001,ACTIVO,2018-08-11,contacto1440@example.com,3057628570
1441,NATURAL,CC,1207264936,,63001,ACTIVO,2018-08-13,cesar.garcia1441@example.com,3170175681
1442,NATURAL,CC,1224878786,,17001,ACTIVO,2018-08-13,johana.rodriguez1442@example.com,3008755291
1443,NATURAL,CC,1100637521,,11001,ACTIVO,2018-08-13,mercedes.morales1443@example.com,3451247352
1444,NATURAL,CC,1189887822,,20001,ACTIVO,2018-08-13,vanesa.bohorquez1444@example.com,3523202688
1445,NATURAL,CC,1255588849,,11001,ACTIVO,2018-08-13,mary.escobar1445@example.com,3286485895
1446,NATURAL,CC,1277756644,,11001,ACTIVO,2018-08-16,segundo.cardenas1446@example.com,3475925179
1447,JURIDICA,NIT,970514314,3,05088,ACTIVO,2018-08-16,contacto1447@example.com,3698734596
1448,NATURAL,CC,1203522278,,63001,ACTIVO,2018-08-16,david.sanchez1448@example.com,3334305455
1449,NATURAL,CC,1206828573,,54001,ACTIVO,2018-08-17,roman.sanchez1449@example.com,3405763586
1450,NATURAL,CC,1079988990,,66001,ACTIVO,2018-08-18,marlon.diaz1450@example.com,3014543953
1451,NATURAL,CC,1061665785,,08001,ACTIVO,2018-08-18,flor.martinez1451@example.com,3017278671
1452,NATURAL,CC,1000506892,,17001,INACTIVO,2018-08-20,consuelo.vargas1452@example.com,3483819696
1453,NATURAL,CC,1083771958,,05001,ACTIVO,2018-08-20,,3595290028
1454,NATURAL,CC,1150054322,,47001,ACTIVO,2018-08-20,omaira.ariza1454@example.com,3575975976
1455,NATURAL,CC,1264961298,,52001,ACTIVO,2018-08-21,graciela.rodriguez1455@example.com,3439007455
1456,NATURAL,CC,1182795844,,13001,ACTIVO,2018-08-22,jairo.rios1456@example.com,3724813910
1457,NATURAL,CC,1097286918,,50001,ACTIVO,2018-08-23,juan.sarmiento1457@example.com,3134598275
1458,NATURAL,CC,1268480103,,27001,ACTIVO,2018-08-25,aura.vargas1458@example.com,3508353786
1459,NATURAL,CC,1246642442,,08001,ACTIVO,2018-08-25,maria.lopez1459@example.com,3411241510
1460,NATURAL,CC,1255922833,,05001,ACTIVO,2018-08-25,yasmin.reyes1460@example.com,3497416628
1461,NATURAL,CC,1185857399,,08001,ACTIVO,2018-08-27,,3510750939
1462,NATURAL,CC,1031742489,,11001,ACTIVO,2018-08-27,irene.meneses1462@example.com,3855556483
1463,NATURAL,CC,1234401735,,11001,ACTIVO,2018-08-27,sara.calderon1463@example.com,3385446387
1464,NATURAL,CC,1183235113,,13001,ACTIVO,2018-08-29,angela.forero1464@example.com,3045511317
1465,NATURAL,CC,1133541706,,11001,ACTIVO,2018-08-29,yesica.rivera1465@example.com,3628920137
1466,NATURAL,CC,1194164304,,05001,ACTIVO,2018-08-29,,3857795648
1467,NATURAL,CC,1063284754,,11001,ACTIVO,2018-08-30,marta.lozano1467@example.com,3059290021
1468,NATURAL,CC,1173905683,,68001,ACTIVO,2018-08-31,carolina.cruz1468@example.com,3187858281
1469,NATURAL,CC,1069447842,,13001,ACTIVO,2018-08-31,sebastian.ortega1469@example.com,3664192000
1470,NATURAL,CC,1039422691,,08001,ACTIVO,2018-09-01,oscar.gutierrez1470@example.com,3900681047
1471,NATURAL,CC,1157472668,,44001,ACTIVO,2018-09-03,ana.uribe1471@example.com,3384951199
1472,NATURAL,CC,1184000248,,05001,ACTIVO,2018-09-04,julian.perez1472@example.com,3757756731
1473,NATURAL,CC,1085868902,,66001,ACTIVO,2018-09-04,ricardo.lopez1473@example.com,3455749186
1474,NATURAL,CC,1176533588,,54001,ACTIVO,2018-09-04,alberto.caceres1474@example.com,3059815936
1475,NATURAL,CC,1077564217,,76834,INACTIVO,2018-09-04,camila.osorio1475@example.com,3371428143
1476,NATURAL,CC,1146874904,,18001,ACTIVO,2018-09-05,nancy.ortiz1476@example.com,3482152099
1477,JURIDICA,NIT,987148214,7,20001,ACTIVO,2018-09-06,contacto1477@example.com,3431801078
1478,NATURAL,CC,1031703414,,54001,ACTIVO,2018-09-07,duban.marin1478@example.com,3480554904
1479,NATURAL,CC,1265864138,,76001,ACTIVO,2018-09-07,gustavo.bravo1479@example.com,3382990712
1480,NATURAL,CC,1031729964,,15001,ACTIVO,2018-09-08,esther.restrepo1480@example.com,3908873672
1481,NATURAL,CC,1173082558,,11001,ACTIVO,2018-09-08,juan.moreno1481@example.com,3978814307
1482,NATURAL,CC,1240288940,,11001,ACTIVO,2018-09-10,manuel.escobar1482@example.com,3254376594
1483,JURIDICA,NIT,961127825,2,08001,ACTIVO,2018-09-10,contacto1483@example.com,3439205701
1484,NATURAL,CC,1074929027,,11001,ACTIVO,2018-09-10,vanessa.escobar1484@example.com,3481678534
1485,NATURAL,CC,1187594655,,11001,ACTIVO,2018-09-10,fredy.garzon1485@example.com,3659152149
1486,JURIDICA,NIT,960669974,3,11001,ACTIVO,2018-09-11,contacto1486@example.com,3458847717
1487,NATURAL,CC,1048290040,,11001,ACTIVO,2018-09-11,carmen.betancur1487@example.com,3308496206
1488,NATURAL,CC,1192222267,,13001,ACTIVO,2018-09-12,rosa.martinez1488@example.com,3137791917
1489,NATURAL,CC,1036750199,,68001,ACTIVO,2018-09-12,luis.rodriguez1489@example.com,3019418939
1490,NATURAL,CC,1021412383,,05001,ACTIVO,2018-09-13,ramon.rojas1490@example.com,3345443956
1491,NATURAL,CC,1053673800,,54001,ACTIVO,2018-09-13,alejandra.ramos1491@example.com,3602457450
1492,NATURAL,CC,1081514621,,23001,ACTIVO,2018-09-14,antonio.martinez1492@example.com,3452018838
1493,NATURAL,PPT,7048814,,66001,ACTIVO,2018-09-15,claudia.mendoza1493@example.com,3635279100
1494,NATURAL,CC,1055527760,,52001,ACTIVO,2018-09-15,jesus.burgos1494@example.com,3215441565
1495,NATURAL,CC,1153184048,,11001,ACTIVO,2018-09-15,luz.mejia1495@example.com,3735796596
1496,NATURAL,CC,1247406958,,25175,ACTIVO,2018-09-17,sofia.pena1496@example.com,3247016326
1497,NATURAL,CC,1028774671,,08001,ACTIVO,2018-09-17,,3339335537
1498,NATURAL,CC,1256691148,,73001,ACTIVO,2018-09-17,eva.delgado1498@example.com,3436355860
1499,NATURAL,CC,1222044851,,05001,ACTIVO,2018-09-18,luis.correa1499@example.com,3528621581
1500,NATURAL,CC,1059265468,,19001,ACTIVO,2018-09-19,david.perez1500@example.com,3091437696
1501,NATURAL,CC,1233172043,,76001,ACTIVO,2018-09-19,felipe.osorio1501@example.com,3112424128
1502,NATURAL,CC,1052092414,,13001,ACTIVO,2018-09-20,sebastian.gonzalez1502@example.com,3184256131
1503,NATURAL,CC,1165526930,,76001,ACTIVO,2018-09-21,alejandro.hernandez1503@example.com,3878166046
1504,NATURAL,CC,1080671217,,11001,ACTIVO,2018-09-21,augusto.gaviria1504@example.com,3644510818
1505,NATURAL,CC,1012207716,,19001,ACTIVO,2018-09-24,daniel.munoz1505@example.com,3476436803
1506,NATURAL,CC,1034995076,,11001,ACTIVO,2018-09-24,elsa.franco1506@example.com,3915372146
1507,NATURAL,CC,1054430613,,76001,ACTIVO,2018-09-24,,3192238663
1508,JURIDICA,NIT,983498256,2,05360,ACTIVO,2018-09-24,contacto1508@example.com,3484816731
1509,JURIDICA,NIT,979849401,7,11001,ACTIVO,2018-09-25,contacto1509@example.com,3287290249
1510,NATURAL,PPT,2445385,,05001,ACTIVO,2018-09-27,antonio.mejia1510@example.com,3722365508
1511,NATURAL,CC,1228941773,,11001,ACTIVO,2018-09-28,jorge.barrios1511@example.com,3106759114
1512,NATURAL,CC,1297435597,,76001,ACTIVO,2018-09-28,,3487946102
1513,JURIDICA,NIT,968167171,0,23001,ACTIVO,2018-09-29,contacto1513@example.com,3495393993
1514,JURIDICA,NIT,975675343,5,08001,ACTIVO,2018-09-29,contacto1514@example.com,3134872284
1515,NATURAL,CC,1166578174,,13001,ACTIVO,2018-10-01,alba.montes1515@example.com,3545350011
1516,NATURAL,CC,1053944469,,25269,ACTIVO,2018-10-01,luz.perez1516@example.com,3644222199
1517,NATURAL,CC,1147980126,,11001,ACTIVO,2018-10-01,carlos.rojas1517@example.com,3862252985
1518,NATURAL,CC,1027552975,,44001,ACTIVO,2018-10-02,jose.gonzalez1518@example.com,3395265062
1519,NATURAL,CC,1262490563,,11001,ACTIVO,2018-10-03,paula.sandoval1519@example.com,3405653230
1520,NATURAL,CC,1209891886,,08001,ACTIVO,2018-10-03,alexandra.valencia1520@example.com,3033476117
1521,NATURAL,CC,1188465734,,08001,ACTIVO,2018-10-04,brayan.lopez1521@example.com,3280499651
1522,NATURAL,CC,1108178288,,13430,ACTIVO,2018-10-04,ricardo.nieto1522@example.com,3623052994
1523,NATURAL,CC,1129542283,,47001,ACTIVO,2018-10-04,humberto.salazar1523@example.com,3827668366
1524,NATURAL,CC,1120854075,,76109,ACTIVO,2018-10-04,lucia.gil1524@example.com,3944747033
1525,NATURAL,CC,1283920352,,66001,ACTIVO,2018-10-05,dayana.ayala1525@example.com,3424153203
1526,NATURAL,CC,1137187151,,05001,INACTIVO,2018-10-08,valentina.salcedo1526@example.com,3520738819
1527,NATURAL,CC,1243748165,,05001,ACTIVO,2018-10-09,martin.mena1527@example.com,3459882595
1528,NATURAL,CC,1202077666,,08001,ACTIVO,2018-10-09,liceth.paez1528@example.com,3762534226
1529,JURIDICA,NIT,964408373,2,05001,ACTIVO,2018-10-09,contacto1529@example.com,3821510193
1530,NATURAL,CC,1022663715,,11001,ACTIVO,2018-10-10,edilma.trujillo1530@example.com,3988247213
1531,NATURAL,CC,1042156995,,76001,ACTIVO,2018-10-11,sandra.rodriguez1531@example.com,3481709048
1532,JURIDICA,NIT,972734475,1,52001,ACTIVO,2018-10-13,contacto1532@example.com,3962915308
1533,NATURAL,CC,1050079437,,76001,ACTIVO,2018-10-15,,3022440363
1534,NATURAL,CC,1274835870,,08758,ACTIVO,2018-10-15,carlos.velasco1534@example.com,3192142870
1535,NATURAL,CC,1171952122,,13001,ACTIVO,2018-10-16,jessica.alzate1535@example.com,3612945392
1536,JURIDICA,NIT,975537399,6,23001,ACTIVO,2018-10-16,contacto1536@example.com,3296797180
1537,JURIDICA,NIT,972004160,5,44001,ACTIVO,2018-10-16,contacto1537@example.com,3350158991
1538,NATURAL,CC,1164720215,,76001,ACTIVO,2018-10-18,angela.ballesteros1538@example.com,3054360274
1539,NATURAL,CC,1121687745,,11001,ACTIVO,2018-10-18,karen.torres1539@example.com,3383993962
1540,NATURAL,CC,1256239134,,19001,ACTIVO,2018-10-20,andres.hernandez1540@example.com,3747953907
1541,NATURAL,CC,1157774292,,47001,ACTIVO,2018-10-22,nelson.sandoval1541@example.com,3610648740
1542,NATURAL,CC,1218450347,,05001,ACTIVO,2018-10-22,yuliana.hernandez1542@example.com,3440756799
1543,JURIDICA,NIT,986127452,1,11001,ACTIVO,2018-10-22,contacto1543@example.com,3881770961
1544,NATURAL,CC,1002025307,,05001,ACTIVO,2018-10-22,rosa.sanchez1544@example.com,3878232904
1545,NATURAL,CC,1145393436,,76834,ACTIVO,2018-10-23,vanesa.rojas1545@example.com,3462275736
1546,NATURAL,CC,1274269865,,23001,ACTIVO,2018-10-23,omar.mosquera1546@example.com,3195165825
1547,NATURAL,CC,1238890088,,11001,ACTIVO,2018-10-23,,3659842090
1548,JURIDICA,NIT,979730761,0,68276,ACTIVO,2018-10-24,contacto1548@example.com,3899885563
1549,NATURAL,CC,1227570973,,11001,ACTIVO,2018-10-24,alexandra.contreras1549@example.com,3845840033
1550,NATURAL,CC,1187749807,,05001,INACTIVO,2018-10-24,,3501762958
1551,NATURAL,CC,1226607163,,08001,ACTIVO,2018-10-24,enrique.londono1551@example.com,3115504597
1552,NATURAL,CC,1146326876,,73001,ACTIVO,2018-10-25,javier.arboleda1552@example.com,3703234817
1553,NATURAL,CC,1034609723,,15001,ACTIVO,2018-10-25,alexander.reyes1553@example.com,3091024789
1554,NATURAL,CC,1020972991,,11001,ACTIVO,2018-10-26,jesus.ruiz1554@example.com,3375701297
1555,NATURAL,CC,1201843931,,11001,ACTIVO,2018-10-26,jose.gomez1555@example.com,3822338290
1556,NATURAL,CC,1093570063,,05001,ACTIVO,2018-10-26,angel.montoya1556@example.com,3260816338
1557,NATURAL,CC,1101344940,,54001,ACTIVO,2018-10-26,lucia.delgado1557@example.com,3859736207
1558,NATURAL,CC,1064150054,,76001,ACTIVO,2018-10-27,patricia.cardona1558@example.com,3780832114
1559,NATURAL,CC,1177570250,,11001,ACTIVO,2018-10-29,daniela.pulido1559@example.com,3867415587
1560,JURIDICA,NIT,976429885,5,85001,ACTIVO,2018-10-29,contacto1560@example.com,3252971754
1561,NATURAL,CC,1123692289,,76001,ACTIVO,2018-10-30,cecilia.lopez1561@example.com,3663728787
1562,NATURAL,CC,1139156328,,54001,ACTIVO,2018-10-30,felipe.alvarez1562@example.com,3846586963
1563,JURIDICA,NIT,968810050,6,11001,ACTIVO,2018-10-30,contacto1563@example.com,3220870375
1564,NATURAL,CC,1264965538,,11001,ACTIVO,2018-10-31,adriana.pardo1564@example.com,3486454369
1565,NATURAL,CC,1070364454,,05001,ACTIVO,2018-11-01,leonor.villegas1565@example.com,3294094071
1566,NATURAL,CC,1242246480,,52001,ACTIVO,2018-11-01,jose.duque1566@example.com,3608216679
1567,NATURAL,CC,1197579235,,11001,ACTIVO,2018-11-01,sofia.franco1567@example.com,3177630839
1568,NATURAL,CC,1190700687,,05001,ACTIVO,2018-11-01,,3282684289
1569,NATURAL,CC,1179734508,,08001,ACTIVO,2018-11-02,emilse.vargas1569@example.com,3890288234
1570,NATURAL,CC,1223173332,,19001,ACTIVO,2018-11-02,mauricio.osorio1570@example.com,3055203179
1571,NATURAL,CC,1033502414,,11001,ACTIVO,2018-11-02,antonio.moreno1571@example.com,3756431280
1572,NATURAL,CC,1184838845,,05001,ACTIVO,2018-11-05,manuel.ortega1572@example.com,3391640881
1573,JURIDICA,NIT,986694415,8,54001,ACTIVO,2018-11-05,contacto1573@example.com,3492564407
1574,NATURAL,CC,1193951876,,11001,ACTIVO,2018-11-05,abraham.martinez1574@example.com,3075224938
1575,JURIDICA,NIT,973749611,6,76001,ACTIVO,2018-11-05,contacto1575@example.com,3718484719
1576,NATURAL,CC,1248329053,,11001,ACTIVO,2018-11-06,catalina.gonzalez1576@example.com,3123256450
1577,NATURAL,CC,1277562085,,11001,ACTIVO,2018-11-06,juan.lopez1577@example.com,3011765018
1578,JURIDICA,NIT,974040925,2,11001,ACTIVO,2018-11-07,contacto1578@example.com,3632715040
1579,NATURAL,CC,1000005646,,11001,ACTIVO,2018-11-07,yaneth.moreno1579@example.com,3226053017
1580,NATURAL,CC,1094511518,,13001,ACTIVO,2018-11-07,enrique.jimenez1580@example.com,3916670595
1581,NATURAL,CC,1002932081,,63001,ACTIVO,2018-11-08,eduardo.chacon1581@example.com,3558855875
1582,NATURAL,CC,1035056887,,05615,ACTIVO,2018-11-08,luis.agudelo1582@example.com,3150801715
1583,NATURAL,CC,1227434725,,11001,ACTIVO,2018-11-09,patricia.burbano1583@example.com,3379482997
1584,NATURAL,CC,1141352513,,11001,ACTIVO,2018-11-09,maria.meneses1584@example.com,3763846239
1585,JURIDICA,NIT,982733510,3,11001,ACTIVO,2018-11-12,contacto1585@example.com,3957156981
1586,NATURAL,CC,1294495302,,05266,ACTIVO,2018-11-12,isabel.meneses1586@example.com,3940344572
1587,NATURAL,CC,1049985124,,41001,ACTIVO,2018-11-13,johanna.buitrago1587@example.com,3509785059
1588,NATURAL,CC,1124907307,,76001,ACTIVO,2018-11-15,clemencia.rodriguez1588@example.com,3282574866
1589,JURIDICA,NIT,964239401,5,68276,ACTIVO,2018-11-15,contacto1589@example.com,3837464781
1590,NATURAL,CC,1233915293,,76001,ACTIVO,2018-11-15,,3574664349
1591,NATURAL,CC,1035267788,,11001,ACTIVO,2018-11-16,diego.arroyo1591@example.com,3279772439
1592,NATURAL,CC,1272205800,,66170,ACTIVO,2018-11-16,,3245115406
1593,NATURAL,CC,1020031520,,23001,ACTIVO,2018-11-19,maria.martinez1593@example.com,3183189178
1594,NATURAL,CC,1091726219,,68001,ACTIVO,2018-11-19,alfonso.soto1594@example.com,3586021879
1595,NATURAL,CC,1233601684,,11001,ACTIVO,2018-11-19,,3045922178
1596,NATURAL,CC,1258184549,,17873,ACTIVO,2018-11-19,claudia.portilla1596@example.com,3379136690
1597,NATURAL,CC,1005323207,,11001,ACTIVO,2018-11-20,nataly.camacho1597@example.com,3255672346
1598,NATURAL,CC,1104955396,,63001,ACTIVO,2018-11-20,tatiana.torres1598@example.com,3226455693
1599,NATURAL,CC,1177366744,,18001,ACTIVO,2018-11-20,alba.diaz1599@example.com,3240729372
1600,JURIDICA,NIT,960188639,6,76001,ACTIVO,2018-11-21,contacto1600@example.com,3694989510
1601,NATURAL,CC,1193482503,,50001,ACTIVO,2018-11-21,andres.maldonado1601@example.com,3717866279
1602,NATURAL,CC,1026865646,,11001,ACTIVO,2018-11-22,roberto.cardenas1602@example.com,3820710931
1603,NATURAL,CC,1014513617,,13001,ACTIVO,2018-11-22,libia.molina1603@example.com,3930110600
1604,NATURAL,CC,1190783844,,05088,ACTIVO,2018-11-23,antonio.toro1604@example.com,3748965750
1605,JURIDICA,NIT,980509918,8,54001,ACTIVO,2018-11-23,contacto1605@example.com,3629355460
1606,NATURAL,CC,1288241843,,85001,ACTIVO,2018-11-24,margarita.mejia1606@example.com,3409855902
1607,JURIDICA,NIT,964596312,8,08758,ACTIVO,2018-11-24,contacto1607@example.com,3442231900
1608,NATURAL,CC,1196894996,,76109,ACTIVO,2018-11-24,erika.lopez1608@example.com,3383731073
1609,NATURAL,CC,1043747185,,11001,ACTIVO,2018-11-26,luz.diaz1609@example.com,3953849857
1610,NATURAL,CC,1096190377,,76001,ACTIVO,2018-11-26,armando.toro1610@example.com,3018234308
1611,NATURAL,CC,1176381806,,05088,ACTIVO,2018-11-26,alejandra.londono1611@example.com,3614503172
1612,NATURAL,CC,1256495062,,05001,ACTIVO,2018-11-27,milena.ortiz1612@example.com,3758093253
1613,NATURAL,CC,1227280946,,76001,ACTIVO,2018-11-28,alejandra.alvarado1613@example.com,3972024227
1614,JURIDICA,NIT,975826700,0,76001,ACTIVO,2018-11-28,contacto1614@example.com,3727220561
1615,NATURAL,CC,1007999174,,76834,ACTIVO,2018-11-28,laura.guevara1615@example.com,3581364443
1616,NATURAL,CC,1266993785,,66001,ACTIVO,2018-11-29,,3340291321
1617,JURIDICA,NIT,980157521,6,15001,ACTIVO,2018-12-01,contacto1617@example.com,3926562617
1618,NATURAL,CC,1066806741,,11001,ACTIVO,2018-12-03,emiro.hernandez1618@example.com,3032989799
1619,JURIDICA,NIT,963817187,1,76001,ACTIVO,2018-12-03,contacto1619@example.com,3913458510
1620,NATURAL,CC,1106176596,,08758,ACTIVO,2018-12-03,alexander.rojas1620@example.com,3502108237
1621,NATURAL,CC,1043531971,,08001,ACTIVO,2018-12-03,margarita.pabon1621@example.com,3683145250
1622,NATURAL,CC,1154360207,,17001,ACTIVO,2018-12-04,david.gomez1622@example.com,3719539239
1623,NATURAL,CC,1185064007,,76001,ACTIVO,2018-12-04,jhon.andrade1623@example.com,3074803414
1624,NATURAL,CC,1268641260,,68276,ACTIVO,2018-12-05,paola.guerrero1624@example.com,3734244851
1625,NATURAL,CC,1072625771,,15759,ACTIVO,2018-12-05,,3233433782
1626,NATURAL,CC,1208823079,,44001,ACTIVO,2018-12-05,alonso.garcia1626@example.com,3410752258
1627,NATURAL,CC,1170621130,,05360,ACTIVO,2018-12-05,patricia.arrieta1627@example.com,3266263177
1628,JURIDICA,NIT,962114699,8,76001,ACTIVO,2018-12-07,contacto1628@example.com,3761450352
1629,JURIDICA,NIT,974328733,3,11001,ACTIVO,2018-12-07,contacto1629@example.com,3882108193
1630,JURIDICA,NIT,983320481,9,08001,ACTIVO,2018-12-08,contacto1630@example.com,3271505237
1631,JURIDICA,NIT,976830538,2,11001,ACTIVO,2018-12-08,contacto1631@example.com,3809642486
1632,NATURAL,CC,1263516717,,11001,ACTIVO,2018-12-08,yenny.bonilla1632@example.com,3289926152
1633,NATURAL,CC,1118766739,,23001,ACTIVO,2018-12-08,andrea.gonzalez1633@example.com,3646035640
1634,NATURAL,CC,1134601471,,11001,ACTIVO,2018-12-10,veronica.jimenez1634@example.com,3540780931
1635,NATURAL,CC,1126419514,,11001,ACTIVO,2018-12-10,leidy.moreno1635@example.com,3203134484
1636,NATURAL,CC,1250395895,,11001,ACTIVO,2018-12-11,juan.contreras1636@example.com,3504074578
1637,NATURAL,PA,SW2404936,,11001,ACTIVO,2018-12-11,libardo.beltran1637@example.com,3206006688
1638,NATURAL,CE,470063,,11001,ACTIVO,2018-12-11,rocio.triana1638@example.com,3533302207
1639,NATURAL,CC,1029854200,,05088,ACTIVO,2018-12-12,jefferson.barrera1639@example.com,3083997477
1640,NATURAL,CC,1015402640,,11001,ACTIVO,2018-12-12,,3475840467
1641,NATURAL,CC,1052217935,,05266,ACTIVO,2018-12-13,tatiana.rodriguez1641@example.com,3098379519
1642,NATURAL,CC,1215339316,,11001,ACTIVO,2018-12-13,rafael.acevedo1642@example.com,3476161221
1643,NATURAL,CC,1101590779,,11001,ACTIVO,2018-12-13,martha.fernandez1643@example.com,3806114219
1644,NATURAL,CE,891404,,13001,ACTIVO,2018-12-13,,3976168165
1645,NATURAL,CC,1218460037,,05266,ACTIVO,2018-12-14,monica.rodriguez1645@example.com,3256539870
1646,NATURAL,CC,1287452864,,76520,ACTIVO,2018-12-14,sandra.tamayo1646@example.com,3528631246
1647,JURIDICA,NIT,979778003,3,11001,ACTIVO,2018-12-14,contacto1647@example.com,3877599791
1648,NATURAL,CC,1287598832,,05088,ACTIVO,2018-12-15,eduardo.paez1648@example.com,3985096546
1649,NATURAL,CC,1107598759,,05001,ACTIVO,2018-12-17,maria.jimenez1649@example.com,3668659149
1650,JURIDICA,NIT,989106948,1,05360,ACTIVO,2018-12-17,contacto1650@example.com,3857756337
1651,NATURAL,CC,1028349516,,76001,ACTIVO,2018-12-18,manuel.ardila1651@example.com,3016246831
1652,NATURAL,CC,1203082448,,05266,ACTIVO,2018-12-18,jesus.acosta1652@example.com,3623826775
1653,NATURAL,CC,1059831274,,15001,ACTIVO,2018-12-18,vanessa.calderon1653@example.com,3337117317
1654,NATURAL,CC,1148428627,,76520,ACTIVO,2018-12-19,sandra.orozco1654@example.com,3370894148
1655,NATURAL,CC,1100015904,,11001,ACTIVO,2018-12-20,nayibe.vega1655@example.com,3609370165
1656,NATURAL,CC,1228288199,,13001,ACTIVO,2018-12-22,esther.diaz1656@example.com,3335658515
1657,NATURAL,CC,1252827046,,54001,ACTIVO,2018-12-22,gladys.pena1657@example.com,3982378976
1658,NATURAL,CC,1264104114,,54001,ACTIVO,2018-12-22,nelly.betancur1658@example.com,3541055866
1659,NATURAL,CC,1022457914,,19001,ACTIVO,2018-12-22,irene.valencia1659@example.com,3313159092
1660,NATURAL,CC,1085134276,,05001,ACTIVO,2018-12-22,ana.castro1660@example.com,3664560629
1661,NATURAL,PA,SJ8998153,,05088,ACTIVO,2018-12-24,nelson.gomez1661@example.com,3890498382
1662,NATURAL,CE,595638,,05001,ACTIVO,2018-12-25,leonardo.lopez1662@example.com,3832746641
1663,NATURAL,CC,1130731214,,13001,ACTIVO,2018-12-26,lucy.garcia1663@example.com,3552386716
1664,NATURAL,CC,1073505339,,85001,ACTIVO,2018-12-26,maria.triana1664@example.com,3769681093
1665,NATURAL,CC,1202778575,,66001,ACTIVO,2018-12-27,,3418508688
1666,NATURAL,CC,1202697582,,68001,ACTIVO,2018-12-27,patricia.espitia1666@example.com,3722685561
1667,NATURAL,CC,1034637808,,68001,ACTIVO,2018-12-27,,3043408277
1668,NATURAL,CC,1106681175,,11001,ACTIVO,2018-12-27,margarita.garcia1668@example.com,3586119726
1669,NATURAL,CC,1187095836,,63001,ACTIVO,2018-12-28,carolina.erazo1669@example.com,3985139242
1670,JURIDICA,NIT,982163072,2,08001,ACTIVO,2018-12-28,contacto1670@example.com,3852149258
1671,NATURAL,CC,1022935972,,11001,ACTIVO,2018-12-28,marcela.perdomo1671@example.com,3039985994
1672,JURIDICA,NIT,961452635,2,17380,ACTIVO,2018-12-28,contacto1672@example.com,3775276666
1673,NATURAL,CE,521099,,11001,ACTIVO,2018-12-28,elisa.moreno1673@example.com,3260384463
1674,NATURAL,CC,1206254768,,11001,ACTIVO,2018-12-31,andres.cuellar1674@example.com,3618144032
1675,NATURAL,CC,1027563290,,08758,ACTIVO,2018-12-31,andres.lopez1675@example.com,3067966640
1676,NATURAL,CC,1290004571,,66001,ACTIVO,2019-01-02,jose.martinez1676@example.com,3374316133
1677,JURIDICA,NIT,966209035,1,11001,ACTIVO,2019-01-02,contacto1677@example.com,3948866724
1678,NATURAL,CC,1146253817,,54001,ACTIVO,2019-01-03,tania.bermudez1678@example.com,3669024294
1679,NATURAL,CC,1105555891,,11001,ACTIVO,2019-01-03,arnulfo.pardo1679@example.com,3741773335
1680,NATURAL,CC,1211653802,,76001,ACTIVO,2019-01-04,eugenia.garcia1680@example.com,3335508305
1681,NATURAL,CC,1046558989,,08758,ACTIVO,2019-01-07,jhoana.acevedo1681@example.com,3507111041
1682,NATURAL,CE,263072,,73001,ACTIVO,2019-01-07,alfonso.munoz1682@example.com,3029892946
1683,NATURAL,CC,1087651434,,11001,ACTIVO,2019-01-07,julian.lopez1683@example.com,3803352168
1684,JURIDICA,NIT,962984587,3,11001,ACTIVO,2019-01-07,contacto1684@example.com,3650656079
1685,NATURAL,CC,1188018038,,05001,ACTIVO,2019-01-07,juan.quiroga1685@example.com,3653612092
1686,NATURAL,CC,1012778711,,11001,ACTIVO,2019-01-09,walter.carmona1686@example.com,3825886287
1687,NATURAL,CC,1028661932,,08758,ACTIVO,2019-01-09,alejandra.bedoya1687@example.com,3082170637
1688,NATURAL,CC,1079150339,,68001,ACTIVO,2019-01-11,,3051358493
1689,NATURAL,CC,1074532798,,66001,ACTIVO,2019-01-12,alexander.ruiz1689@example.com,3368377806
1690,NATURAL,CC,1263268121,,70001,ACTIVO,2019-01-14,,3953419936
1691,JURIDICA,NIT,962965036,6,05001,ACTIVO,2019-01-14,contacto1691@example.com,3068739660
1692,JURIDICA,NIT,962032014,0,11001,ACTIVO,2019-01-14,contacto1692@example.com,3104117989
1693,NATURAL,CC,1028685215,,50001,ACTIVO,2019-01-17,luis.betancur1693@example.com,3162933339
1694,NATURAL,CC,1040258770,,11001,ACTIVO,2019-01-17,miguel.perez1694@example.com,3930291646
1695,NATURAL,CC,1126027582,,05001,ACTIVO,2019-01-18,jose.molina1695@example.com,3183928055
1696,NATURAL,CC,1148479549,,76001,ACTIVO,2019-01-18,johanna.tovar1696@example.com,3719572616
1697,JURIDICA,NIT,962946768,8,05001,ACTIVO,2019-01-18,contacto1697@example.com,3619542755
1698,NATURAL,CC,1126742853,,76001,ACTIVO,2019-01-19,manuel.acevedo1698@example.com,3973469978
1699,NATURAL,CC,1235134889,,76834,ACTIVO,2019-01-19,carmen.acevedo1699@example.com,3499159613
1700,NATURAL,CC,1002288404,,05001,ACTIVO,2019-01-21,aura.hernandez1700@example.com,3985717956
1701,NATURAL,CC,1109706671,,05001,ACTIVO,2019-01-21,junior.sanchez1701@example.com,3132487863
1702,NATURAL,CC,1108405731,,11001,ACTIVO,2019-01-21,edinson.castillo1702@example.com,3684221932
1703,NATURAL,CC,1293116599,,11001,ACTIVO,2019-01-22,,3123991584
1704,NATURAL,CC,1220739997,,11001,ACTIVO,2019-01-24,,3232980236
1705,NATURAL,CC,1146614925,,05266,ACTIVO,2019-01-24,patricia.perea1705@example.com,3730127085
1706,NATURAL,CC,1221831664,,05001,ACTIVO,2019-01-28,yaneth.rincon1706@example.com,3369169901
1707,NATURAL,CC,1212102988,,76001,ACTIVO,2019-01-28,santiago.gomez1707@example.com,3824935838
1708,NATURAL,CC,1145664139,,05360,ACTIVO,2019-01-28,santiago.vasquez1708@example.com,3938566716
1709,NATURAL,CC,1088332509,,05088,ACTIVO,2019-01-28,katherine.valencia1709@example.com,3138251150
1710,NATURAL,CC,1299407507,,54001,ACTIVO,2019-01-29,,3876807751
1711,NATURAL,CC,1223812138,,17001,ACTIVO,2019-01-29,alberto.gonzalez1711@example.com,3147288001
1712,NATURAL,CC,1145672897,,68276,ACTIVO,2019-01-30,adriana.garcia1712@example.com,3184053521
1713,NATURAL,CC,1112934425,,25175,ACTIVO,2019-01-30,felipe.ramirez1713@example.com,3362886807
1714,NATURAL,CC,1279830100,,66170,ACTIVO,2019-01-31,maritza.rios1714@example.com,3761551402
1715,JURIDICA,NIT,973553751,6,05001,ACTIVO,2019-01-31,contacto1715@example.com,3930506046
1716,NATURAL,CC,1139322220,,50001,ACTIVO,2019-01-31,andres.rico1716@example.com,3729939343
1717,NATURAL,CC,1202948268,,76001,ACTIVO,2019-02-01,emilce.ospina1717@example.com,3714757865
1718,NATURAL,CC,1108933706,,73001,ACTIVO,2019-02-01,leticia.silva1718@example.com,3015670424
1719,NATURAL,CC,1273210674,,11001,ACTIVO,2019-02-02,luisa.caballero1719@example.com,3122637175
1720,NATURAL,PPT,6521078,,08001,ACTIVO,2019-02-02,carlos.cordoba1720@example.com,3457293479
1721,NATURAL,CC,1160447236,,50001,ACTIVO,2019-02-02,eduardo.fonseca1721@example.com,3968958593
1722,NATURAL,CC,1139262142,,11001,ACTIVO,2019-02-02,adriana.martinez1722@example.com,3634707707
1723,JURIDICA,NIT,978153190,6,54001,ACTIVO,2019-02-04,contacto1723@example.com,3793438586
1724,NATURAL,CC,1186646857,,05088,ACTIVO,2019-02-04,alfonso.gonzalez1724@example.com,3601028119
1725,NATURAL,CC,1227237146,,17001,ACTIVO,2019-02-04,david.castro1725@example.com,3153788418
1726,NATURAL,CC,1191893760,,68276,ACTIVO,2019-02-04,,3729046028
1727,NATURAL,CC,1228327073,,66001,ACTIVO,2019-02-04,josefa.marin1727@example.com,3389351469
1728,NATURAL,CC,1072631542,,11001,INACTIVO,2019-02-05,augusto.diaz1728@example.com,3955961436
1729,NATURAL,CC,1077391367,,68001,ACTIVO,2019-02-06,hernan.marin1729@example.com,3803209298
1730,NATURAL,CC,1002164585,,11001,ACTIVO,2019-02-06,,3564837029
1731,NATURAL,CC,1292172642,,13001,ACTIVO,2019-02-06,yeison.caceres1731@example.com,3789576327
1732,NATURAL,CC,1105006739,,76001,ACTIVO,2019-02-07,alejandro.castro1732@example.com,3558643870
1733,NATURAL,CC,1101835729,,11001,ACTIVO,2019-02-07,,3735358766
1734,NATURAL,CC,1205157446,,05001,ACTIVO,2019-02-08,maria.paz1734@example.com,3487901715
1735,NATURAL,CC,1052598777,,11001,ACTIVO,2019-02-08,fabian.bohorquez1735@example.com,3782857999
1736,NATURAL,PPT,8231827,,76001,ACTIVO,2019-02-08,david.parra1736@example.com,3715358779
1737,NATURAL,CC,1119000104,,76001,ACTIVO,2019-02-09,pilar.cardona1737@example.com,3376085201
1738,NATURAL,CC,1057585438,,66001,ACTIVO,2019-02-09,alexander.prieto1738@example.com,3206983510
1739,NATURAL,CC,1153413054,,54001,ACTIVO,2019-02-09,,3349623287
1740,NATURAL,CC,1117071848,,11001,ACTIVO,2019-02-09,edinson.ortega1740@example.com,3362152986
1741,NATURAL,CC,1189876972,,11001,ACTIVO,2019-02-11,brayan.ortega1741@example.com,3994462443
1742,NATURAL,CE,982166,,73001,ACTIVO,2019-02-11,pilar.rios1742@example.com,3937441449
1743,NATURAL,CC,1214347090,,11001,ACTIVO,2019-02-11,cecilia.ardila1743@example.com,3072489222
1744,NATURAL,CC,1110775505,,68276,ACTIVO,2019-02-11,carmen.villegas1744@example.com,3339157504
1745,JURIDICA,NIT,980517796,1,23001,ACTIVO,2019-02-13,contacto1745@example.com,3116120865
1746,NATURAL,CC,1267129726,,11001,ACTIVO,2019-02-14,jhan.garcia1746@example.com,3721734580
1747,NATURAL,CC,1165599365,,11001,ACTIVO,2019-02-14,mauricio.guerrero1747@example.com,3554507641
1748,NATURAL,CC,1161660512,,41001,ACTIVO,2019-02-14,luz.perez1748@example.com,3309585130
1749,JURIDICA,NIT,976895635,8,23001,ACTIVO,2019-02-14,contacto1749@example.com,3305646489
1750,NATURAL,CC,1220078788,,05001,ACTIVO,2019-02-15,luis.daza1750@example.com,3395363154
1751,NATURAL,CC,1192873728,,13001,ACTIVO,2019-02-15,martha.ruiz1751@example.com,3272455307
1752,JURIDICA,NIT,966236139,3,63001,ACTIVO,2019-02-15,contacto1752@example.com,3145659091
1753,NATURAL,CC,1275044104,,70001,ACTIVO,2019-02-16,andres.garcia1753@example.com,3212216626
1754,NATURAL,CC,1022863439,,76109,ACTIVO,2019-02-16,eduardo.vanegas1754@example.com,3873918306
1755,NATURAL,CC,1046404473,,76001,ACTIVO,2019-02-16,javier.martinez1755@example.com,3640552554
1756,NATURAL,CE,987548,,11001,ACTIVO,2019-02-16,armando.ayala1756@example.com,3998285111
1757,NATURAL,CC,1030574288,,11001,ACTIVO,2019-02-16,carlos.fernandez1757@example.com,3701341553
1758,NATURAL,CC,1093000108,,85001,ACTIVO,2019-02-18,miguel.salazar1758@example.com,3554164131
1759,NATURAL,CC,1239918345,,05360,ACTIVO,2019-02-18,gustavo.guerra1759@example.com,3656134795
1760,NATURAL,CC,1242591479,,11001,ACTIVO,2019-02-18,luz.gutierrez1760@example.com,3222710777
1761,NATURAL,CC,1042858412,,17174,ACTIVO,2019-02-19,enrique.medina1761@example.com,3203449365
1762,NATURAL,CC,1167666335,,11001,ACTIVO,2019-02-19,rosa.espinosa1762@example.com,3234056748
1763,NATURAL,CC,1297757240,,11001,ACTIVO,2019-02-19,jhon.arango1763@example.com,3851795203
1764,JURIDICA,NIT,978634957,2,08001,ACTIVO,2019-02-21,contacto1764@example.com,3027830980
1765,JURIDICA,NIT,960183362,9,20001,ACTIVO,2019-02-21,contacto1765@example.com,3711381850
1766,NATURAL,CC,1235292361,,05360,ACTIVO,2019-02-21,fredy.rodriguez1766@example.com,3276043543
1767,NATURAL,CC,1093645851,,20001,ACTIVO,2019-02-25,jose.gutierrez1767@example.com,3172259436
1768,NATURAL,CC,1028583157,,08001,ACTIVO,2019-02-25,carlos.gamboa1768@example.com,3215481362
1769,NATURAL,CC,1230338606,,11001,ACTIVO,2019-02-25,mercedes.valderrama1769@example.com,3157434464
1770,JURIDICA,NIT,971021327,6,05266,ACTIVO,2019-02-26,contacto1770@example.com,3317719056
1771,JURIDICA,NIT,971949277,1,41001,ACTIVO,2019-02-26,contacto1771@example.com,3516880321
1772,NATURAL,CC,1004468628,,11001,ACTIVO,2019-02-27,mauricio.giraldo1772@example.com,3183947210
1773,NATURAL,CC,1004011777,,47001,ACTIVO,2019-02-28,samuel.hernandez1773@example.com,3036062675
1774,NATURAL,CC,1256330174,,08758,ACTIVO,2019-02-28,jesus.molina1774@example.com,3928487313
1775,NATURAL,CC,1137700288,,13001,ACTIVO,2019-02-28,edgardo.sanchez1775@example.com,3506131625
1776,NATURAL,CC,1024753199,,13430,ACTIVO,2019-03-01,maria.ortiz1776@example.com,3283270716
1777,NATURAL,CC,1156875041,,08001,ACTIVO,2019-03-01,maria.rendon1777@example.com,3477406523
1778,NATURAL,CC,1043408397,,13001,ACTIVO,2019-03-01,aura.perez1778@example.com,3626718902
1779,NATURAL,CC,1264629399,,73001,ACTIVO,2019-03-02,juan.bedoya1779@example.com,3322969872
1780,NATURAL,CC,1132733140,,47001,ACTIVO,2019-03-02,geraldine.romero1780@example.com,3452824776
1781,NATURAL,CC,1017078045,,66001,ACTIVO,2019-03-02,olga.vargas1781@example.com,3860932628
1782,NATURAL,CC,1138266839,,23001,ACTIVO,2019-03-04,magdalena.restrepo1782@example.com,3659357578
1783,JURIDICA,NIT,970541430,4,68001,ACTIVO,2019-03-04,contacto1783@example.com,3621581966
1784,NATURAL,CC,1017357702,,05001,ACTIVO,2019-03-05,laura.perez1784@example.com,3781114838
1785,NATURAL,CC,1258477321,,11001,ACTIVO,2019-03-06,liliana.arboleda1785@example.com,3698565881
1786,NATURAL,CC,1272039248,,54001,ACTIVO,2019-03-06,elisa.duran1786@example.com,3818798638
1787,NATURAL,CC,1044832654,,13430,ACTIVO,2019-03-07,,3449215758
1788,NATURAL,CC,1139409743,,11001,ACTIVO,2019-03-07,jairo.buitrago1788@example.com,3794595060
1789,NATURAL,CC,1034951568,,73001,ACTIVO,2019-03-11,esteban.molano1789@example.com,3261606146
1790,NATURAL,CC,1167120021,,11001,ACTIVO,2019-03-11,gladys.murillo1790@example.com,3398486690
1791,JURIDICA,NIT,964243945,5,05001,ACTIVO,2019-03-11,contacto1791@example.com,3032032793
1792,NATURAL,CC,1106509626,,20001,ACTIVO,2019-03-11,jhon.orjuela1792@example.com,3605730421
1793,JURIDICA,NIT,989124939,1,11001,ACTIVO,2019-03-12,contacto1793@example.com,3871458327
1794,JURIDICA,NIT,977843218,0,54001,ACTIVO,2019-03-12,contacto1794@example.com,3076389042
1795,NATURAL,CE,832747,,11001,ACTIVO,2019-03-16,humberto.gaitan1795@example.com,3103219870
1796,JURIDICA,NIT,968015306,6,05001,ACTIVO,2019-03-16,contacto1796@example.com,3676596698
1797,NATURAL,CC,1280615398,,11001,ACTIVO,2019-03-16,gustavo.parra1797@example.com,3526767502
1798,NATURAL,CC,1159321854,,73001,ACTIVO,2019-03-16,efren.sierra1798@example.com,3863724177
1799,NATURAL,CC,1270389068,,76001,ACTIVO,2019-03-18,carlos.ramirez1799@example.com,3275580959
1800,NATURAL,CC,1194781222,,05001,ACTIVO,2019-03-18,marina.salcedo1800@example.com,3155411134
1801,NATURAL,CC,1172685976,,11001,ACTIVO,2019-03-20,,3966828260
1802,NATURAL,CC,1158230812,,13001,ACTIVO,2019-03-21,dario.romero1802@example.com,3290282208
1803,NATURAL,CC,1136444872,,13001,ACTIVO,2019-03-21,andres.acevedo1803@example.com,3187403392
1804,NATURAL,CC,1098627253,,11001,ACTIVO,2019-03-22,juana.cabrera1804@example.com,3577096641
1805,JURIDICA,NIT,985449581,1,11001,ACTIVO,2019-03-22,contacto1805@example.com,3682060430
1806,NATURAL,CC,1169328225,,54001,ACTIVO,2019-03-22,natalia.sarmiento1806@example.com,3827809829
1807,NATURAL,CC,1047564229,,66170,ACTIVO,2019-03-23,edinson.prada1807@example.com,3142468324
1808,NATURAL,CC,1194313087,,11001,ACTIVO,2019-03-23,judith.rodriguez1808@example.com,3283319507
1809,NATURAL,CC,1041231382,,05001,ACTIVO,2019-03-25,marcela.mesa1809@example.com,3025627498
1810,JURIDICA,NIT,960191116,7,25126,ACTIVO,2019-03-26,contacto1810@example.com,3929528683
1811,NATURAL,CC,1231890151,,11001,ACTIVO,2019-03-26,xiomara.diaz1811@example.com,3407545337
1812,NATURAL,CC,1137709000,,08758,ACTIVO,2019-03-26,cristian.ospina1812@example.com,3631982656
1813,NATURAL,CC,1040751435,,63001,ACTIVO,2019-03-27,geraldine.vanegas1813@example.com,3935693633
1814,NATURAL,CC,1290419728,,11001,ACTIVO,2019-03-29,victor.arias1814@example.com,3985175274
1815,NATURAL,CE,745934,,05001,ACTIVO,2019-03-29,carlos.campo1815@example.com,3291377489
1816,NATURAL,CC,1101952868,,17380,ACTIVO,2019-03-29,luz.rodriguez1816@example.com,3886720330
1817,JURIDICA,NIT,984190929,0,05001,ACTIVO,2019-03-29,contacto1817@example.com,3228328139
1818,NATURAL,CC,1006410624,,08001,ACTIVO,2019-04-01,edwin.ruiz1818@example.com,3291422728
1819,NATURAL,CC,1198134685,,47001,ACTIVO,2019-04-01,marina.ochoa1819@example.com,3456198491
1820,NATURAL,CC,1008774832,,66001,ACTIVO,2019-04-02,,3862317369
1821,NATURAL,CC,1091724299,,11001,ACTIVO,2019-04-02,marlen.garcia1821@example.com,3064681144
1822,NATURAL,CC,1174322305,,05001,ACTIVO,2019-04-03,,3171670640
1823,NATURAL,CC,1137326961,,05001,ACTIVO,2019-04-04,jose.restrepo1823@example.com,3327847990
1824,NATURAL,CC,1200300154,,66170,ACTIVO,2019-04-05,luis.avila1824@example.com,3959349776
1825,NATURAL,CC,1145546932,,76520,ACTIVO,2019-04-05,armando.diaz1825@example.com,3399789209
1826,NATURAL,CC,1091235207,,08001,ACTIVO,2019-04-08,michel.herrera1826@example.com,3509540541
1827,NATURAL,CC,1250144212,,20001,ACTIVO,2019-04-08,isaac.palacio1827@example.com,3721306751
1828,NATURAL,CC,1103152913,,11001,ACTIVO,2019-04-09,miguel.cuellar1828@example.com,3456758730
1829,NATURAL,CC,1181481779,,11001,ACTIVO,2019-04-10,jhon.portilla1829@example.com,3462769379
1830,NATURAL,CC,1237285129,,11001,ACTIVO,2019-04-10,alexander.ardila1830@example.com,3984646037
1831,NATURAL,CC,1005023234,,11001,ACTIVO,2019-04-11,juan.rivera1831@example.com,3767839636
1832,NATURAL,CC,1059246648,,66001,ACTIVO,2019-04-12,alejandro.alvarez1832@example.com,3042157177
1833,NATURAL,CC,1045273556,,17380,ACTIVO,2019-04-12,nestor.amaya1833@example.com,3724197205
1834,NATURAL,CC,1094944925,,19001,ACTIVO,2019-04-13,,3902749302
1835,JURIDICA,NIT,983089181,4,11001,ACTIVO,2019-04-15,contacto1835@example.com,3502334686
1836,NATURAL,CC,1250787292,,05001,ACTIVO,2019-04-15,,3374184824
1837,NATURAL,CC,1139943769,,11001,ACTIVO,2019-04-16,jaime.suarez1837@example.com,3148558052
1838,NATURAL,CC,1115651681,,11001,ACTIVO,2019-04-17,fernando.ortiz1838@example.com,3119795739
1839,NATURAL,CC,1201071319,,13001,ACTIVO,2019-04-18,teresa.monsalve1839@example.com,3947542071
1840,NATURAL,CC,1227532349,,11001,ACTIVO,2019-04-18,maria.carvajal1840@example.com,3562129067
1841,NATURAL,CC,1062664242,,05001,ACTIVO,2019-04-19,johan.galvis1841@example.com,3057679048
1842,NATURAL,CC,1271748700,,25175,ACTIVO,2019-04-20,luis.silva1842@example.com,3464769878
1843,NATURAL,CC,1082829276,,08001,ACTIVO,2019-04-20,cesar.rivas1843@example.com,3240100156
1844,NATURAL,CC,1243047903,,08001,ACTIVO,2019-04-20,leonardo.blanco1844@example.com,3167112795
1845,JURIDICA,NIT,977991425,2,68276,ACTIVO,2019-04-20,contacto1845@example.com,3379509039
1846,NATURAL,CC,1050289288,,11001,ACTIVO,2019-04-20,alejandro.martinez1846@example.com,3348225330
1847,NATURAL,CC,1110413270,,52001,ACTIVO,2019-04-22,viviana.palacio1847@example.com,3682902386
1848,NATURAL,CC,1129502555,,17001,ACTIVO,2019-04-22,andres.delgado1848@example.com,3254987563
1849,JURIDICA,NIT,969427896,1,17001,ACTIVO,2019-04-22,contacto1849@example.com,3688146085
1850,NATURAL,CC,1046508373,,11001,ACTIVO,2019-04-22,lucia.cifuentes1850@example.com,3073851577
1851,NATURAL,CC,1198911885,,27001,ACTIVO,2019-04-22,andres.bravo1851@example.com,3629249278
1852,NATURAL,CC,1281702043,,76001,ACTIVO,2019-04-23,gustavo.suarez1852@example.com,3644181373
1853,NATURAL,CC,1150772331,,68001,ACTIVO,2019-04-23,catalina.ochoa1853@example.com,3939244503
1854,NATURAL,CC,1276952177,,17001,ACTIVO,2019-04-23,isabel.munoz1854@example.com,3480420745
1855,NATURAL,CC,1211739305,,08758,ACTIVO,2019-04-24,jose.munoz1855@example.com,3240252300
1856,JURIDICA,NIT,968967976,5,47001,ACTIVO,2019-04-24,contacto1856@example.com,3310646501
1857,NATURAL,CC,1052280618,,76001,ACTIVO,2019-04-25,raul.mejia1857@example.com,3185847528
1858,NATURAL,CC,1033876923,,25269,ACTIVO,2019-04-26,miguel.molina1858@example.com,3752552316
1859,NATURAL,CC,1200930435,,73001,ACTIVO,2019-04-26,consuelo.salazar1859@example.com,3428691787
1860,NATURAL,CC,1128319529,,11001,ACTIVO,2019-04-26,michael.hernandez1860@example.com,3045520931
1861,NATURAL,CC,1251514894,,05001,ACTIVO,2019-04-27,marina.gonzalez1861@example.com,3579952491
1862,NATURAL,CC,1089172340,,95001,ACTIVO,2019-04-30,gloria.rojas1862@example.com,3398705752
1863,NATURAL,CC,1011695228,,19001,ACTIVO,2019-04-30,fernando.gomez1863@example.com,3846429942
1864,NATURAL,CC,1019743629,,11001,ACTIVO,2019-05-01,,3845822248
1865,NATURAL,CC,1253290270,,11001,ACTIVO,2019-05-01,juan.palacios1865@example.com,3833916153
1866,NATURAL,CC,1156386426,,15759,ACTIVO,2019-05-01,estiven.mosquera1866@example.com,3518318535
1867,JURIDICA,NIT,964594717,8,11001,ACTIVO,2019-05-02,contacto1867@example.com,3983795622
1868,JURIDICA,NIT,970995815,4,11001,ACTIVO,2019-05-02,contacto1868@example.com,3608201918
1869,NATURAL,CC,1232220886,,19001,ACTIVO,2019-05-03,juan.gil1869@example.com,3248036730
1870,NATURAL,CC,1124573408,,11001,ACTIVO,2019-05-06,ines.rengifo1870@example.com,3321607076
1871,NATURAL,CC,1030860072,,08001,ACTIVO,2019-05-07,alfonso.hernandez1871@example.com,3437721257
1872,NATURAL,CC,1130412393,,17001,ACTIVO,2019-05-07,,3704740607
1873,NATURAL,CC,1052616783,,25269,ACTIVO,2019-05-08,mateo.bermudez1873@example.com,3248900747
1874,NATURAL,CC,1268742924,,08001,ACTIVO,2019-05-09,oscar.munoz1874@example.com,3894072672
1875,NATURAL,CC,1246285813,,05001,ACTIVO,2019-05-10,antonio.herrera1875@example.com,3987304453
1876,NATURAL,CC,1084155541,,68001,ACTIVO,2019-05-10,marco.sanchez1876@example.com,3817239953
1877,JURIDICA,NIT,972071307,6,11001,ACTIVO,2019-05-10,contacto1877@example.com,3860104918
1878,JURIDICA,NIT,971747392,1,76001,ACTIVO,2019-05-11,contacto1878@example.com,3285075637
1879,JURIDICA,NIT,989696900,9,08001,ACTIVO,2019-05-11,contacto1879@example.com,3725774455
1880,NATURAL,CC,1139717433,,13001,ACTIVO,2019-05-11,maria.valencia1880@example.com,3156425482
1881,NATURAL,CC,1063757916,,11001,ACTIVO,2019-05-11,rosa.camacho1881@example.com,3243442238
1882,JURIDICA,NIT,983345396,9,18001,ACTIVO,2019-05-11,contacto1882@example.com,3879514962
1883,NATURAL,CC,1079807164,,76834,ACTIVO,2019-05-13,camila.castro1883@example.com,3257444430
1884,NATURAL,CC,1267898938,,13001,ACTIVO,2019-05-14,elena.valencia1884@example.com,3681935924
1885,NATURAL,CC,1076725199,,11001,ACTIVO,2019-05-15,luz.villegas1885@example.com,3850785535
1886,NATURAL,CC,1287227053,,76001,ACTIVO,2019-05-15,julian.betancur1886@example.com,3141895743
1887,NATURAL,CC,1222896457,,47001,ACTIVO,2019-05-16,juan.monsalve1887@example.com,3864752547
1888,NATURAL,CC,1191659270,,23001,ACTIVO,2019-05-16,roberto.barrera1888@example.com,3744744346
1889,JURIDICA,NIT,971063661,1,11001,ACTIVO,2019-05-17,contacto1889@example.com,3968100800
1890,JURIDICA,NIT,964141927,4,11001,ACTIVO,2019-05-18,contacto1890@example.com,3159993253
1891,NATURAL,CC,1276169178,,25175,ACTIVO,2019-05-18,juan.gonzalez1891@example.com,3419220652
1892,NATURAL,CC,1056972035,,47001,ACTIVO,2019-05-18,jose.castaneda1892@example.com,3938501501
1893,NATURAL,CE,634077,,08001,ACTIVO,2019-05-18,fabiola.bastidas1893@example.com,3968821437
1894,NATURAL,CC,1041253174,,05001,ACTIVO,2019-05-20,cecilia.sanchez1894@example.com,3725983771
1895,NATURAL,CC,1153895824,,11001,ACTIVO,2019-05-20,daniel.tovar1895@example.com,3963791446
1896,NATURAL,CC,1125326931,,70001,ACTIVO,2019-05-21,santiago.romero1896@example.com,3363561988
1897,NATURAL,CC,1064494683,,11001,ACTIVO,2019-05-21,patricia.bustamante1897@example.com,3547656119
1898,NATURAL,CC,1286557304,,76001,ACTIVO,2019-05-22,maria.ramirez1898@example.com,3557813020
1899,NATURAL,CC,1290204451,,11001,ACTIVO,2019-05-22,,3658769547
1900,NATURAL,CC,1216593973,,41001,ACTIVO,2019-05-22,camilo.gonzalez1900@example.com,3650263706
1901,NATURAL,CC,1113891588,,47001,ACTIVO,2019-05-23,alonso.parada1901@example.com,3990048983
1902,NATURAL,CE,862374,,63001,ACTIVO,2019-05-24,alvaro.lopez1902@example.com,3602452552
1903,NATURAL,CC,1047770631,,63001,ACTIVO,2019-05-24,carlos.munoz1903@example.com,3395841868
1904,NATURAL,CC,1090324374,,05088,ACTIVO,2019-05-25,consuelo.castellanos1904@example.com,3457239567
1905,NATURAL,CC,1117666103,,23001,ACTIVO,2019-05-25,jorge.quintero1905@example.com,3855188912
1906,NATURAL,CC,1291794725,,76001,ACTIVO,2019-05-27,,3045184594
1907,NATURAL,CC,1215077448,,13001,ACTIVO,2019-05-27,rosalba.rojas1907@example.com,3532904012
1908,JURIDICA,NIT,980889933,8,54001,ACTIVO,2019-05-27,contacto1908@example.com,3328552254
1909,NATURAL,CC,1185298379,,52001,ACTIVO,2019-05-27,pilar.torres1909@example.com,3605797298
1910,JURIDICA,NIT,979037680,0,73001,ACTIVO,2019-05-29,contacto1910@example.com,3272220119
1911,NATURAL,PA,BB0815930,,19001,ACTIVO,2019-05-30,,3163103389
1912,NATURAL,CC,1053195197,,11001,ACTIVO,2019-05-31,,3044948757
1913,NATURAL,CC,1201364483,,05615,ACTIVO,2019-06-01,camilo.arrieta1913@example.com,3786540971
1914,NATURAL,CC,1073885481,,68276,ACTIVO,2019-06-01,alexandra.bedoya1914@example.com,3787120422
1915,NATURAL,CC,1008212945,,19001,ACTIVO,2019-06-03,marina.melo1915@example.com,3650681724
1916,NATURAL,CC,1006957961,,76834,ACTIVO,2019-06-06,carlos.reyes1916@example.com,3198979496
1917,NATURAL,CC,1040939153,,11001,ACTIVO,2019-06-07,john.perez1917@example.com,3964274935
1918,NATURAL,CC,1236352818,,73001,ACTIVO,2019-06-08,adriana.giraldo1918@example.com,3773091278
1919,NATURAL,CC,1234700257,,11001,ACTIVO,2019-06-08,alejandra.delgado1919@example.com,3135240494
1920,NATURAL,CC,1171506278,,76001,ACTIVO,2019-06-10,mary.galindo1920@example.com,3289540618
1921,NATURAL,CC,1067887960,,11001,ACTIVO,2019-06-10,xiomara.benavides1921@example.com,3264909962
1922,JURIDICA,NIT,966832562,2,76109,ACTIVO,2019-06-10,contacto1922@example.com,3313321377
1923,NATURAL,CC,1219397672,,63001,ACTIVO,2019-06-10,carlos.nino1923@example.com,3651442070
1924,NATURAL,CC,1141500777,,76001,ACTIVO,2019-06-10,elkin.bernal1924@example.com,3063679464
1925,NATURAL,CC,1255720813,,05001,ACTIVO,2019-06-11,mery.rodriguez1925@example.com,3670625887
1926,NATURAL,CC,1094596458,,68001,ACTIVO,2019-06-12,jose.valencia1926@example.com,3786695685
1927,NATURAL,CC,1128276615,,20001,ACTIVO,2019-06-13,patricia.montoya1927@example.com,3867242685
1928,JURIDICA,NIT,974414953,5,70001,ACTIVO,2019-06-14,contacto1928@example.com,3901003782
1929,JURIDICA,NIT,989454229,6,41001,ACTIVO,2019-06-15,contacto1929@example.com,3680051172
1930,NATURAL,CC,1215180736,,27001,ACTIVO,2019-06-17,rodolfo.nieto1930@example.com,3895059138
1931,NATURAL,CC,1065549246,,50001,ACTIVO,2019-06-17,sandra.ramirez1931@example.com,3007356615
1932,NATURAL,CC,1111729358,,73001,ACTIVO,2019-06-17,maria.lopez1932@example.com,3076317019
1933,NATURAL,CC,1214272870,,50001,ACTIVO,2019-06-17,carlos.ariza1933@example.com,3760003144
1934,NATURAL,CC,1182187814,,11001,ACTIVO,2019-06-18,ana.martinez1934@example.com,3160935732
1935,NATURAL,CC,1004312716,,11001,ACTIVO,2019-06-19,mauricio.cabrera1935@example.com,3023277227
1936,JURIDICA,NIT,982079544,8,13430,ACTIVO,2019-06-19,contacto1936@example.com,3312953748
1937,NATURAL,CC,1220194528,,66170,ACTIVO,2019-06-19,juan.becerra1937@example.com,3487532796
1938,JURIDICA,NIT,985780807,6,44001,ACTIVO,2019-06-22,contacto1938@example.com,3216775082
1939,JURIDICA,NIT,967350379,5,13001,ACTIVO,2019-06-22,contacto1939@example.com,3354387842
1940,JURIDICA,NIT,985896211,6,76001,ACTIVO,2019-06-24,contacto1940@example.com,3087647312
1941,NATURAL,CC,1270648005,,11001,ACTIVO,2019-06-25,elvira.ortiz1941@example.com,3873477347
1942,NATURAL,CC,1233104553,,08758,ACTIVO,2019-06-26,esteban.navarro1942@example.com,3828283689
1943,NATURAL,CC,1070874634,,73001,ACTIVO,2019-06-26,luis.gomez1943@example.com,3579384501
1944,NATURAL,CC,1266153412,,17001,ACTIVO,2019-06-26,natalia.zapata1944@example.com,3602876666
1945,NATURAL,CC,1114887494,,76001,ACTIVO,2019-06-26,ingrid.rodriguez1945@example.com,3528578084
1946,NATURAL,CC,1068138507,,54001,INACTIVO,2019-06-26,luis.camargo1946@example.com,3343920185
1947,NATURAL,CC,1203272231,,05001,ACTIVO,2019-06-27,arturo.rodriguez1947@example.com,3354455930
1948,NATURAL,CC,1191696687,,11001,ACTIVO,2019-06-28,alejandro.vargas1948@example.com,3980877161
1949,NATURAL,CC,1251655410,,20001,ACTIVO,2019-06-29,elizabeth.romero1949@example.com,3471459483
1950,NATURAL,CC,1133703424,,76001,ACTIVO,2019-06-29,ernesto.lopez1950@example.com,3135503152
1951,NATURAL,CC,1221545376,,86001,ACTIVO,2019-07-01,lucia.salgado1951@example.com,3269915355
1952,NATURAL,CC,1207606043,,66001,ACTIVO,2019-07-02,ivan.castillo1952@example.com,3233355655
1953,NATURAL,CC,1125670314,,11001,ACTIVO,2019-07-02,ana.buitrago1953@example.com,3610010106
1954,NATURAL,CC,1173505142,,11001,ACTIVO,2019-07-03,karen.camargo1954@example.com,3980378434
1955,NATURAL,CE,603773,,11001,ACTIVO,2019-07-04,alexander.sandoval1955@example.com,3707262405
1956,NATURAL,CE,526560,,11001,ACTIVO,2019-07-04,claudia.barbosa1956@example.com,3465697974
1957,JURIDICA,NIT,967839497,7,17001,ACTIVO,2019-07-05,contacto1957@example.com,3354392519
1958,NATURAL,CC,1170403701,,68001,ACTIVO,2019-07-05,alberto.hernandez1958@example.com,3821920264
1959,NATURAL,CC,1043190759,,17873,ACTIVO,2019-07-06,leonel.blanco1959@example.com,3943812631
1960,NATURAL,CC,1042020689,,41001,ACTIVO,2019-07-06,vicente.barreto1960@example.com,3571442229
1961,NATURAL,CC,1185178650,,68001,ACTIVO,2019-07-08,angela.campo1961@example.com,3983704968
1962,NATURAL,CE,130915,,81001,ACTIVO,2019-07-08,fabian.beltran1962@example.com,3293442306
1963,NATURAL,CC,1061779817,,05088,ACTIVO,2019-07-08,andres.rodriguez1963@example.com,3203304906
1964,JURIDICA,NIT,962485513,8,11001,ACTIVO,2019-07-08,contacto1964@example.com,3335322702
1965,NATURAL,CC,1026213250,,11001,ACTIVO,2019-07-08,sonia.rangel1965@example.com,3727767724
1966,NATURAL,CC,1259054174,,11001,ACTIVO,2019-07-08,viviana.rojas1966@example.com,3941538498
1967,NATURAL,CE,495074,,08001,ACTIVO,2019-07-10,johnny.gomez1967@example.com,3130796519
1968,NATURAL,CC,1272540994,,54001,ACTIVO,2019-07-11,jose.vargas1968@example.com,3868753864
1969,JURIDICA,NIT,975957773,1,23001,ACTIVO,2019-07-11,contacto1969@example.com,3804057608
1970,JURIDICA,NIT,965642063,1,08001,ACTIVO,2019-07-12,contacto1970@example.com,3604048260
1971,NATURAL,CC,1040100449,,13001,ACTIVO,2019-07-12,,3818219268
1972,NATURAL,CC,1073086228,,11001,ACTIVO,2019-07-15,miguel.delgado1972@example.com,3844539838
1973,NATURAL,CC,1184075800,,66001,ACTIVO,2019-07-16,ruth.vargas1973@example.com,3478736252
1974,NATURAL,CC,1275887800,,05266,ACTIVO,2019-07-17,daniel.vasquez1974@example.com,3111160591
1975,NATURAL,CC,1071183842,,11001,ACTIVO,2019-07-18,eugenia.salazar1975@example.com,3672935418
1976,JURIDICA,NIT,985245659,9,76001,ACTIVO,2019-07-18,contacto1976@example.com,3582752699
1977,NATURAL,CC,1015053819,,05001,ACTIVO,2019-07-19,edna.ruiz1977@example.com,3954219099
1978,NATURAL,CC,1027889800,,73001,ACTIVO,2019-07-19,teresa.diaz1978@example.com,3110156443
1979,NATURAL,CC,1244691636,,11001,ACTIVO,2019-07-19,diana.blanco1979@example.com,3266905833
1980,NATURAL,CC,1286521739,,08001,ACTIVO,2019-07-19,sandra.manrique1980@example.com,3608737033
1981,NATURAL,CC,1140340349,,13001,ACTIVO,2019-07-20,diego.gutierrez1981@example.com,3878446265
1982,JURIDICA,NIT,961563022,4,15759,ACTIVO,2019-07-20,contacto1982@example.com,3704216739
1983,NATURAL,CC,1242802615,,13001,ACTIVO,2019-07-20,elizabeth.orozco1983@example.com,3790970009
1984,NATURAL,CC,1009860315,,50001,ACTIVO,2019-07-22,jose.gomez1984@example.com,3160328381
1985,JURIDICA,NIT,973334632,9,63001,ACTIVO,2019-07-22,contacto1985@example.com,3160939939
1986,NATURAL,CC,1145327266,,76001,ACTIVO,2019-07-22,martha.rivera1986@example.com,3185597847
1987,JURIDICA,NIT,985329755,1,05088,ACTIVO,2019-07-23,contacto1987@example.com,3677633376
1988,NATURAL,CC,1194599007,,05615,ACTIVO,2019-07-23,paola.camargo1988@example.com,3885542897
1989,NATURAL,CC,1173394369,,23001,ACTIVO,2019-07-24,humberto.molina1989@example.com,3636779194
1990,NATURAL,CC,1262188775,,54001,ACTIVO,2019-07-24,paola.sanchez1990@example.com,3821137778
1991,JURIDICA,NIT,971022933,4,47001,ACTIVO,2019-07-25,contacto1991@example.com,3095129807
1992,JURIDICA,NIT,986884205,3,05001,ACTIVO,2019-07-25,contacto1992@example.com,3334700187
1993,NATURAL,CC,1112234787,,08001,ACTIVO,2019-07-25,consuelo.rincon1993@example.com,3841210966
1994,JURIDICA,NIT,979258645,0,17001,ACTIVO,2019-07-25,contacto1994@example.com,3526712333
1995,NATURAL,CC,1035123328,,66170,ACTIVO,2019-07-27,piedad.rincon1995@example.com,3644064789
1996,NATURAL,CC,1240415705,,17174,ACTIVO,2019-07-27,uriel.anaya1996@example.com,3512597171
1997,NATURAL,CC,1090708694,,05001,ACTIVO,2019-07-29,marcela.fuentes1997@example.com,3390005391
1998,NATURAL,CC,1296273035,,63001,ACTIVO,2019-07-29,jonathan.montoya1998@example.com,3391827895
1999,NATURAL,CC,1289705506,,11001,ACTIVO,2019-07-29,,3569314094
2000,NATURAL,CC,1032467080,,66170,ACTIVO,2019-07-30,marcela.acevedo2000@example.com,3910070689
2001,NATURAL,CC,1183971686,,05001,ACTIVO,2019-07-30,nelly.diaz2001@example.com,3820831628
2002,JURIDICA,NIT,978494335,1,66001,ACTIVO,2019-07-30,contacto2002@example.com,3128534181
2003,NATURAL,CC,1046226345,,05001,ACTIVO,2019-08-01,dayana.bautista2003@example.com,3749955574
2004,NATURAL,CC,1015351104,,11001,ACTIVO,2019-08-01,sandra.rodriguez2004@example.com,3493674524
2005,NATURAL,CC,1246056157,,50001,ACTIVO,2019-08-01,,3308852619
2006,JURIDICA,NIT,980060021,7,11001,ACTIVO,2019-08-01,contacto2006@example.com,3978389751
2007,NATURAL,CC,1148028131,,76001,ACTIVO,2019-08-02,maria.hoyos2007@example.com,3424085560
2008,NATURAL,CC,1136897600,,19001,ACTIVO,2019-08-03,lucy.jimenez2008@example.com,3329547329
2009,NATURAL,CC,1286466502,,11001,ACTIVO,2019-08-05,fabiola.rodriguez2009@example.com,3484207129
2010,NATURAL,CC,1027674325,,11001,ACTIVO,2019-08-05,eliana.rodriguez2010@example.com,3068324948
2011,NATURAL,CC,1156457075,,15759,ACTIVO,2019-08-05,daniel.bejarano2011@example.com,3307912181
2012,NATURAL,CC,1084358346,,76001,ACTIVO,2019-08-05,,3660095389
2013,NATURAL,CC,1024568917,,20001,ACTIVO,2019-08-05,norma.palacios2013@example.com,3291220568
2014,NATURAL,CC,1038231431,,54001,ACTIVO,2019-08-05,manuel.molina2014@example.com,3398686293
2015,NATURAL,CE,990193,,05001,ACTIVO,2019-08-05,felipe.molina2015@example.com,3091311077
2016,JURIDICA,NIT,963776864,0,11001,ACTIVO,2019-08-06,contacto2016@example.com,3104588220
2017,NATURAL,CC,1100823594,,11001,ACTIVO,2019-08-06,daniela.gomez2017@example.com,3128208091
2018,NATURAL,CC,1121469866,,25175,ACTIVO,2019-08-07,ingrid.duarte2018@example.com,3114173892
2019,JURIDICA,NIT,986316166,9,44001,ACTIVO,2019-08-07,contacto2019@example.com,3301485712
2020,NATURAL,CC,1076026933,,11001,ACTIVO,2019-08-10,rocio.garzon2020@example.com,3573921102
2021,NATURAL,CC,1260624205,,76834,ACTIVO,2019-08-10,maria.osorio2021@example.com,3671185002
2022,NATURAL,CC,1164439248,,11001,ACTIVO,2019-08-12,sebastian.quintero2022@example.com,3462461763
2023,NATURAL,CC,1063788023,,20001,ACTIVO,2019-08-13,martha.gonzalez2023@example.com,3198575514
2024,JURIDICA,NIT,989764463,3,15759,ACTIVO,2019-08-13,contacto2024@example.com,3918532671
2025,NATURAL,CC,1067091637,,52001,ACTIVO,2019-08-14,aida.caro2025@example.com,3287109269
2026,JURIDICA,NIT,980577752,2,63001,ACTIVO,2019-08-15,contacto2026@example.com,3016344055
2027,NATURAL,CC,1169086013,,11001,ACTIVO,2019-08-15,,3364594642
2028,NATURAL,CC,1084940986,,76001,ACTIVO,2019-08-15,cecilia.gomez2028@example.com,3527566356
2029,NATURAL,CC,1046455494,,11001,ACTIVO,2019-08-17,yesid.londono2029@example.com,3254218703
2030,NATURAL,CC,1200324107,,11001,ACTIVO,2019-08-17,william.melo2030@example.com,3429627786
2031,NATURAL,CC,1130790218,,54001,ACTIVO,2019-08-19,,3345308539
2032,NATURAL,CC,1287342512,,11001,ACTIVO,2019-08-19,dolores.aguirre2032@example.com,3992399522
2033,NATURAL,CC,1032005277,,70001,ACTIVO,2019-08-19,carmen.burgos2033@example.com,3083154867
2034,JURIDICA,NIT,970752644,9,11001,ACTIVO,2019-08-19,contacto2034@example.com,3617835087
2035,NATURAL,CC,1286080988,,54001,ACTIVO,2019-08-19,alberto.duarte2035@example.com,3532684198
2036,JURIDICA,NIT,975154295,4,13001,ACTIVO,2019-08-19,contacto2036@example.com,3337352249
2037,NATURAL,CC,1015427599,,08001,ACTIVO,2019-08-19,esther.fonseca2037@example.com,3004913941
2038,NATURAL,CC,1175897272,,13001,ACTIVO,2019-08-22,consuelo.galeano2038@example.com,3642785240
2039,NATURAL,CC,1178383111,,70001,ACTIVO,2019-08-22,mery.rodriguez2039@example.com,3003545412
2040,NATURAL,CC,1228206508,,05001,ACTIVO,2019-08-22,nelsy.velasquez2040@example.com,3143047262
2041,JURIDICA,NIT,969115424,1,76001,ACTIVO,2019-08-23,contacto2041@example.com,3015715779
2042,NATURAL,CC,1210166314,,52001,ACTIVO,2019-08-24,martha.rodriguez2042@example.com,3941481215
2043,NATURAL,CC,1054374826,,11001,ACTIVO,2019-08-26,eugenia.murillo2043@example.com,3604454675
2044,NATURAL,CC,1270762307,,05088,ACTIVO,2019-08-26,elvira.salas2044@example.com,3324698639
2045,JURIDICA,NIT,974077777,9,13001,ACTIVO,2019-08-26,contacto2045@example.com,3518061365
2046,NATURAL,CC,1138407204,,44001,ACTIVO,2019-08-26,jose.ortega2046@example.com,3598266943
2047,JURIDICA,NIT,980559883,2,05266,ACTIVO,2019-08-26,contacto2047@example.com,3757217624
2048,NATURAL,CC,1232518052,,73001,ACTIVO,2019-08-26,isabel.lopez2048@example.com,3911250699
2049,NATURAL,CC,1224738526,,73001,ACTIVO,2019-08-26,david.torres2049@example.com,3863623421
2050,NATURAL,CC,1264007616,,25175,ACTIVO,2019-08-26,diego.henao2050@example.com,3847911330
2051,NATURAL,CC,1238278573,,05001,ACTIVO,2019-08-26,james.orozco2051@example.com,3171031471
2052,NATURAL,CC,1096332424,,44001,ACTIVO,2019-08-27,guillermo.cardenas2052@example.com,3335383536
2053,NATURAL,CC,1115057610,,11001,ACTIVO,2019-08-27,tatiana.valencia2053@example.com,3450145526
2054,NATURAL,CC,1229801286,,11001,ACTIVO,2019-08-27,alexander.mercado2054@example.com,3343540434
2055,JURIDICA,NIT,981837848,0,54001,ACTIVO,2019-08-27,contacto2055@example.com,3338012519
2056,JURIDICA,NIT,978947791,0,68276,ACTIVO,2019-08-28,contacto2056@example.com,3895258701
2057,NATURAL,CC,1277427913,,11001,ACTIVO,2019-08-29,blanca.romero2057@example.com,3483934464
2058,NATURAL,CC,1295964802,,11001,ACTIVO,2019-08-30,fabian.castano2058@example.com,3125776034
2059,JURIDICA,NIT,971592563,7,68001,ACTIVO,2019-09-02,contacto2059@example.com,3159223242
2060,NATURAL,CC,1212234575,,11001,ACTIVO,2019-09-02,yolanda.aguirre2060@example.com,3725528301
2061,NATURAL,CC,1022351152,,76109,ACTIVO,2019-09-03,carmen.rodriguez2061@example.com,3356743901
2062,JURIDICA,NIT,970065561,9,52001,ACTIVO,2019-09-03,contacto2062@example.com,3790430115
2063,NATURAL,CC,1274379395,,11001,ACTIVO,2019-09-03,,3942698827
2064,NATURAL,CE,316505,,11001,ACTIVO,2019-09-04,fernando.angel2064@example.com,3949914982
2065,JURIDICA,NIT,984611438,4,85001,ACTIVO,2019-09-04,contacto2065@example.com,3989701118
2066,JURIDICA,NIT,981031331,5,11001,ACTIVO,2019-09-04,contacto2066@example.com,3972938995
2067,NATURAL,CC,1296183953,,25269,ACTIVO,2019-09-06,wilfredo.rodriguez2067@example.com,3936785213
2068,NATURAL,CC,1023601977,,63001,ACTIVO,2019-09-06,daniela.pineda2068@example.com,3035422821
2069,NATURAL,CC,1099853676,,47001,ACTIVO,2019-09-06,martin.bedoya2069@example.com,3036385498
2070,NATURAL,CC,1142650852,,76001,ACTIVO,2019-09-07,mauricio.cardona2070@example.com,3844187642
2071,NATURAL,CC,1207808828,,76001,ACTIVO,2019-09-07,jhon.gomez2071@example.com,3207605718
2072,NATURAL,CC,1240682547,,76109,ACTIVO,2019-09-07,,3957904953
2073,NATURAL,CC,1197224992,,05001,ACTIVO,2019-09-09,bibiana.hernandez2073@example.com,3430488944
2074,NATURAL,CC,1219271527,,50001,ACTIVO,2019-09-09,aura.garcia2074@example.com,3289819115
2075,NATURAL,CC,1124500961,,11001,ACTIVO,2019-09-09,,3728833783
2076,NATURAL,CC,1219713982,,50001,ACTIVO,2019-09-09,doris.duarte2076@example.com,3267407155
2077,NATURAL,CC,1184640405,,11001,ACTIVO,2019-09-10,rosalba.leal2077@example.com,3826522503
2078,NATURAL,CC,1097372870,,15238,ACTIVO,2019-09-10,alejandro.vasquez2078@example.com,3028085297
2079,NATURAL,CC,1126914483,,11001,ACTIVO,2019-09-11,hernando.cruz2079@example.com,3858148894
2080,NATURAL,CC,1068021889,,27001,ACTIVO,2019-09-11,esther.trujillo2080@example.com,3308738809
2081,NATURAL,CC,1106177377,,11001,ACTIVO,2019-09-11,oscar.hernandez2081@example.com,3996885926
2082,JURIDICA,NIT,989259993,1,81001,ACTIVO,2019-09-12,contacto2082@example.com,3373579130
2083,NATURAL,CC,1121377652,,20001,ACTIVO,2019-09-12,orlando.quintero2083@example.com,3121648717
2084,NATURAL,CC,1272772950,,11001,ACTIVO,2019-09-13,aldair.zapata2084@example.com,3987844276
2085,NATURAL,CC,1052699766,,11001,ACTIVO,2019-09-13,juan.jimenez2085@example.com,3413881558
2086,NATURAL,CC,1260826602,,05001,ACTIVO,2019-09-13,hernan.patino2086@example.com,3021607294
2087,NATURAL,CC,1240251476,,44001,ACTIVO,2019-09-14,luis.rodriguez2087@example.com,3348863112
2088,JURIDICA,NIT,970380949,2,08001,ACTIVO,2019-09-14,contacto2088@example.com,3019487254
2089,NATURAL,CC,1149249677,,11001,ACTIVO,2019-09-16,andrea.fonseca2089@example.com,3440240987
2090,NATURAL,CC,1136620382,,08001,ACTIVO,2019-09-16,anyi.ramos2090@example.com,3551451051
2091,NATURAL,CC,1256225756,,13001,ACTIVO,2019-09-16,alexander.lopez2091@example.com,3207396056
2092,NATURAL,CC,1205190252,,25269,ACTIVO,2019-09-16,carlos.lopez2092@example.com,3792965248
2093,NATURAL,CC,1073265048,,11001,ACTIVO,2019-09-17,oscar.franco2093@example.com,3543039633
2094,NATURAL,CC,1052502926,,76001,ACTIVO,2019-09-17,,3244531420
2095,NATURAL,CC,1023630361,,05088,ACTIVO,2019-09-17,antonio.ayala2095@example.com,3898120778
2096,NATURAL,CC,1257698724,,05360,ACTIVO,2019-09-18,jesus.moreno2096@example.com,3256453098
2097,NATURAL,CC,1039900512,,76001,ACTIVO,2019-09-18,felipe.ortiz2097@example.com,3900116568
2098,NATURAL,CC,1075227656,,05001,ACTIVO,2019-09-19,alvaro.pineda2098@example.com,3318564536
2099,NATURAL,CC,1256447279,,11001,ACTIVO,2019-09-20,yina.gomez2099@example.com,3427626628
2100,JURIDICA,NIT,969756171,1,11001,ACTIVO,2019-09-21,contacto2100@example.com,3263304733
2101,NATURAL,CC,1270961202,,66001,ACTIVO,2019-09-21,anderson.escobar2101@example.com,3953889735
2102,NATURAL,CC,1097979600,,20001,ACTIVO,2019-09-23,,3037326439
2103,NATURAL,CC,1245796883,,68001,ACTIVO,2019-09-23,pedro.villamizar2103@example.com,3267480980
2104,NATURAL,CC,1209488699,,20001,ACTIVO,2019-09-23,olga.solano2104@example.com,3031235186
2105,NATURAL,CC,1112300472,,11001,ACTIVO,2019-09-24,luz.quintero2105@example.com,3637287615
2106,NATURAL,CC,1165545310,,76834,ACTIVO,2019-09-25,,3881936839
2107,JURIDICA,NIT,984374471,0,44001,ACTIVO,2019-09-26,contacto2107@example.com,3273956570
2108,NATURAL,CC,1039517834,,13001,ACTIVO,2019-09-26,miguel.amaya2108@example.com,3476326656
2109,NATURAL,CC,1109822525,,68001,ACTIVO,2019-09-26,stiven.martinez2109@example.com,3563386116
2110,NATURAL,CC,1096408021,,66001,ACTIVO,2019-09-26,mary.velez2110@example.com,3469535434
2111,NATURAL,CC,1069095308,,11001,INACTIVO,2019-09-27,sandra.martinez2111@example.com,3344774378
2112,NATURAL,CC,1145526157,,11001,ACTIVO,2019-09-27,fabiola.nino2112@example.com,3252134029
2113,NATURAL,CC,1285457544,,85001,ACTIVO,2019-09-27,rocio.acevedo2113@example.com,3061453806
2114,NATURAL,CC,1125236833,,05001,ACTIVO,2019-09-27,hector.florez2114@example.com,3375469948
2115,JURIDICA,NIT,989047138,9,11001,ACTIVO,2019-09-28,contacto2115@example.com,3782745489
2116,NATURAL,CC,1256508577,,11001,ACTIVO,2019-09-28,marina.salgado2116@example.com,3855901010
2117,NATURAL,CC,1042628719,,11001,ACTIVO,2019-09-30,ivan.cordoba2117@example.com,3701245451
2118,NATURAL,CC,1016887929,,54001,ACTIVO,2019-10-02,piedad.montoya2118@example.com,3700956396
2119,NATURAL,CE,859460,,25126,ACTIVO,2019-10-02,,3570811084
2120,NATURAL,CC,1088046739,,76001,ACTIVO,2019-10-02,efrain.hurtado2120@example.com,3458664410
2121,NATURAL,CC,1115654570,,76520,ACTIVO,2019-10-03,yenny.torres2121@example.com,3242666772
2122,NATURAL,CC,1046909074,,05001,ACTIVO,2019-10-03,marcela.jaramillo2122@example.com,3715825166
2123,NATURAL,CC,1143168163,,11001,ACTIVO,2019-10-03,jesus.bermudez2123@example.com,3981066077
2124,NATURAL,PA,BE7786187,,11001,ACTIVO,2019-10-04,candelaria.rodriguez2124@example.com,3359586606
2125,JURIDICA,NIT,978884502,7,68001,ACTIVO,2019-10-04,contacto2125@example.com,3995948687
2126,NATURAL,CC,1273735071,,54001,ACTIVO,2019-10-05,mary.villamizar2126@example.com,3471264330
2127,JURIDICA,NIT,975748281,1,11001,ACTIVO,2019-10-05,contacto2127@example.com,3060331984
2128,NATURAL,CC,1100985153,,50001,ACTIVO,2019-10-07,hernando.florez2128@example.com,3495295870
2129,NATURAL,CC,1015835034,,52001,ACTIVO,2019-10-07,monica.martinez2129@example.com,3160573473
2130,NATURAL,CC,1063557667,,05001,ACTIVO,2019-10-07,alfonso.rios2130@example.com,3691051716
2131,NATURAL,CC,1170798390,,08758,ACTIVO,2019-10-07,anderson.soto2131@example.com,3544515924
2132,NATURAL,CC,1007864305,,50001,ACTIVO,2019-10-07,guillermo.jimenez2132@example.com,3785436095
2133,NATURAL,CC,1053926192,,11001,ACTIVO,2019-10-07,rodrigo.espinosa2133@example.com,3695968949
2134,NATURAL,CC,1202729656,,44001,ACTIVO,2019-10-08,,3620576090
2135,NATURAL,CC,1033948184,,68001,ACTIVO,2019-10-09,eduardo.castillo2135@example.com,3013904533
2136,NATURAL,CC,1056676095,,05360,ACTIVO,2019-10-09,,3389737425
2137,NATURAL,CC,1120291750,,11001,ACTIVO,2019-10-10,marcela.vega2137@example.com,3569975648
2138,NATURAL,CC,1298430230,,05001,ACTIVO,2019-10-11,juliana.hernandez2138@example.com,3569417587
2139,NATURAL,CC,1085223371,,23001,ACTIVO,2019-10-11,jorge.jaramillo2139@example.com,3322209764
2140,NATURAL,CC,1086068210,,63001,ACTIVO,2019-10-12,liliana.diaz2140@example.com,3620809896
2141,NATURAL,CC,1256124306,,19001,ACTIVO,2019-10-14,patricia.delgado2141@example.com,3186705240
2142,NATURAL,CC,1119816390,,68001,ACTIVO,2019-10-14,stiven.restrepo2142@example.com,3324022968
2143,JURIDICA,NIT,964816891,6,13001,ACTIVO,2019-10-15,contacto2143@example.com,3059789462
2144,NATURAL,CC,1226460324,,05360,ACTIVO,2019-10-15,eva.castro2144@example.com,3772897107
2145,NATURAL,CC,1237903405,,13001,ACTIVO,2019-10-16,luz.castillo2145@example.com,3019591348
2146,NATURAL,CC,1200667272,,11001,ACTIVO,2019-10-17,augusto.paez2146@example.com,3298991697
2147,NATURAL,CC,1102474243,,08001,ACTIVO,2019-10-18,juan.diaz2147@example.com,3338918159
2148,JURIDICA,NIT,978899602,0,68001,ACTIVO,2019-10-18,contacto2148@example.com,3180178148
2149,NATURAL,CC,1100256625,,54001,ACTIVO,2019-10-18,mauricio.fajardo2149@example.com,3239054221
2150,NATURAL,CC,1019296622,,11001,ACTIVO,2019-10-21,sandra.reyes2150@example.com,3472284670
2151,NATURAL,CC,1287933941,,08001,ACTIVO,2019-10-21,farid.molina2151@example.com,3524111388
2152,NATURAL,CC,1203254835,,76001,ACTIVO,2019-10-21,andres.rios2152@example.com,3855695631
2153,NATURAL,CC,1230703195,,11001,ACTIVO,2019-10-22,victor.florez2153@example.com,3634252982
2154,NATURAL,CC,1103075361,,76001,ACTIVO,2019-10-22,yenny.vargas2154@example.com,3172525158
2155,NATURAL,CC,1180809695,,20001,ACTIVO,2019-10-22,yeison.correa2155@example.com,3284370891
2156,NATURAL,CC,1240592494,,11001,ACTIVO,2019-10-23,laura.morales2156@example.com,3865481524
2157,NATURAL,CC,1070132731,,17001,ACTIVO,2019-10-23,david.hernandez2157@example.com,3611223168
2158,NATURAL,CC,1102316675,,05001,ACTIVO,2019-10-23,carmen.villegas2158@example.com,3381438299
2159,NATURAL,CC,1064004007,,19001,ACTIVO,2019-10-23,,3792355890
2160,NATURAL,CE,972227,,20001,ACTIVO,2019-10-23,marco.garzon2160@example.com,3584053966
2161,NATURAL,CC,1127075292,,54001,ACTIVO,2019-10-23,maribel.bedoya2161@example.com,3179516357
2162,JURIDICA,NIT,979528129,0,73001,ACTIVO,2019-10-25,contacto2162@example.com,3711140389
2163,NATURAL,CC,1074451809,,63001,ACTIVO,2019-10-25,laura.montoya2163@example.com,3911375784
2164,NATURAL,CC,1012468678,,47001,INACTIVO,2019-10-25,,3969021885
2165,NATURAL,CC,1244696973,,11001,ACTIVO,2019-10-25,andres.espitia2165@example.com,3502849224
2166,NATURAL,CC,1012219655,,76001,ACTIVO,2019-10-26,ximena.chaparro2166@example.com,3793290036
2167,NATURAL,CC,1090843636,,11001,ACTIVO,2019-10-26,danna.gonzalez2167@example.com,3580934645
2168,JURIDICA,NIT,988152074,1,11001,ACTIVO,2019-10-28,contacto2168@example.com,3716170960
2169,NATURAL,CC,1165363050,,20001,ACTIVO,2019-10-28,josefina.velasquez2169@example.com,3069400468
2170,NATURAL,CC,1033993468,,11001,ACTIVO,2019-10-28,rodolfo.gomez2170@example.com,3893701168
2171,NATURAL,CC,1281911779,,11001,ACTIVO,2019-10-30,vanesa.serna2171@example.com,3612527368
2172,NATURAL,CC,1008046526,,15238,ACTIVO,2019-10-30,lorena.pedraza2172@example.com,3206583778
2173,JURIDICA,NIT,971694553,1,50001,ACTIVO,2019-11-01,contacto2173@example.com,3183642803
2174,JURIDICA,NIT,973100456,4,11001,ACTIVO,2019-11-02,contacto2174@example.com,3487644927
2175,NATURAL,CC,1259270080,,11001,ACTIVO,2019-11-02,luz.pena2175@example.com,3791201328
2176,NATURAL,CC,1103007898,,08001,ACTIVO,2019-11-04,maria.pulido2176@example.com,3710529800
2177,NATURAL,CC,1221886858,,11001,ACTIVO,2019-11-04,,3208216968
2178,NATURAL,CC,1268461096,,05360,ACTIVO,2019-11-05,juan.calderon2178@example.com,3258149596
2179,NATURAL,CE,145115,,54001,ACTIVO,2019-11-05,magda.cruz2179@example.com,3765194586
2180,JURIDICA,NIT,966270319,6,05001,ACTIVO,2019-11-05,contacto2180@example.com,3248014120
2181,NATURAL,CC,1247531395,,52001,ACTIVO,2019-11-06,fredy.bolivar2181@example.com,3697231557
2182,NATURAL,CC,1110091119,,08001,ACTIVO,2019-11-06,diana.naranjo2182@example.com,3651986341
2183,NATURAL,CC,1226029980,,05001,ACTIVO,2019-11-06,,3664665865
2184,NATURAL,CC,1096066180,,76001,ACTIVO,2019-11-07,maria.rios2184@example.com,3771323316
2185,NATURAL,CC,1036727062,,11001,ACTIVO,2019-11-09,carmen.mosquera2185@example.com,3350435875
2186,NATURAL,CC,1034734551,,76001,ACTIVO,2019-11-09,alex.naranjo2186@example.com,3225564593
2187,NATURAL,CC,1273609107,,11001,ACTIVO,2019-11-11,jairo.garcia2187@example.com,3524622937
2188,NATURAL,CC,1222764153,,85001,ACTIVO,2019-11-11,ingrid.carrillo2188@example.com,3705911096
2189,NATURAL,CC,1207745233,,11001,ACTIVO,2019-11-11,luz.perez2189@example.com,3174997244
2190,NATURAL,CC,1228204575,,05001,ACTIVO,2019-11-11,,3428335753
2191,NATURAL,CC,1159810816,,17001,ACTIVO,2019-11-11,edgar.florez2191@example.com,3172600959
2192,NATURAL,CC,1099101945,,05001,ACTIVO,2019-11-11,jonathan.medina2192@example.com,3887993313
2193,NATURAL,CE,145087,,11001,ACTIVO,2019-11-12,juan.vasquez2193@example.com,3589747322
2194,NATURAL,CC,1030829104,,08001,ACTIVO,2019-11-12,patricia.sanchez2194@example.com,3542370750
2195,NATURAL,CC,1118529925,,17001,ACTIVO,2019-11-13,oscar.perez2195@example.com,3875473165
2196,NATURAL,CC,1239125852,,11001,ACTIVO,2019-11-13,veronica.roa2196@example.com,3120051967
2197,NATURAL,CC,1042980164,,11001,ACTIVO,2019-11-14,,3339163936
2198,NATURAL,CC,1120814459,,15759,ACTIVO,2019-11-16,juan.rojas2198@example.com,3907633166
2199,JURIDICA,NIT,968077632,8,25269,ACTIVO,2019-11-18,contacto2199@example.com,3857042926
2200,NATURAL,CC,1005996002,,08758,ACTIVO,2019-11-18,luz.marquez2200@example.com,3041741106
2201,NATURAL,CC,1239927214,,20001,ACTIVO,2019-11-18,julio.burbano2201@example.com,3263301690
2202,NATURAL,CC,1062712365,,08758,ACTIVO,2019-11-18,david.zapata2202@example.com,3588396233
2203,NATURAL,CE,459744,,11001,ACTIVO,2019-11-18,,3936744180
2204,NATURAL,CC,1147096720,,05001,ACTIVO,2019-11-18,rafael.molina2204@example.com,3186317377
2205,NATURAL,CC,1121948043,,15759,ACTIVO,2019-11-19,johanna.galvis2205@example.com,3959457777
2206,NATURAL,CC,1136258002,,08758,ACTIVO,2019-11-20,maria.rodriguez2206@example.com,3200607852
2207,NATURAL,CC,1144238601,,23001,ACTIVO,2019-11-21,ruth.diaz2207@example.com,3062170662
2208,JURIDICA,NIT,986630969,1,05001,ACTIVO,2019-11-21,contacto2208@example.com,3666170766
2209,NATURAL,CC,1086097859,,05001,ACTIVO,2019-11-21,ruben.rivas2209@example.com,3662917568
2210,NATURAL,PPT,8523895,,68001,ACTIVO,2019-11-22,luz.morales2210@example.com,3470051550
2211,NATURAL,CC,1214390846,,25175,INACTIVO,2019-11-23,maria.tamayo2211@example.com,3380748459
2212,NATURAL,CC,1015727848,,63001,ACTIVO,2019-11-25,rafael.caicedo2212@example.com,3737628075
2213,JURIDICA,NIT,977616624,5,11001,ACTIVO,2019-11-25,contacto2213@example.com,3476208762
2214,NATURAL,CC,1224985660,,05360,ACTIVO,2019-11-25,,3674157435
2215,NATURAL,CC,1179300351,,76001,ACTIVO,2019-11-26,francy.ballesteros2215@example.com,3392406354
2216,NATURAL,CC,1164950518,,20001,ACTIVO,2019-11-27,camilo.bautista2216@example.com,3874106393
2217,JURIDICA,NIT,978664607,8,11001,ACTIVO,2019-11-27,contacto2217@example.com,3492189055
2218,NATURAL,CC,1148969764,,05001,ACTIVO,2019-11-28,astrid.chavez2218@example.com,3857484000
2219,NATURAL,CC,1145289599,,66001,ACTIVO,2019-11-29,,3707168467
2220,NATURAL,CC,1220128859,,11001,ACTIVO,2019-11-29,rosa.arevalo2220@example.com,3394721391
2221,NATURAL,CC,1047924315,,44001,ACTIVO,2019-11-30,maritza.lozano2221@example.com,3675452732
2222,JURIDICA,NIT,981538900,3,11001,ACTIVO,2019-11-30,contacto2222@example.com,3683187343
2223,NATURAL,CC,1176270422,,76001,ACTIVO,2019-11-30,,3055180977
2224,NATURAL,CC,1018083194,,15759,INACTIVO,2019-12-02,carlos.delgado2224@example.com,3227118521
2225,NATURAL,CC,1000867184,,05001,ACTIVO,2019-12-02,alfredo.medina2225@example.com,3892511116
2226,JURIDICA,NIT,964125651,1,66001,ACTIVO,2019-12-03,contacto2226@example.com,3759314166
2227,NATURAL,CC,1227475293,,11001,ACTIVO,2019-12-03,jose.calderon2227@example.com,3164851693
2228,NATURAL,CC,1267349536,,76109,ACTIVO,2019-12-04,luis.escobar2228@example.com,3661387595
2229,NATURAL,CC,1123609495,,76001,ACTIVO,2019-12-04,beatriz.montoya2229@example.com,3493265924
2230,NATURAL,CC,1258714812,,76001,ACTIVO,2019-12-04,enrique.gonzalez2230@example.com,3218531829
2231,NATURAL,CC,1177625727,,11001,ACTIVO,2019-12-05,aurora.vega2231@example.com,3483381694
2232,JURIDICA,NIT,976345848,0,11001,ACTIVO,2019-12-07,contacto2232@example.com,3220348012
2233,NATURAL,CC,1185165443,,63001,ACTIVO,2019-12-07,nubia.perez2233@example.com,3843919544
2234,NATURAL,CC,1177920256,,05001,ACTIVO,2019-12-09,sandra.sanchez2234@example.com,3511880802
2235,JURIDICA,NIT,979543674,6,85001,ACTIVO,2019-12-09,contacto2235@example.com,3722234563
2236,NATURAL,CC,1223757843,,73001,ACTIVO,2019-12-09,lorena.castro2236@example.com,3965730843
2237,NATURAL,CC,1264102474,,11001,ACTIVO,2019-12-09,,3743263096
2238,NATURAL,CC,1238095631,,76834,ACTIVO,2019-12-09,karen.orjuela2238@example.com,3884875353
2239,NATURAL,CC,1054891204,,11001,ACTIVO,2019-12-10,ofelia.rodriguez2239@example.com,3602315806
2240,NATURAL,CC,1073777804,,13430,ACTIVO,2019-12-10,fredy.burgos2240@example.com,3298857698
2241,NATURAL,CC,1099334127,,13001,ACTIVO,2019-12-10,david.gaitan2241@example.com,3030870160
2242,NATURAL,CC,1181546223,,68276,ACTIVO,2019-12-11,juan.cardona2242@example.com,3030947313
2243,NATURAL,CC,1141841338,,05001,ACTIVO,2019-12-11,manuel.martinez2243@example.com,3978027523
2244,NATURAL,CC,1095876917,,47001,ACTIVO,2019-12-11,arturo.perez2244@example.com,3648845568
2245,NATURAL,CC,1251270637,,05615,ACTIVO,2019-12-11,ferney.jaramillo2245@example.com,3280596918
2246,NATURAL,CC,1081383961,,76834,ACTIVO,2019-12-12,antonio.perea2246@example.com,3805711792
2247,NATURAL,CC,1196878669,,76001,ACTIVO,2019-12-13,edwin.sanchez2247@example.com,3951311425
2248,NATURAL,CC,1285733845,,11001,ACTIVO,2019-12-13,andres.suarez2248@example.com,3602341697
2249,NATURAL,CC,1198362152,,08001,ACTIVO,2019-12-13,hernando.vargas2249@example.com,3070626822
2250,JURIDICA,NIT,978525384,5,11001,ACTIVO,2019-12-13,contacto2250@example.com,3428821931
2251,NATURAL,CC,1044658971,,19001,ACTIVO,2019-12-14,hector.ortega2251@example.com,3331832102
2252,NATURAL,CC,1114940526,,05001,ACTIVO,2019-12-14,jose.gutierrez2252@example.com,3577025843
2253,NATURAL,CC,1223277860,,23001,ACTIVO,2019-12-14,amparo.gonzales2253@example.com,3379966051
2254,JURIDICA,NIT,966663421,7,05001,ACTIVO,2019-12-16,contacto2254@example.com,3587880569
2255,NATURAL,CC,1121069789,,54001,ACTIVO,2019-12-16,yadira.lopez2255@example.com,3511538245
2256,JURIDICA,NIT,967342851,7,11001,ACTIVO,2019-12-17,contacto2256@example.com,3153612142
2257,NATURAL,PA,FP0396535,,11001,ACTIVO,2019-12-17,daniela.valderrama2257@example.com,3799863768
2258,NATURAL,CE,633877,,23001,ACTIVO,2019-12-18,maria.cortes2258@example.com,3472756340
2259,NATURAL,CC,1066706217,,05088,ACTIVO,2019-12-18,erika.acosta2259@example.com,3801071083
2260,NATURAL,CC,1278941813,,11001,ACTIVO,2019-12-19,clara.escobar2260@example.com,3508603899
2261,NATURAL,CC,1238497211,,17380,ACTIVO,2019-12-20,dario.herrera2261@example.com,3200677630
2262,NATURAL,CC,1178833292,,11001,ACTIVO,2019-12-20,julian.rueda2262@example.com,3864764185
2263,NATURAL,CC,1256932387,,05088,ACTIVO,2019-12-21,michael.garcia2263@example.com,3443053528
2264,NATURAL,PPT,7102692,,76520,ACTIVO,2019-12-23,antonio.escobar2264@example.com,3057428341
2265,NATURAL,CE,412325,,11001,ACTIVO,2019-12-23,mariana.garcia2265@example.com,3459281514
2266,NATURAL,CC,1216967442,,41001,ACTIVO,2019-12-23,uriel.ortiz2266@example.com,3008673845
2267,JURIDICA,NIT,969619875,1,70001,ACTIVO,2019-12-24,contacto2267@example.com,3995680838
2268,NATURAL,CC,1118194025,,76001,ACTIVO,2019-12-25,alonso.torres2268@example.com,3322402503
2269,NATURAL,CC,1235942559,,11001,ACTIVO,2019-12-25,,3731360384
2270,NATURAL,CC,1287602194,,76001,ACTIVO,2019-12-25,olga.rodriguez2270@example.com,3867051586
2271,NATURAL,CC,1173987278,,05088,ACTIVO,2019-12-26,luis.diaz2271@example.com,3199617500
2272,NATURAL,CC,1180262111,,63001,ACTIVO,2019-12-26,diego.hernandez2272@example.com,3724359194
2273,NATURAL,CC,1262238150,,11001,ACTIVO,2019-12-26,ivan.ramirez2273@example.com,3508089881
2274,NATURAL,CC,1135841773,,08001,ACTIVO,2019-12-26,mario.moreno2274@example.com,3405659483
2275,NATURAL,CC,1148102951,,11001,ACTIVO,2019-12-27,elsy.lopez2275@example.com,3957357125
2276,NATURAL,CC,1246481888,,13001,ACTIVO,2019-12-28,jesus.martinez2276@example.com,3205273941
2277,NATURAL,CC,1043386115,,76001,ACTIVO,2019-12-28,manuel.barragan2277@example.com,3198872433
2278,JURIDICA,NIT,976315923,7,52001,ACTIVO,2019-12-28,contacto2278@example.com,3546436602
2279,NATURAL,CC,1183711982,,70001,ACTIVO,2019-12-30,kevin.cruz2279@example.com,3953511037
2280,JURIDICA,NIT,961954581,8,66170,ACTIVO,2019-12-30,contacto2280@example.com,3388550332
2281,NATURAL,CC,1043220386,,05001,ACTIVO,2019-12-30,edward.buitrago2281@example.com,3922519004
2282,NATURAL,CC,1280078441,,11001,ACTIVO,2019-12-30,ligia.paz2282@example.com,3353120844
2283,JURIDICA,NIT,988197937,6,76001,ACTIVO,2019-12-30,contacto2283@example.com,3883071937
2284,NATURAL,CC,1213084007,,13001,ACTIVO,2019-12-31,jose.velasco2284@example.com,3341855091
2285,NATURAL,CC,1199323181,,05001,ACTIVO,2019-12-31,samuel.moreno2285@example.com,3585123754
2286,NATURAL,CC,1023806644,,11001,ACTIVO,2020-01-01,liliana.sanchez2286@example.com,3870411169
2287,NATURAL,PA,PG2090587,,11001,ACTIVO,2020-01-01,fernando.gomez2287@example.com,3471161803
2288,NATURAL,CC,1205646550,,76109,ACTIVO,2020-01-01,ivonne.gomez2288@example.com,3598050451
2289,NATURAL,CC,1021590606,,05001,ACTIVO,2020-01-01,esther.castro2289@example.com,3049953874
2290,NATURAL,CC,1047782846,,76001,ACTIVO,2020-01-01,manuel.gonzalez2290@example.com,3210329814
2291,NATURAL,CC,1102527199,,47001,ACTIVO,2020-01-02,,3978328499
2292,NATURAL,CC,1161734534,,54001,ACTIVO,2020-01-02,fernanda.beltran2292@example.com,3255234283
2293,NATURAL,CC,1293267912,,76001,ACTIVO,2020-01-02,,3781855992
2294,JURIDICA,NIT,968251128,2,66001,ACTIVO,2020-01-02,contacto2294@example.com,3103835887
2295,NATURAL,CC,1200144501,,23001,ACTIVO,2020-01-03,milena.gonzalez2295@example.com,3627784422
2296,NATURAL,CC,1023904412,,05001,ACTIVO,2020-01-03,alejandra.leon2296@example.com,3204872591
2297,NATURAL,CC,1155936495,,95001,ACTIVO,2020-01-03,alexander.diaz2297@example.com,3260780152
2298,NATURAL,CC,1163353430,,11001,ACTIVO,2020-01-03,dahiana.diaz2298@example.com,3560464523
2299,NATURAL,CC,1015211306,,25175,ACTIVO,2020-01-04,jose.patino2299@example.com,3317906617
2300,NATURAL,CE,452954,,11001,ACTIVO,2020-01-04,carolina.barrios2300@example.com,3097245893
2301,JURIDICA,NIT,971706797,5,23001,ACTIVO,2020-01-04,contacto2301@example.com,3920295540
2302,NATURAL,CC,1299516237,,11001,ACTIVO,2020-01-04,jose.lara2302@example.com,3962217621
2303,NATURAL,CC,1226609083,,17001,ACTIVO,2020-01-04,alfredo.osorio2303@example.com,3824856679
2304,NATURAL,CC,1232817328,,41001,ACTIVO,2020-01-06,liliana.hurtado2304@example.com,3803948102
2305,JURIDICA,NIT,977354744,5,05001,ACTIVO,2020-01-06,contacto2305@example.com,3256307468
2306,NATURAL,CC,1252471454,,11001,ACTIVO,2020-01-06,,3932956721
2307,JURIDICA,NIT,973962321,7,13001,ACTIVO,2020-01-06,contacto2307@example.com,3227844983
2308,NATURAL,PPT,2232549,,08758,ACTIVO,2020-01-07,david.murcia2308@example.com,3385158113
2309,NATURAL,CC,1292989685,,13001,INACTIVO,2020-01-07,juan.caballero2309@example.com,3541731012
2310,NATURAL,CC,1138062498,,50001,ACTIVO,2020-01-07,carlos.gutierrez2310@example.com,3621472598
2311,JURIDICA,NIT,967540025,9,05001,ACTIVO,2020-01-08,contacto2311@example.com,3901551170
2312,NATURAL,CC,1290047255,,76109,ACTIVO,2020-01-08,fernando.chavez2312@example.com,3424383224
2313,JURIDICA,NIT,964822563,1,73001,ACTIVO,2020-01-10,contacto2313@example.com,3903244953
2314,JURIDICA,NIT,971914570,2,11001,ACTIVO,2020-01-10,contacto2314@example.com,3002403285
2315,JURIDICA,NIT,963559395,8,68001,ACTIVO,2020-01-13,contacto2315@example.com,3085230537
2316,NATURAL,CC,1090325845,,11001,ACTIVO,2020-01-13,alexis.giraldo2316@example.com,3015462347
2317,NATURAL,CC,1283441824,,76001,ACTIVO,2020-01-13,jesus.vanegas2317@example.com,3755277744
2318,JURIDICA,NIT,969770974,7,19001,ACTIVO,2020-01-14,contacto2318@example.com,3587839788
2319,NATURAL,CC,1234165340,,05001,ACTIVO,2020-01-14,yulieth.trujillo2319@example.com,3656859928
2320,JURIDICA,NIT,983792997,1,11001,ACTIVO,2020-01-15,contacto2320@example.com,3382195409
2321,NATURAL,CE,466429,,70001,ACTIVO,2020-01-17,carmen.munoz2321@example.com,3967593136
2322,NATURAL,CC,1051143897,,50001,ACTIVO,2020-01-18,maria.pena2322@example.com,3617643228
2323,NATURAL,CE,416124,,66170,ACTIVO,2020-01-18,veronica.garzon2323@example.com,3823689779
2324,JURIDICA,NIT,965355163,7,05088,ACTIVO,2020-01-20,contacto2324@example.com,3109160815
2325,NATURAL,CC,1030573336,,05001,ACTIVO,2020-01-20,pedro.delgado2325@example.com,3070633966
2326,NATURAL,CC,1270842238,,11001,ACTIVO,2020-01-20,,3145274377
2327,NATURAL,CC,1116950653,,76001,ACTIVO,2020-01-20,edwin.delgado2327@example.com,3604257113
2328,NATURAL,CC,1149296003,,47001,ACTIVO,2020-01-21,juan.ruiz2328@example.com,3509810165
2329,NATURAL,CC,1146510895,,76834,ACTIVO,2020-01-22,edilberto.blanco2329@example.com,3003276577
2330,NATURAL,CC,1186219726,,11001,ACTIVO,2020-01-22,mercedes.perez2330@example.com,3931448784
2331,NATURAL,CC,1283447530,,76001,ACTIVO,2020-01-22,rodrigo.aguirre2331@example.com,3487614168
2332,NATURAL,CC,1263787411,,66170,ACTIVO,2020-01-23,danilo.reyes2332@example.com,3983686152
2333,NATURAL,CC,1108656026,,11001,ACTIVO,2020-01-23,alonso.aguilar2333@example.com,3745419106
2334,NATURAL,CC,1140306691,,08001,ACTIVO,2020-01-24,tatiana.bedoya2334@example.com,3226136256
2335,NATURAL,CC,1140477789,,19001,ACTIVO,2020-01-24,alejandro.vargas2335@example.com,3002445543
2336,NATURAL,CC,1208582136,,50001,ACTIVO,2020-01-24,judith.posada2336@example.com,3138689959
2337,NATURAL,CC,1112924464,,85001,ACTIVO,2020-01-24,,3677920121
2338,NATURAL,CC,1279386341,,11001,ACTIVO,2020-01-27,jose.rengifo2338@example.com,3866006946
2339,NATURAL,CC,1065487742,,76001,ACTIVO,2020-01-27,lorena.bernal2339@example.com,3325361789
2340,NATURAL,PA,YG7512184,,76001,ACTIVO,2020-01-27,horacio.rojas2340@example.com,3808950900
2341,NATURAL,CC,1081284771,,08758,ACTIVO,2020-01-28,miguel.gomez2341@example.com,3420833916
2342,NATURAL,CC,1119850932,,19001,ACTIVO,2020-01-28,carolina.gomez2342@example.com,3448765943
2343,NATURAL,CC,1020849373,,05266,ACTIVO,2020-01-29,jhon.reyes2343@example.com,3293441414
2344,NATURAL,CC,1228167456,,11001,ACTIVO,2020-01-29,maria.rosero2344@example.com,3730055109
2345,JURIDICA,NIT,972217251,1,15238,ACTIVO,2020-01-29,contacto2345@example.com,3007485456
2346,NATURAL,CC,1041980001,,11001,ACTIVO,2020-01-30,franklin.garcia2346@example.com,3476226230
2347,NATURAL,CC,1080118776,,11001,ACTIVO,2020-01-30,andres.renteria2347@example.com,3321394942
2348,JURIDICA,NIT,969690080,4,13001,ACTIVO,2020-01-30,contacto2348@example.com,3301358302
2349,JURIDICA,NIT,968113759,9,76001,ACTIVO,2020-01-31,contacto2349@example.com,3356436419
2350,NATURAL,CC,1099607967,,05001,ACTIVO,2020-01-31,alfonso.sanchez2350@example.com,3671653239
2351,NATURAL,CC,1038418218,,11001,ACTIVO,2020-01-31,maria.carvajal2351@example.com,3648551883
2352,NATURAL,CC,1196789272,,11001,ACTIVO,2020-01-31,ernesto.salgado2352@example.com,3907111746
2353,NATURAL,CC,1293874729,,08758,ACTIVO,2020-02-01,melissa.angel2353@example.com,3006605556
2354,NATURAL,CC,1179851708,,05266,ACTIVO,2020-02-01,,3976317808
2355,NATURAL,CC,1076647788,,76001,ACTIVO,2020-02-03,ruth.angarita2355@example.com,3269044821
2356,NATURAL,CC,1049909641,,05001,ACTIVO,2020-02-03,elvia.cardenas2356@example.com,3557214828
2357,NATURAL,CC,1042280996,,17873,ACTIVO,2020-02-03,mario.ochoa2357@example.com,3259454165
2358,NATURAL,CC,1176220307,,13001,ACTIVO,2020-02-04,diego.alzate2358@example.com,3677469312
2359,NATURAL,CC,1248941732,,11001,ACTIVO,2020-02-04,hugo.franco2359@example.com,3438368629
2360,NATURAL,CE,583064,,66001,ACTIVO,2020-02-04,david.mendez2360@example.com,3884856215
2361,NATURAL,CC,1219574995,,08758,ACTIVO,2020-02-05,fernanda.franco2361@example.com,3349486626
2362,NATURAL,CC,1202809978,,05615,ACTIVO,2020-02-06,francisco.rojas2362@example.com,3088140377
2363,NATURAL,CC,1183672970,,76109,ACTIVO,2020-02-06,yulieth.londono2363@example.com,3860252266
2364,NATURAL,CC,1185198042,,17001,ACTIVO,2020-02-06,dahiana.diaz2364@example.com,3044384799
2365,NATURAL,CC,1189384000,,52001,ACTIVO,2020-02-07,stella.hoyos2365@example.com,3138080559
2366,NATURAL,CC,1090383315,,68001,ACTIVO,2020-02-07,alba.benitez2366@example.com,3277688851
2367,NATURAL,CC,1140981595,,08001,ACTIVO,2020-02-08,carlos.becerra2367@example.com,3772975169
2368,NATURAL,CC,1226581056,,05088,ACTIVO,2020-02-08,jose.gutierrez2368@example.com,3505020529
2369,NATURAL,CC,1266307172,,11001,ACTIVO,2020-02-10,jairo.diaz2369@example.com,3227697010
2370,NATURAL,CC,1225872185,,76001,ACTIVO,2020-02-10,maria.alzate2370@example.com,3343969941
2371,NATURAL,CC,1279335889,,11001,ACTIVO,2020-02-10,alejandra.lopez2371@example.com,3551999407
2372,NATURAL,CC,1078338290,,76001,ACTIVO,2020-02-10,angela.meneses2372@example.com,3499696831
2373,NATURAL,CC,1264713192,,11001,ACTIVO,2020-02-10,edwin.sanchez2373@example.com,3480114115
2374,NATURAL,CC,1059434186,,76520,ACTIVO,2020-02-10,henry.sierra2374@example.com,3126820143
2375,NATURAL,CC,1018701114,,11001,ACTIVO,2020-02-10,alexander.sierra2375@example.com,3868909152
2376,NATURAL,CC,1284684495,,76001,ACTIVO,2020-02-11,jorge.mosquera2376@example.com,3617011443
2377,JURIDICA,NIT,973176643,1,23001,ACTIVO,2020-02-11,contacto2377@example.com,3055616957
2378,NATURAL,CC,1122942883,,68001,ACTIVO,2020-02-11,juan.martinez2378@example.com,3007492272
2379,NATURAL,CC,1264673252,,41001,ACTIVO,2020-02-15,esteban.zuluaga2379@example.com,3765963815
2380,JURIDICA,NIT,969758196,4,23001,ACTIVO,2020-02-17,contacto2380@example.com,3860727851
2381,JURIDICA,NIT,972924802,2,47001,ACTIVO,2020-02-17,contacto2381@example.com,3684860597
2382,NATURAL,CC,1183879793,,66170,ACTIVO,2020-02-17,patricia.ortiz2382@example.com,3957623250
2383,NATURAL,CC,1065255658,,13001,ACTIVO,2020-02-17,lucia.vargas2383@example.com,3445148741
2384,NATURAL,CC,1253749988,,08758,ACTIVO,2020-02-17,claudia.valencia2384@example.com,3967566306
2385,NATURAL,CC,1276089585,,11001,ACTIVO,2020-02-17,guillermo.perez2385@example.com,3004515257
2386,NATURAL,CC,1215642314,,11001,ACTIVO,2020-02-18,stella.suarez2386@example.com,3480832122
2387,NATURAL,CC,1036351794,,88001,ACTIVO,2020-02-18,luis.erazo2387@example.com,3421408338
2388,NATURAL,CC,1194537747,,05088,ACTIVO,2020-02-19,mercedes.sanchez2388@example.com,3403970177
2389,NATURAL,CC,1268276833,,05088,ACTIVO,2020-02-19,johana.lopez2389@example.com,3743463056
2390,NATURAL,CC,1003875578,,63001,ACTIVO,2020-02-19,ivan.perdomo2390@example.com,3901477537
2391,JURIDICA,NIT,967318958,5,11001,ACTIVO,2020-02-20,contacto2391@example.com,3175349946
2392,NATURAL,CC,1246357989,,11001,ACTIVO,2020-02-20,carlos.medina2392@example.com,3188517631
2393,NATURAL,CC,1186867780,,08001,ACTIVO,2020-02-20,richard.padilla2393@example.com,3098315000
2394,NATURAL,CC,1278661233,,54001,ACTIVO,2020-02-21,maria.luna2394@example.com,3159374490
2395,NATURAL,CC,1020917240,,66170,ACTIVO,2020-02-21,mario.vargas2395@example.com,3049213508
2396,NATURAL,CC,1280325672,,76001,ACTIVO,2020-02-21,angela.rodriguez2396@example.com,3571575228
2397,NATURAL,CC,1195281008,,17001,ACTIVO,2020-02-22,,3663031046
2398,NATURAL,CC,1005840085,,52001,ACTIVO,2020-02-24,nubia.munoz2398@example.com,3314421266
2399,NATURAL,CC,1090165172,,05001,ACTIVO,2020-02-24,heriberto.gonzalez2399@example.com,3676273307
2400,NATURAL,CC,1148647031,,54001,ACTIVO,2020-02-25,andrea.sanchez2400@example.com,3992756978
2401,NATURAL,CC,1203619660,,70001,ACTIVO,2020-02-25,catalina.quintero2401@example.com,3673458701
2402,NATURAL,CC,1262152562,,08001,ACTIVO,2020-02-25,ignacio.diaz2402@example.com,3125729360
2403,NATURAL,CC,1276940704,,81001,ACTIVO,2020-02-25,ines.mendoza2403@example.com,3249605174
2404,NATURAL,CC,1194693984,,05360,ACTIVO,2020-02-26,luisa.correa2404@example.com,3704458007
2405,NATURAL,CC,1147825518,,76109,ACTIVO,2020-02-26,,3117111171
2406,NATURAL,CC,1152340816,,05088,ACTIVO,2020-02-27,aura.perez2406@example.com,3394914862
2407,JURIDICA,NIT,986217955,9,08758,ACTIVO,2020-02-27,contacto2407@example.com,3858553182
2408,NATURAL,CC,1040113129,,13001,ACTIVO,2020-02-27,monica.lopez2408@example.com,3144694519
2409,JURIDICA,NIT,964002725,8,11001,ACTIVO,2020-02-28,contacto2409@example.com,3378728087
2410,NATURAL,CC,1214647432,,11001,ACTIVO,2020-02-28,adriana.contreras2410@example.com,3742274446
2411,NATURAL,CC,1234569516,,11001,ACTIVO,2020-03-02,luz.torres2411@example.com,3042675490
2412,NATURAL,CC,1129897517,,54001,ACTIVO,2020-03-02,oscar.ruiz2412@example.com,3815740041
2413,NATURAL,CC,1121273991,,19001,ACTIVO,2020-03-02,rocio.alvarez2413@example.com,3651293344
2414,NATURAL,CC,1249306615,,08001,ACTIVO,2020-03-02,liliana.romero2414@example.com,3042423782
2415,NATURAL,CC,1223781410,,13001,ACTIVO,2020-03-03,martha.gonzalez2415@example.com,3733417642
2416,NATURAL,CC,1102318783,,05001,ACTIVO,2020-03-03,nestor.acosta2416@example.com,3650394879
2417,NATURAL,CC,1054014069,,54001,ACTIVO,2020-03-03,german.betancur2417@example.com,3113762152
2418,NATURAL,CC,1288940559,,76001,ACTIVO,2020-03-03,doris.castillo2418@example.com,3667689430
2419,JURIDICA,NIT,969906951,4,08758,ACTIVO,2020-03-04,contacto2419@example.com,3628874505
2420,NATURAL,CC,1264599238,,13001,ACTIVO,2020-03-04,,3358036928
2421,NATURAL,CC,1226983701,,13001,ACTIVO,2020-03-05,fernanda.fernandez2421@example.com,3744661845
2422,NATURAL,CC,1246296021,,11001,ACTIVO,2020-03-05,luis.giraldo2422@example.com,3551594478
2423,NATURAL,CC,1147937268,,11001,ACTIVO,2020-03-05,angie.nieto2423@example.com,3745559110
2424,NATURAL,CC,1173163353,,52001,ACTIVO,2020-03-06,camilo.herrera2424@example.com,3236390343
2425,NATURAL,CC,1109396605,,13001,ACTIVO,2020-03-06,efren.diaz2425@example.com,3083102982
2426,NATURAL,CC,1249748838,,76001,ACTIVO,2020-03-06,,3060235122
2427,NATURAL,CC,1202313282,,76001,ACTIVO,2020-03-07,cristina.salcedo2427@example.com,3436939330
2428,NATURAL,CC,1091932416,,08001,ACTIVO,2020-03-07,paola.gonzalez2428@example.com,3361224739
2429,NATURAL,CC,1196876151,,41001,ACTIVO,2020-03-09,carolina.montoya2429@example.com,3814977186
2430,NATURAL,CC,1265739865,,11001,ACTIVO,2020-03-09,julieth.rivera2430@example.com,3086442162
2431,JURIDICA,NIT,963720722,2,81001,ACTIVO,2020-03-09,contacto2431@example.com,3529749659
2432,NATURAL,CC,1296571786,,13001,ACTIVO,2020-03-10,marcela.buitrago2432@example.com,3787704794
2433,JURIDICA,NIT,979605986,6,76001,ACTIVO,2020-03-10,contacto2433@example.com,3614574108
2434,NATURAL,CC,1006612151,,11001,ACTIVO,2020-03-10,jenny.martinez2434@example.com,3113524212
2435,JURIDICA,NIT,979786597,1,11001,ACTIVO,2020-03-10,contacto2435@example.com,3521970521
2436,NATURAL,CC,1084434481,,05088,ACTIVO,2020-03-11,maria.reyes2436@example.com,3194335632
2437,NATURAL,CC,1105343128,,11001,ACTIVO,2020-03-11,,3777481916
2438,NATURAL,CC,1252812098,,08001,ACTIVO,2020-03-12,cristina.gomez2438@example.com,3410192028
2439,NATURAL,CE,656871,,68001,ACTIVO,2020-03-12,alberto.jaramillo2439@example.com,3039801230
2440,NATURAL,CC,1101594410,,86001,ACTIVO,2020-03-12,teresa.herrera2440@example.com,3656821876
2441,NATURAL,CC,1075053089,,11001,ACTIVO,2020-03-14,,3069781607
2442,NATURAL,CC,1275041555,,52001,ACTIVO,2020-03-16,isabel.restrepo2442@example.com,3865702103
2443,NATURAL,CC,1297862923,,50001,ACTIVO,2020-03-16,enrique.torres2443@example.com,3048642001
2444,JURIDICA,NIT,971354432,0,11001,ACTIVO,2020-03-16,contacto2444@example.com,3461740678
2445,JURIDICA,NIT,981604019,1,76520,ACTIVO,2020-03-16,contacto2445@example.com,3346045895
2446,NATURAL,CC,1242188902,,11001,ACTIVO,2020-03-16,maria.salas2446@example.com,3066940201
2447,NATURAL,CC,1068061346,,11001,ACTIVO,2020-03-16,,3363622064
2448,NATURAL,CC,1226746667,,08001,ACTIVO,2020-03-17,maria.hernandez2448@example.com,3392367886
2449,JURIDICA,NIT,982833657,6,05001,ACTIVO,2020-03-17,contacto2449@example.com,3817181764
2450,NATURAL,CC,1260816963,,11001,ACTIVO,2020-03-17,elizabeth.burbano2450@example.com,3658147901
2451,NATURAL,CC,1076649220,,11001,ACTIVO,2020-03-18,javier.hurtado2451@example.com,3570589923
2452,NATURAL,CC,1020511686,,05088,ACTIVO,2020-03-18,valentina.melo2452@example.com,3069099658
2453,NATURAL,CC,1036522808,,11001,ACTIVO,2020-03-18,daniela.hernandez2453@example.com,3290491781
2454,NATURAL,CC,1175232965,,76001,ACTIVO,2020-03-19,luis.camacho2454@example.com,3634260949
2455,NATURAL,CC,1128440807,,11001,ACTIVO,2020-03-19,hector.vallejo2455@example.com,3967122657
2456,JURIDICA,NIT,979417495,5,08758,ACTIVO,2020-03-19,contacto2456@example.com,3939432883
2457,NATURAL,CC,1179920818,,73001,ACTIVO,2020-03-20,yessica.pinzon2457@example.com,3773178907
2458,NATURAL,CC,1173876152,,11001,ACTIVO,2020-03-21,juan.cabrera2458@example.com,3490918888
2459,NATURAL,CC,1089898283,,76001,ACTIVO,2020-03-21,mario.arias2459@example.com,3028658797
2460,NATURAL,CC,1172913452,,13001,ACTIVO,2020-03-21,stella.castro2460@example.com,3174776423
2461,NATURAL,CC,1137907165,,08001,ACTIVO,2020-03-21,shirley.gomez2461@example.com,3458783245
2462,NATURAL,CC,1283109287,,05088,ACTIVO,2020-03-21,alejandro.rueda2462@example.com,3952058404
2463,NATURAL,CC,1166402882,,68276,ACTIVO,2020-03-23,diana.mosquera2463@example.com,3451581232
2464,NATURAL,CC,1206238899,,52001,ACTIVO,2020-03-23,antonio.loaiza2464@example.com,3556921902
2465,NATURAL,CC,1034413450,,11001,ACTIVO,2020-03-23,maria.sepulveda2465@example.com,3360623814
2466,NATURAL,CC,1236670070,,11001,ACTIVO,2020-03-23,maria.bernal2466@example.com,3781609095
2467,NATURAL,CC,1174655688,,11001,ACTIVO,2020-03-23,marcela.cardozo2467@example.com,3661761902
2468,NATURAL,CC,1029511362,,13001,ACTIVO,2020-03-23,elena.martinez2468@example.com,3122319424
2469,NATURAL,CC,1006756037,,13430,ACTIVO,2020-03-24,esperanza.gomez2469@example.com,3356000787
2470,NATURAL,CC,1223253933,,76001,ACTIVO,2020-03-24,jose.sandoval2470@example.com,3260719855
2471,NATURAL,CC,1282433343,,76001,ACTIVO,2020-03-25,fernando.diaz2471@example.com,3038455355
2472,NATURAL,CC,1143817738,,11001,ACTIVO,2020-03-26,hernan.morales2472@example.com,3678213874
2473,NATURAL,CC,1158853015,,76001,ACTIVO,2020-03-28,luis.ballesteros2473@example.com,3695201273
2474,NATURAL,CC,1141498156,,23001,ACTIVO,2020-03-28,,3164714330
2475,JURIDICA,NIT,963077795,1,11001,ACTIVO,2020-03-28,contacto2475@example.com,3560206052
2476,JURIDICA,NIT,977207437,1,76001,ACTIVO,2020-03-30,contacto2476@example.com,3286125664
2477,NATURAL,CC,1287971492,,68001,ACTIVO,2020-03-30,katerine.diaz2477@example.com,3164105227
2478,JURIDICA,NIT,960109606,6,11001,ACTIVO,2020-03-30,contacto2478@example.com,3817687961
2479,NATURAL,CC,1282714707,,08758,ACTIVO,2020-03-31,antonio.chavez2479@example.com,3711745395
2480,NATURAL,CC,1153661089,,63001,ACTIVO,2020-03-31,arturo.quintero2480@example.com,3954801104
2481,NATURAL,CC,1111927829,,68001,ACTIVO,2020-03-31,,3556554334
2482,NATURAL,CC,1029658350,,76001,ACTIVO,2020-04-01,monica.bejarano2482@example.com,3383720967
2483,NATURAL,CC,1256346767,,05001,ACTIVO,2020-04-01,blanca.castillo2483@example.com,3197053216
2484,NATURAL,CC,1103916914,,11001,ACTIVO,2020-04-03,claudia.forero2484@example.com,3110279346
2485,NATURAL,CC,1202499004,,08001,ACTIVO,2020-04-03,andres.molina2485@example.com,3218762144
2486,NATURAL,CC,1101723342,,11001,ACTIVO,2020-04-03,jenny.santos2486@example.com,3973093885
2487,NATURAL,CC,1237434296,,76001,ACTIVO,2020-04-03,edwin.lopez2487@example.com,3440005310
2488,NATURAL,CC,1221701311,,44001,ACTIVO,2020-04-06,rosalba.santos2488@example.com,3735094738
2489,NATURAL,CC,1243417929,,91001,ACTIVO,2020-04-06,julio.suarez2489@example.com,3358948348
2490,NATURAL,CC,1235728215,,11001,ACTIVO,2020-04-06,mabel.camacho2490@example.com,3587636577
2491,NATURAL,CC,1204343504,,76001,ACTIVO,2020-04-06,kelly.rodriguez2491@example.com,3795453494
2492,NATURAL,CC,1277094328,,50001,ACTIVO,2020-04-08,daniela.suarez2492@example.com,3082725763
2493,NATURAL,CC,1211861493,,11001,ACTIVO,2020-04-09,maria.suarez2493@example.com,3643070968
2494,NATURAL,CC,1126097706,,68001,ACTIVO,2020-04-10,patricia.vargas2494@example.com,3042904526
2495,JURIDICA,NIT,967340060,9,23001,ACTIVO,2020-04-10,contacto2495@example.com,3006239926
2496,NATURAL,CC,1221233236,,05001,ACTIVO,2020-04-13,ines.agudelo2496@example.com,3353487814
2497,NATURAL,CC,1051137023,,76001,ACTIVO,2020-04-13,luis.meza2497@example.com,3264548081
2498,NATURAL,CC,1264094130,,18001,ACTIVO,2020-04-13,aura.espitia2498@example.com,3782685331
2499,NATURAL,PA,EM5491964,,47001,ACTIVO,2020-04-13,erika.patino2499@example.com,3927078338
2500,NATURAL,CC,1274620423,,11001,ACTIVO,2020-04-13,,3468059309
2501,NATURAL,CC,1081789420,,11001,ACTIVO,2020-04-14,elias.garcia2501@example.com,3378475230
2502,NATURAL,CC,1033972123,,11001,ACTIVO,2020-04-15,carmen.salazar2502@example.com,3095700742
2503,NATURAL,CC,1128439257,,68276,ACTIVO,2020-04-15,,3625106082
2504,NATURAL,CC,1284072352,,05001,ACTIVO,2020-04-15,alonso.rodriguez2504@example.com,3653381870
2505,NATURAL,CC,1103900127,,44001,ACTIVO,2020-04-15,lida.amaya2505@example.com,3396175101
2506,JURIDICA,NIT,988747009,7,13001,ACTIVO,2020-04-16,contacto2506@example.com,3768664700
2507,JURIDICA,NIT,977443637,7,23001,ACTIVO,2020-04-16,contacto2507@example.com,3789424723
2508,NATURAL,CC,1169554678,,11001,ACTIVO,2020-04-18,oscar.castro2508@example.com,3884364178
2509,NATURAL,CE,625103,,08758,ACTIVO,2020-04-18,andrea.ochoa2509@example.com,3953533534
2510,NATURAL,CC,1088809000,,11001,ACTIVO,2020-04-20,fernando.gil2510@example.com,3690272120
2511,JURIDICA,NIT,988292992,8,05001,ACTIVO,2020-04-20,contacto2511@example.com,3927431542
2512,NATURAL,CC,1094226180,,08001,ACTIVO,2020-04-21,,3954100241
2513,NATURAL,CC,1144580863,,76001,INACTIVO,2020-04-22,maria.ramirez2513@example.com,3683684613
2514,NATURAL,CC,1296069690,,11001,ACTIVO,2020-04-23,ivan.pena2514@example.com,3657520384
2515,NATURAL,CC,1034118947,,63001,ACTIVO,2020-04-23,maria.guerra2515@example.com,3136139342
2516,NATURAL,CC,1064540820,,05615,ACTIVO,2020-04-24,diego.zapata2516@example.com,3656248513
2517,NATURAL,CC,1066273381,,13001,ACTIVO,2020-04-24,john.suarez2517@example.com,3534914739
2518,NATURAL,CC,1252116796,,11001,ACTIVO,2020-04-25,victor.prada2518@example.com,3719061167
2519,NATURAL,CC,1163443819,,76520,ACTIVO,2020-04-27,carlos.martinez2519@example.com,3024032402
2520,NATURAL,CC,1132031744,,11001,ACTIVO,2020-04-27,esperanza.torres2520@example.com,3919578087
2521,NATURAL,CC,1299941357,,11001,ACTIVO,2020-04-27,luisa.henao2521@example.com,3155321428
2522,NATURAL,CC,1298741962,,20001,ACTIVO,2020-04-27,antonio.jimenez2522@example.com,3322229349
2523,NATURAL,CC,1100425632,,11001,ACTIVO,2020-04-27,myriam.diaz2523@example.com,3586856181
2524,NATURAL,CC,1035884957,,11001,ACTIVO,2020-04-27,carmen.parra2524@example.com,3651415102
2525,NATURAL,CC,1005871245,,76834,ACTIVO,2020-04-28,luis.loaiza2525@example.com,3098307287
2526,NATURAL,CC,1157462492,,11001,ACTIVO,2020-04-29,alicia.garzon2526@example.com,3719897238
2527,JURIDICA,NIT,961601941,1,17873,ACTIVO,2020-04-29,contacto2527@example.com,3818090683
2528,NATURAL,CC,1073522087,,08001,ACTIVO,2020-05-01,manuel.giraldo2528@example.com,3654680970
2529,NATURAL,CC,1162454983,,63001,ACTIVO,2020-05-01,carlos.polo2529@example.com,3403772552
2530,NATURAL,CC,1229161654,,08758,ACTIVO,2020-05-02,milena.narvaez2530@example.com,3276935525
2531,NATURAL,CC,1209347635,,20001,ACTIVO,2020-05-04,erika.guerrero2531@example.com,3692351601
2532,JURIDICA,NIT,984097303,3,27001,ACTIVO,2020-05-04,contacto2532@example.com,3592601533
2533,NATURAL,CC,1099977446,,50001,ACTIVO,2020-05-04,james.arteaga2533@example.com,3721518335
2534,NATURAL,CC,1231242980,,13001,ACTIVO,2020-05-04,francy.ospina2534@example.com,3775350197
2535,NATURAL,CC,1173724138,,20001,ACTIVO,2020-05-05,andres.ariza2535@example.com,3590032092
2536,JURIDICA,NIT,984082101,7,63001,ACTIVO,2020-05-06,contacto2536@example.com,3631304358
2537,JURIDICA,NIT,963926736,0,52001,ACTIVO,2020-05-08,contacto2537@example.com,3392334457
2538,NATURAL,CC,1186971870,,11001,ACTIVO,2020-05-09,david.vasquez2538@example.com,3756783853
2539,NATURAL,CC,1080450691,,11001,ACTIVO,2020-05-11,,3235862557
2540,NATURAL,CC,1180213748,,11001,ACTIVO,2020-05-11,edilma.pena2540@example.com,3811014647
2541,NATURAL,CC,1045594455,,11001,ACTIVO,2020-05-11,javier.gutierrez2541@example.com,3117318631
2542,JURIDICA,NIT,962577286,6,08758,ACTIVO,2020-05-11,contacto2542@example.com,3865109341
2543,JURIDICA,NIT,962891441,7,11001,INACTIVO,2020-05-12,contacto2543@example.com,3572582689
2544,NATURAL,CC,1066516414,,81001,ACTIVO,2020-05-13,marcela.ramirez2544@example.com,3188123965
2545,NATURAL,CC,1153861519,,11001,ACTIVO,2020-05-13,eliecer.pulido2545@example.com,3759418550
2546,NATURAL,CC,1287537621,,50001,ACTIVO,2020-05-14,angela.suarez2546@example.com,3902218005
2547,JURIDICA,NIT,960903478,5,05001,ACTIVO,2020-05-14,contacto2547@example.com,3468643717
2548,NATURAL,CC,1163610068,,11001,ACTIVO,2020-05-14,lucia.vargas2548@example.com,3570290734
2549,NATURAL,CC,1212901664,,44001,ACTIVO,2020-05-14,doris.trujillo2549@example.com,3944974060
2550,NATURAL,CC,1229885822,,11001,ACTIVO,2020-05-16,luz.sanchez2550@example.com,3408417466
2551,NATURAL,CC,1139501473,,11001,ACTIVO,2020-05-16,,3185772722
2552,JURIDICA,NIT,984746822,1,11001,ACTIVO,2020-05-16,contacto2552@example.com,3802204030
2553,NATURAL,CC,1149490637,,76001,ACTIVO,2020-05-16,jesus.carrillo2553@example.com,3827830412
2554,NATURAL,CC,1298308092,,11001,ACTIVO,2020-05-16,vanesa.hernandez2554@example.com,3084486547
2555,JURIDICA,NIT,978329717,4,70001,ACTIVO,2020-05-18,contacto2555@example.com,3100425518
2556,NATURAL,CC,1143033897,,68001,ACTIVO,2020-05-18,jairo.guerra2556@example.com,3815195903
2557,NATURAL,CC,1221101790,,18001,ACTIVO,2020-05-18,camila.castellanos2557@example.com,3554536517
2558,JURIDICA,NIT,978625255,2,81001,ACTIVO,2020-05-19,contacto2558@example.com,3004059511
2559,NATURAL,CC,1026619771,,76001,ACTIVO,2020-05-19,javier.arias2559@example.com,3537671109
2560,NATURAL,CC,1184783230,,63001,ACTIVO,2020-05-19,jorge.ruiz2560@example.com,3220880491
2561,JURIDICA,NIT,985850541,3,08001,ACTIVO,2020-05-19,contacto2561@example.com,3665268797
2562,JURIDICA,NIT,973132995,1,41001,ACTIVO,2020-05-19,contacto2562@example.com,3652680531
2563,JURIDICA,NIT,971815800,7,11001,ACTIVO,2020-05-20,contacto2563@example.com,3318734646
2564,NATURAL,CC,1108061180,,11001,ACTIVO,2020-05-20,monica.murcia2564@example.com,3995281149
2565,NATURAL,CE,933886,,76001,ACTIVO,2020-05-23,junior.vallejo2565@example.com,3853338675
2566,NATURAL,CC,1133890742,,11001,ACTIVO,2020-05-25,aura.pineda2566@example.com,3628766535
2567,NATURAL,CC,1095186089,,08001,ACTIVO,2020-05-25,diego.rodriguez2567@example.com,3228418717
2568,NATURAL,CC,1083605889,,76001,ACTIVO,2020-05-25,margarita.serna2568@example.com,3954316185
2569,NATURAL,CC,1003621318,,11001,ACTIVO,2020-05-25,natalia.moreno2569@example.com,3107342309
2570,NATURAL,CC,1060019568,,11001,ACTIVO,2020-05-26,fabiola.jaimes2570@example.com,3962908395
2571,JURIDICA,NIT,966352295,0,11001,ACTIVO,2020-05-26,contacto2571@example.com,3607811072
2572,NATURAL,CC,1087703967,,11001,ACTIVO,2020-05-27,ariel.torres2572@example.com,3144255691
2573,NATURAL,CC,1192918890,,11001,ACTIVO,2020-05-28,carlos.castano2573@example.com,3192295558
2574,NATURAL,CC,1128760299,,05088,ACTIVO,2020-05-29,jairo.ariza2574@example.com,3181229643
2575,NATURAL,CC,1186733259,,11001,ACTIVO,2020-06-01,augusto.avila2575@example.com,3190276938
2576,JURIDICA,NIT,973242471,4,68276,ACTIVO,2020-06-01,contacto2576@example.com,3612243395
2577,NATURAL,CC,1242792976,,54001,ACTIVO,2020-06-01,yasmin.castillo2577@example.com,3240650831
2578,NATURAL,CC,1159815865,,47001,ACTIVO,2020-06-02,andres.cordoba2578@example.com,3500801360
2579,NATURAL,CC,1092834827,,05001,ACTIVO,2020-06-03,yohana.lopez2579@example.com,3329191332
2580,NATURAL,CC,1086724488,,50001,ACTIVO,2020-06-04,luis.garcia2580@example.com,3141131903
2581,NATURAL,CC,1247160131,,11001,ACTIVO,2020-06-05,alexander.romero2581@example.com,3619282291
2582,NATURAL,CC,1229376956,,76001,ACTIVO,2020-06-08,,3033168651
2583,NATURAL,CC,1172577059,,11001,ACTIVO,2020-06-08,katerine.gomez2583@example.com,3105730648
2584,JURIDICA,NIT,967023726,6,76001,ACTIVO,2020-06-08,contacto2584@example.com,3745901452
2585,NATURAL,CC,1063659847,,76001,ACTIVO,2020-06-08,,3336990588
2586,NATURAL,CC,1279392789,,05001,ACTIVO,2020-06-08,myriam.vasquez2586@example.com,3358047054
2587,NATURAL,CC,1180838623,,76001,ACTIVO,2020-06-09,mary.narvaez2587@example.com,3208568344
2588,NATURAL,CC,1208815573,,08758,ACTIVO,2020-06-10,alexandra.ruiz2588@example.com,3895763474
2589,NATURAL,CC,1223365938,,76001,ACTIVO,2020-06-12,fernanda.rojas2589@example.com,3640648180
2590,NATURAL,CC,1221528387,,73001,ACTIVO,2020-06-12,william.palacios2590@example.com,3145986420
2591,NATURAL,CC,1071445048,,68001,ACTIVO,2020-06-13,dina.ramos2591@example.com,3592971351
2592,JURIDICA,NIT,963040963,2,47001,ACTIVO,2020-06-15,contacto2592@example.com,3719649680
2593,NATURAL,CC,1166267265,,54001,ACTIVO,2020-06-15,valentina.sierra2593@example.com,3055196253
2594,NATURAL,CC,1219400401,,54001,ACTIVO,2020-06-15,olga.medina2594@example.com,3978127564
2595,NATURAL,CC,1011234601,,11001,ACTIVO,2020-06-15,luz.rodriguez2595@example.com,3020925832
2596,NATURAL,CC,1085033723,,54001,ACTIVO,2020-06-15,andres.gallego2596@example.com,3641557671
2597,NATURAL,CC,1055193304,,27001,ACTIVO,2020-06-15,yadira.gonzalez2597@example.com,3915975768
2598,JURIDICA,NIT,976274592,5,76001,ACTIVO,2020-06-15,contacto2598@example.com,3305780115
2599,NATURAL,CC,1198519516,,11001,ACTIVO,2020-06-15,rodolfo.lozano2599@example.com,3775079289
2600,NATURAL,CC,1023525278,,73001,ACTIVO,2020-06-16,isabel.fuentes2600@example.com,3780472316
2601,NATURAL,CC,1071110756,,11001,ACTIVO,2020-06-16,,3389976793
2602,NATURAL,CC,1247966684,,08758,ACTIVO,2020-06-16,oscar.castro2602@example.com,3371951866
2603,NATURAL,CC,1009580462,,11001,ACTIVO,2020-06-18,mary.gonzalez2603@example.com,3816620304
2604,NATURAL,CC,1239831099,,50001,ACTIVO,2020-06-18,victor.garzon2604@example.com,3288457190
2605,NATURAL,CC,1259918855,,11001,ACTIVO,2020-06-19,gloria.cantillo2605@example.com,3567456900
2606,JURIDICA,NIT,979341904,8,27001,ACTIVO,2020-06-19,contacto2606@example.com,3257518110
2607,NATURAL,CC,1072502432,,76001,ACTIVO,2020-06-19,leonardo.martinez2607@example.com,3605997220
2608,NATURAL,CC,1059055644,,11001,ACTIVO,2020-06-19,mauricio.betancur2608@example.com,3174410030
2609,NATURAL,CC,1115155803,,76001,ACTIVO,2020-06-19,tatiana.trujillo2609@example.com,3776265885
2610,NATURAL,CC,1057869814,,19001,ACTIVO,2020-06-19,flor.guzman2610@example.com,3303742389
2611,NATURAL,CC,1081659621,,11001,ACTIVO,2020-06-20,luis.angel2611@example.com,3355309494
2612,NATURAL,CC,1060492127,,11001,ACTIVO,2020-06-20,,3836952420
2613,NATURAL,CC,1201583109,,11001,ACTIVO,2020-06-20,armando.gomez2613@example.com,3448825108
2614,NATURAL,CC,1004053639,,41001,ACTIVO,2020-06-22,luz.meneses2614@example.com,3726283247
2615,NATURAL,CC,1134723355,,76001,ACTIVO,2020-06-22,,3902138209
2616,NATURAL,CC,1254066234,,11001,ACTIVO,2020-06-22,,3512339764
2617,NATURAL,CC,1147741637,,11001,ACTIVO,2020-06-22,leonel.barrera2617@example.com,3350755390
2618,NATURAL,CC,1211395353,,08001,ACTIVO,2020-06-24,diego.espitia2618@example.com,3155263176
2619,NATURAL,CC,1023452766,,23001,ACTIVO,2020-06-25,fabian.suarez2619@example.com,3640755445
2620,NATURAL,CC,1010499064,,66170,ACTIVO,2020-06-25,leonor.sepulveda2620@example.com,3630487803
2621,JURIDICA,NIT,981078052,8,11001,ACTIVO,2020-06-25,contacto2621@example.com,3879750229
2622,NATURAL,CC,1262894650,,11001,ACTIVO,2020-06-25,dayana.avila2622@example.com,3900501801
2623,JURIDICA,NIT,975313905,1,66001,ACTIVO,2020-06-25,contacto2623@example.com,3838161352
2624,NATURAL,CC,1243728675,,17001,ACTIVO,2020-06-26,brayan.moreno2624@example.com,3376667843
2625,NATURAL,CC,1272375124,,11001,ACTIVO,2020-06-27,robinson.hernandez2625@example.com,3782467203
2626,NATURAL,CC,1176069975,,11001,ACTIVO,2020-06-27,isaac.hernandez2626@example.com,3519723913
2627,NATURAL,CC,1128422576,,20001,ACTIVO,2020-06-29,leider.carvajal2627@example.com,3157351681
2628,NATURAL,CC,1196980843,,54001,ACTIVO,2020-06-29,maria.torres2628@example.com,3649287836
2629,NATURAL,CC,1014448458,,23001,ACTIVO,2020-06-29,daniel.martinez2629@example.com,3352586169
2630,NATURAL,CC,1237129740,,54001,ACTIVO,2020-06-29,maria.maldonado2630@example.com,3255384413
2631,NATURAL,CC,1063786341,,05088,ACTIVO,2020-06-29,ana.rios2631@example.com,3919782639
2632,NATURAL,CC,1122523741,,52001,ACTIVO,2020-06-29,adolfo.marin2632@example.com,3155893327
2633,NATURAL,CC,1039850981,,76001,ACTIVO,2020-06-29,juan.hernandez2633@example.com,3912270614
2634,NATURAL,CC,1140314915,,05001,ACTIVO,2020-06-29,wilson.gonzalez2634@example.com,3697078516
2635,NATURAL,CC,1264256098,,11001,ACTIVO,2020-06-30,luz.cardona2635@example.com,3189989026
2636,NATURAL,CC,1056866968,,11001,ACTIVO,2020-06-30,elena.cardenas2636@example.com,3741759005
2637,JURIDICA,NIT,963952609,3,13001,ACTIVO,2020-06-30,contacto2637@example.com,3039524975
2638,NATURAL,CC,1230483065,,76001,ACTIVO,2020-06-30,,3601912978
2639,NATURAL,CC,1148710041,,11001,ACTIVO,2020-06-30,wilson.meneses2639@example.com,3731602106
2640,NATURAL,CC,1076975682,,11001,ACTIVO,2020-07-01,edwar.diaz2640@example.com,3441328334
2641,NATURAL,PPT,7315483,,17001,ACTIVO,2020-07-02,daniela.agudelo2641@example.com,3173597010
2642,NATURAL,CC,1150338055,,08001,ACTIVO,2020-07-02,alejandro.ramirez2642@example.com,3234591204
2643,JURIDICA,NIT,970240697,1,11001,ACTIVO,2020-07-03,contacto2643@example.com,3906035605
2644,NATURAL,CC,1281221356,,68276,ACTIVO,2020-07-04,angie.vasquez2644@example.com,3366038023
2645,NATURAL,CC,1256480534,,25175,ACTIVO,2020-07-04,gerardo.cortes2645@example.com,3507383084
2646,NATURAL,CC,1087602531,,11001,ACTIVO,2020-07-04,alejandra.navarro2646@example.com,3814051507
2647,NATURAL,CC,1257563679,,44001,ACTIVO,2020-07-06,rosa.mejia2647@example.com,3454875331
2648,NATURAL,CC,1156634495,,41001,ACTIVO,2020-07-07,esteban.nino2648@example.com,3673475989
2649,NATURAL,CC,1124055217,,05001,ACTIVO,2020-07-07,lilia.torres2649@example.com,3785440195
2650,JURIDICA,NIT,962804154,7,13001,ACTIVO,2020-07-07,contacto2650@example.com,3052880333
2651,NATURAL,CC,1155054887,,50001,ACTIVO,2020-07-08,alberto.cruz2651@example.com,3443937643
2652,NATURAL,CC,1261130463,,76001,ACTIVO,2020-07-08,amanda.alvarez2652@example.com,3329262117
2653,NATURAL,CC,1108156292,,11001,ACTIVO,2020-07-08,ines.sierra2653@example.com,3222628858
2654,NATURAL,PPT,8700621,,08001,ACTIVO,2020-07-09,rafael.beltran2654@example.com,3171880658
2655,NATURAL,CC,1204555734,,05266,ACTIVO,2020-07-10,julio.bastidas2655@example.com,3977072303
2656,NATURAL,CC,1182067321,,76520,ACTIVO,2020-07-10,diego.ariza2656@example.com,3685646897
2657,NATURAL,CC,1273702692,,76001,ACTIVO,2020-07-10,lidia.mercado2657@example.com,3897371156
2658,NATURAL,CC,1289174013,,13001,ACTIVO,2020-07-10,federico.beltran2658@example.com,3114789625
2659,JURIDICA,NIT,963790109,6,05001,ACTIVO,2020-07-11,contacto2659@example.com,3098448344
2660,JURIDICA,NIT,978528589,1,11001,ACTIVO,2020-07-11,contacto2660@example.com,3812680249
2661,NATURAL,CC,1157396813,,11001,ACTIVO,2020-07-13,sebastian.serrano2661@example.com,3138528106
2662,JURIDICA,NIT,969159964,4,11001,ACTIVO,2020-07-13,contacto2662@example.com,3925409222
2663,NATURAL,CC,1055652909,,50001,ACTIVO,2020-07-13,paula.cortes2663@example.com,3299682974
2664,NATURAL,CC,1268429406,,11001,INACTIVO,2020-07-13,maria.jaimes2664@example.com,3097444555
2665,NATURAL,CC,1108848950,,47001,ACTIVO,2020-07-13,mary.rodriguez2665@example.com,3625739630
2666,NATURAL,CC,1019144680,,44001,ACTIVO,2020-07-13,adriana.mosquera2666@example.com,3938698989
2667,NATURAL,CC,1258685672,,11001,ACTIVO,2020-07-13,efrain.melo2667@example.com,3695161782
2668,NATURAL,CC,1106301555,,13001,ACTIVO,2020-07-14,emilio.rosero2668@example.com,3170965578
2669,NATURAL,CC,1160474908,,11001,ACTIVO,2020-07-14,monica.moreno2669@example.com,3739215688
2670,NATURAL,CC,1122797666,,76001,ACTIVO,2020-07-14,andrea.sanchez2670@example.com,3749498898
2671,NATURAL,CC,1227137209,,05001,ACTIVO,2020-07-14,dolly.ramirez2671@example.com,3519722652
2672,NATURAL,CE,813010,,76001,ACTIVO,2020-07-14,fernando.correa2672@example.com,3461545689
2673,NATURAL,CC,1096245536,,11001,ACTIVO,2020-07-15,patricia.cruz2673@example.com,3068066803
2674,NATURAL,CC,1058871474,,23001,ACTIVO,2020-07-15,orlando.manrique2674@example.com,3982820817
2675,NATURAL,CC,1175259592,,11001,ACTIVO,2020-07-16,rosa.ospina2675@example.com,3313349406
2676,NATURAL,CC,1165278103,,52001,ACTIVO,2020-07-16,julio.medina2676@example.com,3804777805
2677,JURIDICA,NIT,988696150,8,76001,ACTIVO,2020-07-16,contacto2677@example.com,3805574442
2678,NATURAL,CC,1111266555,,13001,ACTIVO,2020-07-16,marcela.bohorquez2678@example.com,3521057099
2679,NATURAL,CC,1024523165,,73001,ACTIVO,2020-07-17,jose.quintero2679@example.com,3715976101
2680,NATURAL,CC,1054295019,,11001,ACTIVO,2020-07-17,ofelia.escobar2680@example.com,3427341104
2681,NATURAL,CC,1146934068,,11001,ACTIVO,2020-07-18,alberto.mendez2681@example.com,3486720025
2682,NATURAL,CC,1028797811,,68276,ACTIVO,2020-07-18,rocio.gomez2682@example.com,3410915702
2683,NATURAL,CC,1160084680,,41001,ACTIVO,2020-07-18,maritza.patino2683@example.com,3040268887
2684,NATURAL,CC,1006327947,,11001,ACTIVO,2020-07-18,,3290696069
2685,NATURAL,CC,1013028830,,50001,ACTIVO,2020-07-20,jenny.arias2685@example.com,3091574152
2686,NATURAL,CC,1136550499,,44001,ACTIVO,2020-07-21,amanda.benitez2686@example.com,3040530817
2687,NATURAL,CC,1237670374,,11001,ACTIVO,2020-07-22,hector.mosquera2687@example.com,3974550777
2688,NATURAL,CC,1105911251,,05001,ACTIVO,2020-07-23,delia.rojas2688@example.com,3697354810
2689,NATURAL,CC,1147870335,,20001,ACTIVO,2020-07-24,edith.caicedo2689@example.com,3722741409
2690,NATURAL,CC,1042583690,,05001,ACTIVO,2020-07-24,elkin.arango2690@example.com,3449333816
2691,NATURAL,CC,1189696594,,08001,ACTIVO,2020-07-25,amanda.salamanca2691@example.com,3447693908
2692,NATURAL,CC,1083646005,,11001,ACTIVO,2020-07-25,sandra.perez2692@example.com,3223089558
2693,NATURAL,CC,1057864283,,11001,ACTIVO,2020-07-25,laura.rodriguez2693@example.com,3972474743
2694,NATURAL,CC,1284545981,,05088,ACTIVO,2020-07-25,andres.rodriguez2694@example.com,3829120655
2695,NATURAL,CC,1024043184,,11001,ACTIVO,2020-07-25,oscar.camargo2695@example.com,3662743935
2696,NATURAL,CC,1051142519,,11001,ACTIVO,2020-07-27,valentina.orozco2696@example.com,3116324241
2697,JURIDICA,NIT,963435409,1,11001,ACTIVO,2020-07-27,contacto2697@example.com,3521779664
2698,JURIDICA,NIT,969983834,9,23001,ACTIVO,2020-07-27,contacto2698@example.com,3308468699
2699,NATURAL,CC,1093644446,,05615,ACTIVO,2020-07-27,jesus.ortega2699@example.com,3838222797
2700,NATURAL,CC,1027986718,,76001,ACTIVO,2020-07-27,luis.rodriguez2700@example.com,3376206563
2701,NATURAL,CC,1191423772,,27001,ACTIVO,2020-07-27,mery.palacios2701@example.com,3397747122
2702,JURIDICA,NIT,978001525,8,76001,ACTIVO,2020-07-28,contacto2702@example.com,3536591387
2703,JURIDICA,NIT,968644510,0,52001,ACTIVO,2020-07-28,contacto2703@example.com,3114160795
2704,NATURAL,CE,490783,,73001,ACTIVO,2020-07-28,carlos.zambrano2704@example.com,3295243350
2705,JURIDICA,NIT,963368363,2,13430,ACTIVO,2020-07-29,contacto2705@example.com,3909859690
2706,NATURAL,CC,1151579973,,68276,ACTIVO,2020-07-29,alberto.loaiza2706@example.com,3763347213
2707,NATURAL,CC,1235596479,,05615,ACTIVO,2020-07-29,juan.montoya2707@example.com,3622889977
2708,NATURAL,CC,1040724371,,52001,ACTIVO,2020-07-30,rosa.rodriguez2708@example.com,3825785711
2709,NATURAL,CC,1191640935,,44001,ACTIVO,2020-07-30,jimmy.mejia2709@example.com,3956925851
2710,NATURAL,CC,1012124357,,11001,ACTIVO,2020-07-31,bertha.lopez2710@example.com,3230301486
2711,NATURAL,CC,1117336856,,23001,ACTIVO,2020-07-31,elvia.campo2711@example.com,3123212462
2712,NATURAL,CC,1003072273,,11001,ACTIVO,2020-07-31,alexis.camargo2712@example.com,3459677820
2713,NATURAL,CC,1263082990,,05088,ACTIVO,2020-08-03,jose.rojas2713@example.com,3124127492
2714,NATURAL,CC,1174662033,,11001,ACTIVO,2020-08-03,carlos.vargas2714@example.com,3688048180
2715,NATURAL,CC,1247080879,,08001,ACTIVO,2020-08-03,francy.suarez2715@example.com,3185351757
2716,NATURAL,CC,1121862570,,17001,ACTIVO,2020-08-03,enrique.vargas2716@example.com,3841116443
2717,NATURAL,CC,1060722934,,11001,ACTIVO,2020-08-04,miguel.barrios2717@example.com,3877477263
2718,NATURAL,CC,1292972971,,08001,ACTIVO,2020-08-05,antonio.rojas2718@example.com,3205763192
2719,NATURAL,CC,1052240537,,70001,ACTIVO,2020-08-05,david.gonzalez2719@example.com,3145810907
2720,NATURAL,CC,1161351904,,11001,ACTIVO,2020-08-05,nelly.blanco2720@example.com,3693397849
2721,NATURAL,CC,1237231919,,76001,ACTIVO,2020-08-06,rosa.torres2721@example.com,3353963879
2722,NATURAL,CC,1020478519,,08001,ACTIVO,2020-08-06,alejandro.gonzalez2722@example.com,3054483325
2723,NATURAL,CC,1031670356,,13430,ACTIVO,2020-08-06,fredy.melo2723@example.com,3466599701
2724,NATURAL,CC,1003344517,,11001,ACTIVO,2020-08-06,judith.morales2724@example.com,3301419341
2725,NATURAL,CC,1183087541,,11001,ACTIVO,2020-08-06,jose.ortega2725@example.com,3819632646
2726,NATURAL,CC,1185438212,,76001,ACTIVO,2020-08-07,maria.ojeda2726@example.com,3247141537
2727,NATURAL,CC,1212328001,,08001,ACTIVO,2020-08-07,segundo.ortiz2727@example.com,3709134660
2728,NATURAL,CC,1057441840,,11001,ACTIVO,2020-08-07,gabriel.rincon2728@example.com,3368605829
2729,NATURAL,PPT,8447557,,73001,ACTIVO,2020-08-08,david.molina2729@example.com,3703811848
2730,NATURAL,CC,1027478721,,11001,ACTIVO,2020-08-08,lilia.martinez2730@example.com,3174614714
2731,NATURAL,CC,1222751649,,41001,ACTIVO,2020-08-08,miguel.martinez2731@example.com,3722148357
2732,NATURAL,CC,1119422615,,05001,ACTIVO,2020-08-08,carlos.monroy2732@example.com,3275240808
2733,NATURAL,CC,1129482398,,25269,ACTIVO,2020-08-08,fernando.gomez2733@example.com,3397387754
2734,NATURAL,CC,1070157683,,11001,ACTIVO,2020-08-10,maria.medina2734@example.com,3141352618
2735,NATURAL,CC,1250602688,,50001,ACTIVO,2020-08-10,alejandra.hernandez2735@example.com,3042697306
2736,JURIDICA,NIT,974813649,2,27001,ACTIVO,2020-08-10,contacto2736@example.com,3431620853
2737,NATURAL,CC,1112484773,,05001,ACTIVO,2020-08-10,andres.romero2737@example.com,3895577626
2738,NATURAL,CC,1062105633,,11001,ACTIVO,2020-08-10,marina.mora2738@example.com,3202889848
2739,NATURAL,CC,1050747088,,08001,ACTIVO,2020-08-10,luis.ruiz2739@example.com,3271383706
2740,NATURAL,CC,1228082063,,11001,ACTIVO,2020-08-11,karen.suarez2740@example.com,3212936135
2741,NATURAL,CC,1162142709,,05001,ACTIVO,2020-08-11,yuri.meneses2741@example.com,3463623744
2742,NATURAL,CC,1252857623,,11001,ACTIVO,2020-08-11,laura.sanabria2742@example.com,3610689474
2743,NATURAL,CC,1120467768,,11001,ACTIVO,2020-08-12,betty.gomez2743@example.com,3206734840
2744,NATURAL,CC,1299417381,,05001,ACTIVO,2020-08-12,elizabeth.garcia2744@example.com,3051806626
2745,NATURAL,CC,1244662674,,76001,ACTIVO,2020-08-13,mauricio.nieto2745@example.com,3209252302
2746,NATURAL,CC,1164339008,,54001,ACTIVO,2020-08-13,mario.mendez2746@example.com,3212765325
2747,JURIDICA,NIT,960326072,3,52001,ACTIVO,2020-08-15,contacto2747@example.com,3445359625
2748,NATURAL,CC,1295480737,,11001,ACTIVO,2020-08-15,augusto.gonzalez2748@example.com,3609993201
2749,JURIDICA,NIT,972153347,3,11001,ACTIVO,2020-08-17,contacto2749@example.com,3403968738
2750,NATURAL,CC,1117182256,,85001,ACTIVO,2020-08-17,yolanda.moreno2750@example.com,3328237509
2751,NATURAL,CC,1241264641,,08758,ACTIVO,2020-08-18,maria.ruiz2751@example.com,3892092239
2752,NATURAL,CC,1068856212,,08001,ACTIVO,2020-08-18,maria.montoya2752@example.com,3342944755
2753,NATURAL,CC,1102189606,,76109,ACTIVO,2020-08-20,jose.gonzalez2753@example.com,3212326339
2754,NATURAL,CC,1079983796,,11001,ACTIVO,2020-08-21,leider.castillo2754@example.com,3010423234
2755,NATURAL,CC,1144861089,,08001,ACTIVO,2020-08-21,edith.pena2755@example.com,3249428838
2756,NATURAL,CE,219990,,76001,ACTIVO,2020-08-21,maria.florez2756@example.com,3273385390
2757,JURIDICA,NIT,989677673,0,05001,ACTIVO,2020-08-21,contacto2757@example.com,3864106066
2758,NATURAL,CC,1226933769,,47001,ACTIVO,2020-08-21,sofia.bermudez2758@example.com,3719792610
2759,NATURAL,CC,1276385998,,76109,ACTIVO,2020-08-24,marina.torres2759@example.com,3078874760
2760,NATURAL,CC,1195534673,,52001,ACTIVO,2020-08-25,rosa.ortiz2760@example.com,3559218395
2761,NATURAL,CC,1091851266,,11001,ACTIVO,2020-08-27,jairo.molina2761@example.com,3662734552
2762,NATURAL,CC,1002448376,,25269,ACTIVO,2020-08-28,gabriel.hoyos2762@example.com,3496529633
2763,NATURAL,CC,1062748073,,18001,ACTIVO,2020-08-29,luz.hoyos2763@example.com,3619482593
2764,JURIDICA,NIT,964545554,5,13001,ACTIVO,2020-08-29,contacto2764@example.com,3306043556
2765,NATURAL,CC,1263995564,,13001,ACTIVO,2020-08-31,vanessa.jimenez2765@example.com,3736868405
2766,NATURAL,CC,1041127653,,11001,ACTIVO,2020-08-31,,3123995766
2767,NATURAL,CC,1070709883,,11001,ACTIVO,2020-09-01,david.lozano2767@example.com,3514755110
2768,NATURAL,CC,1112431338,,19001,ACTIVO,2020-09-02,patricia.bejarano2768@example.com,3017252099
2769,NATURAL,CC,1249480914,,76001,ACTIVO,2020-09-02,esperanza.caceres2769@example.com,3795996889
2770,JURIDICA,NIT,986696003,6,11001,ACTIVO,2020-09-03,contacto2770@example.com,3186436908
2771,NATURAL,CC,1254568794,,08001,ACTIVO,2020-09-03,cesar.gomez2771@example.com,3176297586
2772,NATURAL,CC,1163902819,,05001,ACTIVO,2020-09-03,marisol.triana2772@example.com,3783970965
2773,NATURAL,CC,1262381125,,08001,ACTIVO,2020-09-03,luis.diaz2773@example.com,3388733334
2774,NATURAL,CC,1251804396,,11001,ACTIVO,2020-09-03,lucia.narvaez2774@example.com,3003624564
2775,NATURAL,CC,1144470624,,25269,ACTIVO,2020-09-03,elizabeth.riascos2775@example.com,3519941538
2776,NATURAL,CC,1159320327,,47001,ACTIVO,2020-09-04,javier.ruiz2776@example.com,3205254062
2777,NATURAL,CC,1215189369,,63001,ACTIVO,2020-09-04,manuel.barrera2777@example.com,3644437419
2778,NATURAL,CC,1088179803,,15238,ACTIVO,2020-09-04,catalina.giraldo2778@example.com,3858810610
2779,NATURAL,CC,1106384603,,63001,ACTIVO,2020-09-05,rocio.morales2779@example.com,3516612665
2780,NATURAL,CE,771615,,11001,ACTIVO,2020-09-05,juan.ocampo2780@example.com,3948126333
2781,NATURAL,CC,1027990765,,66170,ACTIVO,2020-09-07,magnolia.molina2781@example.com,3307826659
2782,JURIDICA,NIT,980944886,5,17001,ACTIVO,2020-09-07,contacto2782@example.com,3431648220
2783,NATURAL,CC,1054756198,,11001,ACTIVO,2020-09-07,arley.pedraza2783@example.com,3070467164
2784,NATURAL,CC,1059960510,,76001,ACTIVO,2020-09-08,consuelo.giraldo2784@example.com,3089518283
2785,NATURAL,CC,1197933086,,11001,ACTIVO,2020-09-08,,3967727335
2786,NATURAL,CC,1195968512,,68276,ACTIVO,2020-09-08,cristian.ramirez2786@example.com,3450851650
2787,JURIDICA,NIT,975444259,3,20001,ACTIVO,2020-09-09,contacto2787@example.com,3644101967
2788,NATURAL,CC,1271422405,,13001,ACTIVO,2020-09-09,david.diaz2788@example.com,3602109744
2789,NATURAL,CC,1028280032,,41001,ACTIVO,2020-09-09,,3099466770
2790,JURIDICA,NIT,984769852,1,11001,ACTIVO,2020-09-10,contacto2790@example.com,3218886951
2791,NATURAL,CC,1004695363,,05001,ACTIVO,2020-09-10,karina.garces2791@example.com,3847623155
2792,NATURAL,CC,1026390111,,08001,ACTIVO,2020-09-12,olga.lopez2792@example.com,3309631291
2793,NATURAL,CC,1008541034,,76520,ACTIVO,2020-09-12,leidy.cano2793@example.com,3977448702
2794,JURIDICA,NIT,966413030,9,08001,ACTIVO,2020-09-12,contacto2794@example.com,3800090945
2795,NATURAL,CC,1055253744,,95001,ACTIVO,2020-09-12,daniel.santos2795@example.com,3788721542
2796,NATURAL,CC,1203301324,,50001,ACTIVO,2020-09-12,marleny.garces2796@example.com,3666525642
2797,NATURAL,CC,1027470736,,08001,ACTIVO,2020-09-14,alberto.arias2797@example.com,3802855702
2798,NATURAL,CE,611220,,11001,ACTIVO,2020-09-14,marina.mejia2798@example.com,3955048331
2799,NATURAL,CC,1224513950,,17001,ACTIVO,2020-09-14,felipe.burbano2799@example.com,3722705081
2800,NATURAL,CE,758694,,66001,ACTIVO,2020-09-14,cristina.correa2800@example.com,3871254544
2801,NATURAL,CC,1103842490,,08001,ACTIVO,2020-09-14,alba.castillo2801@example.com,3206735955
2802,NATURAL,CC,1166979550,,05001,ACTIVO,2020-09-14,eder.avila2802@example.com,3845839073
2803,NATURAL,CC,1167630292,,23001,ACTIVO,2020-09-14,,3297934611
2804,NATURAL,CC,1091350372,,11001,INACTIVO,2020-09-15,rafael.hernandez2804@example.com,3030203473
2805,JURIDICA,NIT,963743902,0,05001,ACTIVO,2020-09-15,contacto2805@example.com,3504499661
2806,NATURAL,CC,1166160585,,15238,ACTIVO,2020-09-15,vicente.garcia2806@example.com,3533010298
2807,NATURAL,CC,1247307243,,11001,ACTIVO,2020-09-16,lida.sanchez2807@example.com,3373588699
2808,NATURAL,CC,1146562372,,76001,ACTIVO,2020-09-16,betty.ardila2808@example.com,3855324926
2809,NATURAL,CC,1178959895,,25269,ACTIVO,2020-09-16,joel.torres2809@example.com,3241038551
2810,NATURAL,CC,1292273694,,08001,ACTIVO,2020-09-17,angie.polo2810@example.com,3484214401
2811,NATURAL,CC,1205954332,,76001,ACTIVO,2020-09-17,lizeth.perea2811@example.com,3721188149
2812,NATURAL,CC,1254638872,,11001,ACTIVO,2020-09-17,esteban.ortega2812@example.com,3509380549
2813,NATURAL,CC,1217286121,,68276,ACTIVO,2020-09-17,maria.salcedo2813@example.com,3057921583
2814,NATURAL,CC,1151166075,,11001,ACTIVO,2020-09-18,miriam.ramirez2814@example.com,3483611173
2815,JURIDICA,NIT,988352595,5,05615,ACTIVO,2020-09-18,contacto2815@example.com,3571780713
2816,JURIDICA,NIT,966701492,3,63001,ACTIVO,2020-09-21,contacto2816@example.com,3414169320
2817,NATURAL,CC,1021482445,,05615,ACTIVO,2020-09-21,jorge.acosta2817@example.com,3098870118
2818,NATURAL,PPT,5876512,,18001,ACTIVO,2020-09-21,valentina.londono2818@example.com,3250406874
2819,NATURAL,CC,1104209206,,50001,ACTIVO,2020-09-21,beatriz.castro2819@example.com,3212820343
2820,NATURAL,CC,1082291998,,50001,ACTIVO,2020-09-21,estela.gaviria2820@example.com,3783331678
2821,NATURAL,CC,1094210459,,25126,ACTIVO,2020-09-22,jesus.lopez2821@example.com,3157735792
2822,NATURAL,CC,1286148621,,68276,INACTIVO,2020-09-22,candelaria.gomez2822@example.com,3618954275
2823,NATURAL,CC,1093860090,,76001,ACTIVO,2020-09-23,marlon.correa2823@example.com,3781973630
2824,JURIDICA,NIT,981382673,4,11001,ACTIVO,2020-09-24,contacto2824@example.com,3073706410
2825,JURIDICA,NIT,977151099,0,11001,ACTIVO,2020-09-24,contacto2825@example.com,3115374898
2826,JURIDICA,NIT,984699848,9,76109,ACTIVO,2020-09-24,contacto2826@example.com,3714049268
2827,NATURAL,CC,1280545653,,05001,ACTIVO,2020-09-24,,3555659265
2828,JURIDICA,NIT,977760858,7,11001,ACTIVO,2020-09-24,contacto2828@example.com,3173521589
2829,NATURAL,CC,1146923553,,08001,ACTIVO,2020-09-24,edith.garcia2829@example.com,3913727064
2830,NATURAL,CC,1100800895,,11001,ACTIVO,2020-09-25,carlos.salas2830@example.com,3303687803
2831,NATURAL,CC,1113873333,,08001,ACTIVO,2020-09-25,maria.cruz2831@example.com,3765084743
2832,NATURAL,CC,1138246757,,05001,ACTIVO,2020-09-26,elias.meza2832@example.com,3806920961
2833,NATURAL,CC,1071299544,,11001,ACTIVO,2020-09-26,luisa.lopez2833@example.com,3963661014
2834,JURIDICA,NIT,965908427,0,11001,ACTIVO,2020-09-26,contacto2834@example.com,3838116151
2835,JURIDICA,NIT,971640718,8,08001,ACTIVO,2020-09-28,contacto2835@example.com,3926671573
2836,NATURAL,CC,1032624514,,08001,ACTIVO,2020-09-28,antonio.rodriguez2836@example.com,3928041685
2837,NATURAL,CC,1012167012,,08001,ACTIVO,2020-09-28,marcela.martinez2837@example.com,3500918618
2838,NATURAL,CC,1188526359,,13001,ACTIVO,2020-09-29,nancy.gonzalez2838@example.com,3985240880
2839,NATURAL,CC,1005916900,,11001,ACTIVO,2020-09-29,,3670871198
2840,NATURAL,CC,1121359423,,13430,ACTIVO,2020-09-30,karen.medina2840@example.com,3590122743
2841,NATURAL,PPT,3986031,,08001,ACTIVO,2020-10-01,diego.valencia2841@example.com,3414180078
2842,NATURAL,PPT,6360125,,76520,ACTIVO,2020-10-01,marina.henao2842@example.com,3704917743
2843,NATURAL,CC,1253623965,,05001,ACTIVO,2020-10-01,diana.diaz2843@example.com,3540281024
2844,NATURAL,CC,1227990994,,76001,ACTIVO,2020-10-03,beatriz.jaimes2844@example.com,3664453903
2845,NATURAL,CC,1016270605,,05001,ACTIVO,2020-10-05,,3467999566
2846,NATURAL,CC,1122346097,,13001,ACTIVO,2020-10-05,liliana.betancur2846@example.com,3548371519
2847,NATURAL,CC,1027302878,,52001,ACTIVO,2020-10-05,luz.guzman2847@example.com,3361894146
2848,NATURAL,CC,1297664151,,11001,ACTIVO,2020-10-06,andrea.cortes2848@example.com,3772154673
2849,NATURAL,CC,1150091795,,11001,ACTIVO,2020-10-07,sonia.ariza2849@example.com,3003390809
2850,NATURAL,CC,1150976731,,11001,ACTIVO,2020-10-08,antonio.rosero2850@example.com,3923232957
2851,NATURAL,CC,1037284008,,11001,ACTIVO,2020-10-09,maria.sanchez2851@example.com,3092484714
2852,NATURAL,CC,1160002999,,47001,ACTIVO,2020-10-09,enrique.romero2852@example.com,3626500921
2853,NATURAL,CC,1189783644,,68001,ACTIVO,2020-10-09,,3244581896
2854,NATURAL,CC,1165341051,,15001,ACTIVO,2020-10-09,maria.cardenas2854@example.com,3097607525
2855,NATURAL,CC,1104933016,,47001,ACTIVO,2020-10-10,javier.quintero2855@example.com,3081368866
2856,NATURAL,CC,1265239801,,13001,ACTIVO,2020-10-12,rubiela.arevalo2856@example.com,3825487457
2857,NATURAL,CC,1143800433,,11001,ACTIVO,2020-10-13,maria.salazar2857@example.com,3076026037
2858,NATURAL,CC,1295861039,,11001,ACTIVO,2020-10-14,mauricio.gutierrez2858@example.com,3599218958
2859,NATURAL,CC,1172920402,,54001,ACTIVO,2020-10-14,lady.henao2859@example.com,3651789566
2860,JURIDICA,NIT,987436656,4,05001,ACTIVO,2020-10-15,contacto2860@example.com,3512586473
2861,NATURAL,CC,1052637681,,11001,ACTIVO,2020-10-16,alexandra.nino2861@example.com,3252363362
2862,NATURAL,CC,1214020804,,11001,ACTIVO,2020-10-17,ana.lopez2862@example.com,3737651061
2863,NATURAL,CC,1133577370,,08001,ACTIVO,2020-10-17,rosalba.medina2863@example.com,3138183821
2864,JURIDICA,NIT,971574257,1,11001,ACTIVO,2020-10-17,contacto2864@example.com,3010680891
2865,NATURAL,CC,1056019885,,11001,ACTIVO,2020-10-19,fernando.lopez2865@example.com,3838851443
2866,NATURAL,CC,1168510291,,11001,INACTIVO,2020-10-19,jose.ramos2866@example.com,3612283566
2867,NATURAL,CC,1035760663,,76001,ACTIVO,2020-10-20,patricia.ortega2867@example.com,3581952673
2868,NATURAL,CC,1093033673,,05088,ACTIVO,2020-10-20,james.pacheco2868@example.com,3167710276
2869,NATURAL,CC,1228228229,,76834,ACTIVO,2020-10-21,,3603880299
2870,NATURAL,CC,1101886339,,11001,ACTIVO,2020-10-21,maria.sanchez2870@example.com,3258962952
2871,NATURAL,CC,1056821589,,54001,ACTIVO,2020-10-21,giovanni.rojas2871@example.com,3147171768
2872,NATURAL,CC,1071357293,,11001,ACTIVO,2020-10-21,alba.ospina2872@example.com,3452416699
2873,NATURAL,CC,1290808527,,76834,ACTIVO,2020-10-22,antonio.morales2873@example.com,3435340114
2874,JURIDICA,NIT,961070872,1,19001,ACTIVO,2020-10-22,contacto2874@example.com,3069329697
2875,NATURAL,CC,1293815964,,11001,ACTIVO,2020-10-22,juan.portilla2875@example.com,3423380243
2876,NATURAL,CC,1001387716,,11001,ACTIVO,2020-10-22,juan.prieto2876@example.com,3802548766
2877,NATURAL,CC,1294411600,,76520,ACTIVO,2020-10-23,mayra.medina2877@example.com,3089472218
2878,NATURAL,CC,1241592774,,11001,ACTIVO,2020-10-24,eduard.zapata2878@example.com,3057099285
2879,JURIDICA,NIT,976629594,5,11001,ACTIVO,2020-10-26,contacto2879@example.com,3227413999
2880,NATURAL,CC,1176238509,,76001,ACTIVO,2020-10-26,nancy.molina2880@example.com,3142237421
2881,NATURAL,CC,1260657145,,11001,ACTIVO,2020-10-26,ximena.sanchez2881@example.com,3409692246
2882,JURIDICA,NIT,961932749,3,11001,ACTIVO,2020-10-27,contacto2882@example.com,3522352245
2883,NATURAL,PPT,8155314,,08001,ACTIVO,2020-10-27,maria.cordoba2883@example.com,3414730853
2884,NATURAL,CC,1190143462,,25175,ACTIVO,2020-10-27,jimmy.herrera2884@example.com,3610772462
2885,JURIDICA,NIT,962098784,7,23001,ACTIVO,2020-10-28,contacto2885@example.com,3140615750
2886,NATURAL,CC,1149070207,,73001,ACTIVO,2020-10-28,hernando.cuellar2886@example.com,3214833539
2887,NATURAL,CC,1273103254,,11001,ACTIVO,2020-10-28,martha.salcedo2887@example.com,3925683117
2888,NATURAL,CC,1015877505,,17873,ACTIVO,2020-10-28,olga.cantillo2888@example.com,3160140332
2889,NATURAL,CC,1158871647,,54001,ACTIVO,2020-10-28,,3972505495
2890,NATURAL,CC,1046988315,,44001,ACTIVO,2020-10-29,margarita.montenegro2890@example.com,3279734922
2891,NATURAL,CC,1248030701,,13001,ACTIVO,2020-10-31,,3408403400
2892,JURIDICA,NIT,987934091,1,15001,ACTIVO,2020-10-31,contacto2892@example.com,3714776469
2893,NATURAL,CC,1296501048,,68001,ACTIVO,2020-11-02,oscar.campo2893@example.com,3331195445
2894,NATURAL,CC,1237782136,,76001,ACTIVO,2020-11-03,david.rosero2894@example.com,3067489661
2895,NATURAL,CC,1174142679,,11001,ACTIVO,2020-11-03,yeny.contreras2895@example.com,3018863463
2896,NATURAL,CC,1155545065,,47001,ACTIVO,2020-11-03,,3156055354
2897,NATURAL,CC,1201906918,,52001,ACTIVO,2020-11-03,yenny.escobar2897@example.com,3223148075
2898,NATURAL,CC,1010674902,,25126,ACTIVO,2020-11-04,gustavo.narvaez2898@example.com,3324584931
2899,NATURAL,CC,1149859421,,20001,ACTIVO,2020-11-04,enrique.ramirez2899@example.com,3646958070
2900,NATURAL,CC,1031130488,,50001,ACTIVO,2020-11-07,jairo.sierra2900@example.com,3067762995
2901,NATURAL,CC,1211304747,,05360,ACTIVO,2020-11-09,gregorio.jaramillo2901@example.com,3036498355
2902,NATURAL,CC,1183784831,,13430,ACTIVO,2020-11-09,carlos.ramirez2902@example.com,3472818869
2903,NATURAL,CC,1086866716,,11001,ACTIVO,2020-11-09,,3838547750
2904,NATURAL,CC,1015715619,,05001,ACTIVO,2020-11-09,marta.ruiz2904@example.com,3755858847
2905,NATURAL,CC,1264208041,,41001,ACTIVO,2020-11-09,pablo.calderon2905@example.com,3836324087
2906,NATURAL,CC,1160431957,,76109,ACTIVO,2020-11-09,,3895029511
2907,NATURAL,CC,1189355543,,05088,ACTIVO,2020-11-10,sebastian.jimenez2907@example.com,3175665874
2908,NATURAL,CC,1249603308,,13430,ACTIVO,2020-11-10,fabiola.mercado2908@example.com,3773974430
2909,NATURAL,CC,1263137436,,05001,ACTIVO,2020-11-11,esperanza.vasquez2909@example.com,3671235367
2910,JURIDICA,NIT,981501749,7,05001,ACTIVO,2020-11-11,contacto2910@example.com,3769217243
2911,NATURAL,CC,1230701516,,11001,ACTIVO,2020-11-11,,3219248469
2912,JURIDICA,NIT,981815548,1,05001,ACTIVO,2020-11-12,contacto2912@example.com,3229258730
2913,NATURAL,CC,1116548384,,23001,ACTIVO,2020-11-13,augusto.sanchez2913@example.com,3636035111
2914,JURIDICA,NIT,965908316,1,11001,ACTIVO,2020-11-13,contacto2914@example.com,3541664683
2915,NATURAL,CC,1092312857,,11001,ACTIVO,2020-11-13,maria.ortega2915@example.com,3590986165
2916,JURIDICA,NIT,984895972,4,11001,ACTIVO,2020-11-13,contacto2916@example.com,3557778218
2917,JURIDICA,NIT,980545289,6,76520,ACTIVO,2020-11-13,contacto2917@example.com,3137738074
2918,NATURAL,CC,1112609675,,13001,ACTIVO,2020-11-13,patricia.barreto2918@example.com,3398118083
2919,NATURAL,CC,1202434917,,18001,ACTIVO,2020-11-13,margoth.lozano2919@example.com,3263679692
2920,NATURAL,CC,1245913397,,11001,ACTIVO,2020-11-14,rosa.guerrero2920@example.com,3440415569
2921,NATURAL,CC,1147157944,,88001,ACTIVO,2020-11-16,esther.rojas2921@example.com,3411721516
2922,NATURAL,CC,1232366569,,11001,ACTIVO,2020-11-16,,3705442656
2923,NATURAL,CC,1175062257,,05001,ACTIVO,2020-11-17,jose.munoz2923@example.com,3994202849
2924,NATURAL,CC,1011611662,,08001,ACTIVO,2020-11-17,angela.sandoval2924@example.com,3241109288
2925,JURIDICA,NIT,960276985,7,52001,ACTIVO,2020-11-17,contacto2925@example.com,3824717293
2926,JURIDICA,NIT,974065332,3,68001,ACTIVO,2020-11-17,contacto2926@example.com,3833354799
2927,NATURAL,CC,1145733164,,41001,ACTIVO,2020-11-18,patricia.molina2927@example.com,3069855439
2928,NATURAL,CC,1255548676,,41001,ACTIVO,2020-11-19,martha.ramirez2928@example.com,3164279788
2929,NATURAL,PPT,2655873,,76001,ACTIVO,2020-11-19,,3539900640
2930,NATURAL,CC,1273898819,,52001,ACTIVO,2020-11-20,alberto.aguilar2930@example.com,3225874684
2931,NATURAL,CC,1028314670,,11001,ACTIVO,2020-11-20,yenny.gonzalez2931@example.com,3548627763
2932,NATURAL,CE,808800,,11001,ACTIVO,2020-11-20,marleny.gonzalez2932@example.com,3401011686
2933,NATURAL,CC,1102781008,,05001,ACTIVO,2020-11-20,miryam.zapata2933@example.com,3929355950
2934,NATURAL,CC,1028565402,,05266,ACTIVO,2020-11-21,rodrigo.gonzalez2934@example.com,3589789657
2935,NATURAL,CC,1244269823,,76109,ACTIVO,2020-11-21,,3689226075
2936,NATURAL,CC,1149056486,,05088,ACTIVO,2020-11-21,enrique.quintero2936@example.com,3205184716
2937,NATURAL,CC,1273130109,,11001,ACTIVO,2020-11-21,alberto.benavides2937@example.com,3814946256
2938,NATURAL,CC,1081339697,,13001,ACTIVO,2020-11-21,dario.sandoval2938@example.com,3681803856
2939,NATURAL,CC,1168320006,,76001,ACTIVO,2020-11-23,carlos.uribe2939@example.com,3814654063
2940,NATURAL,CC,1253553669,,11001,ACTIVO,2020-11-23,diana.monroy2940@example.com,3794446305
2941,NATURAL,PPT,6078393,,05088,ACTIVO,2020-11-24,francisco.contreras2941@example.com,3220635438
2942,JURIDICA,NIT,977752429,7,27001,ACTIVO,2020-11-25,contacto2942@example.com,3548096325
2943,NATURAL,CC,1117436211,,54001,ACTIVO,2020-11-26,,3028924530
2944,NATURAL,CC,1036525894,,11001,ACTIVO,2020-11-26,antonio.ceballos2944@example.com,3087856816
2945,JURIDICA,NIT,984012833,0,76520,ACTIVO,2020-11-26,contacto2945@example.com,3721567489
2946,NATURAL,CC,1048549289,,05088,ACTIVO,2020-11-26,,3703765925
2947,NATURAL,CC,1048177179,,13001,ACTIVO,2020-11-27,fernanda.barbosa2947@example.com,3520272439
2948,NATURAL,CC,1233013562,,50001,ACTIVO,2020-11-27,julieth.aguilar2948@example.com,3041272612
2949,NATURAL,CE,665927,,05266,ACTIVO,2020-11-27,franklin.bolivar2949@example.com,3464839818
2950,NATURAL,CC,1198389960,,11001,ACTIVO,2020-11-30,rosa.munoz2950@example.com,3734699710
2951,NATURAL,CC,1110644919,,70001,ACTIVO,2020-11-30,daniela.valencia2951@example.com,3012562902
2952,NATURAL,CC,1294696741,,23001,ACTIVO,2020-11-30,jorge.hernandez2952@example.com,3079293515
2953,NATURAL,CC,1165771860,,05266,ACTIVO,2020-11-30,juliana.gaitan2953@example.com,3685844182
2954,JURIDICA,NIT,989325680,2,11001,ACTIVO,2020-12-01,contacto2954@example.com,3470368793
2955,NATURAL,CC,1000378190,,08001,ACTIVO,2020-12-01,tatiana.duarte2955@example.com,3367465272
2956,NATURAL,CC,1121975005,,76001,ACTIVO,2020-12-02,edith.medina2956@example.com,3809502204
2957,NATURAL,CC,1113957371,,70001,ACTIVO,2020-12-02,edwin.sanchez2957@example.com,3581965366
2958,NATURAL,CE,235942,,11001,ACTIVO,2020-12-03,carlos.hernandez2958@example.com,3042677492
2959,NATURAL,CC,1165860301,,66001,ACTIVO,2020-12-03,carmenza.caballero2959@example.com,3882888587
2960,NATURAL,CC,1262374807,,05088,ACTIVO,2020-12-04,silvia.vargas2960@example.com,3004347574
2961,NATURAL,CC,1117401172,,08001,ACTIVO,2020-12-05,gloria.pedraza2961@example.com,3434613898
2962,JURIDICA,NIT,976272723,4,11001,ACTIVO,2020-12-05,contacto2962@example.com,3522001362
2963,JURIDICA,NIT,975868581,0,76001,ACTIVO,2020-12-07,contacto2963@example.com,3453582253
2964,NATURAL,CC,1255008236,,11001,ACTIVO,2020-12-07,eduardo.diaz2964@example.com,3192791752
2965,JURIDICA,NIT,970955301,1,05001,ACTIVO,2020-12-08,contacto2965@example.com,3216569193
2966,NATURAL,CC,1081281119,,11001,ACTIVO,2020-12-09,eduardo.alzate2966@example.com,3325993838
2967,NATURAL,CC,1009757053,,08001,ACTIVO,2020-12-09,catalina.valencia2967@example.com,3650756892
2968,NATURAL,CC,1251926466,,27001,ACTIVO,2020-12-09,carlos.jaramillo2968@example.com,3598980715
2969,NATURAL,CC,1202000367,,76001,ACTIVO,2020-12-10,jackeline.cortes2969@example.com,3707607825
2970,NATURAL,CC,1278266530,,05360,ACTIVO,2020-12-12,luz.rodriguez2970@example.com,3259819327
2971,JURIDICA,NIT,979626656,0,05001,ACTIVO,2020-12-12,contacto2971@example.com,3139503876
2972,NATURAL,CC,1197374162,,85001,ACTIVO,2020-12-12,maribel.rios2972@example.com,3485276608
2973,NATURAL,CE,528077,,08001,ACTIVO,2020-12-14,alex.uribe2973@example.com,3723829993
2974,NATURAL,CC,1193782551,,47001,ACTIVO,2020-12-15,jairo.ayala2974@example.com,3349867375
2975,JURIDICA,NIT,985799923,6,44001,ACTIVO,2020-12-15,contacto2975@example.com,3582494976
2976,NATURAL,CC,1197227478,,73001,ACTIVO,2020-12-16,javier.nunez2976@example.com,3411280172
2977,NATURAL,CC,1008747668,,05001,ACTIVO,2020-12-17,jorge.garcia2977@example.com,3764985101
2978,NATURAL,CC,1288844030,,11001,ACTIVO,2020-12-19,elena.rangel2978@example.com,3165955001
2979,NATURAL,CE,319035,,11001,ACTIVO,2020-12-21,amparo.gomez2979@example.com,3044367870
2980,JURIDICA,NIT,970183301,6,05266,ACTIVO,2020-12-22,contacto2980@example.com,3778643474
2981,NATURAL,CE,461976,,95001,ACTIVO,2020-12-23,elkin.camacho2981@example.com,3613793225
2982,JURIDICA,NIT,961183382,1,23001,ACTIVO,2020-12-23,contacto2982@example.com,3090845490
2983,NATURAL,CC,1028149566,,11001,ACTIVO,2020-12-23,,3208984429
2984,JURIDICA,NIT,969505701,9,11001,ACTIVO,2020-12-23,contacto2984@example.com,3591432875
2985,NATURAL,CC,1150536385,,05001,ACTIVO,2020-12-25,david.munoz2985@example.com,3905643310
2986,NATURAL,CC,1032481318,,20001,ACTIVO,2020-12-25,pedro.rodriguez2986@example.com,3979606236
2987,NATURAL,CC,1033571989,,47001,ACTIVO,2020-12-26,maria.fernandez2987@example.com,3288622983
2988,NATURAL,CC,1297267952,,50001,ACTIVO,2020-12-26,javier.garzon2988@example.com,3370781586
2989,JURIDICA,NIT,964623389,0,05001,ACTIVO,2020-12-26,contacto2989@example.com,3126739211
2990,NATURAL,CC,1013270802,,11001,ACTIVO,2020-12-26,,3488081301
2991,JURIDICA,NIT,984755640,4,63001,ACTIVO,2020-12-28,contacto2991@example.com,3380761216
2992,NATURAL,CC,1147397814,,11001,ACTIVO,2020-12-28,ernesto.bolivar2992@example.com,3667618602
2993,JURIDICA,NIT,979263282,0,11001,ACTIVO,2020-12-28,contacto2993@example.com,3858027367
2994,NATURAL,CC,1219635524,,11001,ACTIVO,2020-12-28,lorena.mendez2994@example.com,3203407147
2995,NATURAL,CC,1012935654,,20001,ACTIVO,2020-12-28,marleny.espinosa2995@example.com,3563018059
2996,NATURAL,PPT,8498435,,11001,ACTIVO,2020-12-28,dario.sanabria2996@example.com,3245859711
2997,NATURAL,CC,1102983310,,76001,ACTIVO,2020-12-28,beatriz.rojas2997@example.com,3729780979
2998,NATURAL,CC,1251611375,,76520,ACTIVO,2020-12-29,alexander.garcia2998@example.com,3568671748
2999,NATURAL,CC,1274556149,,15759,ACTIVO,2020-12-29,lorena.rodriguez2999@example.com,3792907320
3000,NATURAL,CC,1293874177,,15001,ACTIVO,2020-12-30,carolina.martinez3000@example.com,3961392449
3001,NATURAL,CC,1045738807,,52001,ACTIVO,2020-12-31,juan.benitez3001@example.com,3465115570
3002,NATURAL,CC,1171183552,,70001,ACTIVO,2021-01-01,jairo.jimenez3002@example.com,3779890894
3003,NATURAL,CC,1094600375,,47001,ACTIVO,2021-01-01,nubia.bustamante3003@example.com,3087123674
3004,NATURAL,CC,1222312927,,76001,ACTIVO,2021-01-01,luz.camargo3004@example.com,3014862974
3005,JURIDICA,NIT,978278237,0,11001,ACTIVO,2021-01-02,contacto3005@example.com,3501295754
3006,JURIDICA,NIT,984737823,9,05001,ACTIVO,2021-01-04,contacto3006@example.com,3448254122
3007,NATURAL,CC,1060055078,,54001,ACTIVO,2021-01-04,rubiela.loaiza3007@example.com,3391203910
3008,NATURAL,CC,1101433926,,11001,ACTIVO,2021-01-04,lady.avila3008@example.com,3448419326
3009,NATURAL,CC,1265752219,,47001,ACTIVO,2021-01-04,elizabeth.castillo3009@example.com,3669786060
3010,JURIDICA,NIT,966803239,4,76001,ACTIVO,2021-01-04,contacto3010@example.com,3412956006
3011,NATURAL,CC,1259671281,,68001,ACTIVO,2021-01-05,gladys.barbosa3011@example.com,3245619487
3012,JURIDICA,NIT,971552424,0,11001,ACTIVO,2021-01-06,contacto3012@example.com,3424734305
3013,JURIDICA,NIT,987067567,3,76001,ACTIVO,2021-01-06,contacto3013@example.com,3940312777
3014,NATURAL,CC,1060686334,,76001,ACTIVO,2021-01-06,luz.alvarez3014@example.com,3539759396
3015,NATURAL,CC,1130554290,,08758,ACTIVO,2021-01-07,maria.arias3015@example.com,3676176902
3016,JURIDICA,NIT,974792591,2,81001,ACTIVO,2021-01-08,contacto3016@example.com,3631845808
3017,NATURAL,CC,1073541838,,86001,ACTIVO,2021-01-08,robert.serna3017@example.com,3040303535
3018,NATURAL,CC,1138649548,,66001,ACTIVO,2021-01-08,luz.vallejo3018@example.com,3319557627
3019,NATURAL,CC,1127234274,,50001,ACTIVO,2021-01-08,rubiela.vargas3019@example.com,3368457174
3020,NATURAL,CC,1107870674,,76001,ACTIVO,2021-01-08,lucy.ariza3020@example.com,3476486157
3021,JURIDICA,NIT,987326363,1,11001,ACTIVO,2021-01-09,contacto3021@example.com,3050854968
3022,NATURAL,CC,1119601243,,11001,ACTIVO,2021-01-09,javier.nino3022@example.com,3138910787
3023,NATURAL,CC,1049453557,,76001,ACTIVO,2021-01-11,zoraida.martinez3023@example.com,3267727635
3024,NATURAL,CE,939105,,15238,ACTIVO,2021-01-11,lucero.moreno3024@example.com,3317659819
3025,NATURAL,CC,1295730323,,95001,ACTIVO,2021-01-12,richard.sanchez3025@example.com,3407619510
3026,NATURAL,CC,1027900955,,11001,ACTIVO,2021-01-13,roberto.marin3026@example.com,3471742156
3027,JURIDICA,NIT,980774881,9,73001,ACTIVO,2021-01-13,contacto3027@example.com,3170243433
3028,NATURAL,CC,1181439089,,63001,ACTIVO,2021-01-14,patricia.morales3028@example.com,3888214461
3029,JURIDICA,NIT,970580574,2,76520,ACTIVO,2021-01-16,contacto3029@example.com,3683864158
3030,NATURAL,CC,1006310866,,76834,ACTIVO,2021-01-18,sandra.medina3030@example.com,3718155180
3031,NATURAL,CC,1086962117,,68276,ACTIVO,2021-01-18,angelica.gonzalez3031@example.com,3004488182
3032,NATURAL,CC,1176057127,,52001,ACTIVO,2021-01-18,constanza.guzman3032@example.com,3891512307
3033,JURIDICA,NIT,972240428,4,15001,ACTIVO,2021-01-18,contacto3033@example.com,3765750847
3034,JURIDICA,NIT,985060939,0,11001,ACTIVO,2021-01-18,contacto3034@example.com,3602928042
3035,NATURAL,CC,1069540944,,76001,ACTIVO,2021-01-18,carmen.becerra3035@example.com,3521882432
3036,NATURAL,CC,1242074381,,73001,ACTIVO,2021-01-20,maribel.carrillo3036@example.com,3561716066
3037,JURIDICA,NIT,985032944,9,66001,ACTIVO,2021-01-21,contacto3037@example.com,3573165422
3038,NATURAL,CC,1128802278,,50001,ACTIVO,2021-01-22,ever.moreno3038@example.com,3298631115
3039,NATURAL,CC,1189983058,,11001,ACTIVO,2021-01-22,carlos.castaneda3039@example.com,3711353892
3040,NATURAL,CC,1057030168,,11001,ACTIVO,2021-01-22,lorena.jimenez3040@example.com,3395280770
3041,JURIDICA,NIT,971902370,4,11001,ACTIVO,2021-01-22,contacto3041@example.com,3895294897
3042,NATURAL,CC,1236562175,,11001,ACTIVO,2021-01-25,jairo.miranda3042@example.com,3634094366
3043,NATURAL,CC,1107599423,,11001,ACTIVO,2021-01-25,luisa.ruiz3043@example.com,3747039819
3044,NATURAL,CC,1092522019,,05001,ACTIVO,2021-01-25,eider.sanchez3044@example.com,3267102021
3045,NATURAL,CC,1268216643,,88001,ACTIVO,2021-01-26,patricia.hernandez3045@example.com,3662218444
3046,NATURAL,CC,1291162809,,54001,ACTIVO,2021-01-26,karen.uribe3046@example.com,3594186391
3047,NATURAL,CC,1188507157,,05001,ACTIVO,2021-01-27,nicolas.rodriguez3047@example.com,3541256548
3048,NATURAL,CC,1234863256,,08758,ACTIVO,2021-01-28,patricia.pena3048@example.com,3835644033
3049,NATURAL,CC,1297390425,,50001,ACTIVO,2021-01-28,robinson.valderrama3049@example.com,3138196089
3050,NATURAL,CC,1050604295,,08758,ACTIVO,2021-01-28,misael.fonseca3050@example.com,3619693162
3051,NATURAL,CC,1122593864,,08758,ACTIVO,2021-01-28,,3220969822
3052,JURIDICA,NIT,976436825,2,05001,ACTIVO,2021-01-30,contacto3052@example.com,3659062480
3053,NATURAL,CC,1006906694,,11001,ACTIVO,2021-02-01,elvis.gutierrez3053@example.com,3912544118
3054,NATURAL,CC,1110479478,,11001,ACTIVO,2021-02-01,edwin.orozco3054@example.com,3691634644
3055,JURIDICA,NIT,981792897,6,73001,ACTIVO,2021-02-01,contacto3055@example.com,3367626633
3056,NATURAL,CC,1006494743,,17001,ACTIVO,2021-02-01,miguel.ortega3056@example.com,3395232620
3057,NATURAL,CC,1186892318,,11001,ACTIVO,2021-02-01,aurelio.gonzalez3057@example.com,3914980277
3058,NATURAL,CC,1206698074,,11001,ACTIVO,2021-02-01,victor.zapata3058@example.com,3657707045
3059,NATURAL,CC,1241096173,,63001,ACTIVO,2021-02-01,diana.estrada3059@example.com,3216984727
3060,JURIDICA,NIT,972500577,1,11001,ACTIVO,2021-02-01,contacto3060@example.com,3962780518
3061,NATURAL,CC,1014976052,,66001,ACTIVO,2021-02-01,yolanda.garcia3061@example.com,3941293519
3062,NATURAL,CC,1083382777,,17001,ACTIVO,2021-02-02,manuel.benavides3062@example.com,3967614513
3063,NATURAL,CC,1093214587,,11001,ACTIVO,2021-02-03,jairo.vega3063@example.com,3733047017
3064,NATURAL,CC,1071181088,,05001,ACTIVO,2021-02-04,lina.ruiz3064@example.com,3012114236
3065,JURIDICA,NIT,984500034,6,23001,ACTIVO,2021-02-06,contacto3065@example.com,3098848370
3066,JURIDICA,NIT,963752125,2,11001,ACTIVO,2021-02-06,contacto3066@example.com,3357833490
3067,NATURAL,CC,1191828500,,11001,ACTIVO,2021-02-08,,3478299584
3068,NATURAL,CC,1165986092,,85001,ACTIVO,2021-02-08,liliana.rodriguez3068@example.com,3102619105
3069,NATURAL,CC,1122161074,,76001,ACTIVO,2021-02-08,kevin.guevara3069@example.com,3953741411
3070,NATURAL,CC,1210838493,,08758,ACTIVO,2021-02-08,hector.ballesteros3070@example.com,3502415296
3071,NATURAL,CC,1087277794,,76001,ACTIVO,2021-02-08,luis.galindo3071@example.com,3041604081
3072,NATURAL,CC,1194692654,,17001,ACTIVO,2021-02-08,manuel.castro3072@example.com,3853833286
3073,NATURAL,CC,1118282419,,73001,ACTIVO,2021-02-09,david.munoz3073@example.com,3812566492
3074,NATURAL,CC,1136572000,,13001,ACTIVO,2021-02-09,yolanda.alvarez3074@example.com,3002573912
3075,NATURAL,CC,1019191764,,13001,ACTIVO,2021-02-09,ferney.gomez3075@example.com,3330554053
3076,NATURAL,CC,1279461318,,08001,INACTIVO,2021-02-10,rosa.sanchez3076@example.com,3911716655
3077,NATURAL,CC,1129701546,,70001,ACTIVO,2021-02-10,patricia.jimenez3077@example.com,3596299160
3078,JURIDICA,NIT,969264527,8,08758,ACTIVO,2021-02-10,contacto3078@example.com,3976487696
3079,JURIDICA,NIT,971548699,3,68001,ACTIVO,2021-02-10,contacto3079@example.com,3495908475
3080,NATURAL,CC,1073606381,,70001,ACTIVO,2021-02-11,martin.carvajal3080@example.com,3162764856
3081,NATURAL,CC,1190186208,,66001,ACTIVO,2021-02-11,,3694046489
3082,NATURAL,CC,1116054920,,23001,ACTIVO,2021-02-11,ines.pineda3082@example.com,3829999604
3083,NATURAL,CC,1289672972,,13001,ACTIVO,2021-02-11,francy.munoz3083@example.com,3640235535
3084,NATURAL,CC,1253263577,,76834,ACTIVO,2021-02-12,marlen.salazar3084@example.com,3313451575
3085,NATURAL,CC,1238793951,,63001,ACTIVO,2021-02-12,mauricio.montenegro3085@example.com,3273038047
3086,NATURAL,CC,1257052499,,11001,ACTIVO,2021-02-12,jorge.trujillo3086@example.com,3099958123
3087,JURIDICA,NIT,984817656,9,50001,ACTIVO,2021-02-12,contacto3087@example.com,3801143530
3088,JURIDICA,NIT,962394744,1,11001,ACTIVO,2021-02-12,contacto3088@example.com,3434405074
3089,NATURAL,PA,EC2082353,,11001,ACTIVO,2021-02-13,johan.agudelo3089@example.com,3208748730
3090,NATURAL,CC,1144906901,,05001,ACTIVO,2021-02-13,carlos.barbosa3090@example.com,3073493639
3091,NATURAL,CC,1161148548,,11001,ACTIVO,2021-02-15,olga.cruz3091@example.com,3740939240
3092,NATURAL,CC,1086157798,,11001,ACTIVO,2021-02-15,maria.ramirez3092@example.com,3151019245
3093,JURIDICA,NIT,977067859,2,17001,ACTIVO,2021-02-15,contacto3093@example.com,3550089717
3094,JURIDICA,NIT,975447207,4,91001,ACTIVO,2021-02-15,contacto3094@example.com,3873479190
3095,NATURAL,CC,1205837568,,66001,ACTIVO,2021-02-17,enrique.calderon3095@example.com,3829830206
3096,NATURAL,CC,1233237453,,08001,ACTIVO,2021-02-17,luis.henao3096@example.com,3981551285
3097,NATURAL,CC,1177486530,,23001,ACTIVO,2021-02-18,andres.mosquera3097@example.com,3419937816
3098,JURIDICA,NIT,988625361,1,13001,ACTIVO,2021-02-22,contacto3098@example.com,3488724692
3099,JURIDICA,NIT,971421253,6,76834,ACTIVO,2021-02-22,contacto3099@example.com,3842850153
3100,NATURAL,CC,1116579767,,76001,ACTIVO,2021-02-22,juana.mercado3100@example.com,3735435413
3101,NATURAL,CC,1001856190,,76001,ACTIVO,2021-02-22,andres.pinzon3101@example.com,3351907568
3102,NATURAL,CC,1131434639,,54001,ACTIVO,2021-02-22,,3860117783
3103,NATURAL,CC,1141655069,,54001,ACTIVO,2021-02-22,alberto.pabon3103@example.com,3779655091
3104,NATURAL,CC,1207233884,,73001,ACTIVO,2021-02-23,jhon.martinez3104@example.com,3397036911
3105,NATURAL,CC,1125932440,,11001,ACTIVO,2021-02-24,mateo.ruiz3105@example.com,3389386147
3106,NATURAL,CC,1088475682,,47001,ACTIVO,2021-02-24,andres.palacios3106@example.com,3174450025
3107,JURIDICA,NIT,966499270,9,11001,ACTIVO,2021-02-26,contacto3107@example.com,3562369984
3108,NATURAL,CC,1051093068,,11001,ACTIVO,2021-03-01,rigoberto.alvarez3108@example.com,3644294538
3109,NATURAL,CC,1127521516,,68276,ACTIVO,2021-03-01,karen.gomez3109@example.com,3929891915
3110,NATURAL,CC,1115268138,,15001,ACTIVO,2021-03-01,armando.vega3110@example.com,3764465219
3111,NATURAL,CC,1135015595,,05266,ACTIVO,2021-03-01,alexander.rodriguez3111@example.com,3208302268
3112,JURIDICA,NIT,977144083,4,73001,ACTIVO,2021-03-01,contacto3112@example.com,3158201511
3113,JURIDICA,NIT,974493376,2,08001,ACTIVO,2021-03-02,contacto3113@example.com,3321453317
3114,NATURAL,CC,1235374777,,23001,ACTIVO,2021-03-02,marcela.arias3114@example.com,3684883367
3115,NATURAL,CC,1213782428,,52001,ACTIVO,2021-03-03,augusto.diaz3115@example.com,3627667700
3116,NATURAL,CC,1178347562,,76001,ACTIVO,2021-03-03,hugo.vargas3116@example.com,3116358828
3117,NATURAL,CC,1165018914,,05088,ACTIVO,2021-03-03,ines.rengifo3117@example.com,3737652283
3118,NATURAL,CC,1031604872,,08758,ACTIVO,2021-03-03,leidy.jaramillo3118@example.com,3237856568
3119,NATURAL,CC,1076567801,,73001,ACTIVO,2021-03-04,,3304983135
3120,NATURAL,CC,1270519679,,13001,ACTIVO,2021-03-04,alexandra.henao3120@example.com,3343635320
3121,NATURAL,CC,1169104051,,50001,ACTIVO,2021-03-05,,3316335573
3122,NATURAL,CC,1197010273,,73001,ACTIVO,2021-03-05,yesid.gonzalez3122@example.com,3321070569
3123,NATURAL,CC,1190682208,,13001,ACTIVO,2021-03-06,valentina.giraldo3123@example.com,3394335512
3124,NATURAL,CC,1062548253,,11001,ACTIVO,2021-03-06,andres.cruz3124@example.com,3692439424
3125,NATURAL,CC,1009090955,,17380,ACTIVO,2021-03-06,leonardo.rojas3125@example.com,3775276245
3126,NATURAL,CC,1004758274,,11001,ACTIVO,2021-03-06,yina.suarez3126@example.com,3630567329
3127,NATURAL,CC,1072157346,,23001,ACTIVO,2021-03-08,eliana.vargas3127@example.com,3046023201
3128,NATURAL,CC,1215330625,,11001,ACTIVO,2021-03-08,juan.pineda3128@example.com,3985574516
3129,NATURAL,CC,1291954976,,05001,ACTIVO,2021-03-09,fabian.castellanos3129@example.com,3068588451
3130,JURIDICA,NIT,975916341,6,05001,ACTIVO,2021-03-11,contacto3130@example.com,3066859922
3131,NATURAL,CC,1142876526,,17380,ACTIVO,2021-03-11,,3631164737
3132,NATURAL,CC,1293574036,,11001,ACTIVO,2021-03-12,maria.moreno3132@example.com,3696184310
3133,NATURAL,CC,1029712549,,13001,ACTIVO,2021-03-13,alejandra.restrepo3133@example.com,3749401181
3134,NATURAL,CC,1041191365,,17001,ACTIVO,2021-03-13,omar.jimenez3134@example.com,3550465621
3135,JURIDICA,NIT,974251801,3,11001,ACTIVO,2021-03-13,contacto3135@example.com,3882878283
3136,NATURAL,CC,1106071842,,05001,ACTIVO,2021-03-15,ivan.gonzalez3136@example.com,3697056763
3137,NATURAL,CC,1297960355,,11001,ACTIVO,2021-03-16,tatiana.cardenas3137@example.com,3570612848
3138,NATURAL,CC,1074773892,,11001,ACTIVO,2021-03-16,gloria.franco3138@example.com,3762545229
3139,NATURAL,CC,1039916513,,76001,ACTIVO,2021-03-18,,3732136871
3140,NATURAL,CC,1168310442,,54001,ACTIVO,2021-03-19,lucy.sanchez3140@example.com,3441024799
3141,NATURAL,CC,1028420811,,23001,ACTIVO,2021-03-20,patricia.rojas3141@example.com,3006744102
3142,NATURAL,CC,1209158365,,88001,ACTIVO,2021-03-20,doris.vera3142@example.com,3067838603
3143,NATURAL,CC,1079750872,,68001,ACTIVO,2021-03-22,jesus.arevalo3143@example.com,3720341169
3144,NATURAL,CC,1213307020,,11001,ACTIVO,2021-03-22,juan.gil3144@example.com,3341727902
3145,JURIDICA,NIT,986251079,5,68001,ACTIVO,2021-03-22,contacto3145@example.com,3973688449
3146,NATURAL,CC,1137691895,,85001,ACTIVO,2021-03-22,ana.perez3146@example.com,3899994410
3147,NATURAL,CC,1207452914,,13001,ACTIVO,2021-03-22,patricia.pedraza3147@example.com,3528368377
3148,NATURAL,CC,1103217672,,23001,ACTIVO,2021-03-22,alejandro.burbano3148@example.com,3727248734
3149,NATURAL,CC,1008995964,,05001,ACTIVO,2021-03-23,alberto.palacios3149@example.com,3956243372
3150,NATURAL,CC,1239091191,,11001,ACTIVO,2021-03-23,,3157917231
3151,NATURAL,CC,1103392746,,17001,ACTIVO,2021-03-23,daniel.jimenez3151@example.com,3905772097
3152,JURIDICA,NIT,976375326,6,76520,ACTIVO,2021-03-23,contacto3152@example.com,3071279270
3153,JURIDICA,NIT,963300303,8,05088,ACTIVO,2021-03-24,contacto3153@example.com,3399139474
3154,NATURAL,CC,1115344516,,27001,ACTIVO,2021-03-25,maria.osorio3154@example.com,3249233474
3155,NATURAL,CC,1180915054,,11001,ACTIVO,2021-03-25,adriana.moreno3155@example.com,3549945669
3156,NATURAL,CC,1007806587,,76834,ACTIVO,2021-03-25,cristian.agudelo3156@example.com,3921220121
3157,NATURAL,CC,1178070263,,11001,ACTIVO,2021-03-26,patricia.castillo3157@example.com,3989080534
3158,NATURAL,CE,875168,,15238,ACTIVO,2021-03-27,alejandro.tamayo3158@example.com,3292111113
3159,NATURAL,CC,1231323214,,05001,ACTIVO,2021-03-29,alejandra.alvarez3159@example.com,3751753471
3160,NATURAL,CC,1138150822,,05001,ACTIVO,2021-03-29,oswaldo.sierra3160@example.com,3653834281
3161,NATURAL,CC,1280015928,,05001,ACTIVO,2021-03-29,maria.diaz3161@example.com,3871801233
3162,NATURAL,CC,1237271666,,11001,ACTIVO,2021-03-29,edwin.escobar3162@example.com,3007409586
3163,NATURAL,CC,1072022497,,47001,ACTIVO,2021-03-29,fredy.molina3163@example.com,3854530386
3164,NATURAL,CC,1261841522,,50001,ACTIVO,2021-03-29,jose.perdomo3164@example.com,3097817145
3165,NATURAL,CC,1084173221,,08001,ACTIVO,2021-03-29,,3730473956
3166,JURIDICA,NIT,974475195,1,05001,ACTIVO,2021-03-29,contacto3166@example.com,3234954888
3167,NATURAL,CC,1078790232,,11001,ACTIVO,2021-03-30,isabel.bedoya3167@example.com,3118350649
3168,NATURAL,CC,1177732241,,20001,ACTIVO,2021-03-31,,3857813676
3169,JURIDICA,NIT,965693463,0,76001,ACTIVO,2021-03-31,contacto3169@example.com,3328540683
3170,NATURAL,CC,1087024173,,76001,ACTIVO,2021-04-01,alejandra.bonilla3170@example.com,3313052177
3171,NATURAL,CC,1199683248,,13001,ACTIVO,2021-04-01,cesar.osorio3171@example.com,3642373161
3172,NATURAL,CC,1140669637,,63001,ACTIVO,2021-04-01,camilo.guzman3172@example.com,3368636400
3173,JURIDICA,NIT,969910398,6,11001,ACTIVO,2021-04-02,contacto3173@example.com,3397401342
3174,JURIDICA,NIT,970567641,4,11001,ACTIVO,2021-04-03,contacto3174@example.com,3612197286
3175,NATURAL,CC,1243586762,,76834,ACTIVO,2021-04-05,ferney.barreto3175@example.com,3049992570
3176,NATURAL,CC,1100283934,,54001,ACTIVO,2021-04-05,manuel.rodriguez3176@example.com,3477242944
3177,JURIDICA,NIT,968029526,0,11001,ACTIVO,2021-04-05,contacto3177@example.com,3103936128
3178,NATURAL,CC,1043884644,,05001,ACTIVO,2021-04-05,cesar.mejia3178@example.com,3254169742
3179,NATURAL,CC,1201800737,,11001,ACTIVO,2021-04-06,,3585589716
3180,NATURAL,CC,1162772423,,17001,ACTIVO,2021-04-06,andres.zapata3180@example.com,3786642141
3181,NATURAL,CC,1126020475,,13001,ACTIVO,2021-04-07,esther.parra3181@example.com,3201455137
3182,NATURAL,CC,1139908427,,05266,ACTIVO,2021-04-07,,3376961093
3183,NATURAL,CC,1293485278,,11001,ACTIVO,2021-04-08,eduardo.martinez3183@example.com,3183582306
3184,NATURAL,CC,1283249244,,95001,ACTIVO,2021-04-08,adrian.galeano3184@example.com,3943396851
3185,NATURAL,CC,1145250644,,66001,ACTIVO,2021-04-09,stella.toro3185@example.com,3411924726
3186,NATURAL,CC,1029681183,,25126,ACTIVO,2021-04-10,natalia.suarez3186@example.com,3550365959
3187,NATURAL,CC,1036341708,,08001,ACTIVO,2021-04-10,yurani.carvajal3187@example.com,3507336912
3188,NATURAL,CC,1235348320,,13001,ACTIVO,2021-04-10,emilio.cardona3188@example.com,3910051650
3189,NATURAL,CC,1177009453,,23001,ACTIVO,2021-04-12,patricia.gonzalez3189@example.com,3498558819
3190,NATURAL,CC,1025128616,,11001,ACTIVO,2021-04-12,patricia.arenas3190@example.com,3166225912
3191,NATURAL,CC,1221645187,,13001,ACTIVO,2021-04-12,yamile.torres3191@example.com,3860114222
3192,NATURAL,CC,1181732557,,27001,ACTIVO,2021-04-13,maria.gonzalez3192@example.com,3592342664
3193,NATURAL,CC,1190304396,,11001,ACTIVO,2021-04-13,eduardo.ortiz3193@example.com,3484655734
3194,NATURAL,CC,1264042667,,17001,ACTIVO,2021-04-13,yeison.zapata3194@example.com,3695485352
3195,NATURAL,CC,1078973740,,50001,ACTIVO,2021-04-14,jorge.calderon3195@example.com,3246949397
3196,JURIDICA,NIT,962711809,2,11001,ACTIVO,2021-04-14,contacto3196@example.com,3826209145
3197,NATURAL,CC,1124968097,,11001,ACTIVO,2021-04-16,maria.barrios3197@example.com,3051734408
3198,NATURAL,CC,1223596934,,05001,ACTIVO,2021-04-16,marlene.zapata3198@example.com,3154124312
3199,NATURAL,CC,1219432600,,08001,ACTIVO,2021-04-19,tatiana.rodriguez3199@example.com,3739868533
3200,NATURAL,CC,1267370446,,76520,ACTIVO,2021-04-19,henry.castaneda3200@example.com,3490203463
3201,NATURAL,CC,1099290303,,68001,ACTIVO,2021-04-20,enrique.ramos3201@example.com,3177764303
3202,NATURAL,CC,1166760217,,08001,ACTIVO,2021-04-20,marcela.sanchez3202@example.com,3336528865
3203,NATURAL,CC,1183397796,,05001,ACTIVO,2021-04-21,milton.valencia3203@example.com,3885985463
3204,NATURAL,CC,1115873522,,97001,ACTIVO,2021-04-22,juan.martinez3204@example.com,3231656538
3205,NATURAL,CC,1155859897,,41001,ACTIVO,2021-04-22,milena.meza3205@example.com,3390703136
3206,NATURAL,CC,1275616678,,11001,ACTIVO,2021-04-22,daniel.acosta3206@example.com,3012856745
3207,NATURAL,CC,1192151830,,08001,ACTIVO,2021-04-23,manuel.fernandez3207@example.com,3991759126
3208,NATURAL,CC,1202999868,,11001,ACTIVO,2021-04-24,marcela.barbosa3208@example.com,3576260676
3209,JURIDICA,NIT,979581642,2,05360,ACTIVO,2021-04-24,contacto3209@example.com,3196969416
3210,NATURAL,CC,1022298794,,11001,ACTIVO,2021-04-26,cecilia.diaz3210@example.com,3703331369
3211,NATURAL,CC,1086054509,,68001,ACTIVO,2021-04-26,jenny.suarez3211@example.com,3496632543
3212,NATURAL,CC,1003590917,,23001,ACTIVO,2021-04-26,anderson.gutierrez3212@example.com,3166027768
3213,NATURAL,CC,1222938559,,11001,ACTIVO,2021-04-26,,3832481503
3214,NATURAL,CC,1211845923,,13001,ACTIVO,2021-04-26,alfonso.martinez3214@example.com,3284954229
3215,NATURAL,CC,1135890818,,76001,ACTIVO,2021-04-27,eduardo.vega3215@example.com,3791377568
3216,NATURAL,CC,1188153101,,05001,ACTIVO,2021-04-28,karen.pena3216@example.com,3257691777
3217,NATURAL,CC,1186650274,,05001,ACTIVO,2021-04-28,camilo.naranjo3217@example.com,3652424773
3218,NATURAL,CC,1088572232,,11001,ACTIVO,2021-04-28,sandra.lopez3218@example.com,3305775884
3219,NATURAL,CC,1241706516,,08758,ACTIVO,2021-04-29,ibeth.perez3219@example.com,3607561986
3220,NATURAL,CC,1280869481,,76520,ACTIVO,2021-04-30,enrique.bustamante3220@example.com,3848676095
3221,NATURAL,CC,1269377903,,05001,ACTIVO,2021-04-30,carlos.rendon3221@example.com,3333962235
3222,NATURAL,CC,1098229847,,05088,ACTIVO,2021-05-01,guillermo.guerrero3222@example.com,3048739977
3223,NATURAL,CC,1197348571,,08001,ACTIVO,2021-05-01,eduardo.cruz3223@example.com,3948375414
3224,NATURAL,CC,1227502070,,52001,ACTIVO,2021-05-01,ana.torres3224@example.com,3062038178
3225,NATURAL,CC,1016530344,,08001,ACTIVO,2021-05-03,maria.ayala3225@example.com,3714803846
3226,NATURAL,CC,1150233007,,11001,ACTIVO,2021-05-03,abel.gomez3226@example.com,3107085294
3227,NATURAL,CC,1234303432,,66170,ACTIVO,2021-05-03,,3791462938
3228,NATURAL,CC,1180176859,,17380,ACTIVO,2021-05-04,mario.londono3228@example.com,3848475451
3229,NATURAL,CC,1075600332,,76001,ACTIVO,2021-05-04,cristina.figueroa3229@example.com,3174273386
3230,NATURAL,CC,1009670380,,76001,ACTIVO,2021-05-05,kelly.parra3230@example.com,3051032039
3231,NATURAL,CC,1126993371,,91001,ACTIVO,2021-05-06,,3557084951
3232,NATURAL,CC,1075381016,,76001,ACTIVO,2021-05-08,jorge.gutierrez3232@example.com,3667252580
3233,NATURAL,CE,808933,,70001,ACTIVO,2021-05-08,carlos.rodriguez3233@example.com,3857061194
3234,JURIDICA,NIT,978127935,6,11001,ACTIVO,2021-05-08,contacto3234@example.com,3624166244
3235,NATURAL,CC,1117026974,,13430,ACTIVO,2021-05-08,dora.castillo3235@example.com,3283321402
3236,NATURAL,CC,1119467240,,86001,ACTIVO,2021-05-10,,3350649337
3237,NATURAL,CC,1124744295,,11001,ACTIVO,2021-05-10,isabel.rodriguez3237@example.com,3359452430
3238,NATURAL,CC,1190361444,,05001,ACTIVO,2021-05-10,esther.campo3238@example.com,3603038222
3239,NATURAL,CC,1209894129,,20001,ACTIVO,2021-05-10,jean.acosta3239@example.com,3182687571
3240,NATURAL,CC,1062723449,,08001,ACTIVO,2021-05-11,yuli.ayala3240@example.com,3967122300
3241,NATURAL,CC,1151307537,,05001,ACTIVO,2021-05-11,isabel.avila3241@example.com,3446371906
3242,NATURAL,CC,1138517494,,68001,ACTIVO,2021-05-11,wilber.ibarra3242@example.com,3565493231
3243,NATURAL,CC,1251365059,,68276,ACTIVO,2021-05-11,jonathan.cardona3243@example.com,3122304303
3244,NATURAL,CC,1126254100,,11001,ACTIVO,2021-05-12,adriana.zambrano3244@example.com,3968036852
3245,NATURAL,CC,1271708933,,11001,ACTIVO,2021-05-12,carmen.figueroa3245@example.com,3312845388
3246,NATURAL,CC,1262240722,,05266,ACTIVO,2021-05-13,david.ramirez3246@example.com,3268649327
3247,NATURAL,CC,1236856325,,05001,ACTIVO,2021-05-13,jorge.ortiz3247@example.com,3448021893
3248,NATURAL,CC,1262647101,,68276,ACTIVO,2021-05-13,alexander.angel3248@example.com,3860016787
3249,NATURAL,CC,1188925214,,54001,ACTIVO,2021-05-13,beatriz.castillo3249@example.com,3828251471
3250,NATURAL,CC,1106548937,,73001,ACTIVO,2021-05-14,dario.mendoza3250@example.com,3001429014
3251,JURIDICA,NIT,986404625,5,18001,ACTIVO,2021-05-14,contacto3251@example.com,3579236061
3252,NATURAL,CC,1036938117,,11001,ACTIVO,2021-05-14,maria.cordoba3252@example.com,3463591855
3253,NATURAL,CC,1118024927,,11001,ACTIVO,2021-05-15,carolina.fernandez3253@example.com,3192008120
3254,NATURAL,CC,1118274913,,76520,ACTIVO,2021-05-15,esther.romero3254@example.com,3333364965
3255,NATURAL,CC,1051659616,,54001,ACTIVO,2021-05-15,enrique.ariza3255@example.com,3902529887
3256,NATURAL,CC,1147665039,,08758,INACTIVO,2021-05-15,jairo.lara3256@example.com,3415175662
3257,NATURAL,CC,1012754490,,52001,ACTIVO,2021-05-15,,3002905844
3258,NATURAL,CE,303789,,41001,ACTIVO,2021-05-15,luz.serna3258@example.com,3345635241
3259,NATURAL,CC,1284995088,,68001,ACTIVO,2021-05-15,edilson.cifuentes3259@example.com,3203519417
3260,NATURAL,CC,1209001920,,25126,ACTIVO,2021-05-17,jose.mejia3260@example.com,3490295183
3261,NATURAL,CC,1213037540,,11001,ACTIVO,2021-05-17,,3314317688
3262,NATURAL,CC,1093029657,,11001,ACTIVO,2021-05-17,ariel.arias3262@example.com,3614801423
3263,NATURAL,CC,1255759060,,25175,ACTIVO,2021-05-17,edgar.sanchez3263@example.com,3203087683
3264,NATURAL,CC,1299463206,,05001,ACTIVO,2021-05-17,,3309112627
3265,NATURAL,CC,1117990159,,54001,ACTIVO,2021-05-18,andres.morales3265@example.com,3198116714
3266,NATURAL,CC,1086295613,,11001,INACTIVO,2021-05-18,michael.castano3266@example.com,3119874293
3267,NATURAL,CC,1181112583,,11001,ACTIVO,2021-05-18,flor.renteria3267@example.com,3227519101
3268,NATURAL,CC,1107591988,,13001,ACTIVO,2021-05-19,doris.perez3268@example.com,3177288681
3269,JURIDICA,NIT,973115421,2,17001,ACTIVO,2021-05-20,contacto3269@example.com,3132766091
3270,NATURAL,CC,1294550956,,05001,ACTIVO,2021-05-20,carmenza.rodriguez3270@example.com,3986174506
3271,NATURAL,CC,1110227017,,08001,ACTIVO,2021-05-20,ivonne.rodriguez3271@example.com,3530447424
3272,NATURAL,CC,1167082697,,20001,ACTIVO,2021-05-20,maria.moreno3272@example.com,3323645545
3273,NATURAL,CC,1228702673,,08758,ACTIVO,2021-05-21,mauricio.escobar3273@example.com,3279539314
3274,NATURAL,CC,1106240337,,44001,ACTIVO,2021-05-22,luis.alvarez3274@example.com,3920401425
3275,NATURAL,CC,1260559840,,08001,ACTIVO,2021-05-22,juan.fajardo3275@example.com,3664325763
3276,NATURAL,CC,1212672473,,11001,ACTIVO,2021-05-24,diana.diaz3276@example.com,3651357133
3277,NATURAL,CC,1052276574,,76001,ACTIVO,2021-05-24,ana.londono3277@example.com,3294287641
3278,NATURAL,CC,1202521985,,50001,ACTIVO,2021-05-24,cristina.sanchez3278@example.com,3843456827
3279,NATURAL,CC,1284426168,,11001,ACTIVO,2021-05-25,david.ramirez3279@example.com,3226213928
3280,NATURAL,CC,1288278196,,05360,ACTIVO,2021-05-25,john.castano3280@example.com,3254735206
3281,NATURAL,CC,1262968792,,66170,ACTIVO,2021-05-25,ocampo.rangel3281@example.com,3258257647
3282,NATURAL,CC,1254396550,,17001,ACTIVO,2021-05-25,yolima.figueroa3282@example.com,3270698096
3283,NATURAL,CC,1158030199,,05001,ACTIVO,2021-05-26,luz.herrera3283@example.com,3607004762
3284,NATURAL,CC,1299926917,,13430,ACTIVO,2021-05-26,nancy.quintero3284@example.com,3520585244
3285,NATURAL,CC,1157796126,,41001,ACTIVO,2021-05-26,maria.mendez3285@example.com,3839029190
3286,NATURAL,CC,1191163844,,66001,ACTIVO,2021-05-27,franco.parra3286@example.com,3027306085
3287,NATURAL,CC,1212777917,,76001,ACTIVO,2021-05-28,,3256040270
3288,NATURAL,CC,1284075413,,47001,ACTIVO,2021-05-28,luz.lopez3288@example.com,3064170547
3289,NATURAL,CC,1237329303,,76001,ACTIVO,2021-05-28,angelica.riascos3289@example.com,3284755444
3290,JURIDICA,NIT,977636714,5,63001,ACTIVO,2021-05-29,contacto3290@example.com,3534346600
3291,NATURAL,CE,449490,,68276,ACTIVO,2021-05-29,mirian.rodriguez3291@example.com,3108617791
3292,NATURAL,CC,1229984298,,11001,ACTIVO,2021-05-29,leonardo.salamanca3292@example.com,3374975879
3293,NATURAL,CC,1202871115,,13001,ACTIVO,2021-05-29,hernan.velasquez3293@example.com,3981960731
3294,NATURAL,CC,1110272151,,13430,ACTIVO,2021-05-31,carolina.blanco3294@example.com,3808149576
3295,NATURAL,CC,1229253352,,11001,ACTIVO,2021-05-31,marcela.castillo3295@example.com,3311158136
3296,NATURAL,CC,1235207663,,13001,ACTIVO,2021-05-31,rocio.parra3296@example.com,3271318787
3297,NATURAL,CC,1168510653,,05360,ACTIVO,2021-05-31,,3118651138
3298,NATURAL,CE,103630,,47001,ACTIVO,2021-05-31,fabian.luna3298@example.com,3149180434
3299,NATURAL,CC,1274289031,,25269,ACTIVO,2021-06-01,sandra.mosquera3299@example.com,3008436455
3300,NATURAL,CC,1297538553,,13001,ACTIVO,2021-06-01,,3192376628
3301,NATURAL,CC,1278083194,,11001,ACTIVO,2021-06-01,marina.beltran3301@example.com,3766171131
3302,NATURAL,CC,1069035206,,76001,ACTIVO,2021-06-03,andres.avila3302@example.com,3441227894
3303,NATURAL,CC,1054192709,,05001,ACTIVO,2021-06-03,sandra.medina3303@example.com,3558854987
3304,NATURAL,CC,1207965976,,66001,ACTIVO,2021-06-03,maria.mosquera3304@example.com,3488377901
3305,NATURAL,CC,1031694029,,13001,ACTIVO,2021-06-04,cecilia.castano3305@example.com,3736154574
3306,NATURAL,CC,1092160575,,05088,ACTIVO,2021-06-04,ana.moreno3306@example.com,3326939890
3307,NATURAL,CC,1213329161,,52001,ACTIVO,2021-06-05,rafael.rivera3307@example.com,3310470121
3308,JURIDICA,NIT,966933188,4,11001,ACTIVO,2021-06-05,contacto3308@example.com,3432354835
3309,NATURAL,CC,1157603814,,76001,ACTIVO,2021-06-05,maria.rosero3309@example.com,3396368133
3310,NATURAL,CC,1121490334,,76001,ACTIVO,2021-06-05,nicolas.velasquez3310@example.com,3227827397
3311,NATURAL,CC,1203727563,,05266,ACTIVO,2021-06-05,mary.valencia3311@example.com,3162053841
3312,NATURAL,CC,1276585182,,05001,ACTIVO,2021-06-07,john.villegas3312@example.com,3031116155
3313,NATURAL,CC,1087974142,,11001,ACTIVO,2021-06-07,,3973049853
3314,NATURAL,CC,1059285666,,11001,ACTIVO,2021-06-07,,3498485662
3315,NATURAL,CC,1144114468,,11001,ACTIVO,2021-06-07,alexander.salgado3315@example.com,3985391149
3316,NATURAL,CC,1183052993,,63001,ACTIVO,2021-06-08,,3685337673
3317,JURIDICA,NIT,985453485,6,76001,ACTIVO,2021-06-09,contacto3317@example.com,3887050215
3318,NATURAL,CC,1015209587,,54001,ACTIVO,2021-06-09,angela.diaz3318@example.com,3361617191
3319,NATURAL,CC,1054963579,,19001,ACTIVO,2021-06-11,jaime.barrios3319@example.com,3907200727
3320,NATURAL,CC,1049102293,,11001,ACTIVO,2021-06-12,oscar.jimenez3320@example.com,3142267153
3321,NATURAL,CC,1152182907,,76001,ACTIVO,2021-06-14,viviana.bejarano3321@example.com,3531611621
3322,NATURAL,CE,252210,,05001,ACTIVO,2021-06-14,,3590197384
3323,NATURAL,CC,1249134137,,05088,ACTIVO,2021-06-14,marco.garcia3323@example.com,3398992915
3324,NATURAL,CC,1153348892,,11001,ACTIVO,2021-06-14,eugenia.silva3324@example.com,3521973890
3325,NATURAL,CC,1122541978,,76520,ACTIVO,2021-06-14,,3717955237
3326,NATURAL,CC,1097312235,,25126,ACTIVO,2021-06-14,manuel.guerra3326@example.com,3014890110
3327,NATURAL,CC,1047077608,,05001,ACTIVO,2021-06-14,,3296323213
3328,NATURAL,CC,1132157723,,76001,ACTIVO,2021-06-14,juan.velasco3328@example.com,3738909722
3329,NATURAL,CC,1165909455,,17380,ACTIVO,2021-06-15,arley.leon3329@example.com,3084675400
3330,NATURAL,CC,1026570778,,11001,ACTIVO,2021-06-15,luis.marin3330@example.com,3940482847
3331,NATURAL,CC,1286775963,,11001,ACTIVO,2021-06-15,daniel.ariza3331@example.com,3153709326
3332,NATURAL,CC,1160308285,,11001,ACTIVO,2021-06-16,,3324932498
3333,NATURAL,CC,1083225949,,08001,ACTIVO,2021-06-16,maria.martinez3333@example.com,3041202020
3334,JURIDICA,NIT,963098382,3,76001,ACTIVO,2021-06-16,contacto3334@example.com,3481336180
3335,NATURAL,CC,1072470737,,05088,ACTIVO,2021-06-16,ernesto.martinez3335@example.com,3603367999
3336,NATURAL,CC,1012590834,,23001,ACTIVO,2021-06-17,claudia.alzate3336@example.com,3473195891
3337,NATURAL,CC,1104222494,,73001,ACTIVO,2021-06-18,ana.escobar3337@example.com,3009920283
3338,JURIDICA,NIT,967456848,4,76001,ACTIVO,2021-06-18,contacto3338@example.com,3852589068
3339,NATURAL,CC,1002064207,,76001,ACTIVO,2021-06-19,stiven.restrepo3339@example.com,3086909662
3340,NATURAL,CC,1279892912,,05001,ACTIVO,2021-06-19,jose.perez3340@example.com,3304676572
3341,JURIDICA,NIT,970944391,5,05001,ACTIVO,2021-06-19,contacto3341@example.com,3350757058
3342,NATURAL,CC,1227423394,,66001,ACTIVO,2021-06-21,nohora.cortes3342@example.com,3404917366
3343,JURIDICA,NIT,960741232,4,11001,ACTIVO,2021-06-21,contacto3343@example.com,3695036147
3344,NATURAL,CC,1281609884,,05266,ACTIVO,2021-06-21,maria.ortiz3344@example.com,3786489452
3345,NATURAL,CC,1168699504,,05001,ACTIVO,2021-06-22,antonio.garcia3345@example.com,3600664727
3346,NATURAL,CC,1027231044,,11001,ACTIVO,2021-06-22,jhonatan.giraldo3346@example.com,3076652983
3347,NATURAL,CC,1158690629,,66170,ACTIVO,2021-06-23,manuel.orozco3347@example.com,3346508097
3348,NATURAL,CC,1222423165,,11001,ACTIVO,2021-06-23,martha.barrios3348@example.com,3632497392
3349,JURIDICA,NIT,978939861,4,05001,ACTIVO,2021-06-23,contacto3349@example.com,3418791258
3350,NATURAL,CC,1214014609,,13001,ACTIVO,2021-06-24,claudia.hernandez3350@example.com,3222921294
3351,NATURAL,CC,1068603813,,05088,ACTIVO,2021-06-24,marco.andrade3351@example.com,3457962807
3352,NATURAL,CC,1030228536,,52001,ACTIVO,2021-06-25,jose.camargo3352@example.com,3866810374
3353,NATURAL,CE,913438,,76001,ACTIVO,2021-06-25,pedro.pena3353@example.com,3102619614
3354,NATURAL,CC,1087013349,,05266,ACTIVO,2021-06-26,andrea.hernandez3354@example.com,3249838786
3355,NATURAL,CC,1143716985,,11001,ACTIVO,2021-06-28,shirley.gonzalez3355@example.com,3949811338
3356,NATURAL,CE,108030,,11001,ACTIVO,2021-06-28,ruby.agudelo3356@example.com,3922609512
3357,NATURAL,CC,1226627589,,11001,ACTIVO,2021-06-28,marina.hurtado3357@example.com,3657853118
3358,JURIDICA,NIT,983360260,9,05001,ACTIVO,2021-06-28,contacto3358@example.com,3128260186
3359,JURIDICA,NIT,986366969,1,11001,ACTIVO,2021-06-28,contacto3359@example.com,3005547925
3360,NATURAL,CC,1130396205,,76520,ACTIVO,2021-06-28,nicolas.benavides3360@example.com,3170970852
3361,NATURAL,CC,1213923557,,76109,ACTIVO,2021-06-29,mario.cardenas3361@example.com,3533575394
3362,NATURAL,CC,1167850036,,05001,ACTIVO,2021-06-29,manuel.camacho3362@example.com,3195304643
3363,NATURAL,CC,1139312888,,05001,ACTIVO,2021-06-30,rosa.delgado3363@example.com,3255889642
3364,NATURAL,CC,1116590017,,76001,ACTIVO,2021-07-01,german.rodriguez3364@example.com,3396212749
3365,NATURAL,CC,1095828502,,73001,ACTIVO,2021-07-01,oswaldo.angarita3365@example.com,3823851116
3366,NATURAL,CC,1230951007,,18001,ACTIVO,2021-07-02,jennifer.osorio3366@example.com,3853416057
3367,NATURAL,CC,1136232121,,08001,ACTIVO,2021-07-02,teresa.cardona3367@example.com,3391450634
3368,NATURAL,CC,1282657908,,70001,ACTIVO,2021-07-02,carmen.velez3368@example.com,3924176321
3369,NATURAL,CC,1236559481,,11001,ACTIVO,2021-07-03,luz.vega3369@example.com,3302994313
3370,NATURAL,CC,1153131639,,11001,ACTIVO,2021-07-03,carmen.castro3370@example.com,3075387552
3371,NATURAL,CC,1175585209,,19001,ACTIVO,2021-07-05,miguel.lopez3371@example.com,3934359655
3372,NATURAL,CC,1252024606,,13001,ACTIVO,2021-07-06,maria.contreras3372@example.com,3635258289
3373,NATURAL,CC,1298661927,,76001,ACTIVO,2021-07-07,mery.diaz3373@example.com,3527467912
3374,NATURAL,CC,1152179270,,54001,ACTIVO,2021-07-07,alberto.loaiza3374@example.com,3889512588
3375,NATURAL,CC,1213138664,,76001,ACTIVO,2021-07-07,helena.mercado3375@example.com,3942016835
3376,NATURAL,CC,1189929876,,05088,ACTIVO,2021-07-08,emilse.gomez3376@example.com,3466566824
3377,NATURAL,CC,1282182779,,47001,ACTIVO,2021-07-09,nidia.gil3377@example.com,3970898931
3378,NATURAL,CC,1180442492,,73001,ACTIVO,2021-07-10,manuel.lozano3378@example.com,3279382376
3379,JURIDICA,NIT,989905582,8,44001,ACTIVO,2021-07-12,contacto3379@example.com,3735907686
3380,NATURAL,CC,1187275085,,13001,ACTIVO,2021-07-12,carolina.rueda3380@example.com,3812030888
3381,NATURAL,CC,1128658245,,11001,ACTIVO,2021-07-13,ana.martinez3381@example.com,3217993191
3382,NATURAL,CC,1097855762,,76001,ACTIVO,2021-07-14,katerine.sepulveda3382@example.com,3282185399
3383,NATURAL,CC,1078937452,,08758,ACTIVO,2021-07-14,carlos.zuluaga3383@example.com,3529316068
3384,NATURAL,CC,1244732155,,47001,ACTIVO,2021-07-14,ignacio.morales3384@example.com,3759938578
3385,NATURAL,CC,1151154945,,85001,ACTIVO,2021-07-14,edith.romero3385@example.com,3060118560
3386,NATURAL,CC,1030388104,,25175,ACTIVO,2021-07-14,alexandra.martinez3386@example.com,3440223549
3387,NATURAL,CC,1058040023,,76001,ACTIVO,2021-07-15,laura.bernal3387@example.com,3752780921
3388,NATURAL,CC,1293808774,,68276,ACTIVO,2021-07-15,edwin.correa3388@example.com,3759347583
3389,NATURAL,CC,1074298293,,70001,ACTIVO,2021-07-16,liliana.narvaez3389@example.com,3885044394
3390,NATURAL,CC,1040149473,,18001,ACTIVO,2021-07-16,mercedes.calderon3390@example.com,3429915254
3391,NATURAL,CC,1144722562,,20001,ACTIVO,2021-07-17,,3451193387
3392,NATURAL,CC,1121882419,,11001,ACTIVO,2021-07-17,daniela.murcia3392@example.com,3292057289
3393,NATURAL,CC,1214225087,,17001,ACTIVO,2021-07-17,victor.castro3393@example.com,3812322337
3394,NATURAL,CC,1056082735,,08758,ACTIVO,2021-07-19,monica.uribe3394@example.com,3512946315
3395,NATURAL,CC,1062646519,,25175,ACTIVO,2021-07-19,leonel.lopez3395@example.com,3838655266
3396,NATURAL,CC,1089224924,,11001,ACTIVO,2021-07-19,rolando.aguilar3396@example.com,3667716409
3397,NATURAL,CC,1027698490,,76001,ACTIVO,2021-07-19,domingo.quiroz3397@example.com,3959081064
3398,JURIDICA,NIT,977887265,6,47001,ACTIVO,2021-07-20,contacto3398@example.com,3726710714
3399,NATURAL,CC,1125430183,,11001,ACTIVO,2021-07-20,beatriz.pardo3399@example.com,3606686055
3400,NATURAL,CC,1247957708,,11001,ACTIVO,2021-07-20,francisco.salazar3400@example.com,3014865814
3401,NATURAL,CC,1041266138,,76834,ACTIVO,2021-07-21,monica.contreras3401@example.com,3471592621
3402,NATURAL,CC,1175673803,,11001,ACTIVO,2021-07-21,antonio.torres3402@example.com,3955831946
3403,NATURAL,CC,1245542744,,08001,ACTIVO,2021-07-22,shirley.morales3403@example.com,3205408483
3404,NATURAL,CC,1031088261,,76001,ACTIVO,2021-07-22,guillermo.montes3404@example.com,3192761123
3405,NATURAL,CC,1136030725,,11001,ACTIVO,2021-07-23,alicia.zambrano3405@example.com,3111387600
3406,NATURAL,CC,1141842603,,66170,ACTIVO,2021-07-24,mayra.sanchez3406@example.com,3530420353
3407,NATURAL,CC,1096790069,,05001,ACTIVO,2021-07-24,hector.arango3407@example.com,3163139728
3408,NATURAL,CC,1008933528,,66001,ACTIVO,2021-07-24,jose.silva3408@example.com,3852508349
3409,NATURAL,CC,1278566322,,66170,ACTIVO,2021-07-24,cristina.oviedo3409@example.com,3350106127
3410,JURIDICA,NIT,984702137,3,73001,ACTIVO,2021-07-24,contacto3410@example.com,3863483291
3411,NATURAL,CC,1187081785,,68001,INACTIVO,2021-07-26,anyi.cruz3411@example.com,3539567066
3412,NATURAL,CC,1104229017,,05088,ACTIVO,2021-07-26,,3298955576
3413,NATURAL,CC,1104316544,,05001,ACTIVO,2021-07-28,,3108432519
3414,NATURAL,CE,854144,,08001,ACTIVO,2021-07-30,angela.santos3414@example.com,3723778211
3415,NATURAL,CC,1257044675,,27001,ACTIVO,2021-07-30,alexandra.guevara3415@example.com,3796407350
3416,NATURAL,CC,1036182604,,05001,ACTIVO,2021-07-30,jhon.rodriguez3416@example.com,3852814538
3417,NATURAL,CC,1256474887,,11001,ACTIVO,2021-07-30,natalia.molina3417@example.com,3326458476
3418,NATURAL,CC,1290407124,,76001,ACTIVO,2021-07-30,nestor.ruiz3418@example.com,3271829171
3419,NATURAL,CC,1239436775,,76001,ACTIVO,2021-07-31,luis.mejia3419@example.com,3390690171
3420,NATURAL,CC,1084024001,,11001,ACTIVO,2021-07-31,jesus.acevedo3420@example.com,3441028915
3421,NATURAL,CC,1140876173,,11001,ACTIVO,2021-08-02,olga.barragan3421@example.com,3615939308
3422,JURIDICA,NIT,962649868,2,41001,ACTIVO,2021-08-02,contacto3422@example.com,3161530739
3423,JURIDICA,NIT,988320983,2,05001,ACTIVO,2021-08-02,contacto3423@example.com,3542012694
3424,NATURAL,CC,1244250078,,05001,ACTIVO,2021-08-03,deicy.ramirez3424@example.com,3536750704
3425,JURIDICA,NIT,972986126,7,05001,ACTIVO,2021-08-03,contacto3425@example.com,3827857066
3426,NATURAL,CC,1055465196,,11001,ACTIVO,2021-08-04,,3662896796
3427,NATURAL,CC,1032520941,,11001,ACTIVO,2021-08-04,cristian.zapata3427@example.com,3675014216
3428,NATURAL,CC,1219081654,,08001,ACTIVO,2021-08-04,david.amaya3428@example.com,3771013878
3429,NATURAL,CC,1158914481,,54001,ACTIVO,2021-08-05,diana.suarez3429@example.com,3047830415
3430,NATURAL,CC,1104587745,,63001,ACTIVO,2021-08-05,bryan.caicedo3430@example.com,3616963295
3431,JURIDICA,NIT,968134053,8,05088,ACTIVO,2021-08-06,contacto3431@example.com,3605632374
3432,NATURAL,CC,1074097952,,76001,ACTIVO,2021-08-06,,3102179588
3433,JURIDICA,NIT,981480267,7,41001,ACTIVO,2021-08-06,contacto3433@example.com,3574769765
3434,NATURAL,CC,1054814156,,11001,ACTIVO,2021-08-06,maria.barrera3434@example.com,3604929894
3435,NATURAL,CC,1170121284,,11001,ACTIVO,2021-08-06,javier.camacho3435@example.com,3833930274
3436,NATURAL,CC,1197521951,,08001,ACTIVO,2021-08-06,cecilia.agudelo3436@example.com,3035461772
3437,NATURAL,CC,1021867987,,23001,ACTIVO,2021-08-07,jorge.ballesteros3437@example.com,3874133647
3438,NATURAL,CC,1087538751,,50001,ACTIVO,2021-08-09,enrique.ceron3438@example.com,3227241729
3439,NATURAL,CC,1242165416,,11001,ACTIVO,2021-08-09,,3400310825
3440,NATURAL,CC,1299040609,,11001,ACTIVO,2021-08-09,alberto.camacho3440@example.com,3450034429
3441,NATURAL,CC,1248497358,,05001,ACTIVO,2021-08-09,augusto.garcia3441@example.com,3771489810
3442,NATURAL,CC,1211585197,,13001,ACTIVO,2021-08-09,yazmin.munoz3442@example.com,3758326976
3443,NATURAL,CC,1272626338,,41001,ACTIVO,2021-08-10,luis.leal3443@example.com,3557040841
3444,NATURAL,CC,1177591384,,05001,ACTIVO,2021-08-10,nelly.bravo3444@example.com,3401460315
3445,NATURAL,CC,1033558099,,76834,ACTIVO,2021-08-10,jorge.rubio3445@example.com,3711191514
3446,NATURAL,CC,1233083002,,13001,ACTIVO,2021-08-10,junior.leal3446@example.com,3818683547
3447,NATURAL,CC,1159542265,,20001,ACTIVO,2021-08-11,luz.paz3447@example.com,3151360477
3448,NATURAL,CC,1206300763,,11001,ACTIVO,2021-08-11,diana.hernandez3448@example.com,3061302826
3449,NATURAL,CC,1199429695,,08758,ACTIVO,2021-08-13,marcela.benavides3449@example.com,3893915266
3450,NATURAL,CC,1294805790,,17001,ACTIVO,2021-08-13,hernan.barrera3450@example.com,3172183835
3451,NATURAL,CC,1141634631,,44001,ACTIVO,2021-08-13,leidy.carvajal3451@example.com,3826289961
3452,NATURAL,CC,1009795901,,50001,ACTIVO,2021-08-14,andrea.cifuentes3452@example.com,3551604524
3453,NATURAL,CC,1007673273,,68001,ACTIVO,2021-08-16,,3684929693
3454,NATURAL,CE,307989,,76001,ACTIVO,2021-08-17,camilo.quintero3454@example.com,3411335882
3455,NATURAL,CC,1163006466,,11001,ACTIVO,2021-08-17,juan.munoz3455@example.com,3242419643
3456,NATURAL,CC,1224667955,,11001,ACTIVO,2021-08-17,luz.moreno3456@example.com,3327893594
3457,NATURAL,CC,1252208022,,66001,ACTIVO,2021-08-17,johana.serna3457@example.com,3178916259
3458,NATURAL,CC,1164423639,,05360,ACTIVO,2021-08-18,jhon.alvarez3458@example.com,3402267110
3459,NATURAL,CC,1255095211,,08758,ACTIVO,2021-08-18,santiago.reyes3459@example.com,3714510668
3460,NATURAL,CC,1140075443,,05266,ACTIVO,2021-08-18,jennifer.munoz3460@example.com,3904837819
3461,NATURAL,CC,1117288914,,05001,ACTIVO,2021-08-19,denis.guerra3461@example.com,3762135060
3462,NATURAL,CC,1037327497,,73001,ACTIVO,2021-08-19,jenny.ardila3462@example.com,3952889001
3463,NATURAL,CC,1160986097,,11001,ACTIVO,2021-08-20,martha.espinosa3463@example.com,3468437055
3464,NATURAL,CC,1237031568,,05266,ACTIVO,2021-08-20,maria.londono3464@example.com,3096443378
3465,NATURAL,CC,1202988311,,11001,ACTIVO,2021-08-23,edwin.saavedra3465@example.com,3506574559
3466,NATURAL,CC,1180928851,,08001,ACTIVO,2021-08-23,santiago.jimenez3466@example.com,3812836597
3467,NATURAL,CC,1261879881,,11001,ACTIVO,2021-08-24,martha.vargas3467@example.com,3163675575
3468,JURIDICA,NIT,974444982,7,11001,ACTIVO,2021-08-26,contacto3468@example.com,3296535467
3469,JURIDICA,NIT,980485760,6,73001,ACTIVO,2021-08-26,contacto3469@example.com,3376557334
3470,NATURAL,CC,1004411291,,23001,ACTIVO,2021-08-27,wilson.vera3470@example.com,3735801698
3471,NATURAL,CC,1067964496,,05001,INACTIVO,2021-08-28,alberto.serna3471@example.com,3986253734
3472,JURIDICA,NIT,967043233,2,11001,ACTIVO,2021-08-30,contacto3472@example.com,3813243102
3473,NATURAL,CC,1267619430,,44001,ACTIVO,2021-08-30,julio.pineda3473@example.com,3559253789
3474,NATURAL,CC,1094581058,,11001,ACTIVO,2021-08-30,lisbeth.gaitan3474@example.com,3751189423
3475,NATURAL,CC,1014994637,,68001,ACTIVO,2021-08-30,alfonso.soto3475@example.com,3452384716
3476,NATURAL,CC,1226590261,,76834,ACTIVO,2021-08-31,david.diaz3476@example.com,3622463800
3477,NATURAL,PPT,8331778,,11001,ACTIVO,2021-08-31,myriam.garces3477@example.com,3973941511
3478,NATURAL,CC,1296001869,,50001,ACTIVO,2021-09-01,blanca.forero3478@example.com,3386658480
3479,NATURAL,CC,1152706897,,19001,ACTIVO,2021-09-01,camilo.ortega3479@example.com,3227748692
3480,NATURAL,CC,1178492787,,17380,ACTIVO,2021-09-01,alexis.ramirez3480@example.com,3074941580
3481,JURIDICA,NIT,970772527,0,66001,ACTIVO,2021-09-02,contacto3481@example.com,3128424100
3482,NATURAL,CC,1093714791,,13001,ACTIVO,2021-09-02,erika.guerrero3482@example.com,3133659963
3483,NATURAL,CC,1160032214,,27001,ACTIVO,2021-09-02,patricia.saavedra3483@example.com,3235204029
3484,NATURAL,CC,1044420560,,13001,ACTIVO,2021-09-02,jonathan.sanchez3484@example.com,3558489809
3485,NATURAL,CC,1279859274,,11001,ACTIVO,2021-09-03,jesus.murillo3485@example.com,3862203529
3486,NATURAL,CC,1243252312,,18001,ACTIVO,2021-09-03,julieth.perez3486@example.com,3492557635
3487,NATURAL,CC,1258543808,,11001,ACTIVO,2021-09-03,martha.aguilar3487@example.com,3239086282
3488,JURIDICA,NIT,982070152,3,11001,ACTIVO,2021-09-03,contacto3488@example.com,3631478419
3489,NATURAL,CC,1095407326,,50001,ACTIVO,2021-09-03,paola.romero3489@example.com,3265461234
3490,NATURAL,CC,1268954369,,05001,ACTIVO,2021-09-04,carmen.munoz3490@example.com,3605868496
3491,NATURAL,CC,1057399162,,20001,ACTIVO,2021-09-04,edna.castro3491@example.com,3091437860
3492,NATURAL,CC,1267330487,,27001,ACTIVO,2021-09-06,mercedes.vasquez3492@example.com,3235171158
3493,NATURAL,CC,1159572631,,11001,ACTIVO,2021-09-06,francisco.hurtado3493@example.com,3751958578
3494,NATURAL,CC,1221190179,,54001,ACTIVO,2021-09-06,valentina.sepulveda3494@example.com,3639098866
3495,NATURAL,CC,1082461955,,11001,ACTIVO,2021-09-07,jonathan.rodriguez3495@example.com,3420663477
3496,NATURAL,CE,285970,,54001,ACTIVO,2021-09-07,javier.castillo3496@example.com,3343569914
3497,NATURAL,CC,1065388655,,15001,ACTIVO,2021-09-07,,3774795547
3498,JURIDICA,NIT,970832069,7,11001,ACTIVO,2021-09-07,contacto3498@example.com,3671880014
3499,NATURAL,CC,1196457891,,05088,ACTIVO,2021-09-08,fabian.blanco3499@example.com,3322211754
3500,NATURAL,CC,1056252900,,11001,ACTIVO,2021-09-08,jorge.ortiz3500@example.com,3139274141
3501,NATURAL,CC,1146648215,,41001,ACTIVO,2021-09-08,jesus.rodriguez3501@example.com,3413169729
3502,NATURAL,CC,1247657863,,05001,ACTIVO,2021-09-09,carolina.ospino3502@example.com,3871721390
3503,JURIDICA,NIT,979197777,1,11001,ACTIVO,2021-09-09,contacto3503@example.com,3350277259
3504,JURIDICA,NIT,972184804,0,70001,ACTIVO,2021-09-09,contacto3504@example.com,3776740441
3505,NATURAL,CC,1164969141,,52001,ACTIVO,2021-09-10,liliana.gomez3505@example.com,3364465562
3506,NATURAL,CC,1156084201,,08758,ACTIVO,2021-09-10,juan.palacios3506@example.com,3684758983
3507,NATURAL,CC,1282566236,,85001,ACTIVO,2021-09-10,dora.saavedra3507@example.com,3131559246
3508,NATURAL,CC,1154813142,,11001,ACTIVO,2021-09-11,enrique.garcia3508@example.com,3905488431
3509,NATURAL,CC,1251251829,,11001,ACTIVO,2021-09-11,rafael.castro3509@example.com,3160209405
3510,NATURAL,CC,1270133461,,11001,ACTIVO,2021-09-11,daniela.loaiza3510@example.com,3072080345
3511,NATURAL,CC,1074012731,,08758,ACTIVO,2021-09-11,augusto.bolivar3511@example.com,3968456126
3512,NATURAL,CC,1051055798,,73001,ACTIVO,2021-09-13,alberto.ortega3512@example.com,3335864680
3513,NATURAL,CC,1194439636,,17001,ACTIVO,2021-09-14,daniela.moreno3513@example.com,3664411616
3514,NATURAL,CC,1069844577,,08758,ACTIVO,2021-09-14,sandra.riascos3514@example.com,3233321860
3515,NATURAL,CE,398215,,70001,ACTIVO,2021-09-15,yulieth.angel3515@example.com,3633584711
3516,JURIDICA,NIT,979776511,4,86001,ACTIVO,2021-09-15,contacto3516@example.com,3307171512
3517,NATURAL,CC,1176340461,,73001,ACTIVO,2021-09-15,diego.galeano3517@example.com,3027088646
3518,NATURAL,CC,1024611825,,66170,ACTIVO,2021-09-16,carlos.bernal3518@example.com,3959602837
3519,NATURAL,CC,1072515422,,11001,ACTIVO,2021-09-17,diana.hernandez3519@example.com,3452058241
3520,NATURAL,CC,1054205821,,11001,ACTIVO,2021-09-18,luz.castellanos3520@example.com,3285539634
3521,NATURAL,CC,1075839612,,52001,ACTIVO,2021-09-20,nubia.ochoa3521@example.com,3253494582
3522,NATURAL,CC,1117383794,,76520,ACTIVO,2021-09-20,dario.sepulveda3522@example.com,3560703177
3523,NATURAL,PPT,5979172,,76001,ACTIVO,2021-09-20,tulio.gonzalez3523@example.com,3979107039
3524,NATURAL,CC,1100221701,,11001,ACTIVO,2021-09-20,yamile.garcia3524@example.com,3078879209
3525,NATURAL,CE,405422,,66001,ACTIVO,2021-09-20,shirley.bernal3525@example.com,3464442480
3526,NATURAL,CC,1149530593,,11001,ACTIVO,2021-09-20,jose.arias3526@example.com,3250729576
3527,NATURAL,CC,1052203714,,05001,ACTIVO,2021-09-21,dora.molina3527@example.com,3464206973
3528,NATURAL,CC,1208255484,,08001,ACTIVO,2021-09-21,,3241449270
3529,NATURAL,CC,1174910791,,76001,ACTIVO,2021-09-21,amparo.ospina3529@example.com,3766811380
3530,NATURAL,CC,1249974150,,25175,ACTIVO,2021-09-22,gonzalo.cruz3530@example.com,3782031381
3531,JURIDICA,NIT,986137444,3,66001,ACTIVO,2021-09-22,contacto3531@example.com,3060334854
3532,NATURAL,CC,1276175853,,11001,ACTIVO,2021-09-22,alexandra.gallego3532@example.com,3677259606
3533,NATURAL,CC,1225586647,,76001,ACTIVO,2021-09-23,patricia.cruz3533@example.com,3138930376
3534,NATURAL,CC,1030410949,,66001,ACTIVO,2021-09-23,juan.perez3534@example.com,3497325970
3535,NATURAL,CC,1236337155,,08001,ACTIVO,2021-09-24,sandra.paez3535@example.com,3310519491
3536,NATURAL,CC,1271844701,,73001,ACTIVO,2021-09-27,alberto.diaz3536@example.com,3302184614
3537,NATURAL,CC,1181554631,,76001,ACTIVO,2021-09-27,jorge.gomez3537@example.com,3229795383
3538,NATURAL,CC,1227091939,,05001,INACTIVO,2021-09-27,henry.sierra3538@example.com,3840382618
3539,NATURAL,CC,1164148213,,76001,ACTIVO,2021-09-28,yaneth.torres3539@example.com,3647481037
3540,JURIDICA,NIT,969210308,1,13001,ACTIVO,2021-09-28,contacto3540@example.com,3870068536
3541,JURIDICA,NIT,988692282,3,05360,ACTIVO,2021-09-28,contacto3541@example.com,3392273920
3542,NATURAL,CC,1092538010,,08001,ACTIVO,2021-09-28,edgar.mesa3542@example.com,3499868623
3543,NATURAL,CC,1183883732,,15759,ACTIVO,2021-09-29,lizeth.bedoya3543@example.com,3518722461
3544,NATURAL,CC,1180762194,,17001,ACTIVO,2021-09-29,,3684540978
3545,NATURAL,CC,1164716441,,52001,ACTIVO,2021-09-29,luis.angarita3545@example.com,3977827094
3546,NATURAL,CC,1150080113,,11001,ACTIVO,2021-10-01,orlando.villamil3546@example.com,3755232848
3547,JURIDICA,NIT,963992269,3,76109,ACTIVO,2021-10-01,contacto3547@example.com,3664381229
3548,NATURAL,CC,1175558171,,66001,ACTIVO,2021-10-02,alveiro.ospina3548@example.com,3016684774
3549,NATURAL,CC,1215769744,,13430,ACTIVO,2021-10-02,,3268642815
3550,JURIDICA,NIT,970801737,6,76001,ACTIVO,2021-10-02,contacto3550@example.com,3025280992
3551,JURIDICA,NIT,969435618,4,76001,ACTIVO,2021-10-04,contacto3551@example.com,3870707310
3552,NATURAL,CC,1216667298,,08001,ACTIVO,2021-10-04,edgar.arias3552@example.com,3953263805
3553,NATURAL,CC,1020723147,,11001,ACTIVO,2021-10-05,luis.lopez3553@example.com,3105418642
3554,NATURAL,CC,1180760614,,11001,ACTIVO,2021-10-06,fredy.marin3554@example.com,3419542236
3555,NATURAL,CC,1056817880,,11001,ACTIVO,2021-10-06,juan.giraldo3555@example.com,3861877042
3556,NATURAL,CC,1059630569,,11001,ACTIVO,2021-10-07,damaris.castillo3556@example.com,3298129198
3557,NATURAL,CC,1085121209,,15759,ACTIVO,2021-10-07,,3966363518
3558,JURIDICA,NIT,971774823,9,11001,ACTIVO,2021-10-07,contacto3558@example.com,3858631990
3559,NATURAL,CC,1164259188,,13001,ACTIVO,2021-10-08,ciro.caro3559@example.com,3841250787
3560,NATURAL,CC,1206108986,,20001,ACTIVO,2021-10-09,miriam.pulido3560@example.com,3780485811
3561,NATURAL,CC,1150585893,,08001,ACTIVO,2021-10-09,alejandra.guerrero3561@example.com,3727559271
3562,NATURAL,CC,1129350323,,05001,ACTIVO,2021-10-11,edgar.quintero3562@example.com,3089766395
3563,JURIDICA,NIT,986170359,4,05001,ACTIVO,2021-10-11,contacto3563@example.com,3674914004
3564,NATURAL,CC,1282385964,,11001,ACTIVO,2021-10-11,cristian.gonzalez3564@example.com,3553079837
3565,NATURAL,CC,1076832319,,15001,ACTIVO,2021-10-12,mayra.munoz3565@example.com,3618663106
3566,NATURAL,CC,1268150007,,68001,ACTIVO,2021-10-13,yesica.zapata3566@example.com,3619410347
3567,NATURAL,CC,1042307981,,11001,ACTIVO,2021-10-14,isabel.florez3567@example.com,3489595846
3568,NATURAL,CC,1204397890,,11001,ACTIVO,2021-10-14,julieth.villamizar3568@example.com,3865923543
3569,NATURAL,CC,1049997158,,76001,ACTIVO,2021-10-15,camilo.avila3569@example.com,3381848255
3570,NATURAL,CC,1119299705,,68276,ACTIVO,2021-10-15,,3732276353
3571,NATURAL,CC,1149381639,,11001,ACTIVO,2021-10-16,orlando.acosta3571@example.com,3009723014
3572,NATURAL,CC,1269250423,,05088,ACTIVO,2021-10-16,luz.rodriguez3572@example.com,3809666120
3573,NATURAL,CC,1284580752,,11001,ACTIVO,2021-10-18,alfonso.forero3573@example.com,3664085454
3574,NATURAL,CC,1139871625,,11001,ACTIVO,2021-10-18,marcela.mendoza3574@example.com,3897516199
3575,NATURAL,CE,295694,,76109,ACTIVO,2021-10-18,milena.morales3575@example.com,3062518567
3576,JURIDICA,NIT,989960225,7,11001,ACTIVO,2021-10-18,contacto3576@example.com,3054291705
3577,JURIDICA,NIT,976359459,1,54001,ACTIVO,2021-10-19,contacto3577@example.com,3777227424
3578,NATURAL,CC,1130024466,,13001,ACTIVO,2021-10-19,yamile.bonilla3578@example.com,3153336891
3579,NATURAL,CC,1231268911,,05001,ACTIVO,2021-10-19,maria.gil3579@example.com,3145095147
3580,NATURAL,CC,1188726901,,11001,ACTIVO,2021-10-19,rita.duran3580@example.com,3798984576
3581,NATURAL,PPT,7462712,,11001,ACTIVO,2021-10-20,luis.ortiz3581@example.com,3304181411
3582,NATURAL,CC,1069408380,,44001,ACTIVO,2021-10-20,eduardo.lara3582@example.com,3100080663
3583,NATURAL,CC,1099249033,,50001,ACTIVO,2021-10-22,evelio.suarez3583@example.com,3979780153
3584,NATURAL,CC,1048216158,,08001,ACTIVO,2021-10-22,olga.ramirez3584@example.com,3803305791
3585,NATURAL,CC,1297707613,,13001,ACTIVO,2021-10-22,linda.torres3585@example.com,3186737715
3586,NATURAL,CC,1292623009,,20001,ACTIVO,2021-10-22,ruben.torres3586@example.com,3806654406
3587,NATURAL,CC,1201744169,,11001,ACTIVO,2021-10-23,edwin.mejia3587@example.com,3067631337
3588,NATURAL,CC,1218241717,,05001,ACTIVO,2021-10-25,marcela.velez3588@example.com,3670989163
3589,NATURAL,CC,1185510690,,05001,ACTIVO,2021-10-25,,3225297892
3590,NATURAL,CC,1171220017,,13001,ACTIVO,2021-10-25,rodrigo.suarez3590@example.com,3029367652
3591,NATURAL,CC,1008521847,,11001,ACTIVO,2021-10-25,lorena.luna3591@example.com,3711133290
3592,NATURAL,CC,1011803772,,68001,ACTIVO,2021-10-25,santiago.mora3592@example.com,3317321935
3593,NATURAL,CC,1115919793,,11001,ACTIVO,2021-10-25,humberto.hernandez3593@example.com,3122186911
3594,NATURAL,CC,1164392669,,85001,ACTIVO,2021-10-25,johanna.rivera3594@example.com,3651685123
3595,NATURAL,CC,1180191878,,11001,ACTIVO,2021-10-26,milton.diaz3595@example.com,3540371288
3596,NATURAL,CC,1024508146,,47001,ACTIVO,2021-10-26,valeria.ramirez3596@example.com,3131136498
3597,NATURAL,CC,1263406959,,20001,ACTIVO,2021-10-28,,3386413641
3598,NATURAL,CC,1023585454,,08001,ACTIVO,2021-10-28,dayana.rengifo3598@example.com,3271813516
3599,NATURAL,CC,1110891819,,76001,ACTIVO,2021-10-28,yaneth.rodriguez3599@example.com,3664180889
3600,NATURAL,CC,1126697234,,66170,ACTIVO,2021-10-29,nubia.forero3600@example.com,3668441923
3601,NATURAL,CC,1191547638,,11001,ACTIVO,2021-10-29,maribel.gomez3601@example.com,3619350484
3602,NATURAL,CC,1179407685,,13001,ACTIVO,2021-10-29,juan.gonzales3602@example.com,3346364751
3603,JURIDICA,NIT,976376252,4,76834,ACTIVO,2021-10-30,contacto3603@example.com,3215576410
3604,NATURAL,CC,1095432117,,11001,ACTIVO,2021-11-01,alonso.mejia3604@example.com,3218992616
3605,NATURAL,CC,1132901007,,11001,ACTIVO,2021-11-01,rocio.pena3605@example.com,3907788365
3606,NATURAL,CC,1211940685,,76001,ACTIVO,2021-11-02,daniel.ruiz3606@example.com,3889994832
3607,NATURAL,CC,1161691499,,17001,ACTIVO,2021-11-02,henry.bonilla3607@example.com,3317645762
3608,NATURAL,CC,1227147311,,11001,ACTIVO,2021-11-02,javier.olaya3608@example.com,3646344134
3609,JURIDICA,NIT,981297063,8,15759,ACTIVO,2021-11-03,contacto3609@example.com,3930567489
3610,NATURAL,CE,170287,,76001,ACTIVO,2021-11-04,lorena.cardenas3610@example.com,3801486451
3611,NATURAL,CC,1231297435,,76001,ACTIVO,2021-11-04,maria.mercado3611@example.com,3792082777
3612,NATURAL,CC,1126274992,,11001,ACTIVO,2021-11-05,misael.alvarado3612@example.com,3081937381
3613,NATURAL,CC,1052258798,,08001,ACTIVO,2021-11-05,andres.martinez3613@example.com,3445614865
3614,NATURAL,CC,1181103251,,13430,ACTIVO,2021-11-05,andres.quintero3614@example.com,3266111528
3615,NATURAL,CC,1157943805,,08001,ACTIVO,2021-11-06,dora.mosquera3615@example.com,3314763680
3616,NATURAL,CC,1187683470,,08001,ACTIVO,2021-11-06,luis.fuentes3616@example.com,3612051904
3617,NATURAL,CC,1271528193,,08001,ACTIVO,2021-11-08,,3332634277
3618,NATURAL,CC,1284164890,,11001,ACTIVO,2021-11-08,alexander.fernandez3618@example.com,3866575151
3619,NATURAL,CC,1249281956,,11001,ACTIVO,2021-11-08,blanca.salazar3619@example.com,3756992625
3620,NATURAL,CC,1178434461,,11001,ACTIVO,2021-11-09,carmen.rios3620@example.com,3793890857
3621,NATURAL,PA,XM4418005,,11001,ACTIVO,2021-11-09,andres.londono3621@example.com,3113324771
3622,NATURAL,CC,1039224291,,66170,ACTIVO,2021-11-09,jhon.pena3622@example.com,3656075136
3623,JURIDICA,NIT,971388313,9,05001,ACTIVO,2021-11-10,contacto3623@example.com,3439252213
3624,NATURAL,CC,1085206376,,68001,ACTIVO,2021-11-10,rosalba.rivera3624@example.com,3140369356
3625,NATURAL,CE,594430,,08001,ACTIVO,2021-11-11,marlen.herrera3625@example.com,3823178964
3626,JURIDICA,NIT,963374591,1,13001,ACTIVO,2021-11-11,contacto3626@example.com,3154393121
3627,JURIDICA,NIT,985563034,1,20001,ACTIVO,2021-11-12,contacto3627@example.com,3049464059
3628,NATURAL,CC,1025755681,,05266,ACTIVO,2021-11-12,diana.sanchez3628@example.com,3877803888
3629,JURIDICA,NIT,970618320,5,11001,ACTIVO,2021-11-12,contacto3629@example.com,3977544231
3630,NATURAL,CC,1030314095,,11001,ACTIVO,2021-11-12,camilo.fajardo3630@example.com,3524204648
3631,NATURAL,CC,1264056078,,11001,ACTIVO,2021-11-13,carolina.herrera3631@example.com,3879321395
3632,NATURAL,CC,1296679889,,05001,INACTIVO,2021-11-13,albeiro.duque3632@example.com,3516186350
3633,NATURAL,CC,1041857471,,13001,ACTIVO,2021-11-13,,3413107988
3634,NATURAL,CC,1293232021,,54001,ACTIVO,2021-11-13,christian.giraldo3634@example.com,3237501056
3635,NATURAL,CC,1259355755,,73001,ACTIVO,2021-11-15,gabriel.moreno3635@example.com,3463604642
3636,NATURAL,CC,1030010123,,76109,ACTIVO,2021-11-15,david.munoz3636@example.com,3357695614
3637,JURIDICA,NIT,963792820,4,76001,ACTIVO,2021-11-15,contacto3637@example.com,3369744157
3638,NATURAL,CC,1109291807,,05001,ACTIVO,2021-11-15,,3638305023
3639,NATURAL,CC,1153422437,,76001,ACTIVO,2021-11-15,arturo.gutierrez3639@example.com,3044652335
3640,NATURAL,CC,1013647143,,85001,ACTIVO,2021-11-16,omaira.olaya3640@example.com,3792354802
3641,NATURAL,CC,1040144443,,08001,ACTIVO,2021-11-16,astrid.romero3641@example.com,3076040043
3642,NATURAL,CC,1095953319,,08001,ACTIVO,2021-11-17,carlos.morales3642@example.com,3438350599
3643,NATURAL,CC,1066044567,,11001,ACTIVO,2021-11-18,david.bustos3643@example.com,3041373832
3644,NATURAL,CC,1107252933,,08758,INACTIVO,2021-11-18,leonardo.gomez3644@example.com,3162429654
3645,NATURAL,CC,1214108899,,05001,ACTIVO,2021-11-18,luz.leon3645@example.com,3208505598
3646,NATURAL,CC,1218704051,,11001,ACTIVO,2021-11-19,luz.ochoa3646@example.com,3339354484
3647,NATURAL,CC,1035582977,,41001,ACTIVO,2021-11-19,augusto.bermudez3647@example.com,3952348291
3648,NATURAL,CC,1041027387,,11001,ACTIVO,2021-11-20,luis.moreno3648@example.com,3627066962
3649,JURIDICA,NIT,980366766,1,76001,ACTIVO,2021-11-22,contacto3649@example.com,3394153874
3650,NATURAL,CC,1128506885,,13430,ACTIVO,2021-11-22,estela.perez3650@example.com,3430076473
3651,NATURAL,CC,1278570990,,17380,ACTIVO,2021-11-22,lucia.gomez3651@example.com,3342185992
3652,JURIDICA,NIT,970644919,6,11001,ACTIVO,2021-11-22,contacto3652@example.com,3318259021
3653,NATURAL,CC,1033461505,,11001,ACTIVO,2021-11-22,fernando.pedraza3653@example.com,3155425538
3654,NATURAL,CC,1088557053,,47001,ACTIVO,2021-11-22,martin.burbano3654@example.com,3411126078
3655,NATURAL,CC,1040899565,,11001,ACTIVO,2021-11-23,javier.rodriguez3655@example.com,3926315856
3656,NATURAL,CC,1214920432,,68001,ACTIVO,2021-11-23,ligia.alzate3656@example.com,3674551961
3657,NATURAL,CC,1215677100,,70001,ACTIVO,2021-11-25,gloria.buitrago3657@example.com,3184989931
3658,NATURAL,CC,1125766846,,17873,ACTIVO,2021-11-26,andrea.giraldo3658@example.com,3789421418
3659,NATURAL,CC,1065465696,,47001,ACTIVO,2021-11-26,maira.sandoval3659@example.com,3089561625
3660,NATURAL,CC,1208596025,,13001,ACTIVO,2021-11-26,ines.arias3660@example.com,3706359391
3661,NATURAL,CC,1166451755,,05001,ACTIVO,2021-11-26,diego.gomez3661@example.com,3962688957
3662,NATURAL,CC,1290165102,,05266,ACTIVO,2021-11-27,maria.rengifo3662@example.com,3404095537
3663,NATURAL,CC,1068125079,,08758,ACTIVO,2021-11-27,cristian.guerrero3663@example.com,3417063632
3664,NATURAL,CC,1007164977,,11001,ACTIVO,2021-11-27,,3684266254
3665,JURIDICA,NIT,983049212,3,11001,ACTIVO,2021-11-27,contacto3665@example.com,3647685365
3666,NATURAL,CC,1263561646,,05001,ACTIVO,2021-11-29,,3112259625
3667,NATURAL,CC,1167285504,,05001,ACTIVO,2021-11-29,paola.guevara3667@example.com,3038296836
3668,NATURAL,CC,1215807109,,54001,ACTIVO,2021-11-29,paola.rojas3668@example.com,3335096305
3669,JURIDICA,NIT,986687433,1,76520,ACTIVO,2021-11-29,contacto3669@example.com,3987626045
3670,NATURAL,CC,1185572748,,11001,ACTIVO,2021-11-29,jose.roa3670@example.com,3084188865
3671,NATURAL,CC,1194444078,,05001,ACTIVO,2021-11-29,ariel.arrieta3671@example.com,3545109047
3672,NATURAL,CC,1275242048,,44001,ACTIVO,2021-11-29,luis.torres3672@example.com,3200319064
3673,NATURAL,CC,1084959883,,23001,ACTIVO,2021-11-29,alejandro.romero3673@example.com,3073694908
3674,NATURAL,CC,1173369227,,50001,ACTIVO,2021-11-30,jose.torres3674@example.com,3945686736
3675,NATURAL,CC,1115703454,,13001,ACTIVO,2021-12-01,ines.arias3675@example.com,3890802989
3676,JURIDICA,NIT,980120117,3,05001,ACTIVO,2021-12-01,contacto3676@example.com,3617095234
3677,NATURAL,CC,1117785845,,18001,ACTIVO,2021-12-02,jaime.caballero3677@example.com,3160454575
3678,JURIDICA,NIT,972733948,9,47001,ACTIVO,2021-12-02,contacto3678@example.com,3174700720
3679,NATURAL,CC,1148615301,,08001,ACTIVO,2021-12-04,jorge.ardila3679@example.com,3579560782
3680,JURIDICA,NIT,971493445,1,68001,ACTIVO,2021-12-04,contacto3680@example.com,3748551393
3681,NATURAL,CC,1028668918,,25175,ACTIVO,2021-12-04,martha.cifuentes3681@example.com,3560602109
3682,NATURAL,CC,1085520486,,54001,ACTIVO,2021-12-04,jairo.lozano3682@example.com,3298554424
3683,JURIDICA,NIT,976406921,3,11001,ACTIVO,2021-12-06,contacto3683@example.com,3790473878
3684,NATURAL,CC,1049763664,,76001,ACTIVO,2021-12-06,amparo.rodriguez3684@example.com,3162612196
3685,NATURAL,CC,1001927462,,76001,ACTIVO,2021-12-06,,3590176912
3686,NATURAL,CC,1096101389,,05001,ACTIVO,2021-12-06,andres.perez3686@example.com,3439560371
3687,NATURAL,CE,858130,,13001,ACTIVO,2021-12-06,jose.cortes3687@example.com,3709422609
3688,NATURAL,CC,1272243954,,05360,ACTIVO,2021-12-06,,3728058757
3689,NATURAL,CC,1089318217,,05088,ACTIVO,2021-12-07,aura.sanchez3689@example.com,3704775769
3690,NATURAL,CC,1202881936,,11001,ACTIVO,2021-12-08,alejandro.betancur3690@example.com,3530687228
3691,NATURAL,CC,1206260065,,76001,ACTIVO,2021-12-08,nilson.angulo3691@example.com,3093279445
3692,JURIDICA,NIT,969272299,7,18001,ACTIVO,2021-12-09,contacto3692@example.com,3885758388
3693,NATURAL,CC,1228474672,,11001,ACTIVO,2021-12-09,,3580019967
3694,NATURAL,CC,1258091278,,11001,ACTIVO,2021-12-10,javier.lopez3694@example.com,3360343329
3695,NATURAL,CC,1149102501,,11001,ACTIVO,2021-12-10,,3302752109
3696,NATURAL,CC,1104094329,,76001,ACTIVO,2021-12-10,david.castaneda3696@example.com,3866029665
3697,NATURAL,CC,1100355569,,11001,ACTIVO,2021-12-11,lizeth.diaz3697@example.com,3055945423
3698,NATURAL,CC,1129381640,,05088,ACTIVO,2021-12-11,felipe.cardona3698@example.com,3244419659
3699,NATURAL,CC,1227000603,,11001,ACTIVO,2021-12-13,dary.sierra3699@example.com,3334594698
3700,NATURAL,CC,1223640585,,23001,ACTIVO,2021-12-13,andres.ruiz3700@example.com,3461699925
3701,NATURAL,CC,1291474926,,54001,ACTIVO,2021-12-13,gustavo.fuentes3701@example.com,3448816480
3702,NATURAL,CC,1084248369,,47001,ACTIVO,2021-12-14,pablo.velasco3702@example.com,3804130706
3703,NATURAL,CC,1106037170,,50001,ACTIVO,2021-12-15,jose.rojas3703@example.com,3478962060
3704,NATURAL,CC,1031261083,,76001,ACTIVO,2021-12-15,andres.duarte3704@example.com,3489930331
3705,JURIDICA,NIT,968056686,5,13001,ACTIVO,2021-12-16,contacto3705@example.com,3762015512
3706,JURIDICA,NIT,964821024,7,41001,ACTIVO,2021-12-17,contacto3706@example.com,3341827641
3707,JURIDICA,NIT,965585699,9,17001,ACTIVO,2021-12-18,contacto3707@example.com,3275214217
3708,NATURAL,CC,1244859449,,11001,ACTIVO,2021-12-20,maria.suarez3708@example.com,3460440293
3709,NATURAL,CC,1256116547,,76001,ACTIVO,2021-12-21,,3995495884
3710,JURIDICA,NIT,985198538,4,11001,ACTIVO,2021-12-21,contacto3710@example.com,3589565634
3711,NATURAL,CC,1055469685,,19001,ACTIVO,2021-12-23,juana.salgado3711@example.com,3484304358
3712,NATURAL,CC,1252420720,,73001,ACTIVO,2021-12-23,andrea.diaz3712@example.com,3092839624
3713,NATURAL,CC,1184379517,,20001,ACTIVO,2021-12-23,carlos.velasquez3713@example.com,3185169112
3714,NATURAL,CC,1116055044,,76001,ACTIVO,2021-12-23,vanessa.gonzalez3714@example.com,3470253583
3715,NATURAL,CC,1157027693,,50001,ACTIVO,2021-12-25,alexandra.rincon3715@example.com,3819061160
3716,NATURAL,CC,1137993933,,76001,ACTIVO,2021-12-25,,3560997241
3717,NATURAL,CC,1008651194,,25126,ACTIVO,2021-12-25,edna.caceres3717@example.com,3391056216
3718,JURIDICA,NIT,984066433,1,11001,ACTIVO,2021-12-27,contacto3718@example.com,3921843624
3719,NATURAL,CC,1180705705,,05001,ACTIVO,2021-12-27,gloria.suarez3719@example.com,3831188284
3720,NATURAL,CC,1197784663,,05001,ACTIVO,2021-12-27,bibiana.valencia3720@example.com,3379772198
3721,NATURAL,CC,1102320873,,76520,ACTIVO,2021-12-29,jhon.pardo3721@example.com,3701537864
3722,NATURAL,CC,1021965264,,81001,ACTIVO,2021-12-29,milena.lopez3722@example.com,3229558076
3723,NATURAL,CC,1029113655,,76001,ACTIVO,2021-12-29,,3540230668
3724,NATURAL,CC,1200751317,,11001,ACTIVO,2021-12-29,mario.gomez3724@example.com,3499104491
3725,NATURAL,CC,1268046732,,47001,ACTIVO,2021-12-30,diego.moreno3725@example.com,3132560793
3726,NATURAL,CC,1246766614,,19001,ACTIVO,2021-12-30,andres.torres3726@example.com,3543530545
3727,NATURAL,CC,1195763894,,70001,ACTIVO,2021-12-31,ana.rodriguez3727@example.com,3124306827
3728,NATURAL,CC,1037641895,,11001,ACTIVO,2022-01-01,jorge.munoz3728@example.com,3799864165
3729,NATURAL,CC,1298558502,,76001,ACTIVO,2022-01-01,,3600233950
3730,NATURAL,CC,1132834699,,11001,ACTIVO,2022-01-01,andres.perea3730@example.com,3595160427
3731,NATURAL,CC,1147135130,,66001,ACTIVO,2022-01-01,sebastian.montes3731@example.com,3074563534
3732,NATURAL,CC,1076182031,,11001,ACTIVO,2022-01-03,gloria.hernandez3732@example.com,3044765218
3733,NATURAL,CC,1064570035,,11001,ACTIVO,2022-01-03,milena.cabrera3733@example.com,3981649204
3734,NATURAL,CC,1101282053,,76001,ACTIVO,2022-01-03,paula.florez3734@example.com,3159870838
3735,NATURAL,CC,1033894432,,66001,ACTIVO,2022-01-04,ines.munoz3735@example.com,3658554048
3736,NATURAL,CC,1046259951,,76001,ACTIVO,2022-01-05,cristhian.morales3736@example.com,3061094282
3737,JURIDICA,NIT,989544409,1,76520,ACTIVO,2022-01-05,contacto3737@example.com,3235636839
3738,NATURAL,CC,1199632679,,76001,ACTIVO,2022-01-05,franco.herrera3738@example.com,3026624251
3739,NATURAL,CC,1160124980,,63001,ACTIVO,2022-01-06,marisol.moreno3739@example.com,3898623545
3740,NATURAL,CC,1215751310,,19001,ACTIVO,2022-01-07,elvira.perez3740@example.com,3858117005
3741,NATURAL,CC,1234932159,,05266,ACTIVO,2022-01-07,leonor.lopez3741@example.com,3111096510
3742,NATURAL,CC,1246501300,,13001,ACTIVO,2022-01-08,jairo.buitrago3742@example.com,3135094455
3743,JURIDICA,NIT,969771240,4,05266,ACTIVO,2022-01-10,contacto3743@example.com,3934087394
3744,NATURAL,CC,1293139480,,08758,ACTIVO,2022-01-10,dayana.marin3744@example.com,3341988559
3745,JURIDICA,NIT,968173355,3,15759,ACTIVO,2022-01-10,contacto3745@example.com,3086112856
3746,NATURAL,CC,1080591563,,11001,ACTIVO,2022-01-10,,3981480035
3747,NATURAL,CC,1099292025,,08001,ACTIVO,2022-01-10,bladimir.diaz3747@example.com,3280806136
3748,NATURAL,CC,1037776992,,05001,ACTIVO,2022-01-10,lucila.lopez3748@example.com,3309110606
3749,NATURAL,CC,1274719708,,54001,ACTIVO,2022-01-11,fabian.florez3749@example.com,3463199781
3750,NATURAL,CC,1262771395,,68001,ACTIVO,2022-01-11,alvaro.reyes3750@example.com,3481744935
3751,NATURAL,CC,1130663251,,15001,ACTIVO,2022-01-12,adolfo.mendez3751@example.com,3352990524
3752,JURIDICA,NIT,970643778,1,50001,ACTIVO,2022-01-12,contacto3752@example.com,3718736233
3753,JURIDICA,NIT,971948176,1,11001,ACTIVO,2022-01-12,contacto3753@example.com,3558779772
3754,NATURAL,CC,1226156287,,11001,ACTIVO,2022-01-13,fanny.obando3754@example.com,3390804111
3755,NATURAL,CC,1296652082,,05266,ACTIVO,2022-01-14,karol.florez3755@example.com,3092582951
3756,NATURAL,CC,1196885179,,11001,ACTIVO,2022-01-14,rosa.meneses3756@example.com,3229966331
3757,NATURAL,CC,1095734496,,11001,ACTIVO,2022-01-15,kevin.garces3757@example.com,3328345946
3758,NATURAL,CC,1057138974,,17873,ACTIVO,2022-01-15,,3828449594
3759,NATURAL,CC,1037766788,,11001,ACTIVO,2022-01-15,danilo.mosquera3759@example.com,3636810578
3760,NATURAL,CC,1208430419,,20001,ACTIVO,2022-01-15,blanca.torres3760@example.com,3102121600
3761,NATURAL,CC,1121282669,,11001,ACTIVO,2022-01-15,margarita.serrano3761@example.com,3582809807
3762,NATURAL,CC,1124056817,,11001,ACTIVO,2022-01-18,yesid.pinto3762@example.com,3973736678
3763,NATURAL,CC,1298199832,,05360,ACTIVO,2022-01-18,antonio.palacio3763@example.com,3663298716
3764,NATURAL,CC,1217592462,,13001,ACTIVO,2022-01-19,alexandra.diaz3764@example.com,3418334115
3765,NATURAL,CC,1052824274,,47001,ACTIVO,2022-01-19,magaly.lopez3765@example.com,3965418282
3766,NATURAL,CC,1278604613,,05088,ACTIVO,2022-01-19,nestor.camacho3766@example.com,3967348366
3767,NATURAL,CC,1146142815,,13430,ACTIVO,2022-01-20,geraldine.martinez3767@example.com,3938200759
3768,NATURAL,CC,1103238288,,11001,ACTIVO,2022-01-20,elena.ruiz3768@example.com,3759131693
3769,JURIDICA,NIT,983542881,4,13001,ACTIVO,2022-01-20,contacto3769@example.com,3153842498
3770,NATURAL,CC,1222277670,,11001,ACTIVO,2022-01-21,dary.oviedo3770@example.com,3526409714
3771,NATURAL,CC,1287109356,,11001,ACTIVO,2022-01-21,enrique.rodriguez3771@example.com,3844843792
3772,JURIDICA,NIT,979462826,0,11001,ACTIVO,2022-01-21,contacto3772@example.com,3274969245
3773,NATURAL,CC,1150049272,,05001,ACTIVO,2022-01-21,,3389771492
3774,NATURAL,CC,1172134206,,13001,ACTIVO,2022-01-22,jorge.lopez3774@example.com,3410647142
3775,NATURAL,CC,1284158757,,76001,ACTIVO,2022-01-22,libia.pena3775@example.com,3933047441
3776,NATURAL,CC,1114211310,,05001,ACTIVO,2022-01-24,omar.mantilla3776@example.com,3034283137
3777,NATURAL,CC,1275835042,,11001,ACTIVO,2022-01-24,luisa.rojas3777@example.com,3851988626
3778,NATURAL,CC,1120376611,,20001,ACTIVO,2022-01-25,nidia.vasquez3778@example.com,3454461148
3779,NATURAL,CC,1039229917,,23001,ACTIVO,2022-01-25,david.rivera3779@example.com,3791121749
3780,NATURAL,CC,1041241052,,11001,ACTIVO,2022-01-25,juan.martinez3780@example.com,3489394495
3781,NATURAL,CC,1227442673,,17001,ACTIVO,2022-01-26,fredy.guerrero3781@example.com,3693902092
3782,NATURAL,CC,1299229512,,20001,ACTIVO,2022-01-27,albeiro.florez3782@example.com,3957569057
3783,NATURAL,CC,1036100620,,05001,ACTIVO,2022-01-27,didier.sandoval3783@example.com,3270778784
3784,NATURAL,CC,1225276463,,11001,ACTIVO,2022-01-27,luz.marquez3784@example.com,3833068967
3785,NATURAL,CC,1263140360,,66001,ACTIVO,2022-01-27,edna.bedoya3785@example.com,3684246474
3786,JURIDICA,NIT,985994594,1,17001,ACTIVO,2022-01-28,contacto3786@example.com,3749852869
3787,NATURAL,CC,1076429460,,19001,ACTIVO,2022-01-28,enrique.sandoval3787@example.com,3203824452
3788,NATURAL,CC,1070199267,,08758,ACTIVO,2022-01-28,javier.beltran3788@example.com,3775611682
3789,JURIDICA,NIT,973111829,5,76001,ACTIVO,2022-01-29,contacto3789@example.com,3678641554
3790,NATURAL,CC,1077497967,,08758,ACTIVO,2022-01-29,maritza.agudelo3790@example.com,3232204548
3791,NATURAL,CC,1108372440,,76001,ACTIVO,2022-01-31,fidel.galvis3791@example.com,3507487552
3792,NATURAL,CC,1264269775,,68001,ACTIVO,2022-01-31,luis.orozco3792@example.com,3223206953
3793,NATURAL,CC,1087103950,,08758,ACTIVO,2022-01-31,lorena.bejarano3793@example.com,3610096876
3794,NATURAL,CC,1244485265,,11001,ACTIVO,2022-01-31,,3637120142
3795,NATURAL,CC,1176722054,,05001,ACTIVO,2022-01-31,jose.castano3795@example.com,3028275662
3796,NATURAL,CC,1077815234,,76001,ACTIVO,2022-02-01,felipe.rodriguez3796@example.com,3451043951
3797,NATURAL,CC,1050024929,,66001,ACTIVO,2022-02-01,magnolia.suarez3797@example.com,3463415638
3798,JURIDICA,NIT,960097335,1,11001,ACTIVO,2022-02-01,contacto3798@example.com,3336911002
3799,NATURAL,CC,1129999829,,08001,ACTIVO,2022-02-01,maria.rojas3799@example.com,3413030130
3800,NATURAL,CC,1092469822,,11001,ACTIVO,2022-02-02,andrea.roa3800@example.com,3046732617
3801,JURIDICA,NIT,987040047,8,44001,ACTIVO,2022-02-02,contacto3801@example.com,3463135379
3802,NATURAL,CC,1240622516,,47001,ACTIVO,2022-02-02,maria.munoz3802@example.com,3574543518
3803,JURIDICA,NIT,961510262,8,50001,ACTIVO,2022-02-02,contacto3803@example.com,3966118547
3804,JURIDICA,NIT,984212318,7,11001,ACTIVO,2022-02-03,contacto3804@example.com,3538396792
3805,NATURAL,CC,1160689541,,47001,ACTIVO,2022-02-03,fernando.paz3805@example.com,3104414949
3806,NATURAL,CC,1113222036,,05001,ACTIVO,2022-02-03,claudia.sierra3806@example.com,3263704366
3807,NATURAL,CE,180515,,11001,ACTIVO,2022-02-04,nury.reyes3807@example.com,3268173912
3808,NATURAL,CC,1090953694,,11001,ACTIVO,2022-02-05,camilo.jaramillo3808@example.com,3189090632
3809,NATURAL,CC,1027323431,,11001,ACTIVO,2022-02-05,stella.mosquera3809@example.com,3614303776
3810,NATURAL,CC,1130092758,,76520,ACTIVO,2022-02-05,andrea.gil3810@example.com,3214732990
3811,NATURAL,CC,1288554921,,11001,ACTIVO,2022-02-05,manuela.nino3811@example.com,3750533411
3812,NATURAL,CC,1040139627,,18001,ACTIVO,2022-02-05,victoria.ospina3812@example.com,3205990732
3813,NATURAL,CC,1116981626,,66001,ACTIVO,2022-02-05,marcela.castillo3813@example.com,3301452844
3814,NATURAL,CC,1145751196,,08758,ACTIVO,2022-02-07,lorena.parra3814@example.com,3633332936
3815,NATURAL,CC,1040958559,,66001,ACTIVO,2022-02-07,,3128636704
3816,NATURAL,CC,1185869627,,05615,ACTIVO,2022-02-07,paola.ortiz3816@example.com,3642945506
3817,NATURAL,PPT,7546108,,05360,ACTIVO,2022-02-07,ivan.gamboa3817@example.com,3680881918
3818,NATURAL,CC,1104328490,,05001,ACTIVO,2022-02-08,,3948299379
3819,NATURAL,CC,1207202796,,05360,ACTIVO,2022-02-08,carolina.perez3819@example.com,3214372303
3820,NATURAL,CC,1154268255,,05001,ACTIVO,2022-02-08,maria.perez3820@example.com,3536017707
3821,NATURAL,CC,1191240549,,52001,ACTIVO,2022-02-08,leidy.torres3821@example.com,3578906386
3822,JURIDICA,NIT,961333499,7,19001,ACTIVO,2022-02-09,contacto3822@example.com,3353879928
3823,NATURAL,CC,1084280641,,15238,ACTIVO,2022-02-10,fernando.martinez3823@example.com,3286646600
3824,NATURAL,CC,1016671226,,76001,ACTIVO,2022-02-10,vanessa.leon3824@example.com,3084571697
3825,JURIDICA,NIT,967437071,8,76001,ACTIVO,2022-02-11,contacto3825@example.com,3483547153
3826,NATURAL,CC,1096692816,,05001,ACTIVO,2022-02-11,luis.velasco3826@example.com,3986907999
3827,NATURAL,CC,1214134975,,08001,ACTIVO,2022-02-11,alejandra.arias3827@example.com,3327233035
3828,NATURAL,CC,1173154485,,50001,ACTIVO,2022-02-11,wilmer.martinez3828@example.com,3579550323
3829,JURIDICA,NIT,989575859,5,11001,ACTIVO,2022-02-12,contacto3829@example.com,3588754697
3830,NATURAL,CC,1160046073,,76109,ACTIVO,2022-02-12,yuri.beltran3830@example.com,3727663351
3831,JURIDICA,NIT,967892134,3,76109,ACTIVO,2022-02-12,contacto3831@example.com,3369296266
3832,NATURAL,CC,1192139904,,08758,ACTIVO,2022-02-12,angela.velez3832@example.com,3797457899
3833,NATURAL,CC,1112676239,,20001,ACTIVO,2022-02-14,guillermo.morales3833@example.com,3438011495
3834,NATURAL,CC,1031129796,,05088,ACTIVO,2022-02-14,maria.lopez3834@example.com,3083013328
3835,NATURAL,CC,1178770099,,11001,ACTIVO,2022-02-14,nestor.rueda3835@example.com,3564811444
3836,NATURAL,CC,1194604145,,52001,ACTIVO,2022-02-14,miguel.gaitan3836@example.com,3714762733
3837,NATURAL,CC,1294567719,,11001,ACTIVO,2022-02-14,alejandro.romero3837@example.com,3049136346
3838,NATURAL,CC,1254888470,,70001,ACTIVO,2022-02-15,andrea.carrillo3838@example.com,3915574516
3839,NATURAL,CC,1123356831,,05001,ACTIVO,2022-02-15,lizeth.munoz3839@example.com,3267535782
3840,NATURAL,CC,1264030551,,11001,ACTIVO,2022-02-16,julio.cortes3840@example.com,3619430866
3841,NATURAL,CC,1092470823,,08758,ACTIVO,2022-02-16,adriana.agudelo3841@example.com,3463046144
3842,NATURAL,CC,1051132129,,05001,ACTIVO,2022-02-17,constanza.morales3842@example.com,3530016771
3843,NATURAL,CC,1262407449,,11001,ACTIVO,2022-02-18,wilson.torres3843@example.com,3996644389
3844,NATURAL,CC,1013439739,,05001,ACTIVO,2022-02-18,julio.ruiz3844@example.com,3667143605
3845,JURIDICA,NIT,962083192,1,15001,ACTIVO,2022-02-18,contacto3845@example.com,3747537084
3846,NATURAL,CC,1245361903,,11001,ACTIVO,2022-02-21,maria.rodriguez3846@example.com,3158620361
3847,NATURAL,CC,1201782022,,25175,ACTIVO,2022-02-21,,3483066564
3848,NATURAL,CC,1182189581,,11001,ACTIVO,2022-02-21,,3167382429
3849,NATURAL,CC,1030811785,,23001,ACTIVO,2022-02-21,angie.moreno3849@example.com,3467341712
3850,NATURAL,CC,1122590842,,44001,ACTIVO,2022-02-21,fernanda.ortiz3850@example.com,3420148662
3851,NATURAL,CC,1050947305,,11001,ACTIVO,2022-02-21,fredy.restrepo3851@example.com,3169656419
3852,JURIDICA,NIT,969011430,7,76834,ACTIVO,2022-02-22,contacto3852@example.com,3599785597
3853,NATURAL,CC,1285652338,,05266,ACTIVO,2022-02-23,beatriz.valencia3853@example.com,3999521561
3854,NATURAL,CC,1298243094,,17873,ACTIVO,2022-02-24,maria.buitrago3854@example.com,3217062981
3855,JURIDICA,NIT,980870947,7,17873,ACTIVO,2022-02-24,contacto3855@example.com,3559488871
3856,JURIDICA,NIT,988073323,1,23001,ACTIVO,2022-02-24,contacto3856@example.com,3509513714
3857,NATURAL,CC,1071354622,,76001,ACTIVO,2022-02-25,nohora.alvarado3857@example.com,3891817094
3858,NATURAL,CC,1038199563,,11001,ACTIVO,2022-02-26,alberto.murcia3858@example.com,3544499687
3859,NATURAL,CC,1229417895,,05360,ACTIVO,2022-02-28,sindy.valencia3859@example.com,3975824089
3860,NATURAL,CC,1113342090,,13001,ACTIVO,2022-03-01,maria.tamayo3860@example.com,3184905962
3861,NATURAL,CC,1194901342,,50001,ACTIVO,2022-03-01,german.fernandez3861@example.com,3002201467
3862,NATURAL,CC,1161563204,,11001,ACTIVO,2022-03-01,albeiro.martinez3862@example.com,3058956240
3863,NATURAL,CC,1208424164,,11001,ACTIVO,2022-03-02,lina.rangel3863@example.com,3751922404
3864,JURIDICA,NIT,984075130,1,63001,ACTIVO,2022-03-02,contacto3864@example.com,3453457490
3865,NATURAL,CC,1072257785,,05001,ACTIVO,2022-03-03,claudia.hernandez3865@example.com,3751776622
3866,NATURAL,CC,1277957474,,11001,ACTIVO,2022-03-03,diana.castaneda3866@example.com,3937119200
3867,NATURAL,CC,1142113021,,76001,ACTIVO,2022-03-03,carlos.acosta3867@example.com,3282157909
3868,NATURAL,CC,1221685590,,11001,ACTIVO,2022-03-04,patricia.caceres3868@example.com,3014604076
3869,NATURAL,CC,1128846009,,17001,ACTIVO,2022-03-04,geovanny.rivas3869@example.com,3975626914
3870,NATURAL,CC,1125243629,,50001,ACTIVO,2022-03-04,jhon.blanco3870@example.com,3257251916
3871,JURIDICA,NIT,974924985,9,11001,ACTIVO,2022-03-04,contacto3871@example.com,3790717675
3872,JURIDICA,NIT,982680136,2,05088,ACTIVO,2022-03-05,contacto3872@example.com,3553910442
3873,NATURAL,CC,1106180842,,11001,ACTIVO,2022-03-05,yury.figueroa3873@example.com,3218810614
3874,NATURAL,CC,1098467433,,11001,ACTIVO,2022-03-05,,3198397605
3875,NATURAL,CC,1119600418,,11001,ACTIVO,2022-03-05,laura.rodriguez3875@example.com,3515080543
3876,NATURAL,CC,1174068540,,11001,ACTIVO,2022-03-09,nubia.martinez3876@example.com,3415573323
3877,NATURAL,CC,1079341225,,70001,ACTIVO,2022-03-09,antonio.alvarado3877@example.com,3330909325
3878,NATURAL,CE,237520,,17001,ACTIVO,2022-03-11,yaneth.martinez3878@example.com,3993104442
3879,NATURAL,CC,1285984440,,08001,ACTIVO,2022-03-11,jose.diaz3879@example.com,3527838695
3880,NATURAL,CC,1041962079,,66001,ACTIVO,2022-03-12,alexander.naranjo3880@example.com,3555339544
3881,NATURAL,CC,1063191602,,68276,ACTIVO,2022-03-12,maria.suarez3881@example.com,3184098452
3882,NATURAL,CC,1231065544,,11001,ACTIVO,2022-03-14,josue.gomez3882@example.com,3264600297
3883,JURIDICA,NIT,981249293,0,20001,ACTIVO,2022-03-14,contacto3883@example.com,3994727333
3884,NATURAL,CC,1020674996,,11001,ACTIVO,2022-03-14,,3792417375
3885,JURIDICA,NIT,964772677,5,08001,ACTIVO,2022-03-14,contacto3885@example.com,3594266000
3886,NATURAL,CC,1160842916,,11001,ACTIVO,2022-03-15,beatriz.perea3886@example.com,3306087693
3887,NATURAL,CC,1041927023,,20001,ACTIVO,2022-03-16,cristina.cruz3887@example.com,3837413688
3888,NATURAL,CC,1286172900,,76001,ACTIVO,2022-03-16,manuel.velandia3888@example.com,3101408332
3889,NATURAL,CC,1108649527,,05001,ACTIVO,2022-03-17,nubia.bustamante3889@example.com,3311006084
3890,JURIDICA,NIT,984907161,1,44001,ACTIVO,2022-03-17,contacto3890@example.com,3600620549
3891,NATURAL,CC,1025200567,,76001,ACTIVO,2022-03-17,jose.bonilla3891@example.com,3157208200
3892,NATURAL,CC,1230240898,,11001,ACTIVO,2022-03-17,lucia.mosquera3892@example.com,3187572097
3893,JURIDICA,NIT,968088703,1,70001,INACTIVO,2022-03-18,contacto3893@example.com,3341589808
3894,NATURAL,CC,1020624467,,50001,ACTIVO,2022-03-19,jonathan.carrillo3894@example.com,3449806993
3895,NATURAL,CC,1137567163,,54001,ACTIVO,2022-03-19,viviana.quintero3895@example.com,3034190469
3896,NATURAL,CC,1055826030,,11001,ACTIVO,2022-03-19,jose.hernandez3896@example.com,3339436573
3897,NATURAL,CC,1067238439,,19001,ACTIVO,2022-03-19,alvaro.cifuentes3897@example.com,3395804118
3898,NATURAL,CC,1294430868,,68001,ACTIVO,2022-03-21,arturo.camacho3898@example.com,3740129270
3899,NATURAL,CC,1180631874,,08001,ACTIVO,2022-03-21,alfonso.arias3899@example.com,3149164979
3900,NATURAL,CC,1066356444,,50001,ACTIVO,2022-03-22,marcela.martinez3900@example.com,3039522958
3901,NATURAL,CC,1178295630,,11001,ACTIVO,2022-03-23,jessica.rivera3901@example.com,3047222480
3902,NATURAL,CC,1050253546,,08001,ACTIVO,2022-03-23,,3369864788
3903,JURIDICA,NIT,974166135,2,68276,ACTIVO,2022-03-24,contacto3903@example.com,3242557306
3904,NATURAL,CC,1239578336,,05001,ACTIVO,2022-03-25,adriana.villamizar3904@example.com,3788310329
3905,NATURAL,CC,1020317614,,85001,ACTIVO,2022-03-25,eduar.arrieta3905@example.com,3305925554
3906,JURIDICA,NIT,972837949,3,11001,ACTIVO,2022-03-25,contacto3906@example.com,3422009717
3907,JURIDICA,NIT,960886934,9,08758,ACTIVO,2022-03-25,contacto3907@example.com,3686601443
3908,NATURAL,CC,1284374798,,05615,ACTIVO,2022-03-26,milena.garcia3908@example.com,3561382514
3909,NATURAL,CC,1274546808,,11001,ACTIVO,2022-03-26,angie.pardo3909@example.com,3897931614
3910,NATURAL,CC,1276129874,,85001,ACTIVO,2022-03-28,miguel.velasquez3910@example.com,3873231209
3911,NATURAL,CC,1073516284,,70001,ACTIVO,2022-03-28,jacqueline.caceres3911@example.com,3403305740
3912,NATURAL,CC,1130616885,,76001,ACTIVO,2022-03-28,yaneth.alvarez3912@example.com,3586229443
3913,NATURAL,CC,1171869278,,11001,ACTIVO,2022-03-28,lucy.sarmiento3913@example.com,3364306591
3914,NATURAL,CC,1089633885,,23001,ACTIVO,2022-03-28,alejandra.moreno3914@example.com,3823714755
3915,NATURAL,CC,1196272771,,63001,ACTIVO,2022-03-28,lucia.martinez3915@example.com,3500023515
3916,NATURAL,CC,1102095200,,05001,ACTIVO,2022-03-28,shirley.arenas3916@example.com,3713176232
3917,NATURAL,CC,1062621135,,11001,ACTIVO,2022-03-28,julio.pabon3917@example.com,3227206187
3918,NATURAL,CC,1238597102,,08758,ACTIVO,2022-03-29,lina.rodriguez3918@example.com,3262377350
3919,NATURAL,CC,1185340573,,18001,ACTIVO,2022-03-29,fernando.vargas3919@example.com,3884005460
3920,NATURAL,CC,1242733270,,11001,ACTIVO,2022-03-29,elena.mosquera3920@example.com,3082544932
3921,NATURAL,CC,1077911358,,18001,ACTIVO,2022-03-31,gisela.perez3921@example.com,3161113112
3922,NATURAL,CC,1217930533,,76001,ACTIVO,2022-03-31,,3029938203
3923,JURIDICA,NIT,964048615,4,27001,ACTIVO,2022-03-31,contacto3923@example.com,3264685880
3924,NATURAL,CC,1137192795,,11001,ACTIVO,2022-04-01,patricia.torres3924@example.com,3706609017
3925,NATURAL,CC,1119628561,,11001,ACTIVO,2022-04-02,brayan.lopez3925@example.com,3086443429
3926,NATURAL,CC,1186891436,,08001,ACTIVO,2022-04-02,alejandra.delgado3926@example.com,3753487079
3927,NATURAL,CC,1208956914,,08758,ACTIVO,2022-04-04,maria.valencia3927@example.com,3622748119
3928,NATURAL,CC,1073753911,,11001,ACTIVO,2022-04-04,marisol.gonzalez3928@example.com,3701194181
3929,NATURAL,CC,1182986056,,66170,ACTIVO,2022-04-04,tania.torres3929@example.com,3473745118
3930,NATURAL,CC,1154567321,,23001,ACTIVO,2022-04-04,laura.herrera3930@example.com,3397357631
3931,NATURAL,CC,1170975230,,73001,ACTIVO,2022-04-04,andrea.ortiz3931@example.com,3503641441
3932,NATURAL,CC,1297209705,,25269,ACTIVO,2022-04-04,,3321084674
3933,JURIDICA,NIT,963759299,7,17001,ACTIVO,2022-04-04,contacto3933@example.com,3449655884
3934,NATURAL,CC,1272374333,,44001,ACTIVO,2022-04-04,pilar.carmona3934@example.com,3814822378
3935,JURIDICA,NIT,989507324,7,20001,ACTIVO,2022-04-05,contacto3935@example.com,3717677116
3936,NATURAL,CC,1043687907,,05001,ACTIVO,2022-04-05,omar.garces3936@example.com,3870456945
3937,NATURAL,CC,1080779504,,08001,ACTIVO,2022-04-05,yesenia.hurtado3937@example.com,3488959908
3938,NATURAL,CC,1163245241,,05001,ACTIVO,2022-04-05,gladys.chaparro3938@example.com,3517741523
3939,NATURAL,CC,1273304029,,47001,ACTIVO,2022-04-05,andrea.cruz3939@example.com,3748980750
3940,NATURAL,CC,1084865141,,81001,ACTIVO,2022-04-07,jose.rodriguez3940@example.com,3311825882
3941,NATURAL,CC,1094781701,,11001,ACTIVO,2022-04-07,norma.salazar3941@example.com,3567148368
3942,NATURAL,CC,1232319420,,05001,ACTIVO,2022-04-07,alejandro.restrepo3942@example.com,3337961368
3943,NATURAL,CE,235887,,05001,ACTIVO,2022-04-08,leon.solano3943@example.com,3079948412
3944,NATURAL,CC,1164760800,,91001,ACTIVO,2022-04-08,gloria.alvarez3944@example.com,3218946728
3945,NATURAL,CC,1128472969,,23001,ACTIVO,2022-04-09,carmen.medina3945@example.com,3385222094
3946,NATURAL,CC,1056055969,,11001,ACTIVO,2022-04-09,fernando.castro3946@example.com,3281937943
3947,NATURAL,CC,1291170405,,85001,ACTIVO,2022-04-11,diego.lopez3947@example.com,3561531482
3948,NATURAL,CC,1251116280,,66170,ACTIVO,2022-04-11,augusto.pulido3948@example.com,3042237233
3949,JURIDICA,NIT,962932489,7,50001,ACTIVO,2022-04-11,contacto3949@example.com,3837470437
3950,NATURAL,CC,1196911321,,08001,ACTIVO,2022-04-11,isaias.perez3950@example.com,3414493472
3951,NATURAL,CC,1216548259,,54001,ACTIVO,2022-04-12,carlos.jaimes3951@example.com,3415434613
3952,JURIDICA,NIT,981143195,0,05001,ACTIVO,2022-04-12,contacto3952@example.com,3286742780
3953,NATURAL,CC,1210031008,,13001,ACTIVO,2022-04-13,alberto.rodriguez3953@example.com,3547197420
3954,NATURAL,CC,1008299572,,54001,ACTIVO,2022-04-14,manuel.pinzon3954@example.com,3849511077
3955,NATURAL,CC,1212739396,,76001,ACTIVO,2022-04-15,daniel.restrepo3955@example.com,3725717817
3956,NATURAL,CC,1137087167,,50001,ACTIVO,2022-04-16,,3857141435
3957,NATURAL,CC,1164162589,,68276,ACTIVO,2022-04-16,mercedes.lara3957@example.com,3077678990
3958,NATURAL,CC,1129107944,,76520,ACTIVO,2022-04-16,david.parra3958@example.com,3090106863
3959,NATURAL,CC,1078381725,,11001,ACTIVO,2022-04-18,ruth.avila3959@example.com,3036249696
3960,NATURAL,CC,1196514455,,76001,ACTIVO,2022-04-19,miguel.rodriguez3960@example.com,3378186212
3961,NATURAL,CC,1028946418,,76001,ACTIVO,2022-04-19,nancy.hernandez3961@example.com,3974107703
3962,NATURAL,CC,1260972355,,76001,ACTIVO,2022-04-19,carlos.beltran3962@example.com,3943053387
3963,NATURAL,CC,1052578549,,05360,ACTIVO,2022-04-19,liliana.vargas3963@example.com,3713335085
3964,NATURAL,CC,1041762269,,11001,ACTIVO,2022-04-19,pedro.gutierrez3964@example.com,3029575448
3965,NATURAL,CC,1110196358,,11001,ACTIVO,2022-04-20,jose.benavides3965@example.com,3845036311
3966,NATURAL,CC,1174653472,,05001,ACTIVO,2022-04-20,maria.guerra3966@example.com,3579148274
3967,NATURAL,CC,1135605365,,05001,ACTIVO,2022-04-20,kelly.vargas3967@example.com,3823140297
3968,JURIDICA,NIT,983216179,4,11001,ACTIVO,2022-04-20,contacto3968@example.com,3042823808
3969,JURIDICA,NIT,962643014,2,54001,ACTIVO,2022-04-20,contacto3969@example.com,3826410367
3970,NATURAL,CC,1096610955,,20001,ACTIVO,2022-04-21,oscar.arenas3970@example.com,3294592706
3971,NATURAL,CC,1296507168,,05001,ACTIVO,2022-04-21,adolfo.martinez3971@example.com,3548694902
3972,NATURAL,CC,1147318107,,17001,ACTIVO,2022-04-22,,3896415056
3973,NATURAL,CC,1010117969,,11001,ACTIVO,2022-04-22,rosa.torres3973@example.com,3371777002
3974,NATURAL,CC,1257444556,,20001,ACTIVO,2022-04-23,,3546952174
3975,JURIDICA,NIT,987976410,6,76001,ACTIVO,2022-04-23,contacto3975@example.com,3843690620
3976,NATURAL,CC,1078308817,,17001,ACTIVO,2022-04-25,marcela.lopez3976@example.com,3993966050
3977,NATURAL,CC,1152586909,,95001,ACTIVO,2022-04-25,william.perez3977@example.com,3894443815
3978,NATURAL,CC,1116343059,,11001,ACTIVO,2022-04-25,miguel.lopez3978@example.com,3623897189
3979,NATURAL,CC,1009626919,,11001,ACTIVO,2022-04-25,lucia.bonilla3979@example.com,3044580522
3980,NATURAL,CC,1001964200,,17001,ACTIVO,2022-04-26,freddy.bernal3980@example.com,3086795461
3981,NATURAL,PPT,2232093,,11001,ACTIVO,2022-04-27,jorge.salcedo3981@example.com,3162675285
3982,NATURAL,PPT,5936532,,76001,ACTIVO,2022-04-28,jose.restrepo3982@example.com,3166852520
3983,NATURAL,CC,1190391513,,68001,ACTIVO,2022-04-28,jessica.mendoza3983@example.com,3367040021
3984,NATURAL,CC,1255624573,,85001,ACTIVO,2022-04-28,anibal.vergara3984@example.com,3060486194
3985,JURIDICA,NIT,964654659,7,11001,ACTIVO,2022-04-28,contacto3985@example.com,3077384328
3986,NATURAL,CC,1036358840,,11001,ACTIVO,2022-04-29,wilmer.correa3986@example.com,3231383627
3987,NATURAL,CC,1107890882,,95001,ACTIVO,2022-04-30,alberto.gutierrez3987@example.com,3835500944
3988,NATURAL,CC,1285352868,,11001,ACTIVO,2022-05-02,edgar.bustamante3988@example.com,3998657735
3989,NATURAL,CE,391247,,44001,ACTIVO,2022-05-03,maria.gonzalez3989@example.com,3909774838
3990,NATURAL,CC,1085875383,,50001,ACTIVO,2022-05-03,camilo.bolanos3990@example.com,3327094438
3991,NATURAL,CC,1243666918,,11001,ACTIVO,2022-05-03,darwin.arango3991@example.com,3545507637
3992,NATURAL,CC,1297849000,,15238,ACTIVO,2022-05-03,stella.parra3992@example.com,3150942275
3993,JURIDICA,NIT,983986029,0,05001,ACTIVO,2022-05-05,contacto3993@example.com,3396623554
3994,NATURAL,CC,1031277634,,70001,ACTIVO,2022-05-05,marlene.zuluaga3994@example.com,3079501833
3995,JURIDICA,NIT,967131281,3,76001,ACTIVO,2022-05-07,contacto3995@example.com,3867681705
3996,NATURAL,CC,1228807034,,08001,ACTIVO,2022-05-09,enrique.londono3996@example.com,3621942307
3997,NATURAL,CC,1192790573,,11001,ACTIVO,2022-05-09,marcela.jaimes3997@example.com,3861959214
3998,NATURAL,CC,1067656755,,11001,ACTIVO,2022-05-09,deiby.palacios3998@example.com,3292752296
3999,NATURAL,CC,1139989757,,11001,ACTIVO,2022-05-09,ricardo.diaz3999@example.com,3994855389
4000,NATURAL,CC,1153744132,,11001,ACTIVO,2022-05-09,edwin.sierra4000@example.com,3465043508
4001,NATURAL,CC,1135139890,,52001,ACTIVO,2022-05-09,marisol.gallego4001@example.com,3639457777
4002,NATURAL,CC,1139438097,,76001,ACTIVO,2022-05-09,camilo.anaya4002@example.com,3245542325
4003,NATURAL,CC,1297124466,,05001,ACTIVO,2022-05-11,laura.gonzalez4003@example.com,3090694031
4004,JURIDICA,NIT,970275621,3,05088,ACTIVO,2022-05-12,contacto4004@example.com,3072652330
4005,NATURAL,CC,1260098957,,05088,ACTIVO,2022-05-12,beatriz.ramos4005@example.com,3272767949
4006,NATURAL,CC,1176640345,,05360,ACTIVO,2022-05-13,adrian.alvarez4006@example.com,3865935727
4007,JURIDICA,NIT,986233435,8,25175,ACTIVO,2022-05-14,contacto4007@example.com,3065483669
4008,NATURAL,CC,1193189794,,76834,ACTIVO,2022-05-14,,3315222347
4009,NATURAL,CC,1144351047,,50001,ACTIVO,2022-05-14,patricia.ruiz4009@example.com,3461625733
4010,NATURAL,CC,1128173381,,50001,ACTIVO,2022-05-16,daniela.vargas4010@example.com,3815224859
4011,JURIDICA,NIT,986338027,8,08001,ACTIVO,2022-05-16,contacto4011@example.com,3742992447
4012,NATURAL,CC,1131783432,,11001,ACTIVO,2022-05-16,juan.parada4012@example.com,3408553400
4013,NATURAL,CC,1129052552,,54001,ACTIVO,2022-05-16,luis.rincon4013@example.com,3888320970
4014,NATURAL,CC,1195170594,,68001,ACTIVO,2022-05-17,paola.zuluaga4014@example.com,3029621542
4015,NATURAL,CC,1086598763,,11001,ACTIVO,2022-05-17,michel.padilla4015@example.com,3960452456
4016,NATURAL,CC,1260182777,,47001,ACTIVO,2022-05-17,martha.hernandez4016@example.com,3655109746
4017,NATURAL,CC,1083695385,,76520,ACTIVO,2022-05-18,samuel.vargas4017@example.com,3671937616
4018,NATURAL,CC,1090767046,,11001,ACTIVO,2022-05-18,maria.perez4018@example.com,3278610684
4019,NATURAL,CC,1123028384,,11001,ACTIVO,2022-05-21,elias.arteaga4019@example.com,3768506427
4020,NATURAL,CC,1007178592,,13001,ACTIVO,2022-05-23,santiago.camargo4020@example.com,3983976797
4021,NATURAL,CC,1005815674,,11001,ACTIVO,2022-05-24,diana.montoya4021@example.com,3678059346
4022,NATURAL,CC,1099383280,,73001,ACTIVO,2022-05-25,derly.acosta4022@example.com,3595332692
4023,NATURAL,CC,1158264191,,95001,ACTIVO,2022-05-26,bernardo.garcia4023@example.com,3363955109
4024,NATURAL,CC,1266886389,,08758,ACTIVO,2022-05-27,josefa.navarro4024@example.com,3289564139
4025,NATURAL,CC,1189732329,,13001,ACTIVO,2022-05-27,alejandra.ceron4025@example.com,3672489796
4026,NATURAL,CC,1224888683,,18001,ACTIVO,2022-05-27,estela.lopez4026@example.com,3162610482
4027,JURIDICA,NIT,976042793,3,50001,ACTIVO,2022-05-27,contacto4027@example.com,3318867115
4028,NATURAL,CC,1261033252,,05001,ACTIVO,2022-05-30,luz.cardona4028@example.com,3608996395
4029,NATURAL,CC,1176808229,,11001,ACTIVO,2022-05-31,johana.cardona4029@example.com,3323237594
4030,NATURAL,CC,1199660001,,47001,ACTIVO,2022-05-31,andres.ospina4030@example.com,3999333665
4031,NATURAL,PPT,1638315,,11001,ACTIVO,2022-05-31,elizabeth.leon4031@example.com,3298712597
4032,NATURAL,CC,1271550658,,50001,ACTIVO,2022-05-31,,3117652155
4033,NATURAL,CC,1056436244,,63001,ACTIVO,2022-06-02,olga.agudelo4033@example.com,3391248125
4034,NATURAL,CC,1128955054,,11001,ACTIVO,2022-06-02,yaneth.sanchez4034@example.com,3019162640
4035,NATURAL,CC,1011818889,,52001,ACTIVO,2022-06-03,cristian.naranjo4035@example.com,3545235587
4036,NATURAL,CC,1218974962,,13001,ACTIVO,2022-06-03,angela.perez4036@example.com,3902095759
4037,NATURAL,CC,1180238331,,11001,ACTIVO,2022-06-04,diego.jaramillo4037@example.com,3256511551
4038,NATURAL,CC,1229580020,,13001,ACTIVO,2022-06-04,maria.pineda4038@example.com,3234739168
4039,NATURAL,CC,1155652929,,68001,ACTIVO,2022-06-06,patricia.monsalve4039@example.com,3265320046
4040,NATURAL,CC,1297051617,,76109,ACTIVO,2022-06-06,katerine.aguilar4040@example.com,3893774015
4041,NATURAL,CC,1131175823,,11001,ACTIVO,2022-06-06,jose.morales4041@example.com,3056188421
4042,NATURAL,CC,1159342729,,70001,ACTIVO,2022-06-07,helena.mejia4042@example.com,3666360171
4043,NATURAL,CC,1252180434,,13001,ACTIVO,2022-06-08,jhoan.lopez4043@example.com,3512598872
4044,NATURAL,CC,1245067347,,08001,ACTIVO,2022-06-08,maria.camacho4044@example.com,3228969931
4045,NATURAL,CC,1048872269,,05001,ACTIVO,2022-06-09,natalia.gomez4045@example.com,3312488457
4046,NATURAL,CC,1219364924,,05088,ACTIVO,2022-06-09,daniel.hurtado4046@example.com,3627031241
4047,NATURAL,CC,1050564994,,41001,ACTIVO,2022-06-09,eliana.cardenas4047@example.com,3746538376
4048,NATURAL,CC,1278520159,,11001,ACTIVO,2022-06-09,,3987910698
4049,NATURAL,CC,1203243311,,17174,ACTIVO,2022-06-10,angie.barrera4049@example.com,3637306069
4050,NATURAL,CC,1190233253,,05001,ACTIVO,2022-06-11,teresa.vega4050@example.com,3366224454
4051,NATURAL,CC,1204694940,,11001,ACTIVO,2022-06-11,nathalia.rodriguez4051@example.com,3305100595
4052,NATURAL,CC,1023816636,,05001,ACTIVO,2022-06-11,janeth.vergara4052@example.com,3668863551
4053,NATURAL,CC,1188529061,,11001,ACTIVO,2022-06-11,yuliana.vasquez4053@example.com,3622971140
4054,NATURAL,CC,1077661169,,05360,ACTIVO,2022-06-11,fernanda.espitia4054@example.com,3957018325
4055,NATURAL,CC,1272858524,,05001,ACTIVO,2022-06-13,henry.patino4055@example.com,3275860485
4056,NATURAL,CC,1021782220,,11001,ACTIVO,2022-06-13,juan.lopez4056@example.com,3808833508
4057,NATURAL,CC,1083138182,,17174,ACTIVO,2022-06-13,martha.oviedo4057@example.com,3599753097
4058,NATURAL,CC,1225850720,,85001,ACTIVO,2022-06-13,ruth.blanco4058@example.com,3380002313
4059,NATURAL,CC,1070590022,,11001,ACTIVO,2022-06-14,cesar.mendoza4059@example.com,3123395281
4060,JURIDICA,NIT,984057543,3,66001,ACTIVO,2022-06-14,contacto4060@example.com,3142476029
4061,NATURAL,CC,1045913550,,05001,ACTIVO,2022-06-14,,3062062216
4062,NATURAL,CC,1149370911,,11001,ACTIVO,2022-06-14,armando.mejia4062@example.com,3843482396
4063,NATURAL,CC,1035879538,,52001,ACTIVO,2022-06-15,angela.romero4063@example.com,3109364204
4064,NATURAL,CC,1083317143,,11001,ACTIVO,2022-06-15,camilo.garcia4064@example.com,3592865021
4065,NATURAL,CE,932856,,50001,ACTIVO,2022-06-15,jorge.ortiz4065@example.com,3031519995
4066,NATURAL,CC,1116453199,,66170,ACTIVO,2022-06-16,enrique.caicedo4066@example.com,3708238785
4067,NATURAL,CC,1118966474,,05001,ACTIVO,2022-06-16,maritza.pena4067@example.com,3128666012
4068,NATURAL,CC,1169088940,,23001,ACTIVO,2022-06-16,marina.marquez4068@example.com,3097787609
4069,NATURAL,CC,1273617850,,11001,ACTIVO,2022-06-16,manuel.perez4069@example.com,3574857335
4070,NATURAL,CC,1109208959,,23001,ACTIVO,2022-06-17,javier.guerrero4070@example.com,3874225171
4071,NATURAL,CC,1089716302,,05001,ACTIVO,2022-06-17,esther.restrepo4071@example.com,3166757226
4072,NATURAL,CC,1163387822,,11001,ACTIVO,2022-06-17,jose.palacios4072@example.com,3152450126
4073,NATURAL,CC,1084177473,,25126,ACTIVO,2022-06-17,luis.chavez4073@example.com,3206170334
4074,NATURAL,CC,1157794100,,66170,ACTIVO,2022-06-18,lucia.ariza4074@example.com,3276649138
4075,NATURAL,CC,1185494846,,11001,ACTIVO,2022-06-18,deicy.jimenez4075@example.com,3348262655
4076,NATURAL,CC,1132763560,,25269,ACTIVO,2022-06-20,jesus.ramirez4076@example.com,3188370115
4077,NATURAL,CC,1054218893,,05001,ACTIVO,2022-06-20,alexandra.castro4077@example.com,3377071901
4078,NATURAL,CC,1081458658,,11001,ACTIVO,2022-06-20,fernando.alvarez4078@example.com,3726245091
4079,NATURAL,CC,1079705876,,11001,ACTIVO,2022-06-20,fanny.avila4079@example.com,3194299361
4080,NATURAL,CC,1168326576,,41001,ACTIVO,2022-06-21,yerson.garcia4080@example.com,3179629284
4081,NATURAL,CC,1168669308,,68001,ACTIVO,2022-06-21,emilio.solano4081@example.com,3870739351
4082,NATURAL,CC,1047266339,,76001,ACTIVO,2022-06-21,,3374971925
4083,NATURAL,PPT,8274470,,11001,ACTIVO,2022-06-21,marcela.gonzalez4083@example.com,3094259434
4084,JURIDICA,NIT,960716651,1,08001,ACTIVO,2022-06-21,contacto4084@example.com,3566883260
4085,NATURAL,CC,1287848510,,11001,ACTIVO,2022-06-22,gildardo.rosero4085@example.com,3788734064
4086,NATURAL,PA,EK6348257,,11001,ACTIVO,2022-06-22,mariela.ortiz4086@example.com,3001656481
4087,NATURAL,CC,1215034140,,05001,ACTIVO,2022-06-22,luis.marin4087@example.com,3140901892
4088,NATURAL,CC,1180391606,,05088,ACTIVO,2022-06-23,enrique.castellanos4088@example.com,3075399226
4089,JURIDICA,NIT,969571266,7,05001,ACTIVO,2022-06-23,contacto4089@example.com,3827876625
4090,JURIDICA,NIT,983638471,1,47001,ACTIVO,2022-06-24,contacto4090@example.com,3576799096
4091,NATURAL,CC,1292453303,,76001,ACTIVO,2022-06-24,andres.pacheco4091@example.com,3903217835
4092,JURIDICA,NIT,969868809,2,11001,ACTIVO,2022-06-24,contacto4092@example.com,3354265911
4093,NATURAL,CC,1126655927,,11001,ACTIVO,2022-06-24,john.meneses4093@example.com,3266449097
4094,NATURAL,CC,1207750392,,05001,ACTIVO,2022-06-24,wilmer.palacio4094@example.com,3451525883
4095,NATURAL,CC,1202951244,,05001,ACTIVO,2022-06-24,jose.murillo4095@example.com,3549420462
4096,NATURAL,CC,1079411958,,11001,ACTIVO,2022-06-25,rolando.buitrago4096@example.com,3263344304
4097,NATURAL,CC,1227343082,,05001,ACTIVO,2022-06-27,julian.burbano4097@example.com,3937171734
4098,NATURAL,CC,1213743154,,76001,ACTIVO,2022-06-27,andrea.martinez4098@example.com,3864274656
4099,NATURAL,CC,1150918667,,47001,ACTIVO,2022-06-28,cecilia.osorio4099@example.com,3308685058
4100,NATURAL,CC,1090857618,,08758,ACTIVO,2022-06-28,diana.ramirez4100@example.com,3432800553
4101,NATURAL,CC,1146564023,,17873,ACTIVO,2022-06-28,gloria.granados4101@example.com,3722606632
4102,NATURAL,CC,1199520219,,76001,ACTIVO,2022-06-28,mauricio.arias4102@example.com,3589810026
4103,NATURAL,CC,1097593118,,68001,ACTIVO,2022-06-29,lucia.martinez4103@example.com,3477226808
4104,NATURAL,CC,1067841145,,08758,ACTIVO,2022-06-29,maria.florez4104@example.com,3093296496
4105,NATURAL,CC,1230014325,,76001,ACTIVO,2022-06-29,tania.ospina4105@example.com,3151185677
4106,NATURAL,CC,1094087432,,11001,ACTIVO,2022-06-30,alfredo.gomez4106@example.com,3047200884
4107,NATURAL,CC,1080357452,,13001,ACTIVO,2022-06-30,lina.diaz4107@example.com,3973859249
4108,NATURAL,CC,1120426903,,15759,ACTIVO,2022-06-30,esther.rueda4108@example.com,3637942527
4109,JURIDICA,NIT,984585387,5,11001,ACTIVO,2022-07-01,contacto4109@example.com,3463658117
4110,NATURAL,CC,1047897523,,73001,ACTIVO,2022-07-02,olga.castillo4110@example.com,3254210294
4111,NATURAL,CC,1274127845,,17001,ACTIVO,2022-07-02,luis.rodriguez4111@example.com,3785127447
4112,JURIDICA,NIT,985401108,1,19001,ACTIVO,2022-07-04,contacto4112@example.com,3809969301
4113,NATURAL,CC,1155902451,,73001,ACTIVO,2022-07-04,nancy.roa4113@example.com,3970313649
4114,NATURAL,CC,1130956630,,13001,ACTIVO,2022-07-05,jose.delgado4114@example.com,3916295957
4115,NATURAL,CC,1095843446,,08001,ACTIVO,2022-07-06,mercedes.romero4115@example.com,3455924561
4116,NATURAL,CC,1188077053,,88001,ACTIVO,2022-07-06,andres.burbano4116@example.com,3569108490
4117,NATURAL,CC,1105590428,,08758,ACTIVO,2022-07-06,,3960309610
4118,JURIDICA,NIT,988111735,6,05001,ACTIVO,2022-07-07,contacto4118@example.com,3504671499
4119,NATURAL,CC,1016437224,,11001,ACTIVO,2022-07-07,alberto.silva4119@example.com,3404391934
4120,NATURAL,CC,1021731423,,11001,ACTIVO,2022-07-07,,3196363456
4121,NATURAL,CC,1009404944,,11001,ACTIVO,2022-07-07,fabiola.benavides4121@example.com,3308516299
4122,NATURAL,CC,1057320870,,05001,ACTIVO,2022-07-08,juan.romero4122@example.com,3378005125
4123,NATURAL,CC,1122912807,,11001,ACTIVO,2022-07-09,alfonso.mora4123@example.com,3784104943
4124,NATURAL,CC,1142664186,,44001,ACTIVO,2022-07-09,maria.garcia4124@example.com,3548466762
4125,JURIDICA,NIT,981832883,6,15759,ACTIVO,2022-07-09,contacto4125@example.com,3269494732
4126,NATURAL,CC,1133749045,,05001,ACTIVO,2022-07-11,manuel.duran4126@example.com,3721344281
4127,NATURAL,CC,1179341318,,50001,ACTIVO,2022-07-11,martha.mosquera4127@example.com,3539482773
4128,NATURAL,CC,1284079120,,05001,ACTIVO,2022-07-11,juan.parra4128@example.com,3654387639
4129,NATURAL,CC,1264645109,,11001,ACTIVO,2022-07-11,viviana.sarmiento4129@example.com,3067140624
4130,NATURAL,CC,1266768996,,11001,ACTIVO,2022-07-13,luis.duarte4130@example.com,3720528301
4131,NATURAL,CE,864886,,11001,ACTIVO,2022-07-13,david.lopez4131@example.com,3753082122
4132,NATURAL,CC,1020123818,,41001,ACTIVO,2022-07-13,enrique.alvarez4132@example.com,3739760474
4133,NATURAL,CC,1003788378,,41001,ACTIVO,2022-07-14,helena.gomez4133@example.com,3877716524
4134,NATURAL,CC,1299426078,,76001,ACTIVO,2022-07-14,esmeralda.acosta4134@example.com,3056565781
4135,NATURAL,CC,1040240078,,66001,ACTIVO,2022-07-14,nelly.trujillo4135@example.com,3617885271
4136,NATURAL,CC,1124013872,,13001,ACTIVO,2022-07-15,maria.jimenez4136@example.com,3759181890
4137,NATURAL,CC,1086607896,,54001,ACTIVO,2022-07-15,wendy.prieto4137@example.com,3277535162
4138,NATURAL,CC,1001370799,,76001,ACTIVO,2022-07-15,myriam.trujillo4138@example.com,3423160862
4139,NATURAL,CC,1043296827,,50001,ACTIVO,2022-07-15,luz.giraldo4139@example.com,3919684966
4140,JURIDICA,NIT,987125919,1,08001,ACTIVO,2022-07-15,contacto4140@example.com,3088917623
4141,NATURAL,CC,1223420332,,05001,INACTIVO,2022-07-15,miguel.forero4141@example.com,3182899434
4142,NATURAL,CC,1049861489,,11001,ACTIVO,2022-07-16,jose.meneses4142@example.com,3334186822
4143,NATURAL,CC,1108347672,,50001,ACTIVO,2022-07-18,erika.leon4143@example.com,3995425858
4144,NATURAL,CC,1059352897,,76001,ACTIVO,2022-07-19,,3332814942
4145,NATURAL,CC,1248806548,,05001,ACTIVO,2022-07-19,marina.vanegas4145@example.com,3692252865
4146,JURIDICA,NIT,987404279,3,08001,ACTIVO,2022-07-19,contacto4146@example.com,3568390687
4147,NATURAL,CC,1269919553,,66001,ACTIVO,2022-07-20,maria.perez4147@example.com,3261659042
4148,JURIDICA,NIT,974208704,5,05001,ACTIVO,2022-07-20,contacto4148@example.com,3352004594
4149,JURIDICA,NIT,987695072,3,11001,ACTIVO,2022-07-21,contacto4149@example.com,3664839133
4150,NATURAL,CC,1297944924,,11001,ACTIVO,2022-07-21,michael.valencia4150@example.com,3359929414
4151,NATURAL,CC,1213244176,,11001,ACTIVO,2022-07-22,luisa.ospina4151@example.com,3822369824
4152,NATURAL,CC,1067016047,,11001,ACTIVO,2022-07-23,maria.salas4152@example.com,3758822694
4153,NATURAL,CC,1221794540,,08758,ACTIVO,2022-07-23,,3501184841
4154,NATURAL,CC,1131574526,,44001,ACTIVO,2022-07-23,piedad.rodriguez4154@example.com,3816554631
4155,NATURAL,CC,1106708894,,20001,ACTIVO,2022-07-23,eduardo.vallejo4155@example.com,3124858854
4156,NATURAL,CC,1273691131,,05360,ACTIVO,2022-07-23,rosalba.ramirez4156@example.com,3318333253
4157,NATURAL,CC,1015498800,,05001,ACTIVO,2022-07-25,james.rojas4157@example.com,3638968241
4158,NATURAL,CC,1170080870,,50001,ACTIVO,2022-07-25,alexis.cardenas4158@example.com,3686151053
4159,NATURAL,CC,1117309102,,73001,ACTIVO,2022-07-26,,3028281433
4160,JURIDICA,NIT,967262926,7,15238,ACTIVO,2022-07-26,contacto4160@example.com,3290360864
4161,JURIDICA,NIT,981803195,3,08001,ACTIVO,2022-07-27,contacto4161@example.com,3647954627
4162,NATURAL,CC,1097177253,,23001,ACTIVO,2022-07-27,sonia.diaz4162@example.com,3206397280
4163,NATURAL,CC,1219406684,,05001,ACTIVO,2022-07-28,alberto.rojas4163@example.com,3523253370
4164,NATURAL,CE,903508,,05001,ACTIVO,2022-07-28,jose.diaz4164@example.com,3657277581
4165,NATURAL,CC,1208728063,,13001,ACTIVO,2022-07-28,antonio.franco4165@example.com,3434800274
4166,NATURAL,CC,1117890686,,17001,ACTIVO,2022-07-29,cristian.gomez4166@example.com,3443870554
4167,NATURAL,CC,1289575332,,41001,ACTIVO,2022-07-29,leonardo.polo4167@example.com,3745770018
4168,NATURAL,CC,1279242185,,11001,ACTIVO,2022-07-30,rosa.burbano4168@example.com,3563809349
4169,NATURAL,CC,1060161425,,11001,ACTIVO,2022-08-01,alexander.sanchez4169@example.com,3138540077
4170,NATURAL,CC,1046757128,,05266,ACTIVO,2022-08-01,norma.contreras4170@example.com,3023269227
4171,NATURAL,CC,1272365704,,76109,ACTIVO,2022-08-01,patricia.villegas4171@example.com,3426725447
4172,NATURAL,CC,1134475916,,23001,ACTIVO,2022-08-01,alvaro.gonzalez4172@example.com,3398008202
4173,NATURAL,CC,1131751506,,11001,ACTIVO,2022-08-01,rafael.jimenez4173@example.com,3727654960
4174,NATURAL,CC,1179477138,,05001,ACTIVO,2022-08-02,jose.garcia4174@example.com,3644626228
4175,NATURAL,CC,1148913616,,11001,ACTIVO,2022-08-02,ruth.barreto4175@example.com,3041226719
4176,NATURAL,CC,1020950693,,11001,ACTIVO,2022-08-04,william.vargas4176@example.com,3923931134
4177,NATURAL,CC,1071520098,,11001,ACTIVO,2022-08-04,andres.romero4177@example.com,3174812937
4178,NATURAL,CC,1047361612,,47001,ACTIVO,2022-08-04,luz.palacio4178@example.com,3610309549
4179,NATURAL,CC,1245795515,,27001,INACTIVO,2022-08-04,beatriz.giraldo4179@example.com,3198519694
4180,NATURAL,CC,1008490656,,08758,ACTIVO,2022-08-05,david.ochoa4180@example.com,3188389476
4181,NATURAL,CC,1212038549,,76001,ACTIVO,2022-08-05,luz.lopez4181@example.com,3242964705
4182,NATURAL,CC,1177575156,,11001,ACTIVO,2022-08-06,patricia.ruiz4182@example.com,3472031443
4183,NATURAL,CC,1053098420,,54001,ACTIVO,2022-08-08,wilson.monroy4183@example.com,3196872749
4184,NATURAL,CC,1053005332,,08001,ACTIVO,2022-08-08,jhon.caicedo4184@example.com,3303823962
4185,NATURAL,CC,1151373960,,08001,ACTIVO,2022-08-08,fernando.nino4185@example.com,3774683384
4186,NATURAL,CC,1003718184,,52001,ACTIVO,2022-08-10,juan.gonzalez4186@example.com,3997284315
4187,NATURAL,CC,1109231815,,05001,ACTIVO,2022-08-10,mary.mejia4187@example.com,3093590541
4188,NATURAL,CC,1273067133,,15001,ACTIVO,2022-08-10,paola.cantillo4188@example.com,3107988128
4189,NATURAL,CC,1067992528,,11001,ACTIVO,2022-08-10,paula.murillo4189@example.com,3588891830
4190,NATURAL,CC,1162857268,,76001,INACTIVO,2022-08-11,johanna.sanchez4190@example.com,3921797576
4191,NATURAL,CC,1195703036,,13430,ACTIVO,2022-08-11,humberto.rincon4191@example.com,3735639834
4192,NATURAL,CE,133239,,11001,ACTIVO,2022-08-11,aura.garcia4192@example.com,3513811442
4193,NATURAL,CC,1279676941,,11001,ACTIVO,2022-08-11,carlos.suarez4193@example.com,3154051868
4194,JURIDICA,NIT,973483706,3,11001,ACTIVO,2022-08-12,contacto4194@example.com,3699436136
4195,JURIDICA,NIT,977431824,6,08001,ACTIVO,2022-08-13,contacto4195@example.com,3488996717
4196,NATURAL,CC,1265095926,,05001,ACTIVO,2022-08-13,armando.martinez4196@example.com,3655295196
4197,NATURAL,CC,1187743828,,76001,ACTIVO,2022-08-13,orlando.escobar4197@example.com,3912429031
4198,NATURAL,CC,1005581297,,11001,ACTIVO,2022-08-15,patricia.fernandez4198@example.com,3838515231
4199,NATURAL,CC,1162734795,,05088,ACTIVO,2022-08-15,mauricio.padilla4199@example.com,3946162980
4200,NATURAL,CC,1121951321,,95001,ACTIVO,2022-08-15,doris.gonzalez4200@example.com,3745791968
4201,NATURAL,CC,1171807657,,11001,ACTIVO,2022-08-15,victoria.loaiza4201@example.com,3186570703
4202,NATURAL,CC,1127488274,,11001,ACTIVO,2022-08-15,,3631404704
4203,NATURAL,CC,1273707315,,05360,ACTIVO,2022-08-15,lucia.fonseca4203@example.com,3755015440
4204,NATURAL,CC,1173035025,,11001,ACTIVO,2022-08-15,german.bedoya4204@example.com,3466632846
4205,NATURAL,CC,1012430633,,11001,ACTIVO,2022-08-15,esther.ordonez4205@example.com,3489999043
4206,JURIDICA,NIT,972170003,7,05001,ACTIVO,2022-08-16,contacto4206@example.com,3558684528
4207,JURIDICA,NIT,978734436,6,20001,ACTIVO,2022-08-16,contacto4207@example.com,3674806564
4208,NATURAL,CC,1190577921,,11001,ACTIVO,2022-08-18,,3506506674
4209,NATURAL,CC,1244528755,,41001,ACTIVO,2022-08-18,lilia.salazar4209@example.com,3434349415
4210,JURIDICA,NIT,975264630,0,76001,ACTIVO,2022-08-18,contacto4210@example.com,3644657613
4211,JURIDICA,NIT,979203562,1,76520,ACTIVO,2022-08-19,contacto4211@example.com,3115008964
4212,NATURAL,CC,1110419426,,76001,ACTIVO,2022-08-20,saul.diaz4212@example.com,3401062086
4213,JURIDICA,NIT,966558661,9,11001,ACTIVO,2022-08-22,contacto4213@example.com,3155191703
4214,NATURAL,CC,1086128067,,05001,ACTIVO,2022-08-22,laura.garcia4214@example.com,3056959127
4215,NATURAL,CC,1103383244,,13001,ACTIVO,2022-08-22,carlos.ramos4215@example.com,3911108546
4216,NATURAL,CC,1287398897,,11001,ACTIVO,2022-08-22,ariel.ramirez4216@example.com,3649459972
4217,NATURAL,CC,1241344058,,05001,ACTIVO,2022-08-22,monica.orozco4217@example.com,3527349525
4218,NATURAL,CC,1048267589,,76109,ACTIVO,2022-08-23,fernando.miranda4218@example.com,3672148593
4219,NATURAL,CC,1006261996,,70001,ACTIVO,2022-08-23,juan.angulo4219@example.com,3290426441
4220,NATURAL,CC,1179475645,,11001,ACTIVO,2022-08-24,maria.nieto4220@example.com,3620223438
4221,NATURAL,CC,1183575115,,68276,ACTIVO,2022-08-25,edwin.osorio4221@example.com,3401639647
4222,NATURAL,CC,1002579013,,73001,ACTIVO,2022-08-25,marcela.patino4222@example.com,3979310005
4223,NATURAL,CC,1219956029,,76001,ACTIVO,2022-08-26,octavio.rivas4223@example.com,3533495548
4224,NATURAL,CC,1195345952,,11001,ACTIVO,2022-08-26,alfonso.sanchez4224@example.com,3063020481
4225,JURIDICA,NIT,978995951,7,73001,ACTIVO,2022-08-27,contacto4225@example.com,3247942564
4226,NATURAL,CC,1047533258,,05001,ACTIVO,2022-08-27,vicente.ortega4226@example.com,3531376910
4227,NATURAL,CC,1005886588,,08001,ACTIVO,2022-08-27,kelly.martinez4227@example.com,3546916757
4228,JURIDICA,NIT,983010793,1,11001,ACTIVO,2022-08-29,contacto4228@example.com,3719950895
4229,NATURAL,CC,1232033253,,08758,ACTIVO,2022-08-29,oscar.estrada4229@example.com,3618216623
4230,NATURAL,CC,1189657210,,11001,ACTIVO,2022-08-29,,3993605512
4231,NATURAL,CC,1181445912,,05001,ACTIVO,2022-08-30,ignacio.camargo4231@example.com,3527042064
4232,NATURAL,CC,1289965084,,70001,ACTIVO,2022-08-30,,3737398398
4233,NATURAL,CC,1093578534,,19001,ACTIVO,2022-08-30,eva.meza4233@example.com,3016348009
4234,NATURAL,CC,1164941941,,76001,ACTIVO,2022-08-30,fernanda.jaramillo4234@example.com,3382932106
4235,NATURAL,CC,1001225139,,11001,ACTIVO,2022-08-30,jhonny.ibarra4235@example.com,3818175022
4236,JURIDICA,NIT,968313032,1,13001,ACTIVO,2022-08-31,contacto4236@example.com,3964387529
4237,NATURAL,CC,1042880430,,73001,ACTIVO,2022-08-31,ana.hernandez4237@example.com,3066781776
4238,NATURAL,CC,1011856302,,47001,ACTIVO,2022-09-01,carlos.ruiz4238@example.com,3736861972
4239,NATURAL,CC,1101141268,,23001,ACTIVO,2022-09-02,enrique.valderrama4239@example.com,3314626475
4240,NATURAL,CE,504041,,05001,ACTIVO,2022-09-05,amanda.miranda4240@example.com,3762798495
4241,JURIDICA,NIT,966029247,3,76001,ACTIVO,2022-09-05,contacto4241@example.com,3223708058
4242,NATURAL,CC,1230076809,,05088,ACTIVO,2022-09-05,sofia.arango4242@example.com,3163724938
4243,NATURAL,CC,1276639457,,66170,ACTIVO,2022-09-06,arturo.becerra4243@example.com,3896024172
4244,JURIDICA,NIT,981623978,0,11001,ACTIVO,2022-09-06,contacto4244@example.com,3108653810
4245,NATURAL,CC,1288861092,,08001,ACTIVO,2022-09-06,cesar.vargas4245@example.com,3124319590
4246,NATURAL,CE,499922,,05001,ACTIVO,2022-09-06,claudia.cortes4246@example.com,3339149938
4247,NATURAL,CC,1074431490,,11001,ACTIVO,2022-09-07,olga.lopez4247@example.com,3380730032
4248,NATURAL,CC,1053762181,,13001,ACTIVO,2022-09-08,andres.vargas4248@example.com,3130603201
4249,NATURAL,CE,270752,,11001,ACTIVO,2022-09-08,angela.ramirez4249@example.com,3391916778
4250,NATURAL,CC,1084091117,,23001,ACTIVO,2022-09-08,lucia.gamboa4250@example.com,3465856816
4251,NATURAL,CC,1216327658,,70001,ACTIVO,2022-09-08,victoria.carmona4251@example.com,3390022333
4252,JURIDICA,NIT,967712425,0,23001,ACTIVO,2022-09-09,contacto4252@example.com,3990237882
4253,NATURAL,CC,1269239452,,73001,ACTIVO,2022-09-09,diana.avila4253@example.com,3242666642
4254,NATURAL,CC,1244107774,,76520,ACTIVO,2022-09-10,elizabeth.zambrano4254@example.com,3076775166
4255,NATURAL,CC,1189615925,,11001,ACTIVO,2022-09-10,maria.mendoza4255@example.com,3072699583
4256,NATURAL,CC,1248911699,,76001,ACTIVO,2022-09-10,hector.valencia4256@example.com,3035625750
4257,JURIDICA,NIT,974197409,8,11001,ACTIVO,2022-09-12,contacto4257@example.com,3883024115
4258,NATURAL,CC,1266105129,,11001,ACTIVO,2022-09-12,brayan.martinez4258@example.com,3233384221
4259,NATURAL,CC,1074401408,,11001,ACTIVO,2022-09-12,bibiana.alvarez4259@example.com,3298380142
4260,NATURAL,CC,1081921997,,76001,ACTIVO,2022-09-13,manuel.arango4260@example.com,3855020484
4261,JURIDICA,NIT,987765976,7,73001,ACTIVO,2022-09-13,contacto4261@example.com,3162131213
4262,JURIDICA,NIT,962564347,0,11001,ACTIVO,2022-09-13,contacto4262@example.com,3375673762
4263,NATURAL,CC,1139174601,,11001,ACTIVO,2022-09-14,carlos.cuesta4263@example.com,3880188187
4264,NATURAL,PPT,8140412,,54001,ACTIVO,2022-09-14,francisco.vargas4264@example.com,3732272348
4265,NATURAL,CC,1043015106,,19001,ACTIVO,2022-09-15,juan.escobar4265@example.com,3724507202
4266,NATURAL,CC,1244124459,,68001,ACTIVO,2022-09-15,sebastian.posada4266@example.com,3598055055
4267,NATURAL,CC,1199484247,,70001,ACTIVO,2022-09-16,jose.bautista4267@example.com,3141488211
4268,NATURAL,CC,1124200689,,11001,ACTIVO,2022-09-17,patricia.bravo4268@example.com,3867768149
4269,NATURAL,CC,1092773682,,54001,ACTIVO,2022-09-19,jhonatan.quintero4269@example.com,3075973210
4270,JURIDICA,NIT,960993279,0,47001,ACTIVO,2022-09-19,contacto4270@example.com,3188825521
4271,NATURAL,CC,1139499343,,15001,ACTIVO,2022-09-19,lucia.olaya4271@example.com,3765129199
4272,JURIDICA,NIT,983311414,7,11001,ACTIVO,2022-09-20,contacto4272@example.com,3684504228
4273,JURIDICA,NIT,969689375,1,66001,ACTIVO,2022-09-20,contacto4273@example.com,3577551940
4274,NATURAL,CC,1099300255,,11001,ACTIVO,2022-09-20,daniel.salazar4274@example.com,3496723871
4275,NATURAL,CC,1265070912,,23001,INACTIVO,2022-09-20,,3990640525
4276,NATURAL,CC,1213496073,,05001,ACTIVO,2022-09-20,patricia.salcedo4276@example.com,3178986193
4277,NATURAL,CC,1039483251,,11001,ACTIVO,2022-09-22,hernan.orozco4277@example.com,3101996523
4278,NATURAL,CC,1195463233,,63001,ACTIVO,2022-09-23,francisco.munoz4278@example.com,3325651442
4279,NATURAL,CC,1080822559,,11001,ACTIVO,2022-09-24,,3194732081
4280,NATURAL,CC,1164713608,,11001,ACTIVO,2022-09-24,diana.gutierrez4280@example.com,3180205773
4281,NATURAL,CC,1168044881,,68001,ACTIVO,2022-09-24,diego.valencia4281@example.com,3863671888
4282,NATURAL,CC,1290770700,,19001,ACTIVO,2022-09-24,erika.mendoza4282@example.com,3082378470
4283,NATURAL,CC,1079731765,,18001,ACTIVO,2022-09-26,damaris.sanchez4283@example.com,3490121701
4284,NATURAL,CC,1278805704,,68001,ACTIVO,2022-09-26,omar.cuesta4284@example.com,3577288515
4285,NATURAL,CC,1136167356,,11001,ACTIVO,2022-09-26,diana.ortega4285@example.com,3346214062
4286,JURIDICA,NIT,982050654,3,76520,ACTIVO,2022-09-26,contacto4286@example.com,3601921149
4287,JURIDICA,NIT,962232551,2,54001,ACTIVO,2022-09-26,contacto4287@example.com,3776213441
4288,NATURAL,CC,1217859717,,05001,ACTIVO,2022-09-26,camilo.duque4288@example.com,3485919798
4289,NATURAL,CC,1206761292,,68276,ACTIVO,2022-09-27,jose.diaz4289@example.com,3371454122
4290,NATURAL,CC,1171258027,,23001,ACTIVO,2022-09-27,fernando.vega4290@example.com,3710650456
4291,NATURAL,CC,1297801701,,47001,ACTIVO,2022-09-27,andres.alvarez4291@example.com,3108066930
4292,NATURAL,CC,1055968077,,11001,ACTIVO,2022-09-27,jose.jimenez4292@example.com,3172056145
4293,NATURAL,CC,1071534300,,11001,ACTIVO,2022-09-28,valentina.rodriguez4293@example.com,3370935202
4294,NATURAL,CC,1011066569,,41001,ACTIVO,2022-09-28,marina.herrera4294@example.com,3046544808
4295,JURIDICA,NIT,984401514,5,05001,ACTIVO,2022-09-30,contacto4295@example.com,3143571799
4296,JURIDICA,NIT,980769979,1,73001,ACTIVO,2022-10-01,contacto4296@example.com,3435768970
4297,NATURAL,CC,1125803777,,70001,ACTIVO,2022-10-01,jose.rincon4297@example.com,3475519588
4298,JURIDICA,NIT,989044932,7,05001,ACTIVO,2022-10-03,contacto4298@example.com,3133307679
4299,JURIDICA,NIT,963491753,7,23001,ACTIVO,2022-10-03,contacto4299@example.com,3418163646
4300,NATURAL,CC,1241295432,,13001,ACTIVO,2022-10-03,oscar.mora4300@example.com,3553185719
4301,NATURAL,CC,1041577990,,05360,ACTIVO,2022-10-03,sofia.garcia4301@example.com,3482914058
4302,NATURAL,CC,1132596562,,23001,ACTIVO,2022-10-04,alexandra.ruiz4302@example.com,3579870679
4303,NATURAL,CC,1099156045,,70001,ACTIVO,2022-10-04,camilo.gomez4303@example.com,3890587134
4304,NATURAL,CC,1198307031,,86001,ACTIVO,2022-10-04,,3965545492
4305,JURIDICA,NIT,973832618,1,08758,ACTIVO,2022-10-05,contacto4305@example.com,3101916981
4306,NATURAL,CC,1125707161,,11001,ACTIVO,2022-10-05,carlos.suarez4306@example.com,3357305462
4307,NATURAL,CC,1031334472,,11001,ACTIVO,2022-10-05,fernando.castro4307@example.com,3246643645
4308,NATURAL,CC,1040450970,,11001,ACTIVO,2022-10-06,jeison.gutierrez4308@example.com,3509694149
4309,NATURAL,CC,1116127687,,05088,ACTIVO,2022-10-06,karen.restrepo4309@example.com,3323546655
4310,NATURAL,CC,1035904979,,11001,ACTIVO,2022-10-06,beatriz.ramirez4310@example.com,3866764640
4311,NATURAL,CC,1217641728,,68001,ACTIVO,2022-10-06,jesus.salamanca4311@example.com,3918184915
4312,NATURAL,CC,1032658158,,11001,ACTIVO,2022-10-07,andres.guerrero4312@example.com,3614463659
4313,NATURAL,CC,1189058310,,23001,ACTIVO,2022-10-07,johana.gonzalez4313@example.com,3536273947
4314,JURIDICA,NIT,983598855,3,70001,ACTIVO,2022-10-10,contacto4314@example.com,3822851291
4315,NATURAL,CC,1073395386,,13001,ACTIVO,2022-10-10,emerson.arevalo4315@example.com,3757567689
4316,JURIDICA,NIT,977543504,5,70001,ACTIVO,2022-10-10,contacto4316@example.com,3107524033
4317,NATURAL,CC,1200730254,,11001,ACTIVO,2022-10-11,paola.rios4317@example.com,3731803876
4318,NATURAL,CC,1278193859,,05001,ACTIVO,2022-10-11,cristhian.diaz4318@example.com,3786795708
4319,NATURAL,CC,1238831564,,05001,ACTIVO,2022-10-12,jose.osorio4319@example.com,3736810019
4320,NATURAL,CC,1116710443,,08001,ACTIVO,2022-10-13,luis.rios4320@example.com,3370844475
4321,JURIDICA,NIT,964840045,2,11001,ACTIVO,2022-10-13,contacto4321@example.com,3256242458
4322,NATURAL,CC,1230546474,,05001,ACTIVO,2022-10-14,anderson.salazar4322@example.com,3034259669
4323,NATURAL,CC,1089931440,,76001,ACTIVO,2022-10-15,luisa.gaviria4323@example.com,3686612179
4324,NATURAL,CC,1186409159,,76001,ACTIVO,2022-10-15,daniela.gonzalez4324@example.com,3686520520
4325,JURIDICA,NIT,985535474,8,08001,ACTIVO,2022-10-15,contacto4325@example.com,3986522572
4326,NATURAL,CC,1101655877,,11001,ACTIVO,2022-10-15,,3092096469
4327,NATURAL,CE,604853,,76001,ACTIVO,2022-10-17,,3279187699
4328,NATURAL,CC,1288253947,,76520,ACTIVO,2022-10-17,luz.sanchez4328@example.com,3783889498
4329,NATURAL,CC,1271179222,,73001,ACTIVO,2022-10-17,angel.bonilla4329@example.com,3470668952
4330,NATURAL,PA,YF0808782,,11001,ACTIVO,2022-10-17,eugenia.delgado4330@example.com,3590739525
4331,JURIDICA,NIT,969358761,1,11001,ACTIVO,2022-10-18,contacto4331@example.com,3531197595
4332,NATURAL,CC,1166207903,,11001,ACTIVO,2022-10-19,laura.ramirez4332@example.com,3379015629
4333,NATURAL,CC,1209250331,,05001,ACTIVO,2022-10-19,wilson.benavides4333@example.com,3416061481
4334,NATURAL,CC,1205381883,,11001,ACTIVO,2022-10-20,claudia.vargas4334@example.com,3905501937
4335,NATURAL,CC,1010048574,,11001,ACTIVO,2022-10-21,doris.cantillo4335@example.com,3529487561
4336,NATURAL,CC,1092255011,,11001,ACTIVO,2022-10-21,nelly.barrera4336@example.com,3738938444
4337,NATURAL,CC,1012253199,,68001,ACTIVO,2022-10-21,dora.monsalve4337@example.com,3811351435
4338,JURIDICA,NIT,981813836,9,11001,ACTIVO,2022-10-22,contacto4338@example.com,3553898794
4339,NATURAL,CC,1276321098,,11001,ACTIVO,2022-10-24,graciela.arango4339@example.com,3713043184
4340,NATURAL,CC,1143715726,,20001,ACTIVO,2022-10-24,marleny.florez4340@example.com,3686720065
4341,NATURAL,CC,1198848136,,54001,ACTIVO,2022-10-25,liceth.martinez4341@example.com,3961613747
4342,NATURAL,CC,1262341298,,11001,ACTIVO,2022-10-25,luis.restrepo4342@example.com,3932143306
4343,NATURAL,CC,1155425696,,11001,ACTIVO,2022-10-25,teresa.andrade4343@example.com,3615394707
4344,NATURAL,CC,1056694673,,76001,ACTIVO,2022-10-26,leidy.perea4344@example.com,3093439416
4345,NATURAL,CC,1080380761,,17001,ACTIVO,2022-10-26,elkin.mendoza4345@example.com,3335774771
4346,NATURAL,CC,1243871126,,76001,ACTIVO,2022-10-26,,3786730135
4347,NATURAL,CC,1218912999,,05360,ACTIVO,2022-10-26,raul.reyes4347@example.com,3020910470
4348,NATURAL,CC,1062526631,,13001,ACTIVO,2022-10-27,lucila.lopez4348@example.com,3385080890
4349,NATURAL,CC,1049279169,,11001,ACTIVO,2022-10-27,jairo.moreno4349@example.com,3831885084
4350,NATURAL,CC,1058195428,,76001,ACTIVO,2022-10-28,cecilia.reyes4350@example.com,3992548572
4351,JURIDICA,NIT,969008608,1,76001,ACTIVO,2022-10-28,contacto4351@example.com,3204293445
4352,NATURAL,CC,1253755950,,11001,ACTIVO,2022-10-28,jose.guerrero4352@example.com,3166890889
4353,JURIDICA,NIT,963524845,1,11001,ACTIVO,2022-10-28,contacto4353@example.com,3354989275
4354,NATURAL,CC,1084866573,,76834,ACTIVO,2022-10-29,,3022692760
4355,JURIDICA,NIT,973672586,7,11001,ACTIVO,2022-10-29,contacto4355@example.com,3530167636
4356,NATURAL,CC,1161386932,,76001,ACTIVO,2022-10-31,adriana.patino4356@example.com,3353658774
4357,NATURAL,CC,1017784764,,11001,ACTIVO,2022-10-31,estella.florez4357@example.com,3703178818
4358,NATURAL,CC,1065324851,,76001,ACTIVO,2022-11-02,luz.ortega4358@example.com,3641738364
4359,NATURAL,CC,1202606199,,76001,ACTIVO,2022-11-02,carlos.reyes4359@example.com,3608218772
4360,NATURAL,CC,1153337601,,11001,ACTIVO,2022-11-02,,3101272560
4361,NATURAL,CC,1072020326,,13001,ACTIVO,2022-11-02,roger.caceres4361@example.com,3635356494
4362,NATURAL,CC,1041045603,,76001,ACTIVO,2022-11-03,deisy.castaneda4362@example.com,3995466669
4363,NATURAL,CC,1227850578,,08001,ACTIVO,2022-11-03,william.amaya4363@example.com,3279947842
4364,NATURAL,CC,1078606537,,11001,ACTIVO,2022-11-05,maria.contreras4364@example.com,3354712185
4365,JURIDICA,NIT,963123674,6,47001,ACTIVO,2022-11-05,contacto4365@example.com,3247299102
4366,NATURAL,CC,1044799870,,76001,ACTIVO,2022-11-05,alvaro.fernandez4366@example.com,3247521227
4367,JURIDICA,NIT,967864285,8,05001,ACTIVO,2022-11-07,contacto4367@example.com,3660234333
4368,NATURAL,CE,211752,,54001,ACTIVO,2022-11-07,,3303996303
4369,NATURAL,CC,1050751258,,08001,ACTIVO,2022-11-07,oscar.sanchez4369@example.com,3144291834
4370,NATURAL,CC,1160447653,,08001,ACTIVO,2022-11-07,yadira.estrada4370@example.com,3889257737
4371,NATURAL,CE,983736,,50001,ACTIVO,2022-11-08,,3582264517
4372,NATURAL,CC,1210509294,,11001,ACTIVO,2022-11-08,maria.guzman4372@example.com,3218275079
4373,NATURAL,CC,1289445730,,11001,ACTIVO,2022-11-08,patricia.salamanca4373@example.com,3877639593
4374,NATURAL,CC,1290480043,,76001,ACTIVO,2022-11-08,,3786961772
4375,NATURAL,CC,1052828235,,76520,ACTIVO,2022-11-08,cristina.delgado4375@example.com,3767751419
4376,NATURAL,CC,1108358298,,05001,INACTIVO,2022-11-09,eliana.castrillon4376@example.com,3629029792
4377,NATURAL,CE,767798,,52001,ACTIVO,2022-11-10,jairo.contreras4377@example.com,3615638734
4378,NATURAL,CC,1033383411,,13001,ACTIVO,2022-11-10,libardo.guerra4378@example.com,3920036161
4379,NATURAL,CC,1050026942,,13001,ACTIVO,2022-11-10,jose.rojas4379@example.com,3689716137
4380,NATURAL,CC,1060441676,,08758,ACTIVO,2022-11-10,richard.carmona4380@example.com,3295411436
4381,NATURAL,CC,1219323087,,11001,ACTIVO,2022-11-10,yesid.correa4381@example.com,3309734253
4382,NATURAL,CC,1080057725,,73001,ACTIVO,2022-11-11,oscar.cuesta4382@example.com,3223161370
4383,NATURAL,CC,1048673455,,08001,ACTIVO,2022-11-11,german.dominguez4383@example.com,3393455991
4384,NATURAL,CC,1001911514,,50001,ACTIVO,2022-11-11,john.fajardo4384@example.com,3038546070
4385,NATURAL,CC,1245159926,,13001,ACTIVO,2022-11-11,elizabeth.rodriguez4385@example.com,3841152392
4386,NATURAL,CC,1079448002,,11001,ACTIVO,2022-11-11,andres.murcia4386@example.com,3641505976
4387,NATURAL,CE,855773,,13001,ACTIVO,2022-11-11,,3465995414
4388,NATURAL,CC,1086181216,,54001,ACTIVO,2022-11-12,jose.ramirez4388@example.com,3386420050
4389,NATURAL,CC,1200752195,,05360,ACTIVO,2022-11-12,mery.pulido4389@example.com,3047532702
4390,NATURAL,CC,1133064300,,11001,ACTIVO,2022-11-12,luis.prieto4390@example.com,3703190949
4391,NATURAL,CC,1055842119,,66170,ACTIVO,2022-11-14,beatriz.perez4391@example.com,3677869766
4392,JURIDICA,NIT,975749530,5,05001,ACTIVO,2022-11-15,contacto4392@example.com,3163657709
4393,NATURAL,CC,1203152874,,05360,ACTIVO,2022-11-15,smith.rincon4393@example.com,3891074404
4394,NATURAL,CC,1097368385,,05001,ACTIVO,2022-11-16,maria.rios4394@example.com,3307518939
4395,JURIDICA,NIT,964047912,2,05266,ACTIVO,2022-11-17,contacto4395@example.com,3286039818
4396,NATURAL,CC,1253551112,,11001,ACTIVO,2022-11-17,ana.arenas4396@example.com,3713186096
4397,NATURAL,CC,1176045488,,05001,ACTIVO,2022-11-18,paola.rios4397@example.com,3257669126
4398,NATURAL,CC,1284040683,,11001,ACTIVO,2022-11-18,luz.bautista4398@example.com,3595926879
4399,JURIDICA,NIT,976504543,2,20001,ACTIVO,2022-11-19,contacto4399@example.com,3975229947
4400,NATURAL,CC,1190559731,,76001,ACTIVO,2022-11-19,carlos.rosero4400@example.com,3697894960
4401,NATURAL,CC,1154575722,,11001,ACTIVO,2022-11-21,claudia.cifuentes4401@example.com,3925160527
4402,NATURAL,CC,1283640882,,13001,ACTIVO,2022-11-21,,3394244818
4403,NATURAL,CC,1082775741,,76001,ACTIVO,2022-11-21,wilmer.gutierrez4403@example.com,3667830162
4404,NATURAL,CC,1009221723,,20001,ACTIVO,2022-11-21,diana.diaz4404@example.com,3108770693
4405,NATURAL,CC,1033056534,,11001,ACTIVO,2022-11-21,juan.perea4405@example.com,3324646147
4406,NATURAL,CC,1244793314,,11001,ACTIVO,2022-11-21,javier.barragan4406@example.com,3041789384
4407,NATURAL,CC,1011227379,,11001,ACTIVO,2022-11-22,pedro.henao4407@example.com,3176759000
4408,NATURAL,CC,1143720435,,73001,ACTIVO,2022-11-22,eliana.morales4408@example.com,3618505412
4409,NATURAL,PPT,7668054,,63001,ACTIVO,2022-11-23,viviana.rosero4409@example.com,3463777599
4410,NATURAL,CC,1188125947,,05360,ACTIVO,2022-11-23,alicia.narvaez4410@example.com,3375389939
4411,NATURAL,CC,1162695923,,11001,ACTIVO,2022-11-23,nelson.calderon4411@example.com,3597704833
4412,NATURAL,CC,1148057406,,76001,ACTIVO,2022-11-24,,3242343142
4413,NATURAL,CC,1230418149,,76001,INACTIVO,2022-11-24,marco.velandia4413@example.com,3480295748
4414,JURIDICA,NIT,983377395,9,05088,ACTIVO,2022-11-24,contacto4414@example.com,3868681298
4415,NATURAL,CC,1189017531,,76001,ACTIVO,2022-11-25,emiro.escobar4415@example.com,3175891241
4416,NATURAL,CC,1085217137,,11001,ACTIVO,2022-11-25,edilson.torres4416@example.com,3040242889
4417,NATURAL,CC,1002869794,,05266,ACTIVO,2022-11-25,paula.torres4417@example.com,3360827553
4418,NATURAL,CC,1222983649,,11001,INACTIVO,2022-11-25,camilo.ruiz4418@example.com,3940503221
4419,NATURAL,CC,1120662490,,11001,ACTIVO,2022-11-26,julieth.parra4419@example.com,3464755602
4420,NATURAL,CC,1299486725,,11001,ACTIVO,2022-11-26,,3780502083
4421,NATURAL,CC,1054326706,,17001,ACTIVO,2022-11-28,edilma.jaimes4421@example.com,3614292230
4422,NATURAL,CC,1254441380,,11001,ACTIVO,2022-11-28,francisco.villegas4422@example.com,3574771818
4423,JURIDICA,NIT,986339757,0,11001,ACTIVO,2022-11-28,contacto4423@example.com,3443371676
4424,NATURAL,CC,1228156965,,54001,ACTIVO,2022-11-28,mariela.navarro4424@example.com,3026028758
4425,JURIDICA,NIT,976426105,5,52001,ACTIVO,2022-11-28,contacto4425@example.com,3151716874
4426,NATURAL,CC,1097925391,,54001,ACTIVO,2022-11-29,angelica.torres4426@example.com,3812738870
4427,NATURAL,CC,1069764777,,73001,ACTIVO,2022-11-29,,3634200624
4428,NATURAL,CC,1145112582,,05001,ACTIVO,2022-11-30,ana.torres4428@example.com,3914897872
4429,JURIDICA,NIT,965333973,1,11001,ACTIVO,2022-12-01,contacto4429@example.com,3498653167
4430,NATURAL,CC,1220961553,,13001,ACTIVO,2022-12-02,ronald.perez4430@example.com,3759318221
4431,NATURAL,CC,1068675063,,13001,ACTIVO,2022-12-03,gerardo.sierra4431@example.com,3425111698
4432,NATURAL,CC,1074128415,,76001,ACTIVO,2022-12-03,angie.fonseca4432@example.com,3624245595
4433,NATURAL,CC,1083542471,,15238,ACTIVO,2022-12-03,cecilia.cardona4433@example.com,3462416706
4434,NATURAL,CC,1203619881,,76001,ACTIVO,2022-12-05,elkin.moreno4434@example.com,3118097434
4435,NATURAL,CC,1155280251,,17001,ACTIVO,2022-12-05,esmeralda.zambrano4435@example.com,3113494854
4436,NATURAL,CC,1023478556,,41001,ACTIVO,2022-12-06,jairo.pacheco4436@example.com,3110724553
4437,NATURAL,CC,1027973420,,76001,ACTIVO,2022-12-06,daniel.sandoval4437@example.com,3164371866
4438,NATURAL,CC,1278670715,,11001,ACTIVO,2022-12-06,fernando.amaya4438@example.com,3061444723
4439,NATURAL,CC,1095376190,,11001,ACTIVO,2022-12-06,didier.salcedo4439@example.com,3538699784
4440,NATURAL,CC,1032889072,,76001,ACTIVO,2022-12-07,mauricio.valencia4440@example.com,3333456566
4441,NATURAL,CC,1247694390,,94001,ACTIVO,2022-12-07,luis.puentes4441@example.com,3162462729
4442,NATURAL,CC,1250614627,,11001,ACTIVO,2022-12-07,juan.diaz4442@example.com,3246745168
4443,NATURAL,CC,1090585403,,08001,ACTIVO,2022-12-08,mauricio.garzon4443@example.com,3348822920
4444,NATURAL,CC,1016887320,,15759,ACTIVO,2022-12-08,oscar.salazar4444@example.com,3926654565
4445,NATURAL,CC,1181366237,,11001,ACTIVO,2022-12-09,marta.quiroga4445@example.com,3523545822
4446,NATURAL,CC,1011335516,,76834,ACTIVO,2022-12-09,luis.jimenez4446@example.com,3540914255
4447,NATURAL,CE,831202,,76001,ACTIVO,2022-12-09,,3872556875
4448,JURIDICA,NIT,971638321,1,76001,ACTIVO,2022-12-09,contacto4448@example.com,3536619518
4449,JURIDICA,NIT,982302009,5,54001,ACTIVO,2022-12-10,contacto4449@example.com,3946111106
4450,JURIDICA,NIT,963862541,5,11001,ACTIVO,2022-12-10,contacto4450@example.com,3016406798
4451,NATURAL,CC,1083952106,,68001,ACTIVO,2022-12-12,margarita.zuluaga4451@example.com,3108731950
4452,NATURAL,CC,1197604448,,68276,ACTIVO,2022-12-12,hernan.suarez4452@example.com,3862754764
4453,NATURAL,CC,1194157889,,76001,ACTIVO,2022-12-12,mary.franco4453@example.com,3135625209
4454,NATURAL,CC,1135082053,,76001,ACTIVO,2022-12-12,santiago.salazar4454@example.com,3006486389
4455,NATURAL,CC,1151441086,,11001,ACTIVO,2022-12-14,esteban.garcia4455@example.com,3720759010
4456,NATURAL,CC,1156758957,,11001,ACTIVO,2022-12-14,diego.castro4456@example.com,3543271178
4457,NATURAL,CC,1251678951,,05001,ACTIVO,2022-12-14,alfonso.cano4457@example.com,3214728380
4458,JURIDICA,NIT,964433363,4,11001,ACTIVO,2022-12-15,contacto4458@example.com,3281025988
4459,NATURAL,CC,1239727639,,11001,ACTIVO,2022-12-15,ana.restrepo4459@example.com,3158463838
4460,JURIDICA,NIT,973453553,5,66001,ACTIVO,2022-12-16,contacto4460@example.com,3089190195
4461,NATURAL,CC,1049296062,,08001,ACTIVO,2022-12-19,ricardo.cardenas4461@example.com,3834409132
4462,JURIDICA,NIT,979398173,6,27001,ACTIVO,2022-12-19,contacto4462@example.com,3010521367
4463,NATURAL,CC,1095287553,,11001,ACTIVO,2022-12-19,esther.navarro4463@example.com,3418002696
4464,NATURAL,CC,1184069730,,76109,ACTIVO,2022-12-20,fernanda.rodriguez4464@example.com,3408672791
4465,JURIDICA,NIT,987602509,1,05001,ACTIVO,2022-12-20,contacto4465@example.com,3484037755
4466,NATURAL,CC,1190315472,,11001,ACTIVO,2022-12-22,olga.mendoza4466@example.com,3240789235
4467,JURIDICA,NIT,967733261,1,11001,ACTIVO,2022-12-22,contacto4467@example.com,3542979119
4468,JURIDICA,NIT,970656452,0,54001,ACTIVO,2022-12-22,contacto4468@example.com,3669356896
4469,NATURAL,CC,1122101980,,08001,ACTIVO,2022-12-23,rafael.gutierrez4469@example.com,3140827927
4470,JURIDICA,NIT,982508059,9,08001,ACTIVO,2022-12-23,contacto4470@example.com,3386368023
4471,NATURAL,CC,1147106430,,76834,ACTIVO,2022-12-24,dina.lopez4471@example.com,3845311155
4472,NATURAL,CC,1183460415,,11001,ACTIVO,2022-12-24,patricia.hernandez4472@example.com,3099164622
4473,NATURAL,CC,1168696091,,52001,ACTIVO,2022-12-24,luz.moreno4473@example.com,3116316209
4474,NATURAL,CC,1245202438,,41001,ACTIVO,2022-12-24,wilder.meneses4474@example.com,3019487999
4475,JURIDICA,NIT,963189949,1,25269,ACTIVO,2022-12-24,contacto4475@example.com,3066077786
4476,NATURAL,CC,1086921129,,11001,ACTIVO,2022-12-26,,3064354717
4477,NATURAL,CC,1046247847,,08758,ACTIVO,2022-12-26,sebastian.mesa4477@example.com,3611912284
4478,NATURAL,CC,1101300299,,05615,ACTIVO,2022-12-26,laura.gonzalez4478@example.com,3462170858
4479,NATURAL,CC,1141050768,,20001,ACTIVO,2022-12-27,maria.nino4479@example.com,3081088997
4480,NATURAL,CC,1178344093,,76109,ACTIVO,2022-12-27,hernan.pulido4480@example.com,3044592239
4481,JURIDICA,NIT,963620191,2,11001,ACTIVO,2022-12-27,contacto4481@example.com,3038105578
4482,NATURAL,CC,1265315467,,66001,ACTIVO,2022-12-27,segundo.martinez4482@example.com,3617117262
4483,NATURAL,CC,1066204419,,73001,ACTIVO,2022-12-28,olga.moreno4483@example.com,3854501371
4484,JURIDICA,NIT,977330537,3,52001,ACTIVO,2022-12-28,contacto4484@example.com,3210730954
4485,NATURAL,CC,1249340241,,11001,ACTIVO,2022-12-28,,3201601779
4486,NATURAL,CC,1266540211,,11001,ACTIVO,2022-12-29,rafael.ortiz4486@example.com,3917459213
4487,NATURAL,CE,962146,,11001,ACTIVO,2022-12-29,milena.reyes4487@example.com,3713101139
4488,NATURAL,CC,1242202562,,05001,ACTIVO,2022-12-30,humberto.lara4488@example.com,3440545635
4489,NATURAL,CC,1275753001,,11001,ACTIVO,2022-12-31,stella.castillo4489@example.com,3636276482
4490,NATURAL,CC,1125785890,,05001,ACTIVO,2023-01-02,luz.perea4490@example.com,3681613508
4491,NATURAL,CC,1050081661,,52001,ACTIVO,2023-01-02,andres.murillo4491@example.com,3432027869
4492,NATURAL,CC,1003432072,,73001,ACTIVO,2023-01-02,enrique.melo4492@example.com,3058180242
4493,NATURAL,CC,1054516231,,13001,ACTIVO,2023-01-04,,3531811083
4494,NATURAL,CC,1112340946,,15759,ACTIVO,2023-01-06,carlos.prada4494@example.com,3283622814
4495,NATURAL,CC,1114733320,,66001,ACTIVO,2023-01-06,,3133789466
4496,NATURAL,CC,1241095309,,68001,ACTIVO,2023-01-06,,3335970926
4497,NATURAL,CC,1284412447,,41001,ACTIVO,2023-01-07,kevin.toro4497@example.com,3343548052
4498,NATURAL,CC,1052735428,,11001,ACTIVO,2023-01-07,manuel.carvajal4498@example.com,3417126775
4499,NATURAL,CC,1021363090,,11001,ACTIVO,2023-01-07,maria.perez4499@example.com,3587856322
4500,NATURAL,CC,1280419611,,11001,ACTIVO,2023-01-07,paola.paez4500@example.com,3235013793
4501,JURIDICA,NIT,979468189,4,20001,ACTIVO,2023-01-09,contacto4501@example.com,3197616368
4502,NATURAL,CC,1087416527,,08001,ACTIVO,2023-01-09,,3411354897
4503,JURIDICA,NIT,986305989,6,76001,ACTIVO,2023-01-09,contacto4503@example.com,3551638018
4504,NATURAL,CE,737710,,70001,ACTIVO,2023-01-09,rosario.castaneda4504@example.com,3531539068
4505,JURIDICA,NIT,975914917,9,52001,ACTIVO,2023-01-10,contacto4505@example.com,3286583648
4506,NATURAL,CC,1154609491,,11001,ACTIVO,2023-01-10,,3499536491
4507,NATURAL,CC,1004983893,,11001,ACTIVO,2023-01-10,,3390280395
4508,JURIDICA,NIT,983298669,2,11001,ACTIVO,2023-01-11,contacto4508@example.com,3717172156
4509,NATURAL,CC,1293958838,,76109,ACTIVO,2023-01-11,jose.castillo4509@example.com,3419375851
4510,NATURAL,CC,1084556727,,15001,ACTIVO,2023-01-12,luz.montoya4510@example.com,3230812176
4511,NATURAL,CC,1074223678,,11001,ACTIVO,2023-01-13,carlos.carrillo4511@example.com,3283637757
4512,NATURAL,CC,1120864647,,50001,ACTIVO,2023-01-14,nancy.gomez4512@example.com,3046097961
4513,NATURAL,CC,1049337065,,73001,ACTIVO,2023-01-14,constanza.rivas4513@example.com,3328530174
4514,NATURAL,CC,1176082600,,05001,ACTIVO,2023-01-16,isabel.florez4514@example.com,3333704989
4515,NATURAL,CC,1160298000,,76001,ACTIVO,2023-01-16,andrea.lopez4515@example.com,3460769043
4516,JURIDICA,NIT,981302517,1,08758,ACTIVO,2023-01-16,contacto4516@example.com,3931251659
4517,JURIDICA,NIT,987196051,8,15238,ACTIVO,2023-01-16,contacto4517@example.com,3306469476
4518,NATURAL,CC,1089186426,,11001,ACTIVO,2023-01-16,diana.melo4518@example.com,3579918984
4519,JURIDICA,NIT,969820146,0,05001,ACTIVO,2023-01-16,contacto4519@example.com,3887698839
4520,NATURAL,CC,1182747440,,08001,ACTIVO,2023-01-16,julia.trujillo4520@example.com,3178704345
4521,NATURAL,CC,1218111773,,11001,ACTIVO,2023-01-17,viviana.ortiz4521@example.com,3309386796
4522,NATURAL,CC,1177228733,,47001,ACTIVO,2023-01-17,alirio.palacio4522@example.com,3031530351
4523,NATURAL,CC,1240763255,,27001,ACTIVO,2023-01-17,edwin.ortiz4523@example.com,3181326408
4524,NATURAL,CC,1183338584,,05001,ACTIVO,2023-01-17,adriana.franco4524@example.com,3640148102
4525,NATURAL,CC,1174631630,,11001,ACTIVO,2023-01-17,luis.ramirez4525@example.com,3528072923
4526,NATURAL,CC,1089385674,,76001,ACTIVO,2023-01-17,claudia.rivas4526@example.com,3990789191
4527,NATURAL,CC,1282431349,,66170,ACTIVO,2023-01-18,maria.lopez4527@example.com,3411434470
4528,NATURAL,CC,1281553878,,05001,ACTIVO,2023-01-18,jorge.castillo4528@example.com,3950348590
4529,NATURAL,CC,1293395832,,11001,ACTIVO,2023-01-19,juan.prada4529@example.com,3585374341
4530,NATURAL,CC,1184350825,,11001,ACTIVO,2023-01-19,angela.mejia4530@example.com,3820599459
4531,NATURAL,CC,1163092861,,05001,ACTIVO,2023-01-20,lina.gomez4531@example.com,3301947632
4532,NATURAL,CC,1055745912,,08001,ACTIVO,2023-01-20,amparo.alvarez4532@example.com,3161700059
4533,NATURAL,CC,1213952281,,08758,ACTIVO,2023-01-21,alberto.polo4533@example.com,3871406134
4534,NATURAL,CC,1271477557,,17873,ACTIVO,2023-01-21,sofia.herrera4534@example.com,3085260467
4535,NATURAL,PPT,5665252,,27001,ACTIVO,2023-01-23,nelcy.gomez4535@example.com,3184434425
4536,NATURAL,CC,1271522238,,76001,ACTIVO,2023-01-23,ricardo.cortes4536@example.com,3910822921
4537,NATURAL,CC,1238690187,,11001,ACTIVO,2023-01-23,jose.perez4537@example.com,3564855932
4538,NATURAL,CC,1277182958,,76001,ACTIVO,2023-01-23,patricia.castillo4538@example.com,3567596446
4539,NATURAL,CC,1028934218,,52001,ACTIVO,2023-01-23,margarita.vargas4539@example.com,3970278249
4540,NATURAL,CC,1166208199,,11001,ACTIVO,2023-01-23,armando.herrera4540@example.com,3012118212
4541,JURIDICA,NIT,973305333,8,05001,ACTIVO,2023-01-23,contacto4541@example.com,3819207974
4542,JURIDICA,NIT,987087528,1,11001,ACTIVO,2023-01-24,contacto4542@example.com,3742604759
4543,NATURAL,CC,1134692991,,05266,ACTIVO,2023-01-24,jose.osorio4543@example.com,3920973227
4544,NATURAL,CC,1096334457,,86001,ACTIVO,2023-01-24,manuel.cardenas4544@example.com,3663795461
4545,NATURAL,CC,1002264506,,11001,ACTIVO,2023-01-24,david.acevedo4545@example.com,3979049997
4546,NATURAL,CC,1242980030,,08758,ACTIVO,2023-01-25,,3898558471
4547,NATURAL,CC,1165600206,,08758,ACTIVO,2023-01-25,maria.ruiz4547@example.com,3418107895
4548,NATURAL,CC,1296168004,,05001,ACTIVO,2023-01-25,edison.vargas4548@example.com,3173842861
4549,NATURAL,PA,JK8685886,,66170,ACTIVO,2023-01-25,flor.rojas4549@example.com,3285603740
4550,NATURAL,CC,1017132090,,23001,ACTIVO,2023-01-26,lady.castellanos4550@example.com,3737847945
4551,JURIDICA,NIT,969326221,7,11001,ACTIVO,2023-01-26,contacto4551@example.com,3058223053
4552,NATURAL,CC,1030196098,,20001,ACTIVO,2023-01-26,hernando.ruiz4552@example.com,3569283470
4553,NATURAL,CC,1249939256,,76109,ACTIVO,2023-01-27,,3737334997
4554,NATURAL,CC,1273609151,,08001,ACTIVO,2023-01-27,luis.serna4554@example.com,3329816160
4555,NATURAL,CC,1020696574,,11001,ACTIVO,2023-01-28,blanca.quintero4555@example.com,3897595697
4556,NATURAL,CC,1154598585,,76001,ACTIVO,2023-01-28,edison.velasco4556@example.com,3761754802
4557,NATURAL,CC,1220695768,,11001,ACTIVO,2023-01-28,elena.hernandez4557@example.com,3198894509
4558,NATURAL,CC,1095003608,,76001,ACTIVO,2023-01-28,alexander.vasquez4558@example.com,3845064505
4559,NATURAL,CC,1048063514,,47001,ACTIVO,2023-01-30,wilfrido.garces4559@example.com,3091267381
4560,NATURAL,CC,1292566316,,68001,ACTIVO,2023-01-30,maria.cardona4560@example.com,3076450790
4561,NATURAL,CC,1027989323,,41001,ACTIVO,2023-01-30,jairo.rodriguez4561@example.com,3999897649
4562,NATURAL,CC,1125119528,,68001,ACTIVO,2023-01-30,,3957875078
4563,NATURAL,CC,1104464712,,11001,ACTIVO,2023-01-30,hector.zapata4563@example.com,3498304124
4564,NATURAL,CC,1224218721,,11001,ACTIVO,2023-01-30,johana.sierra4564@example.com,3661267366
4565,NATURAL,CC,1270348456,,76001,ACTIVO,2023-01-31,edwin.rojas4565@example.com,3282137008
4566,JURIDICA,NIT,973740632,1,54001,ACTIVO,2023-01-31,contacto4566@example.com,3458982876
4567,NATURAL,CC,1235300921,,20001,ACTIVO,2023-01-31,,3364992556
4568,NATURAL,CC,1292733493,,11001,ACTIVO,2023-01-31,ines.garcia4568@example.com,3135503865
4569,NATURAL,CC,1110464352,,20001,ACTIVO,2023-01-31,andres.rodriguez4569@example.com,3641662234
4570,NATURAL,CC,1046473638,,11001,ACTIVO,2023-02-01,maria.alvarado4570@example.com,3057426597
4571,NATURAL,CE,572172,,76001,ACTIVO,2023-02-01,flor.henao4571@example.com,3161400396
4572,JURIDICA,NIT,983192939,1,52001,ACTIVO,2023-02-01,contacto4572@example.com,3531798313
4573,NATURAL,CC,1263553518,,41001,ACTIVO,2023-02-02,margarita.palacios4573@example.com,3017988284
4574,JURIDICA,NIT,985664198,2,11001,ACTIVO,2023-02-02,contacto4574@example.com,3293934915
4575,NATURAL,CC,1210938565,,11001,ACTIVO,2023-02-02,amalia.ruiz4575@example.com,3257801998
4576,NATURAL,CC,1196690916,,73001,ACTIVO,2023-02-03,luis.avila4576@example.com,3694555805
4577,NATURAL,CC,1166400868,,76109,ACTIVO,2023-02-03,cesar.perez4577@example.com,3780853901
4578,NATURAL,CC,1119933623,,11001,ACTIVO,2023-02-03,jairo.gonzalez4578@example.com,3043648249
4579,NATURAL,CC,1032092577,,52001,ACTIVO,2023-02-03,andrea.rojas4579@example.com,3267755630
4580,NATURAL,CC,1229276647,,76001,ACTIVO,2023-02-04,andrea.ballesteros4580@example.com,3618177721
4581,JURIDICA,NIT,967149008,8,13001,INACTIVO,2023-02-04,contacto4581@example.com,3877490020
4582,NATURAL,CC,1187942384,,05001,ACTIVO,2023-02-04,,3624386229
4583,JURIDICA,NIT,964158646,4,05088,ACTIVO,2023-02-06,contacto4583@example.com,3065088612
4584,NATURAL,CC,1041230981,,11001,ACTIVO,2023-02-06,juan.lopez4584@example.com,3086146691
4585,NATURAL,CC,1221873996,,05088,ACTIVO,2023-02-06,esteban.cardona4585@example.com,3498171765
4586,NATURAL,CC,1066743009,,13001,ACTIVO,2023-02-06,maria.lopez4586@example.com,3724129834
4587,NATURAL,CE,306348,,05001,ACTIVO,2023-02-06,,3591852953
4588,NATURAL,CC,1144653815,,11001,ACTIVO,2023-02-06,alicia.caro4588@example.com,3570434191
4589,NATURAL,CC,1135579795,,73001,ACTIVO,2023-02-07,juliana.garzon4589@example.com,3729047942
4590,NATURAL,CE,242945,,17001,ACTIVO,2023-02-07,ignacio.bernal4590@example.com,3818641469
4591,NATURAL,CC,1028868488,,05001,ACTIVO,2023-02-07,andrea.ramirez4591@example.com,3022687746
4592,NATURAL,CC,1036772749,,19001,ACTIVO,2023-02-08,jhon.ortiz4592@example.com,3451360797
4593,JURIDICA,NIT,972456387,9,05001,ACTIVO,2023-02-09,contacto4593@example.com,3809205024
4594,NATURAL,CC,1230707433,,11001,ACTIVO,2023-02-09,andres.munoz4594@example.com,3912537121
4595,NATURAL,CC,1235005109,,68276,ACTIVO,2023-02-11,eder.rivas4595@example.com,3961449178
4596,NATURAL,CC,1159807310,,11001,ACTIVO,2023-02-11,jhon.giraldo4596@example.com,3050203203
4597,NATURAL,CC,1167993233,,11001,ACTIVO,2023-02-13,carlos.rodriguez4597@example.com,3706376249
4598,NATURAL,CC,1170563846,,15001,ACTIVO,2023-02-13,martha.arboleda4598@example.com,3436650455
4599,JURIDICA,NIT,970048855,7,11001,ACTIVO,2023-02-13,contacto4599@example.com,3732068102
4600,JURIDICA,NIT,986473240,8,66170,ACTIVO,2023-02-15,contacto4600@example.com,3158759650
4601,NATURAL,CC,1125767513,,08001,ACTIVO,2023-02-15,leon.perez4601@example.com,3031883575
4602,NATURAL,CC,1291916484,,08001,ACTIVO,2023-02-16,esteban.zapata4602@example.com,3194151129
4603,NATURAL,CC,1057693861,,13001,ACTIVO,2023-02-16,victor.garcia4603@example.com,3221411073
4604,NATURAL,CC,1005853810,,17001,ACTIVO,2023-02-17,camila.buitrago4604@example.com,3893097034
4605,NATURAL,CC,1271437517,,47001,ACTIVO,2023-02-20,alvaro.hoyos4605@example.com,3561397282
4606,NATURAL,CC,1120323463,,17001,ACTIVO,2023-02-20,,3913177278
4607,NATURAL,CC,1108470467,,11001,ACTIVO,2023-02-20,adriana.sandoval4607@example.com,3373901327
4608,JURIDICA,NIT,980925896,8,08758,ACTIVO,2023-02-20,contacto4608@example.com,3646567985
4609,NATURAL,CC,1266033506,,73001,ACTIVO,2023-02-20,luis.romero4609@example.com,3107367914
4610,NATURAL,CC,1179079321,,66170,ACTIVO,2023-02-20,oswaldo.pena4610@example.com,3107844952
4611,NATURAL,CC,1234870010,,11001,ACTIVO,2023-02-21,maria.arango4611@example.com,3580528984
4612,NATURAL,CC,1173844497,,76001,ACTIVO,2023-02-21,luis.pena4612@example.com,3678949748
4613,NATURAL,CC,1036046333,,05001,ACTIVO,2023-02-21,,3740711129
4614,NATURAL,CC,1123110042,,11001,ACTIVO,2023-02-21,andres.ortega4614@example.com,3756826900
4615,NATURAL,CC,1068130190,,47001,ACTIVO,2023-02-22,alexander.ardila4615@example.com,3106358747
4616,JURIDICA,NIT,972246866,4,76001,ACTIVO,2023-02-23,contacto4616@example.com,3648477951
4617,NATURAL,CC,1293897678,,76001,ACTIVO,2023-02-24,,3648789837
4618,NATURAL,CC,1127675763,,15001,ACTIVO,2023-02-24,maria.munoz4618@example.com,3035319287
4619,NATURAL,CC,1179436130,,11001,ACTIVO,2023-02-25,eduardo.orozco4619@example.com,3863444167
4620,NATURAL,CC,1171252408,,76520,ACTIVO,2023-02-27,manuel.orozco4620@example.com,3526228848
4621,JURIDICA,NIT,986619029,9,11001,ACTIVO,2023-02-27,contacto4621@example.com,3278544132
4622,JURIDICA,NIT,968281687,6,11001,ACTIVO,2023-02-27,contacto4622@example.com,3392676531
4623,NATURAL,CC,1243564720,,05001,ACTIVO,2023-02-27,,3471158497
4624,NATURAL,CC,1040648663,,17001,ACTIVO,2023-03-01,adriana.garcia4624@example.com,3070453946
4625,JURIDICA,NIT,971951569,1,11001,ACTIVO,2023-03-01,contacto4625@example.com,3141611512
4626,NATURAL,CC,1017752723,,11001,ACTIVO,2023-03-01,antonio.gil4626@example.com,3608074917
4627,NATURAL,CC,1130290409,,11001,ACTIVO,2023-03-02,damaris.ortega4627@example.com,3947758147
4628,NATURAL,CC,1040976218,,44001,ACTIVO,2023-03-02,sofia.montoya4628@example.com,3156143608
4629,NATURAL,CC,1210202336,,76520,ACTIVO,2023-03-02,elsy.leon4629@example.com,3926858299
4630,NATURAL,CC,1258794652,,08758,ACTIVO,2023-03-02,francy.sierra4630@example.com,3768247742
4631,NATURAL,CC,1065782476,,23001,ACTIVO,2023-03-03,maria.naranjo4631@example.com,3324088171
4632,JURIDICA,NIT,972900820,1,88001,ACTIVO,2023-03-03,contacto4632@example.com,3447421552
4633,NATURAL,CC,1086278833,,11001,ACTIVO,2023-03-03,marisol.londono4633@example.com,3245708168
4634,NATURAL,CC,1093292165,,05360,ACTIVO,2023-03-06,,3327830821
4635,JURIDICA,NIT,983051334,1,11001,ACTIVO,2023-03-06,contacto4635@example.com,3345983179
4636,JURIDICA,NIT,985449045,3,11001,ACTIVO,2023-03-06,contacto4636@example.com,3834664409
4637,NATURAL,CC,1211327011,,17001,ACTIVO,2023-03-06,jose.ospina4637@example.com,3915247305
4638,NATURAL,CC,1133344273,,11001,ACTIVO,2023-03-06,gerardo.fernandez4638@example.com,3947010378
4639,NATURAL,CC,1114300671,,11001,ACTIVO,2023-03-06,andres.ortega4639@example.com,3819585890
4640,NATURAL,CC,1113685640,,76520,ACTIVO,2023-03-07,yeferson.fonseca4640@example.com,3319649894
4641,NATURAL,CC,1191406698,,76001,ACTIVO,2023-03-07,flor.acevedo4641@example.com,3644590068
4642,NATURAL,CC,1253210115,,76109,ACTIVO,2023-03-07,julio.bermudez4642@example.com,3492891498
4643,NATURAL,CC,1015415323,,47001,ACTIVO,2023-03-07,carlos.vergara4643@example.com,3109326372
4644,NATURAL,CC,1122909125,,11001,ACTIVO,2023-03-08,rodolfo.munoz4644@example.com,3776944992
4645,NATURAL,CC,1007001874,,05266,ACTIVO,2023-03-08,sandra.guerrero4645@example.com,3561590069
4646,NATURAL,CC,1084716531,,76001,ACTIVO,2023-03-08,lorena.monsalve4646@example.com,3482665098
4647,NATURAL,CC,1092559017,,11001,ACTIVO,2023-03-08,socorro.gomez4647@example.com,3130137826
4648,NATURAL,CC,1262965904,,11001,ACTIVO,2023-03-08,diana.lopez4648@example.com,3483279946
4649,NATURAL,CC,1078080153,,63001,ACTIVO,2023-03-09,jorge.mejia4649@example.com,3804964890
4650,NATURAL,CC,1100164327,,54001,ACTIVO,2023-03-10,,3258533733
4651,NATURAL,CC,1111825089,,76001,ACTIVO,2023-03-10,hugo.valencia4651@example.com,3017886746
4652,NATURAL,CC,1035892000,,15001,ACTIVO,2023-03-11,ciro.reyes4652@example.com,3459399661
4653,NATURAL,CC,1116726402,,66170,ACTIVO,2023-03-11,julio.castellanos4653@example.com,3296363510
4654,NATURAL,CC,1168423796,,08758,ACTIVO,2023-03-13,freddy.mosquera4654@example.com,3037594597
4655,NATURAL,CC,1088328633,,11001,ACTIVO,2023-03-13,claudia.cardona4655@example.com,3039952244
4656,NATURAL,CC,1138066369,,05001,ACTIVO,2023-03-13,maria.diaz4656@example.com,3519774099
4657,NATURAL,CC,1056904068,,66170,ACTIVO,2023-03-13,valentina.trujillo4657@example.com,3472655437
4658,NATURAL,CC,1142036699,,76109,ACTIVO,2023-03-13,nancy.mejia4658@example.com,3114941195
4659,JURIDICA,NIT,980174678,5,11001,ACTIVO,2023-03-13,contacto4659@example.com,3418584203
4660,NATURAL,CC,1120915074,,05266,ACTIVO,2023-03-14,angelica.rodriguez4660@example.com,3397936093
4661,NATURAL,CC,1192935217,,66001,ACTIVO,2023-03-14,cesar.escobar4661@example.com,3716140439
4662,NATURAL,CC,1289825950,,13001,ACTIVO,2023-03-14,damaris.ramirez4662@example.com,3235555796
4663,NATURAL,CC,1218393537,,50001,ACTIVO,2023-03-15,luis.rodriguez4663@example.com,3924908187
4664,NATURAL,CC,1013500098,,08001,ACTIVO,2023-03-15,luz.barreto4664@example.com,3219832883
4665,JURIDICA,NIT,965759161,7,15759,ACTIVO,2023-03-15,contacto4665@example.com,3232568734
4666,NATURAL,CC,1253790760,,05088,ACTIVO,2023-03-16,paola.contreras4666@example.com,3467623835
4667,NATURAL,CC,1208151841,,44001,ACTIVO,2023-03-16,katherine.quintero4667@example.com,3851619482
4668,NATURAL,CC,1004883149,,13001,ACTIVO,2023-03-20,luz.herrera4668@example.com,3991217554
4669,NATURAL,CC,1185905311,,05360,ACTIVO,2023-03-20,hermes.guzman4669@example.com,3078657011
4670,NATURAL,CC,1019954682,,11001,ACTIVO,2023-03-20,gerardo.medina4670@example.com,3901095889
4671,NATURAL,CC,1279121562,,68001,ACTIVO,2023-03-20,jose.sanchez4671@example.com,3312676696
4672,JURIDICA,NIT,981812246,9,85001,ACTIVO,2023-03-20,contacto4672@example.com,3805029250
4673,NATURAL,CC,1148843327,,41001,ACTIVO,2023-03-21,,3937991241
4674,NATURAL,CC,1157857797,,23001,ACTIVO,2023-03-22,luz.suarez4674@example.com,3228792518
4675,NATURAL,CC,1270112755,,11001,ACTIVO,2023-03-22,leidy.gutierrez4675@example.com,3786328517
4676,NATURAL,CC,1239139546,,54001,ACTIVO,2023-03-22,felix.sanchez4676@example.com,3980209770
4677,NATURAL,CC,1136753303,,50001,ACTIVO,2023-03-22,carlos.sanchez4677@example.com,3066409435
4678,NATURAL,CC,1091158711,,11001,ACTIVO,2023-03-22,jesus.camacho4678@example.com,3023915956
4679,NATURAL,CC,1027218465,,11001,ACTIVO,2023-03-23,paola.cabrera4679@example.com,3198898370
4680,NATURAL,CC,1183720244,,05001,ACTIVO,2023-03-24,jose.beltran4680@example.com,3517396460
4681,NATURAL,CC,1097694687,,11001,ACTIVO,2023-03-24,dolly.barbosa4681@example.com,3988448666
4682,NATURAL,CC,1038115090,,08001,ACTIVO,2023-03-25,lucero.guevara4682@example.com,3907115204
4683,NATURAL,CC,1074479345,,52001,ACTIVO,2023-03-27,gabriel.rincon4683@example.com,3195159620
4684,NATURAL,CC,1210852368,,19001,ACTIVO,2023-03-27,milena.serrano4684@example.com,3165807600
4685,NATURAL,CC,1026913762,,05001,ACTIVO,2023-03-28,,3121997532
4686,NATURAL,CC,1046560699,,73001,ACTIVO,2023-03-28,carlos.gomez4686@example.com,3150139936
4687,NATURAL,CC,1083478110,,11001,ACTIVO,2023-03-28,,3221811898
4688,NATURAL,CC,1196643274,,11001,ACTIVO,2023-03-29,jose.silva4688@example.com,3713103714
4689,NATURAL,PA,HY1734231,,68276,ACTIVO,2023-03-29,,3875084377
4690,NATURAL,CC,1169052301,,76834,ACTIVO,2023-03-30,stiven.ospina4690@example.com,3953935967
4691,NATURAL,CC,1267178512,,44001,ACTIVO,2023-03-30,norma.maldonado4691@example.com,3711952195
4692,NATURAL,CC,1162111483,,08001,ACTIVO,2023-03-30,rosa.salazar4692@example.com,3182709594
4693,NATURAL,CC,1100593895,,11001,ACTIVO,2023-03-31,cecilia.luna4693@example.com,3111307326
4694,NATURAL,CC,1146759295,,19001,ACTIVO,2023-04-01,emiro.rangel4694@example.com,3649930857
4695,NATURAL,CC,1133504431,,11001,ACTIVO,2023-04-03,alonso.martinez4695@example.com,3813079249
4696,JURIDICA,NIT,978727102,2,11001,ACTIVO,2023-04-03,contacto4696@example.com,3368773884
4697,NATURAL,CC,1011614977,,73001,ACTIVO,2023-04-03,walter.rodriguez4697@example.com,3812661646
4698,NATURAL,CC,1171705970,,11001,ACTIVO,2023-04-04,augusto.rodriguez4698@example.com,3408090467
4699,NATURAL,CC,1211285403,,20001,ACTIVO,2023-04-04,jimena.beltran4699@example.com,3719539512
4700,JURIDICA,NIT,986618790,1,52001,ACTIVO,2023-04-05,contacto4700@example.com,3485773213
4701,NATURAL,CC,1118971658,,20001,ACTIVO,2023-04-05,dario.pardo4701@example.com,3796555809
4702,NATURAL,CC,1159989764,,66001,ACTIVO,2023-04-06,bernardo.pineda4702@example.com,3230291805
4703,NATURAL,CC,1288671849,,76001,ACTIVO,2023-04-06,isabel.suarez4703@example.com,3567730622
4704,NATURAL,CC,1185518536,,73001,ACTIVO,2023-04-07,alexander.giraldo4704@example.com,3401677975
4705,NATURAL,CC,1274856304,,05001,ACTIVO,2023-04-07,mercedes.calderon4705@example.com,3495707696
4706,NATURAL,CC,1042127600,,68001,ACTIVO,2023-04-07,vicente.reyes4706@example.com,3349364690
4707,JURIDICA,NIT,984939348,9,05088,ACTIVO,2023-04-10,contacto4707@example.com,3285428831
4708,NATURAL,CC,1077512744,,11001,ACTIVO,2023-04-10,alfonso.pulido4708@example.com,3171063490
4709,NATURAL,CC,1220402416,,73001,ACTIVO,2023-04-10,wilson.correa4709@example.com,3715482865
4710,NATURAL,CC,1129488543,,11001,ACTIVO,2023-04-11,ines.rodriguez4710@example.com,3828105492
4711,NATURAL,CC,1100135375,,23001,ACTIVO,2023-04-11,diana.osorio4711@example.com,3191314477
4712,NATURAL,CC,1123473646,,63001,ACTIVO,2023-04-12,patricia.benavides4712@example.com,3758947563
4713,NATURAL,CC,1284634745,,11001,ACTIVO,2023-04-12,,3371310888
4714,NATURAL,CC,1208379217,,76001,ACTIVO,2023-04-12,enrique.cano4714@example.com,3237507265
4715,JURIDICA,NIT,973722248,8,13001,ACTIVO,2023-04-13,contacto4715@example.com,3373911750
4716,NATURAL,CE,454222,,11001,ACTIVO,2023-04-14,diana.amaya4716@example.com,3608121179
4717,NATURAL,CC,1282814145,,23001,ACTIVO,2023-04-14,francisco.ballesteros4717@example.com,3796831733
4718,NATURAL,CC,1279398868,,08001,ACTIVO,2023-04-14,mario.moreno4718@example.com,3057196019
4719,NATURAL,CC,1077451888,,08001,ACTIVO,2023-04-15,lidia.silva4719@example.com,3310209976
4720,NATURAL,CC,1254190989,,11001,ACTIVO,2023-04-15,jose.sanchez4720@example.com,3919402700
4721,NATURAL,CC,1108544783,,11001,ACTIVO,2023-04-15,luis.guzman4721@example.com,3348031263
4722,NATURAL,CC,1266697310,,05360,ACTIVO,2023-04-17,luz.perea4722@example.com,3571091675
4723,NATURAL,CC,1118556376,,68001,ACTIVO,2023-04-17,luis.cuesta4723@example.com,3028940879
4724,NATURAL,CC,1116913137,,50001,ACTIVO,2023-04-17,samuel.perez4724@example.com,3185300648
4725,JURIDICA,NIT,988442843,3,17001,ACTIVO,2023-04-17,contacto4725@example.com,3478683213
4726,NATURAL,CC,1064392051,,70001,ACTIVO,2023-04-17,jorge.lopez4726@example.com,3070854546
4727,NATURAL,CC,1287539834,,76109,ACTIVO,2023-04-17,nelson.martinez4727@example.com,3450199581
4728,NATURAL,CC,1253136782,,76001,ACTIVO,2023-04-17,danny.cabrera4728@example.com,3331617908
4729,NATURAL,CC,1007369791,,11001,ACTIVO,2023-04-18,jairo.martinez4729@example.com,3843102218
4730,JURIDICA,NIT,983682801,5,05001,ACTIVO,2023-04-18,contacto4730@example.com,3886939888
4731,NATURAL,CC,1069778215,,11001,ACTIVO,2023-04-20,jose.acosta4731@example.com,3251805912
4732,JURIDICA,NIT,969004472,7,08001,ACTIVO,2023-04-22,contacto4732@example.com,3861562352
4733,NATURAL,CC,1062809495,,76001,ACTIVO,2023-04-22,antonio.mercado4733@example.com,3620922190
4734,NATURAL,CC,1249489936,,05001,ACTIVO,2023-04-24,roberto.villamizar4734@example.com,3236468626
4735,NATURAL,CC,1003464837,,05088,ACTIVO,2023-04-25,,3305721192
4736,NATURAL,CC,1275783893,,05001,ACTIVO,2023-04-25,mauricio.cantillo4736@example.com,3872769689
4737,NATURAL,CC,1281471289,,11001,ACTIVO,2023-04-26,humberto.pinzon4737@example.com,3212131052
4738,NATURAL,CC,1224690422,,68001,ACTIVO,2023-04-27,rosa.restrepo4738@example.com,3031548613
4739,NATURAL,CC,1270828441,,11001,ACTIVO,2023-04-28,camilo.palacios4739@example.com,3580139562
4740,NATURAL,CC,1021544380,,05088,ACTIVO,2023-04-28,edith.vargas4740@example.com,3535928732
4741,NATURAL,CC,1267372930,,11001,ACTIVO,2023-05-01,rosa.sanchez4741@example.com,3207946963
4742,NATURAL,CC,1056351536,,05001,ACTIVO,2023-05-01,vanesa.gonzalez4742@example.com,3607165518
4743,NATURAL,CC,1273474099,,13001,ACTIVO,2023-05-01,,3727156401
4744,JURIDICA,NIT,970903017,1,13001,ACTIVO,2023-05-01,contacto4744@example.com,3637544098
4745,NATURAL,CC,1153972123,,11001,ACTIVO,2023-05-01,tania.alvarez4745@example.com,3470432917
4746,NATURAL,CC,1052317552,,11001,ACTIVO,2023-05-01,ivan.orozco4746@example.com,3604941658
4747,JURIDICA,NIT,989234337,1,76001,ACTIVO,2023-05-02,contacto4747@example.com,3444641473
4748,NATURAL,CC,1201101269,,08001,ACTIVO,2023-05-02,adolfo.navarro4748@example.com,3414125168
4749,NATURAL,CC,1265700594,,66001,ACTIVO,2023-05-02,jairo.parra4749@example.com,3460310770
4750,NATURAL,CC,1297155293,,11001,ACTIVO,2023-05-03,patricia.lopez4750@example.com,3846105633
4751,JURIDICA,NIT,969320040,3,13001,ACTIVO,2023-05-03,contacto4751@example.com,3101028360
4752,JURIDICA,NIT,972216952,1,11001,ACTIVO,2023-05-03,contacto4752@example.com,3120036945
4753,NATURAL,CC,1146691435,,94001,ACTIVO,2023-05-04,amparo.gutierrez4753@example.com,3320076539
4754,NATURAL,CC,1262566311,,68001,ACTIVO,2023-05-04,giovanny.hoyos4754@example.com,3299779208
4755,NATURAL,CC,1047284909,,76001,ACTIVO,2023-05-06,yaneth.guzman4755@example.com,3867993992
4756,NATURAL,CC,1107710180,,11001,ACTIVO,2023-05-06,elena.espinosa4756@example.com,3905330078
4757,JURIDICA,NIT,980728402,9,11001,ACTIVO,2023-05-08,contacto4757@example.com,3786187025
4758,NATURAL,CC,1083137590,,11001,ACTIVO,2023-05-08,edgar.lopez4758@example.com,3222160036
4759,NATURAL,CC,1260483989,,50001,ACTIVO,2023-05-08,javier.andrade4759@example.com,3333919889
4760,NATURAL,CC,1231436776,,11001,ACTIVO,2023-05-08,camilo.acosta4760@example.com,3824403783
4761,NATURAL,CC,1073017918,,44001,ACTIVO,2023-05-08,william.ardila4761@example.com,3284367504
4762,NATURAL,CC,1270269862,,13001,ACTIVO,2023-05-08,franklin.cordoba4762@example.com,3667761326
4763,NATURAL,CC,1031204297,,11001,ACTIVO,2023-05-09,luz.castro4763@example.com,3120819935
4764,NATURAL,CC,1209322694,,11001,ACTIVO,2023-05-09,alvaro.arrieta4764@example.com,3932674689
4765,NATURAL,CC,1105544916,,13430,ACTIVO,2023-05-10,james.giraldo4765@example.com,3761972474
4766,JURIDICA,NIT,983874857,1,63001,ACTIVO,2023-05-11,contacto4766@example.com,3249633677
4767,NATURAL,CC,1199036597,,08758,ACTIVO,2023-05-11,enrique.martinez4767@example.com,3472725941
4768,NATURAL,CC,1257258851,,41001,ACTIVO,2023-05-11,carlos.montoya4768@example.com,3423602371
4769,NATURAL,CC,1146400620,,76001,ACTIVO,2023-05-12,yolanda.orozco4769@example.com,3291710061
4770,NATURAL,CC,1237474139,,68001,ACTIVO,2023-05-12,leonor.rodriguez4770@example.com,3911634539
4771,NATURAL,CC,1225516804,,11001,ACTIVO,2023-05-13,gloria.hurtado4771@example.com,3550924782
4772,NATURAL,CC,1093535745,,13001,ACTIVO,2023-05-13,nelcy.medina4772@example.com,3904838129
4773,NATURAL,CC,1017184000,,11001,ACTIVO,2023-05-13,,3757983143
4774,NATURAL,CC,1001008226,,05360,ACTIVO,2023-05-15,eliecer.munoz4774@example.com,3484959670
4775,JURIDICA,NIT,989069079,7,11001,ACTIVO,2023-05-15,contacto4775@example.com,3693704281
4776,NATURAL,CC,1069547806,,05001,ACTIVO,2023-05-15,juan.bonilla4776@example.com,3844851431
4777,NATURAL,CC,1038709063,,11001,ACTIVO,2023-05-16,jennifer.perez4777@example.com,3927141306
4778,JURIDICA,NIT,984433568,1,11001,ACTIVO,2023-05-16,contacto4778@example.com,3028718806
4779,NATURAL,CC,1209734496,,50001,ACTIVO,2023-05-16,nancy.gomez4779@example.com,3413409191
4780,NATURAL,CC,1066660972,,05088,ACTIVO,2023-05-17,amelia.avila4780@example.com,3640857276
4781,NATURAL,CC,1108627072,,66170,ACTIVO,2023-05-18,david.restrepo4781@example.com,3116201046
4782,NATURAL,CC,1005351440,,52001,ACTIVO,2023-05-18,maria.rodriguez4782@example.com,3874031602
4783,NATURAL,CC,1228950490,,05088,ACTIVO,2023-05-18,yaneth.montoya4783@example.com,3899009894
4784,NATURAL,CC,1096728370,,52001,ACTIVO,2023-05-18,claudia.morales4784@example.com,3806967656
4785,NATURAL,CC,1191266871,,08001,ACTIVO,2023-05-18,andrea.lozano4785@example.com,3532941552
4786,NATURAL,CC,1077177661,,05088,ACTIVO,2023-05-18,luisa.silva4786@example.com,3458613241
4787,NATURAL,CC,1010623992,,11001,ACTIVO,2023-05-19,arturo.gaviria4787@example.com,3437509191
4788,NATURAL,CC,1278716590,,05001,ACTIVO,2023-05-19,lina.medina4788@example.com,3134985988
4789,NATURAL,CC,1247448689,,68276,ACTIVO,2023-05-19,andres.herrera4789@example.com,3300559570
4790,NATURAL,CC,1090801891,,11001,ACTIVO,2023-05-19,mireya.sanchez4790@example.com,3824408303
4791,NATURAL,CC,1050494358,,50001,ACTIVO,2023-05-20,janeth.cuellar4791@example.com,3042509642
4792,JURIDICA,NIT,965087508,4,11001,ACTIVO,2023-05-22,contacto4792@example.com,3003583702
4793,NATURAL,CC,1237741023,,11001,ACTIVO,2023-05-22,leonor.bejarano4793@example.com,3195272574
4794,NATURAL,CC,1103966975,,81001,ACTIVO,2023-05-22,laura.rendon4794@example.com,3585930685
4795,NATURAL,CC,1038383202,,13001,ACTIVO,2023-05-22,mario.ortiz4795@example.com,3080048027
4796,JURIDICA,NIT,970905354,6,11001,ACTIVO,2023-05-23,contacto4796@example.com,3783152336
4797,NATURAL,CC,1198714494,,70001,ACTIVO,2023-05-23,clara.diaz4797@example.com,3813856706
4798,JURIDICA,NIT,969470077,8,11001,ACTIVO,2023-05-23,contacto4798@example.com,3965151236
4799,NATURAL,CC,1092292948,,47001,ACTIVO,2023-05-23,,3049843820
4800,NATURAL,CC,1099680946,,11001,ACTIVO,2023-05-24,eduardo.munoz4800@example.com,3667225920
4801,NATURAL,CC,1227236081,,27001,ACTIVO,2023-05-24,judith.bravo4801@example.com,3345515001
4802,NATURAL,CC,1171194661,,05001,ACTIVO,2023-05-25,diego.toro4802@example.com,3620485297
4803,NATURAL,CC,1156614533,,76001,ACTIVO,2023-05-25,tatiana.ortega4803@example.com,3781621422
4804,JURIDICA,NIT,961431020,3,13001,ACTIVO,2023-05-25,contacto4804@example.com,3594172694
4805,NATURAL,CC,1040191716,,41001,ACTIVO,2023-05-26,juan.salas4805@example.com,3505387688
4806,NATURAL,CC,1296440461,,13001,ACTIVO,2023-05-27,alberto.alvarado4806@example.com,3455877221
4807,NATURAL,CC,1294256733,,50001,ACTIVO,2023-05-27,,3740104219
4808,NATURAL,CC,1166860743,,52001,ACTIVO,2023-05-29,graciela.rodriguez4808@example.com,3507224394
4809,NATURAL,CC,1163767359,,68001,ACTIVO,2023-05-29,diana.garces4809@example.com,3322366410
4810,NATURAL,CC,1237278820,,11001,ACTIVO,2023-05-29,rafael.murillo4810@example.com,3105198133
4811,NATURAL,CC,1001466495,,08001,ACTIVO,2023-05-29,patricia.correa4811@example.com,3951159330
4812,NATURAL,CC,1086115339,,05001,ACTIVO,2023-05-30,rosa.caro4812@example.com,3208359377
4813,NATURAL,CC,1159540034,,50001,ACTIVO,2023-05-30,julian.sanchez4813@example.com,3903708246
4814,NATURAL,CC,1258984672,,54001,ACTIVO,2023-05-30,,3267968217
4815,NATURAL,CC,1092352493,,11001,ACTIVO,2023-05-30,lucia.mora4815@example.com,3241884368
4816,NATURAL,CC,1177377765,,13001,ACTIVO,2023-05-31,ricardo.duarte4816@example.com,3858494468
4817,NATURAL,CC,1244406083,,44001,ACTIVO,2023-05-31,eva.renteria4817@example.com,3170655073
4818,JURIDICA,NIT,962698235,1,50001,ACTIVO,2023-05-31,contacto4818@example.com,3798262222
4819,NATURAL,CC,1045052973,,11001,ACTIVO,2023-05-31,dayana.quiroz4819@example.com,3491035696
4820,NATURAL,CC,1192712933,,05001,ACTIVO,2023-06-01,gloria.mena4820@example.com,3447796012
4821,NATURAL,CC,1136715972,,11001,ACTIVO,2023-06-01,yurany.ortega4821@example.com,3121500435
4822,NATURAL,CC,1087370131,,11001,ACTIVO,2023-06-01,luis.giraldo4822@example.com,3981358708
4823,NATURAL,CC,1256583799,,05001,ACTIVO,2023-06-01,victor.ortega4823@example.com,3442726720
4824,NATURAL,CC,1214549045,,11001,ACTIVO,2023-06-01,norbey.torres4824@example.com,3038524519
4825,JURIDICA,NIT,985517746,1,41001,ACTIVO,2023-06-02,contacto4825@example.com,3094544898
4826,NATURAL,CC,1174142677,,68001,ACTIVO,2023-06-02,william.ospino4826@example.com,3808853800
4827,JURIDICA,NIT,978545968,1,68276,ACTIVO,2023-06-03,contacto4827@example.com,3955791025
4828,NATURAL,CC,1092168452,,41001,ACTIVO,2023-06-03,hugo.castellanos4828@example.com,3532063859
4829,NATURAL,CC,1247464605,,11001,ACTIVO,2023-06-03,jesus.valencia4829@example.com,3311943462
4830,NATURAL,CC,1011183011,,11001,ACTIVO,2023-06-05,carlos.calderon4830@example.com,3249872705
4831,JURIDICA,NIT,964276784,8,05001,ACTIVO,2023-06-05,contacto4831@example.com,3402590453
4832,NATURAL,CC,1288199592,,08001,ACTIVO,2023-06-05,alexander.ramirez4832@example.com,3224530365
4833,NATURAL,CC,1197426960,,11001,ACTIVO,2023-06-05,fanny.castrillon4833@example.com,3937544202
4834,NATURAL,CC,1181837304,,19001,ACTIVO,2023-06-06,kelly.hernandez4834@example.com,3097706277
4835,NATURAL,CC,1115291241,,05001,ACTIVO,2023-06-06,bernardo.romero4835@example.com,3486430643
4836,JURIDICA,NIT,987292228,5,05001,ACTIVO,2023-06-06,contacto4836@example.com,3919431364
4837,NATURAL,CC,1179716520,,08758,ACTIVO,2023-06-06,ricardo.guzman4837@example.com,3211330347
4838,NATURAL,CC,1102233209,,73001,ACTIVO,2023-06-07,daniela.guerrero4838@example.com,3238540475
4839,NATURAL,CC,1179124470,,19001,ACTIVO,2023-06-07,alejandro.rojas4839@example.com,3074120639
4840,NATURAL,CC,1229021771,,08001,ACTIVO,2023-06-07,maria.galeano4840@example.com,3227864835
4841,JURIDICA,NIT,987828368,0,73001,ACTIVO,2023-06-08,contacto4841@example.com,3429156012
4842,NATURAL,CC,1008944616,,76001,ACTIVO,2023-06-09,enrique.diaz4842@example.com,3702890876
4843,NATURAL,CC,1074856101,,11001,ACTIVO,2023-06-10,marcela.diaz4843@example.com,3207156816
4844,NATURAL,CC,1066195472,,50001,INACTIVO,2023-06-10,andres.gonzalez4844@example.com,3772360024
4845,NATURAL,CC,1131417382,,11001,ACTIVO,2023-06-10,gabriela.camacho4845@example.com,3987654466
4846,NATURAL,CC,1176286968,,05001,ACTIVO,2023-06-12,mariana.ochoa4846@example.com,3714716328
4847,NATURAL,CC,1160763942,,11001,ACTIVO,2023-06-12,yeison.martinez4847@example.com,3065215291
4848,NATURAL,CC,1297972070,,11001,ACTIVO,2023-06-12,manuel.ramos4848@example.com,3947996976
4849,NATURAL,CC,1249765941,,66170,ACTIVO,2023-06-14,patricia.velasquez4849@example.com,3443503626
4850,NATURAL,CC,1269181923,,76001,ACTIVO,2023-06-14,milena.ortiz4850@example.com,3100590434
4851,NATURAL,CC,1286133894,,13001,ACTIVO,2023-06-14,nelly.lara4851@example.com,3260232723
4852,NATURAL,CC,1126725980,,11001,ACTIVO,2023-06-14,eduardo.patino4852@example.com,3919229715
4853,NATURAL,CC,1136259805,,19001,ACTIVO,2023-06-14,maria.hernandez4853@example.com,3287312082
4854,NATURAL,CC,1131098508,,66001,ACTIVO,2023-06-14,roman.munoz4854@example.com,3717768064
4855,NATURAL,CC,1182505869,,13001,ACTIVO,2023-06-15,gilberto.estrada4855@example.com,3229162989
4856,NATURAL,CC,1252007191,,27001,ACTIVO,2023-06-15,dary.palacios4856@example.com,3589268644
4857,JURIDICA,NIT,963844373,8,76001,ACTIVO,2023-06-16,contacto4857@example.com,3040862671
4858,NATURAL,CC,1192305021,,05001,ACTIVO,2023-06-17,oscar.giraldo4858@example.com,3358589096
4859,NATURAL,CC,1150993780,,76001,ACTIVO,2023-06-17,,3886549501
4860,JURIDICA,NIT,974923160,5,11001,ACTIVO,2023-06-19,contacto4860@example.com,3238747402
4861,NATURAL,CC,1007485631,,76001,ACTIVO,2023-06-19,cesar.silva4861@example.com,3758486677
4862,NATURAL,CC,1277136518,,76001,ACTIVO,2023-06-19,manuel.zapata4862@example.com,3912766557
4863,NATURAL,CC,1174796217,,08001,ACTIVO,2023-06-19,juliana.daza4863@example.com,3302372928
4864,NATURAL,CC,1069230708,,11001,ACTIVO,2023-06-19,,3148937464
4865,NATURAL,CE,260546,,05001,ACTIVO,2023-06-20,nathalia.castro4865@example.com,3794152422
4866,JURIDICA,NIT,978288750,0,08001,ACTIVO,2023-06-20,contacto4866@example.com,3136738739
4867,NATURAL,CC,1118783504,,11001,ACTIVO,2023-06-20,alberto.reyes4867@example.com,3309796609
4868,NATURAL,CC,1165154155,,11001,ACTIVO,2023-06-20,ana.garcia4868@example.com,3580374807
4869,NATURAL,CC,1026377108,,23001,ACTIVO,2023-06-20,luisa.buitrago4869@example.com,3760352829
4870,JURIDICA,NIT,982327430,1,11001,ACTIVO,2023-06-20,contacto4870@example.com,3894071365
4871,NATURAL,CC,1025719084,,73001,ACTIVO,2023-06-20,valentina.aguirre4871@example.com,3371397515
4872,NATURAL,CC,1107910383,,17174,ACTIVO,2023-06-20,sandra.gil4872@example.com,3924123596
4873,NATURAL,CC,1197052153,,11001,ACTIVO,2023-06-21,ines.ochoa4873@example.com,3217226111
4874,NATURAL,CC,1001403100,,05001,ACTIVO,2023-06-21,alexander.ortiz4874@example.com,3115367427
4875,NATURAL,CC,1276301041,,11001,ACTIVO,2023-06-22,elvia.lopez4875@example.com,3945574389
4876,NATURAL,CC,1020685589,,17380,ACTIVO,2023-06-23,camilo.gonzalez4876@example.com,3495258003
4877,NATURAL,CC,1125182231,,05001,ACTIVO,2023-06-23,,3258774751
4878,NATURAL,CC,1294649573,,11001,ACTIVO,2023-06-23,andres.valencia4878@example.com,3396251367
4879,NATURAL,CC,1120861416,,11001,ACTIVO,2023-06-24,,3994436317
4880,NATURAL,CC,1284401039,,11001,ACTIVO,2023-06-24,esmeralda.munoz4880@example.com,3295054155
4881,JURIDICA,NIT,968137112,8,05266,ACTIVO,2023-06-24,contacto4881@example.com,3335984033
4882,NATURAL,CC,1273156557,,54001,ACTIVO,2023-06-24,hernan.aguirre4882@example.com,3534581133
4883,NATURAL,CC,1093307112,,08758,ACTIVO,2023-06-24,daniel.gonzalez4883@example.com,3589039085
4884,NATURAL,CC,1082134840,,11001,ACTIVO,2023-06-26,antonio.ramirez4884@example.com,3009722278
4885,NATURAL,CC,1082626201,,11001,ACTIVO,2023-06-26,jesus.jaramillo4885@example.com,3883325424
4886,NATURAL,CC,1000882082,,15001,ACTIVO,2023-06-26,danna.guzman4886@example.com,3319954067
4887,NATURAL,CC,1038461267,,54001,ACTIVO,2023-06-26,alberto.alarcon4887@example.com,3992515214
4888,JURIDICA,NIT,965108684,4,15001,ACTIVO,2023-06-26,contacto4888@example.com,3783644207
4889,NATURAL,CC,1044989593,,20001,ACTIVO,2023-06-26,camilo.sanchez4889@example.com,3885729997
4890,NATURAL,CC,1027319806,,11001,ACTIVO,2023-06-27,jesus.munoz4890@example.com,3834208355
4891,NATURAL,CC,1237489379,,15001,ACTIVO,2023-06-28,julio.castano4891@example.com,3038915360
4892,NATURAL,CC,1126727852,,08758,ACTIVO,2023-06-28,diego.garzon4892@example.com,3408755754
4893,JURIDICA,NIT,964313947,0,76001,ACTIVO,2023-06-28,contacto4893@example.com,3056475459
4894,NATURAL,CC,1182654017,,17001,ACTIVO,2023-06-28,carlos.martinez4894@example.com,3382627230
4895,NATURAL,CC,1284546929,,47001,ACTIVO,2023-06-28,gabriel.carvajal4895@example.com,3916231065
4896,NATURAL,CC,1159187451,,41001,ACTIVO,2023-06-30,ever.rojas4896@example.com,3921371525
4897,NATURAL,CC,1232622222,,11001,ACTIVO,2023-06-30,jose.gonzales4897@example.com,3928284803
4898,NATURAL,CC,1071533941,,05001,ACTIVO,2023-06-30,,3160710890
4899,NATURAL,CC,1159776491,,11001,ACTIVO,2023-06-30,miguel.gamboa4899@example.com,3855297356
4900,NATURAL,CC,1141636004,,11001,ACTIVO,2023-07-01,liliana.rivera4900@example.com,3336959293
4901,NATURAL,CC,1257753867,,11001,ACTIVO,2023-07-01,liliana.contreras4901@example.com,3555447995
4902,JURIDICA,NIT,966986235,1,11001,ACTIVO,2023-07-03,contacto4902@example.com,3940628401
4903,NATURAL,CC,1128635956,,66170,ACTIVO,2023-07-03,jesus.cardenas4903@example.com,3942088364
4904,NATURAL,CC,1236887016,,05266,ACTIVO,2023-07-04,andres.monroy4904@example.com,3798770063
4905,NATURAL,CC,1143158408,,66001,ACTIVO,2023-07-04,carmen.vargas4905@example.com,3618139261
4906,NATURAL,CC,1089464333,,76520,ACTIVO,2023-07-04,santiago.herrera4906@example.com,3941096174
4907,NATURAL,CC,1148308785,,11001,ACTIVO,2023-07-06,astrid.escobar4907@example.com,3065468475
4908,NATURAL,CC,1214895045,,11001,ACTIVO,2023-07-06,john.rodriguez4908@example.com,3628359272
4909,NATURAL,CC,1099777834,,11001,ACTIVO,2023-07-06,lina.garcia4909@example.com,3400856482
4910,NATURAL,CC,1050519173,,11001,ACTIVO,2023-07-06,julian.arias4910@example.com,3242690896
4911,NATURAL,CC,1031929800,,52001,ACTIVO,2023-07-07,sara.cardenas4911@example.com,3519679898
4912,NATURAL,CC,1028803606,,11001,ACTIVO,2023-07-07,johana.diaz4912@example.com,3182057381
4913,NATURAL,PA,TY2659271,,13001,ACTIVO,2023-07-08,jesus.bedoya4913@example.com,3020707241
4914,NATURAL,CC,1102191211,,11001,ACTIVO,2023-07-08,,3320852968
4915,NATURAL,CC,1201347809,,13001,ACTIVO,2023-07-08,manuel.martinez4915@example.com,3883325332
4916,NATURAL,CC,1103500471,,11001,ACTIVO,2023-07-08,monica.diaz4916@example.com,3630504711
4917,NATURAL,PPT,9969029,,85001,ACTIVO,2023-07-10,mabel.gil4917@example.com,3587015080
4918,NATURAL,CC,1034179625,,11001,ACTIVO,2023-07-10,lucia.hernandez4918@example.com,3474670243
4919,NATURAL,CC,1180113843,,18001,ACTIVO,2023-07-10,luz.escobar4919@example.com,3464282145
4920,NATURAL,CC,1180523518,,11001,ACTIVO,2023-07-10,aura.romero4920@example.com,3834620937
4921,JURIDICA,NIT,966693860,5,13001,ACTIVO,2023-07-10,contacto4921@example.com,3931762410
4922,NATURAL,CC,1167568672,,76001,ACTIVO,2023-07-11,jesus.ramirez4922@example.com,3758800658
4923,NATURAL,CC,1011447985,,66001,ACTIVO,2023-07-12,carlos.castaneda4923@example.com,3397778239
4924,NATURAL,CC,1115895889,,11001,ACTIVO,2023-07-12,monica.erazo4924@example.com,3359788317
4925,NATURAL,CC,1047135634,,08001,ACTIVO,2023-07-13,alexis.ruiz4925@example.com,3585626081
4926,JURIDICA,NIT,969231622,8,05001,ACTIVO,2023-07-13,contacto4926@example.com,3584840837
4927,NATURAL,CC,1103788299,,05001,ACTIVO,2023-07-13,rocio.buitrago4927@example.com,3276298824
4928,NATURAL,CC,1167814338,,23001,ACTIVO,2023-07-13,,3881849790
4929,NATURAL,CC,1146467587,,47001,ACTIVO,2023-07-14,,3884467111
4930,NATURAL,CC,1197207824,,76001,ACTIVO,2023-07-14,sebastian.correa4930@example.com,3247981394
4931,NATURAL,CC,1130491098,,41001,ACTIVO,2023-07-15,oscar.salazar4931@example.com,3255108136
4932,NATURAL,CC,1000305841,,76001,ACTIVO,2023-07-15,diana.ospina4932@example.com,3547898758
4933,JURIDICA,NIT,988562136,9,94001,ACTIVO,2023-07-15,contacto4933@example.com,3320002638
4934,NATURAL,CC,1165716124,,68001,ACTIVO,2023-07-17,enrique.rincon4934@example.com,3757612184
4935,NATURAL,CC,1062528350,,08001,ACTIVO,2023-07-17,,3229382334
4936,NATURAL,CC,1064202319,,05088,ACTIVO,2023-07-17,javier.garcia4936@example.com,3875790947
4937,JURIDICA,NIT,982816363,4,47001,ACTIVO,2023-07-19,contacto4937@example.com,3468218884
4938,NATURAL,CC,1256317903,,15759,ACTIVO,2023-07-19,paola.mora4938@example.com,3802778914
4939,NATURAL,CC,1096519726,,47001,ACTIVO,2023-07-19,humberto.velasquez4939@example.com,3650345627
4940,NATURAL,CC,1270420351,,11001,ACTIVO,2023-07-19,jose.cardenas4940@example.com,3542720986
4941,NATURAL,CE,663161,,11001,ACTIVO,2023-07-20,ruben.lopez4941@example.com,3665793637
4942,NATURAL,CC,1210417015,,52001,ACTIVO,2023-07-20,martin.arias4942@example.com,3880838947
4943,NATURAL,CC,1157079275,,08001,ACTIVO,2023-07-20,lucero.leon4943@example.com,3519412952
4944,NATURAL,CC,1224300337,,25175,ACTIVO,2023-07-20,david.hernandez4944@example.com,3926902098
4945,JURIDICA,NIT,968132168,7,70001,ACTIVO,2023-07-24,contacto4945@example.com,3001735903
4946,JURIDICA,NIT,971316842,5,76001,ACTIVO,2023-07-24,contacto4946@example.com,3558230025
4947,JURIDICA,NIT,981929897,7,11001,ACTIVO,2023-07-24,contacto4947@example.com,3517646555
4948,NATURAL,CC,1288768833,,13001,ACTIVO,2023-07-24,enrique.correa4948@example.com,3643207292
4949,NATURAL,CC,1235302182,,27001,ACTIVO,2023-07-24,maria.campo4949@example.com,3022254158
4950,NATURAL,CC,1070797386,,05088,ACTIVO,2023-07-25,estiven.gutierrez4950@example.com,3468940577
4951,NATURAL,CC,1245272148,,11001,ACTIVO,2023-07-25,mateo.pineda4951@example.com,3560619407
4952,NATURAL,CC,1099067144,,76001,ACTIVO,2023-07-25,norma.castillo4952@example.com,3410999509
4953,NATURAL,CC,1175178155,,08758,ACTIVO,2023-07-26,lucia.salazar4953@example.com,3725322833
4954,NATURAL,CC,1130033101,,05360,ACTIVO,2023-07-26,alberto.guerra4954@example.com,3918270325
4955,NATURAL,CC,1098442789,,11001,ACTIVO,2023-07-26,vanessa.velasco4955@example.com,3751629842
4956,NATURAL,CC,1285297393,,54001,ACTIVO,2023-07-26,maria.yepes4956@example.com,3614832226
4957,NATURAL,CC,1209864636,,76001,ACTIVO,2023-07-27,jhonny.oviedo4957@example.com,3459693054
4958,NATURAL,CC,1028662529,,11001,ACTIVO,2023-07-27,david.hernandez4958@example.com,3265298988
4959,NATURAL,CC,1202876928,,23001,ACTIVO,2023-07-27,david.acosta4959@example.com,3897426297
4960,NATURAL,CC,1132153825,,05615,ACTIVO,2023-07-27,carlos.vega4960@example.com,3413039978
4961,NATURAL,CC,1230995773,,11001,ACTIVO,2023-07-27,ricardo.bravo4961@example.com,3815279428
4962,NATURAL,CC,1095957094,,11001,ACTIVO,2023-07-27,ines.gomez4962@example.com,3514022040
4963,NATURAL,CC,1231187455,,68001,ACTIVO,2023-07-28,paola.herrera4963@example.com,3703060337
4964,NATURAL,CC,1067868023,,11001,ACTIVO,2023-07-28,alfonso.rodriguez4964@example.com,3300687423
4965,JURIDICA,NIT,965367154,2,05360,ACTIVO,2023-07-28,contacto4965@example.com,3278766901
4966,NATURAL,CC,1161856529,,11001,ACTIVO,2023-07-28,esteban.escobar4966@example.com,3759586360
4967,NATURAL,CC,1122327364,,23001,ACTIVO,2023-07-29,maria.rios4967@example.com,3787379234
4968,NATURAL,CC,1294248947,,11001,ACTIVO,2023-07-31,manuel.pineda4968@example.com,3158033129
4969,NATURAL,CC,1009982515,,08758,ACTIVO,2023-07-31,dary.londono4969@example.com,3975395697
4970,NATURAL,CE,659648,,11001,ACTIVO,2023-07-31,amparo.herrera4970@example.com,3682176439
4971,NATURAL,CC,1294707679,,11001,ACTIVO,2023-07-31,didier.maldonado4971@example.com,3334204988
4972,NATURAL,CC,1296010745,,05001,ACTIVO,2023-07-31,alexander.alvarez4972@example.com,3991749611
4973,NATURAL,CC,1057326891,,20001,ACTIVO,2023-08-01,efrain.moreno4973@example.com,3359623350
4974,NATURAL,CC,1173608663,,11001,ACTIVO,2023-08-01,jose.martinez4974@example.com,3289349972
4975,NATURAL,CC,1241684491,,11001,ACTIVO,2023-08-01,jairo.ruiz4975@example.com,3733030739
4976,NATURAL,CC,1296063126,,05001,ACTIVO,2023-08-01,samuel.sanchez4976@example.com,3380982470
4977,NATURAL,CC,1206255521,,76109,ACTIVO,2023-08-02,gloria.sanchez4977@example.com,3421935601
4978,NATURAL,CC,1162604512,,41001,ACTIVO,2023-08-03,johana.ardila4978@example.com,3356257342
4979,NATURAL,CC,1189326822,,20001,ACTIVO,2023-08-04,nelly.castellanos4979@example.com,3779524737
4980,NATURAL,CC,1080897282,,13430,ACTIVO,2023-08-04,esperanza.rodriguez4980@example.com,3423616217
4981,NATURAL,CC,1237367578,,11001,ACTIVO,2023-08-07,david.rodriguez4981@example.com,3768495743
4982,NATURAL,PPT,1725877,,08001,ACTIVO,2023-08-07,liliana.garcia4982@example.com,3683516547
4983,NATURAL,CC,1218018102,,54001,ACTIVO,2023-08-07,luis.castro4983@example.com,3604914603
4984,NATURAL,CC,1191913580,,41001,ACTIVO,2023-08-07,humberto.pacheco4984@example.com,3308823756
4985,NATURAL,CC,1076324975,,08001,ACTIVO,2023-08-07,dary.morales4985@example.com,3172758895
4986,JURIDICA,NIT,987743201,3,08758,ACTIVO,2023-08-07,contacto4986@example.com,3538642994
4987,NATURAL,CC,1039526712,,76001,ACTIVO,2023-08-07,manuel.alarcon4987@example.com,3394586449
4988,NATURAL,CC,1279246483,,11001,ACTIVO,2023-08-08,,3460507452
4989,NATURAL,CC,1183753098,,68001,ACTIVO,2023-08-08,marlene.barrios4989@example.com,3470986117
4990,NATURAL,CC,1187480267,,47001,ACTIVO,2023-08-08,antonio.rodriguez4990@example.com,3511489202
4991,NATURAL,CC,1047424579,,41001,ACTIVO,2023-08-09,eduardo.hernandez4991@example.com,3609938227
4992,NATURAL,CC,1274565826,,11001,ACTIVO,2023-08-10,alfredo.maldonado4992@example.com,3847021048
4993,NATURAL,CC,1087794170,,11001,ACTIVO,2023-08-11,,3420407303
4994,NATURAL,CC,1145227577,,76001,INACTIVO,2023-08-11,jenny.jimenez4994@example.com,3725939730
4995,NATURAL,CC,1107539183,,13001,ACTIVO,2023-08-11,elizabeth.mosquera4995@example.com,3399400295
4996,NATURAL,CC,1153051053,,11001,ACTIVO,2023-08-12,patricia.mendoza4996@example.com,3820461128
4997,NATURAL,CC,1013686811,,05001,ACTIVO,2023-08-12,lucia.monsalve4997@example.com,3382070761
4998,JURIDICA,NIT,961512864,0,11001,ACTIVO,2023-08-14,contacto4998@example.com,3097281121
4999,NATURAL,CC,1123975862,,50001,ACTIVO,2023-08-14,pedro.padilla4999@example.com,3670937985
5000,JURIDICA,NIT,973341892,6,05001,ACTIVO,2023-08-14,contacto5000@example.com,3317943660
5001,NATURAL,CC,1283167621,,11001,ACTIVO,2023-08-14,luisa.munoz5001@example.com,3778506049
5002,NATURAL,CC,1186665456,,11001,ACTIVO,2023-08-14,eduardo.palacio5002@example.com,3713022064
5003,NATURAL,PA,AH0391262,,68001,ACTIVO,2023-08-14,geraldine.castro5003@example.com,3630363393
5004,NATURAL,CC,1100893419,,52001,ACTIVO,2023-08-14,cecilia.morales5004@example.com,3161236573
5005,NATURAL,PPT,4476102,,05088,ACTIVO,2023-08-15,gloria.ibarra5005@example.com,3534237077
5006,JURIDICA,NIT,979791604,3,76001,ACTIVO,2023-08-15,contacto5006@example.com,3788312131
5007,NATURAL,CC,1045622891,,11001,ACTIVO,2023-08-16,claudia.lopez5007@example.com,3244115521
5008,NATURAL,CC,1242285286,,08758,ACTIVO,2023-08-16,margoth.patino5008@example.com,3149951993
5009,NATURAL,CC,1094031923,,05001,ACTIVO,2023-08-17,francisco.trujillo5009@example.com,3198826705
5010,NATURAL,CC,1283920279,,66001,ACTIVO,2023-08-18,graciela.bohorquez5010@example.com,3723686520
5011,NATURAL,CC,1031546242,,13001,ACTIVO,2023-08-18,felipe.garcia5011@example.com,3249429382
5012,NATURAL,CE,846281,,05001,ACTIVO,2023-08-18,alejandro.naranjo5012@example.com,3431078517
5013,NATURAL,CC,1069915388,,05001,ACTIVO,2023-08-18,andres.sepulveda5013@example.com,3001698090
5014,NATURAL,CC,1185763094,,76001,ACTIVO,2023-08-19,cristian.ospina5014@example.com,3162639576
5015,JURIDICA,NIT,977126120,2,17001,ACTIVO,2023-08-19,contacto5015@example.com,3586239443
5016,NATURAL,CE,539892,,11001,ACTIVO,2023-08-19,valentina.duarte5016@example.com,3035172671
5017,NATURAL,CC,1020119662,,11001,ACTIVO,2023-08-19,cecilia.munoz5017@example.com,3476798263
5018,NATURAL,CC,1028513461,,08758,ACTIVO,2023-08-19,francisco.castano5018@example.com,3677569359
5019,NATURAL,CC,1271243976,,25269,ACTIVO,2023-08-19,fidel.morales5019@example.com,3162340485
5020,JURIDICA,NIT,976231337,9,13001,INACTIVO,2023-08-21,contacto5020@example.com,3078147823
5021,NATURAL,CC,1194918365,,05001,ACTIVO,2023-08-21,,3880370823
5022,JURIDICA,NIT,984807238,0,05001,ACTIVO,2023-08-21,contacto5022@example.com,3671622474
5023,NATURAL,CE,906022,,11001,ACTIVO,2023-08-22,doris.rodriguez5023@example.com,3373522309
5024,NATURAL,PPT,8487588,,05001,ACTIVO,2023-08-22,jorge.sanchez5024@example.com,3908255993
5025,JURIDICA,NIT,985050219,3,08758,ACTIVO,2023-08-22,contacto5025@example.com,3081937953
5026,NATURAL,CC,1177515967,,08001,ACTIVO,2023-08-22,adriana.beltran5026@example.com,3685473769
5027,NATURAL,CC,1228543136,,08758,ACTIVO,2023-08-23,yolima.patino5027@example.com,3204061215
5028,NATURAL,CC,1064549363,,13001,ACTIVO,2023-08-25,maria.vargas5028@example.com,3796592753
5029,NATURAL,CC,1096496101,,11001,ACTIVO,2023-08-25,abraham.suarez5029@example.com,3634177591
5030,NATURAL,CC,1247871128,,47001,ACTIVO,2023-08-25,luz.giraldo5030@example.com,3724145160
5031,NATURAL,CC,1230217334,,11001,ACTIVO,2023-08-25,santiago.narvaez5031@example.com,3644570158
5032,NATURAL,CC,1258697337,,11001,ACTIVO,2023-08-26,rafael.lopez5032@example.com,3737519656
5033,JURIDICA,NIT,966376225,9,66001,ACTIVO,2023-08-28,contacto5033@example.com,3380631407
5034,NATURAL,CC,1283941519,,11001,ACTIVO,2023-08-28,manuel.vargas5034@example.com,3817876592
5035,NATURAL,CC,1272683000,,05001,ACTIVO,2023-08-28,elizabeth.valencia5035@example.com,3613960269
5036,NATURAL,CC,1203113599,,23001,ACTIVO,2023-08-29,eduardo.oviedo5036@example.com,3570327771
5037,NATURAL,CC,1266635765,,11001,ACTIVO,2023-08-29,ines.avila5037@example.com,3668584208
5038,JURIDICA,NIT,985193432,1,11001,ACTIVO,2023-08-29,contacto5038@example.com,3438277018
5039,NATURAL,CC,1203595840,,50001,ACTIVO,2023-08-30,mery.molina5039@example.com,3042591158
5040,NATURAL,CC,1110157822,,05001,ACTIVO,2023-08-30,david.velasquez5040@example.com,3019854181
5041,NATURAL,CE,179288,,05266,ACTIVO,2023-08-30,ana.galvis5041@example.com,3836711496
5042,NATURAL,CC,1181202436,,11001,ACTIVO,2023-08-30,patricia.parra5042@example.com,3798292546
5043,NATURAL,CC,1121076428,,05001,ACTIVO,2023-08-31,marina.montes5043@example.com,3290782062
5044,NATURAL,CC,1271672259,,11001,ACTIVO,2023-08-31,vanesa.hernandez5044@example.com,3469632469
5045,NATURAL,CC,1244157954,,52001,ACTIVO,2023-09-01,paula.herrera5045@example.com,3787087474
5046,JURIDICA,NIT,965546824,7,76109,ACTIVO,2023-09-01,contacto5046@example.com,3853863102
5047,JURIDICA,NIT,973109184,7,11001,ACTIVO,2023-09-02,contacto5047@example.com,3256521607
5048,NATURAL,CC,1115437030,,66001,ACTIVO,2023-09-02,katherine.hernandez5048@example.com,3060172457
5049,JURIDICA,NIT,981298586,2,05001,ACTIVO,2023-09-04,contacto5049@example.com,3061467525
5050,NATURAL,CC,1049258732,,05001,ACTIVO,2023-09-04,myriam.gallego5050@example.com,3718768126
5051,NATURAL,CC,1229759455,,76001,ACTIVO,2023-09-04,johanna.ramirez5051@example.com,3617058688
5052,NATURAL,CC,1109267538,,70001,ACTIVO,2023-09-05,stella.hernandez5052@example.com,3305946026
5053,NATURAL,CC,1077722917,,05088,ACTIVO,2023-09-05,carlos.londono5053@example.com,3632103948
5054,NATURAL,CC,1193547561,,54001,ACTIVO,2023-09-07,,3163785576
5055,NATURAL,CC,1240072412,,25269,ACTIVO,2023-09-08,jose.gutierrez5055@example.com,3209789981
5056,NATURAL,CC,1039468831,,11001,ACTIVO,2023-09-08,,3066886743
5057,NATURAL,CC,1023856000,,11001,ACTIVO,2023-09-11,javier.barbosa5057@example.com,3077661797
5058,NATURAL,CC,1044486193,,76520,ACTIVO,2023-09-11,,3417260910
5059,NATURAL,CC,1234796505,,13001,ACTIVO,2023-09-11,sofia.rojas5059@example.com,3368758293
5060,JURIDICA,NIT,970682263,5,76001,ACTIVO,2023-09-11,contacto5060@example.com,3814528807
5061,NATURAL,CC,1054225848,,08001,ACTIVO,2023-09-12,flor.acevedo5061@example.com,3312095022
5062,NATURAL,CC,1083483505,,11001,ACTIVO,2023-09-13,claudia.contreras5062@example.com,3343823367
5063,JURIDICA,NIT,984541333,9,05615,ACTIVO,2023-09-14,contacto5063@example.com,3978672076
5064,NATURAL,CC,1083599698,,05088,ACTIVO,2023-09-14,luis.gomez5064@example.com,3468258289
5065,NATURAL,CC,1214929340,,76001,ACTIVO,2023-09-15,nelly.jimenez5065@example.com,3810279609
5066,NATURAL,CC,1214316661,,15759,ACTIVO,2023-09-16,ines.suarez5066@example.com,3755529389
5067,NATURAL,CC,1209325630,,41001,ACTIVO,2023-09-18,,3282047810
5068,NATURAL,CC,1192816781,,11001,ACTIVO,2023-09-18,felipe.mendoza5068@example.com,3118520549
5069,NATURAL,CC,1240533034,,88001,ACTIVO,2023-09-18,magaly.gaitan5069@example.com,3346302544
5070,JURIDICA,NIT,973685209,1,76001,ACTIVO,2023-09-18,contacto5070@example.com,3721589446
5071,NATURAL,CC,1233720870,,68276,ACTIVO,2023-09-18,,3218328492
5072,NATURAL,CC,1158683993,,54001,ACTIVO,2023-09-18,luz.garcia5072@example.com,3581416149
5073,NATURAL,CC,1061095727,,05001,ACTIVO,2023-09-18,jader.diaz5073@example.com,3882942960
5074,NATURAL,CC,1219887822,,11001,ACTIVO,2023-09-19,angelica.perez5074@example.com,3428268892
5075,NATURAL,CC,1276630246,,76001,ACTIVO,2023-09-21,,3135329908
5076,NATURAL,CC,1180533718,,68001,ACTIVO,2023-09-21,pedro.marin5076@example.com,3842638106
5077,NATURAL,CC,1021461402,,23001,ACTIVO,2023-09-21,alba.montoya5077@example.com,3046893959
5078,NATURAL,CC,1149453075,,88001,ACTIVO,2023-09-21,flor.guevara5078@example.com,3634949091
5079,NATURAL,CC,1221735564,,05001,ACTIVO,2023-09-22,viviana.reyes5079@example.com,3606377372
5080,NATURAL,CC,1061807712,,13001,ACTIVO,2023-09-22,adolfo.agudelo5080@example.com,3961142988
5081,NATURAL,CC,1157817898,,23001,ACTIVO,2023-09-23,cecilia.lopez5081@example.com,3412247638
5082,NATURAL,CC,1087694751,,11001,ACTIVO,2023-09-23,mauricio.mantilla5082@example.com,3580277435
5083,NATURAL,CE,462666,,76001,ACTIVO,2023-09-25,felipe.ortiz5083@example.com,3370333064
5084,JURIDICA,NIT,968899336,1,11001,ACTIVO,2023-09-25,contacto5084@example.com,3817824316
5085,NATURAL,CC,1052169020,,11001,ACTIVO,2023-09-25,luz.lara5085@example.com,3620263021
5086,NATURAL,CC,1171431685,,11001,ACTIVO,2023-09-26,marina.jaramillo5086@example.com,3222661711
5087,NATURAL,CC,1161938985,,11001,ACTIVO,2023-09-26,william.parra5087@example.com,3009173761
5088,NATURAL,CC,1056887701,,23001,ACTIVO,2023-09-26,juan.cortes5088@example.com,3008618238
5089,NATURAL,CC,1026508212,,11001,ACTIVO,2023-09-27,fabiola.mendoza5089@example.com,3196319810
5090,NATURAL,CC,1020156212,,05360,ACTIVO,2023-09-27,elisa.bustos5090@example.com,3992592764
5091,NATURAL,CC,1167404805,,68001,ACTIVO,2023-10-02,miguel.sanchez5091@example.com,3439985020
5092,NATURAL,CC,1194976496,,54001,ACTIVO,2023-10-02,santiago.florez5092@example.com,3488418590
5093,NATURAL,CC,1220170080,,08758,ACTIVO,2023-10-02,patricia.medina5093@example.com,3911434088
5094,NATURAL,CE,771813,,08001,ACTIVO,2023-10-05,arturo.romero5094@example.com,3357913026
5095,JURIDICA,NIT,986892249,0,11001,ACTIVO,2023-10-05,contacto5095@example.com,3128611362
5096,NATURAL,CC,1028933450,,66001,ACTIVO,2023-10-05,diana.munoz5096@example.com,3485932453
5097,NATURAL,CC,1020067965,,76834,ACTIVO,2023-10-06,rocio.rodriguez5097@example.com,3774190711
5098,JURIDICA,NIT,962947298,2,15001,ACTIVO,2023-10-06,contacto5098@example.com,3672366880
5099,NATURAL,CC,1298403208,,05266,ACTIVO,2023-10-07,giovanny.betancur5099@example.com,3744241173
5100,NATURAL,CC,1268360891,,76001,ACTIVO,2023-10-07,pedro.romero5100@example.com,3680304282
5101,NATURAL,CC,1144696999,,13001,ACTIVO,2023-10-09,janeth.sanchez5101@example.com,3266363625
5102,JURIDICA,NIT,987024337,1,05615,ACTIVO,2023-10-09,contacto5102@example.com,3206319405
5103,NATURAL,CC,1096304817,,17174,ACTIVO,2023-10-09,jhon.ortega5103@example.com,3097268219
5104,NATURAL,CC,1248525119,,11001,ACTIVO,2023-10-09,carmen.vargas5104@example.com,3620977686
5105,NATURAL,CC,1110070219,,76520,ACTIVO,2023-10-09,ronald.oviedo5105@example.com,3237518181
5106,NATURAL,CE,434250,,05001,ACTIVO,2023-10-10,andres.jimenez5106@example.com,3593637612
5107,NATURAL,CC,1138556934,,66001,ACTIVO,2023-10-12,luis.daza5107@example.com,3087902887
5108,NATURAL,CC,1120436393,,76001,ACTIVO,2023-10-12,rocio.palacios5108@example.com,3390848530
5109,NATURAL,CC,1174103253,,17001,ACTIVO,2023-10-13,pedro.estrada5109@example.com,3168333920
5110,NATURAL,CC,1052928126,,17001,ACTIVO,2023-10-13,ronald.melo5110@example.com,3261706206
5111,NATURAL,CC,1142394026,,11001,ACTIVO,2023-10-14,nicolas.rivera5111@example.com,3878862949
5112,NATURAL,CC,1088630616,,17001,ACTIVO,2023-10-14,lina.arias5112@example.com,3140952093
5113,JURIDICA,NIT,984382361,2,76001,ACTIVO,2023-10-14,contacto5113@example.com,3857532120
5114,JURIDICA,NIT,986730474,7,68276,ACTIVO,2023-10-14,contacto5114@example.com,3643239802
5115,JURIDICA,NIT,965284627,7,05001,ACTIVO,2023-10-16,contacto5115@example.com,3734794224
5116,NATURAL,CC,1165059263,,11001,ACTIVO,2023-10-16,diego.gutierrez5116@example.com,3606042405
5117,NATURAL,CC,1029711500,,54001,ACTIVO,2023-10-16,lucia.sierra5117@example.com,3266403360
5118,NATURAL,CE,178307,,11001,ACTIVO,2023-10-16,jhon.castellanos5118@example.com,3786202522
5119,NATURAL,CC,1085404131,,08758,ACTIVO,2023-10-16,esneider.diaz5119@example.com,3207844000
5120,NATURAL,CC,1293198628,,05001,ACTIVO,2023-10-16,antonio.rodriguez5120@example.com,3648704318
5121,NATURAL,CC,1020660005,,13001,ACTIVO,2023-10-16,pedro.renteria5121@example.com,3257795891
5122,NATURAL,CC,1023025542,,11001,ACTIVO,2023-10-16,cristian.alvarez5122@example.com,3545311618
5123,NATURAL,CC,1272099220,,13001,ACTIVO,2023-10-16,ivan.patino5123@example.com,3768371221
5124,NATURAL,CC,1061760039,,13001,ACTIVO,2023-10-16,jairo.cruz5124@example.com,3999984280
5125,NATURAL,CC,1297341519,,13001,ACTIVO,2023-10-17,patricia.munoz5125@example.com,3701939807
5126,NATURAL,CC,1290432738,,76001,ACTIVO,2023-10-17,luis.silva5126@example.com,3520100921
5127,NATURAL,CC,1281600134,,11001,ACTIVO,2023-10-18,shirley.sanchez5127@example.com,3292593472
5128,NATURAL,CC,1082482896,,11001,ACTIVO,2023-10-18,rosa.suarez5128@example.com,3480253881
5129,NATURAL,CC,1118014846,,08001,ACTIVO,2023-10-18,lucia.cardona5129@example.com,3515747667
5130,NATURAL,CC,1250276394,,13001,ACTIVO,2023-10-18,beatriz.cortes5130@example.com,3415314152
5131,NATURAL,CC,1123143028,,76001,ACTIVO,2023-10-18,,3085344681
5132,NATURAL,CC,1154199877,,05001,ACTIVO,2023-10-19,paulina.cardona5132@example.com,3732492012
5133,NATURAL,CC,1047172199,,13001,ACTIVO,2023-10-19,jesus.narvaez5133@example.com,3024152388
5134,NATURAL,CC,1091332166,,05088,ACTIVO,2023-10-20,diego.nunez5134@example.com,3734734844
5135,NATURAL,PA,XG2725310,,11001,ACTIVO,2023-10-20,camilo.renteria5135@example.com,3177022023
5136,NATURAL,CC,1233506471,,73001,ACTIVO,2023-10-23,katerine.gonzalez5136@example.com,3320435591
5137,NATURAL,CC,1197658594,,50001,ACTIVO,2023-10-23,cecilia.mosquera5137@example.com,3221327624
5138,NATURAL,CC,1149146443,,54001,ACTIVO,2023-10-23,pilar.ceballos5138@example.com,3247038817
5139,JURIDICA,NIT,978546426,6,13001,ACTIVO,2023-10-23,contacto5139@example.com,3516794222
5140,NATURAL,CC,1215137763,,11001,ACTIVO,2023-10-24,,3217961160
5141,NATURAL,CC,1131743035,,11001,ACTIVO,2023-10-24,ruth.munoz5141@example.com,3130496749
5142,NATURAL,CC,1224589256,,52001,ACTIVO,2023-10-24,johnny.saavedra5142@example.com,3020309308
5143,NATURAL,CC,1179705653,,47001,ACTIVO,2023-10-24,kelly.hernandez5143@example.com,3195091525
5144,NATURAL,CC,1093806691,,47001,ACTIVO,2023-10-24,johana.gomez5144@example.com,3931946137
5145,NATURAL,CC,1106171249,,05266,ACTIVO,2023-10-24,rolando.maldonado5145@example.com,3303892267
5146,JURIDICA,NIT,965773079,9,11001,ACTIVO,2023-10-25,contacto5146@example.com,3544708643
5147,NATURAL,CC,1295763731,,11001,ACTIVO,2023-10-25,amelia.pacheco5147@example.com,3141670631
5148,NATURAL,CC,1196401172,,76001,ACTIVO,2023-10-25,carlos.erazo5148@example.com,3181842766
5149,JURIDICA,NIT,968659496,0,11001,ACTIVO,2023-10-25,contacto5149@example.com,3168099966
5150,JURIDICA,NIT,974296185,8,76834,ACTIVO,2023-10-25,contacto5150@example.com,3002241745
5151,NATURAL,CC,1247881337,,11001,ACTIVO,2023-10-27,iris.lozano5151@example.com,3159412587
5152,NATURAL,CC,1072097691,,11001,ACTIVO,2023-10-27,andres.patino5152@example.com,3225841378
5153,NATURAL,CE,488051,,11001,ACTIVO,2023-10-28,sara.gallego5153@example.com,3444124735
5154,NATURAL,CC,1041861709,,17380,ACTIVO,2023-10-28,isabel.florez5154@example.com,3691527263
5155,NATURAL,PA,HP2303575,,76109,ACTIVO,2023-10-28,emilio.gonzalez5155@example.com,3904198782
5156,NATURAL,CC,1219243019,,08758,ACTIVO,2023-10-28,,3329473690
5157,NATURAL,CC,1250263084,,11001,ACTIVO,2023-10-28,,3117868653
5158,NATURAL,CC,1281406090,,05088,ACTIVO,2023-10-30,marcela.garcia5158@example.com,3533425970
5159,NATURAL,CC,1015593964,,76001,ACTIVO,2023-10-30,estela.guevara5159@example.com,3509091932
5160,NATURAL,CC,1135685524,,11001,ACTIVO,2023-10-30,paula.gonzalez5160@example.com,3866150281
5161,NATURAL,PPT,8067976,,73001,ACTIVO,2023-10-30,,3441746288
5162,NATURAL,CC,1135810239,,11001,ACTIVO,2023-10-30,eliana.martinez5162@example.com,3782752688
5163,JURIDICA,NIT,988578613,0,11001,ACTIVO,2023-10-30,contacto5163@example.com,3141113412
5164,NATURAL,CC,1212535107,,20001,ACTIVO,2023-10-30,,3649275052
5165,JURIDICA,NIT,963785491,5,54001,ACTIVO,2023-10-31,contacto5165@example.com,3431355797
5166,NATURAL,CC,1169185303,,05001,ACTIVO,2023-10-31,fabian.mendez5166@example.com,3759261100
5167,NATURAL,CC,1198276369,,13430,ACTIVO,2023-10-31,,3033569328
5168,NATURAL,CC,1125363399,,68001,ACTIVO,2023-11-01,carlos.daza5168@example.com,3285268650
5169,NATURAL,CE,955938,,11001,ACTIVO,2023-11-01,yuly.valencia5169@example.com,3708775380
5170,NATURAL,CC,1160200062,,23001,ACTIVO,2023-11-02,luz.perez5170@example.com,3165444439
5171,NATURAL,CC,1285534900,,11001,ACTIVO,2023-11-02,hugo.angel5171@example.com,3131407127
5172,JURIDICA,NIT,972922529,7,11001,ACTIVO,2023-11-02,contacto5172@example.com,3262336889
5173,NATURAL,CC,1013877933,,11001,ACTIVO,2023-11-03,maria.mosquera5173@example.com,3764175800
5174,NATURAL,CC,1043187448,,54001,ACTIVO,2023-11-03,andres.lopez5174@example.com,3341336112
5175,NATURAL,CC,1112110386,,47001,ACTIVO,2023-11-04,alejandra.cuesta5175@example.com,3403690711
5176,NATURAL,CC,1280486523,,76001,ACTIVO,2023-11-06,javier.gomez5176@example.com,3315579457
5177,JURIDICA,NIT,975064443,1,50001,ACTIVO,2023-11-06,contacto5177@example.com,3900108560
5178,NATURAL,CC,1010077898,,15759,ACTIVO,2023-11-06,liseth.ramirez5178@example.com,3359909030
5179,NATURAL,CC,1164892181,,11001,ACTIVO,2023-11-06,,3087092620
5180,NATURAL,CC,1229720080,,05001,ACTIVO,2023-11-06,carmen.rodriguez5180@example.com,3093219197
5181,NATURAL,CC,1027171018,,44001,ACTIVO,2023-11-07,johnny.pabon5181@example.com,3967210942
5182,NATURAL,CC,1165135305,,81001,ACTIVO,2023-11-07,gonzalo.camargo5182@example.com,3235032747
5183,JURIDICA,NIT,986070569,5,11001,ACTIVO,2023-11-07,contacto5183@example.com,3961554568
5184,NATURAL,CC,1221291860,,11001,ACTIVO,2023-11-08,beatriz.arango5184@example.com,3373976975
5185,NATURAL,CC,1050640911,,11001,ACTIVO,2023-11-08,maria.diaz5185@example.com,3123886297
5186,NATURAL,CC,1255627248,,54001,ACTIVO,2023-11-08,isabel.lopez5186@example.com,3402095530
5187,NATURAL,CC,1224330238,,11001,ACTIVO,2023-11-08,esteban.padilla5187@example.com,3142317603
5188,NATURAL,CC,1141533033,,11001,ACTIVO,2023-11-09,blanca.fernandez5188@example.com,3381900672
5189,NATURAL,CC,1231449123,,76520,ACTIVO,2023-11-09,carmen.perez5189@example.com,3747219993
5190,NATURAL,CC,1252677383,,19001,ACTIVO,2023-11-09,alexander.arboleda5190@example.com,3615703564
5191,NATURAL,CC,1175153506,,85001,ACTIVO,2023-11-10,tania.lopez5191@example.com,3500030444
5192,JURIDICA,NIT,974012867,4,05001,ACTIVO,2023-11-10,contacto5192@example.com,3560666208
5193,JURIDICA,NIT,970295446,6,11001,ACTIVO,2023-11-10,contacto5193@example.com,3245806280
5194,NATURAL,CC,1256866915,,08001,ACTIVO,2023-11-11,alexander.villegas5194@example.com,3993995482
5195,NATURAL,CC,1285171903,,52001,ACTIVO,2023-11-11,,3581036632
5196,NATURAL,CC,1000202861,,13001,ACTIVO,2023-11-13,diana.martinez5196@example.com,3517165092
5197,JURIDICA,NIT,989365259,5,44001,ACTIVO,2023-11-13,contacto5197@example.com,3910370142
5198,JURIDICA,NIT,988697974,4,11001,ACTIVO,2023-11-13,contacto5198@example.com,3697506754
5199,JURIDICA,NIT,960720224,5,17001,ACTIVO,2023-11-13,contacto5199@example.com,3515082355
5200,NATURAL,CC,1070518713,,76001,ACTIVO,2023-11-14,andres.sanchez5200@example.com,3499668097
5201,NATURAL,CC,1047055632,,76001,ACTIVO,2023-11-14,monica.diaz5201@example.com,3141757272
5202,JURIDICA,NIT,989643339,9,11001,ACTIVO,2023-11-14,contacto5202@example.com,3332513779
5203,NATURAL,CC,1176556418,,44001,ACTIVO,2023-11-15,jaime.ortega5203@example.com,3543495120
5204,NATURAL,CC,1164301908,,11001,ACTIVO,2023-11-15,,3332151688
5205,NATURAL,CC,1148754258,,11001,ACTIVO,2023-11-16,enrique.reyes5205@example.com,3248245712
5206,NATURAL,CC,1157716032,,68001,ACTIVO,2023-11-16,,3796775432
5207,NATURAL,CC,1226720465,,68001,ACTIVO,2023-11-16,adriana.arevalo5207@example.com,3519820878
5208,NATURAL,CC,1290968548,,05001,ACTIVO,2023-11-17,luis.caro5208@example.com,3013269516
5209,JURIDICA,NIT,960627638,3,73001,INACTIVO,2023-11-18,contacto5209@example.com,3363167457
5210,NATURAL,CC,1209850480,,47001,ACTIVO,2023-11-18,carmen.figueroa5210@example.com,3411188682
5211,NATURAL,CC,1200837605,,08758,ACTIVO,2023-11-18,sergio.correa5211@example.com,3770170842
5212,NATURAL,PPT,6440265,,11001,ACTIVO,2023-11-18,maritza.vera5212@example.com,3294596329
5213,NATURAL,CC,1283229445,,11001,ACTIVO,2023-11-18,lady.valencia5213@example.com,3681464713
5214,NATURAL,CC,1091117081,,52001,ACTIVO,2023-11-20,angie.sierra5214@example.com,3631396492
5215,NATURAL,CC,1133763494,,11001,ACTIVO,2023-11-20,jairo.bohorquez5215@example.com,3696873393
5216,NATURAL,CC,1136540486,,13001,ACTIVO,2023-11-20,pedro.ramos5216@example.com,3324821741
5217,NATURAL,CC,1195603908,,11001,ACTIVO,2023-11-21,arley.pacheco5217@example.com,3984736248
5218,NATURAL,CC,1153158235,,11001,ACTIVO,2023-11-22,sonia.ortiz5218@example.com,3304596293
5219,NATURAL,CC,1106070649,,41001,ACTIVO,2023-11-22,esteban.moreno5219@example.com,3444127643
5220,JURIDICA,NIT,960706848,2,08001,ACTIVO,2023-11-22,contacto5220@example.com,3177104274
5221,NATURAL,CC,1081479404,,19001,ACTIVO,2023-11-22,david.garcia5221@example.com,3427084732
5222,NATURAL,CC,1037157336,,13001,ACTIVO,2023-11-22,fanny.vallejo5222@example.com,3551683587
5223,NATURAL,CC,1142032974,,47001,ACTIVO,2023-11-23,maria.rojas5223@example.com,3511820136
5224,NATURAL,CC,1130847108,,41001,ACTIVO,2023-11-24,javier.forero5224@example.com,3314857096
5225,NATURAL,CC,1012274715,,11001,ACTIVO,2023-11-24,nestor.vasquez5225@example.com,3301351010
5226,JURIDICA,NIT,972663262,4,11001,ACTIVO,2023-11-25,contacto5226@example.com,3930290891
5227,NATURAL,CC,1245275127,,11001,ACTIVO,2023-11-25,elizabeth.gomez5227@example.com,3758763264
5228,JURIDICA,NIT,983378180,7,76001,ACTIVO,2023-11-27,contacto5228@example.com,3332586333
5229,NATURAL,CC,1074594319,,73001,ACTIVO,2023-11-27,dayana.gonzalez5229@example.com,3374705796
5230,NATURAL,CC,1066546995,,08001,ACTIVO,2023-11-27,eduardo.rojas5230@example.com,3801684646
5231,NATURAL,CC,1083151952,,17174,ACTIVO,2023-11-27,julia.ortiz5231@example.com,3791970937
5232,NATURAL,CC,1015368862,,11001,ACTIVO,2023-11-27,rosa.restrepo5232@example.com,3544497665
5233,JURIDICA,NIT,973643920,0,11001,ACTIVO,2023-11-28,contacto5233@example.com,3474073551
5234,JURIDICA,NIT,976121133,1,11001,ACTIVO,2023-11-28,contacto5234@example.com,3437989732
5235,NATURAL,CC,1137879730,,11001,ACTIVO,2023-11-28,andrea.trujillo5235@example.com,3356838460
5236,NATURAL,CC,1212991413,,08001,ACTIVO,2023-11-28,pedro.ramirez5236@example.com,3168821906
5237,NATURAL,CC,1153552203,,05266,ACTIVO,2023-11-28,angie.garzon5237@example.com,3829186542
5238,JURIDICA,NIT,983989765,7,76109,ACTIVO,2023-11-28,contacto5238@example.com,3043184356
5239,JURIDICA,NIT,984557707,1,11001,ACTIVO,2023-11-29,contacto5239@example.com,3746213008
5240,NATURAL,CC,1288370713,,76001,ACTIVO,2023-11-30,laura.rincon5240@example.com,3002313256
5241,NATURAL,CC,1201458450,,54001,ACTIVO,2023-11-30,gustavo.alzate5241@example.com,3769405072
5242,NATURAL,CC,1058244152,,11001,ACTIVO,2023-11-30,ramiro.galvis5242@example.com,3023020877
5243,NATURAL,CC,1172644717,,05001,ACTIVO,2023-11-30,,3950177083
5244,NATURAL,CC,1240101053,,76001,ACTIVO,2023-11-30,edwin.villamizar5244@example.com,3906009458
5245,NATURAL,CC,1028803897,,08001,ACTIVO,2023-12-01,jose.hurtado5245@example.com,3443955388
5246,NATURAL,CC,1151016572,,50001,ACTIVO,2023-12-01,rosa.jaimes5246@example.com,3445305088
5247,JURIDICA,NIT,973800979,8,11001,ACTIVO,2023-12-01,contacto5247@example.com,3777062019
5248,NATURAL,CC,1127730711,,11001,ACTIVO,2023-12-02,,3524407821
5249,NATURAL,CC,1140433693,,05001,ACTIVO,2023-12-02,wendy.lopez5249@example.com,3343265795
5250,JURIDICA,NIT,988008772,9,11001,ACTIVO,2023-12-02,contacto5250@example.com,3350086473
5251,NATURAL,CC,1002784118,,27001,ACTIVO,2023-12-04,mery.benavides5251@example.com,3482667122
5252,NATURAL,CC,1120921866,,13001,ACTIVO,2023-12-04,yohana.acosta5252@example.com,3119762623
5253,JURIDICA,NIT,965505595,1,11001,ACTIVO,2023-12-04,contacto5253@example.com,3117195523
5254,NATURAL,CC,1092997229,,68001,ACTIVO,2023-12-04,bernardo.alvarez5254@example.com,3555419608
5255,NATURAL,CC,1204647815,,05001,ACTIVO,2023-12-04,patricia.torres5255@example.com,3785795406
5256,NATURAL,CC,1247767917,,73001,ACTIVO,2023-12-04,maria.anaya5256@example.com,3939962239
5257,JURIDICA,NIT,971374877,1,76834,ACTIVO,2023-12-04,contacto5257@example.com,3485132239
5258,NATURAL,CC,1129729569,,76520,ACTIVO,2023-12-04,antonio.cortes5258@example.com,3738363751
5259,NATURAL,CC,1047758118,,11001,ACTIVO,2023-12-04,rosalba.gutierrez5259@example.com,3267662977
5260,NATURAL,PPT,3008934,,11001,ACTIVO,2023-12-05,david.ortiz5260@example.com,3349735997
5261,NATURAL,CC,1076901117,,05001,ACTIVO,2023-12-05,leydi.mesa5261@example.com,3605981540
5262,JURIDICA,NIT,974416842,5,15238,ACTIVO,2023-12-06,contacto5262@example.com,3206153229
5263,NATURAL,CC,1119585658,,66170,ACTIVO,2023-12-06,angel.amaya5263@example.com,3713598021
5264,NATURAL,CC,1208731280,,08001,ACTIVO,2023-12-07,andrea.duque5264@example.com,3125374426
5265,NATURAL,CC,1124277784,,08001,ACTIVO,2023-12-07,alexander.moreno5265@example.com,3415152829
5266,NATURAL,CC,1141332486,,19001,ACTIVO,2023-12-07,fabiola.guerrero5266@example.com,3377191140
5267,NATURAL,CC,1233703979,,13001,ACTIVO,2023-12-07,nicolas.angarita5267@example.com,3662655375
5268,NATURAL,CC,1151482276,,08758,ACTIVO,2023-12-07,diego.becerra5268@example.com,3651282924
5269,NATURAL,CC,1136436152,,76001,ACTIVO,2023-12-07,,3078189807
5270,NATURAL,CC,1126180462,,11001,ACTIVO,2023-12-08,alberto.suarez5270@example.com,3119721864
5271,NATURAL,CC,1038228480,,05001,ACTIVO,2023-12-08,milena.hernandez5271@example.com,3869288171
5272,JURIDICA,NIT,980808817,5,11001,ACTIVO,2023-12-09,contacto5272@example.com,3612314865
5273,NATURAL,CC,1188013955,,11001,ACTIVO,2023-12-11,paola.martinez5273@example.com,3277980464
5274,NATURAL,CC,1090229135,,11001,ACTIVO,2023-12-11,eduard.ospina5274@example.com,3520282011
5275,NATURAL,PA,JE9146772,,68001,ACTIVO,2023-12-11,jorge.castaneda5275@example.com,3859956542
5276,NATURAL,CC,1165014243,,11001,ACTIVO,2023-12-11,,3133719357
5277,NATURAL,CC,1270462626,,05001,ACTIVO,2023-12-11,,3500648006
5278,NATURAL,CC,1126100100,,13001,ACTIVO,2023-12-11,adriana.guzman5278@example.com,3583422857
5279,NATURAL,CC,1223546927,,73001,ACTIVO,2023-12-11,shirley.lopez5279@example.com,3046855386
5280,NATURAL,CC,1172197487,,11001,ACTIVO,2023-12-12,mauricio.ardila5280@example.com,3647268710
5281,NATURAL,CC,1105856238,,05001,ACTIVO,2023-12-12,rosa.jimenez5281@example.com,3254505150
5282,NATURAL,CC,1069763863,,11001,ACTIVO,2023-12-13,jesus.castro5282@example.com,3970228681
5283,NATURAL,CC,1055952915,,11001,ACTIVO,2023-12-14,felipe.zuluaga5283@example.com,3038574038
5284,NATURAL,CC,1184186529,,05088,ACTIVO,2023-12-14,misael.torres5284@example.com,3486907476
5285,NATURAL,CC,1027343923,,05001,ACTIVO,2023-12-14,yuli.guerrero5285@example.com,3037860162
5286,NATURAL,CC,1174891698,,76520,ACTIVO,2023-12-15,diana.alfonso5286@example.com,3516650450
5287,NATURAL,CC,1188484509,,25269,ACTIVO,2023-12-15,rosa.perez5287@example.com,3732299464
5288,NATURAL,CC,1261907822,,13430,ACTIVO,2023-12-16,anyi.franco5288@example.com,3419448661
5289,NATURAL,CC,1015235287,,44001,ACTIVO,2023-12-16,orlando.rangel5289@example.com,3883016037
5290,NATURAL,CC,1036877498,,11001,ACTIVO,2023-12-16,martha.arango5290@example.com,3621507882
5291,NATURAL,CC,1243701873,,66001,ACTIVO,2023-12-16,felipe.pineda5291@example.com,3527756000
5292,NATURAL,CC,1067765739,,11001,ACTIVO,2023-12-18,manuel.guevara5292@example.com,3165519185
5293,NATURAL,CC,1095420054,,25269,ACTIVO,2023-12-18,,3585657536
5294,NATURAL,CC,1108007830,,76834,ACTIVO,2023-12-18,,3945593737
5295,NATURAL,CC,1175044329,,68001,ACTIVO,2023-12-18,viviana.gutierrez5295@example.com,3355149483
5296,NATURAL,CC,1106477150,,08758,ACTIVO,2023-12-18,,3771605126
5297,NATURAL,PPT,7385611,,11001,ACTIVO,2023-12-18,andres.lopez5297@example.com,3323424576
5298,NATURAL,CC,1170823261,,17873,ACTIVO,2023-12-19,carlos.miranda5298@example.com,3362961640
5299,NATURAL,CC,1161400754,,05001,ACTIVO,2023-12-19,,3164538532
5300,NATURAL,CC,1083076114,,20001,ACTIVO,2023-12-19,jose.cano5300@example.com,3172451616
5301,NATURAL,CC,1270177589,,20001,ACTIVO,2023-12-20,mary.suarez5301@example.com,3922111274
5302,NATURAL,CE,891904,,11001,ACTIVO,2023-12-21,luis.ortiz5302@example.com,3517191030
5303,NATURAL,CC,1192239135,,76001,ACTIVO,2023-12-21,maria.mendez5303@example.com,3957271099
5304,NATURAL,PPT,6927743,,66001,ACTIVO,2023-12-22,yeimy.navarro5304@example.com,3427155627
5305,NATURAL,CC,1043875049,,11001,ACTIVO,2023-12-23,jaime.hernandez5305@example.com,3945260201
5306,NATURAL,CC,1267534200,,11001,ACTIVO,2023-12-23,juan.calderon5306@example.com,3454586224
5307,NATURAL,CC,1260878565,,23001,ACTIVO,2023-12-25,jose.hernandez5307@example.com,3779479590
5308,JURIDICA,NIT,982876205,5,11001,ACTIVO,2023-12-25,contacto5308@example.com,3652981607
5309,NATURAL,CC,1138577219,,05360,ACTIVO,2023-12-25,john.hernandez5309@example.com,3911551400
5310,NATURAL,CC,1220661293,,08001,ACTIVO,2023-12-26,maria.cifuentes5310@example.com,3797559548
5311,NATURAL,CC,1166035786,,11001,ACTIVO,2023-12-26,maria.diaz5311@example.com,3800378485
5312,JURIDICA,NIT,984630248,2,20001,ACTIVO,2023-12-26,contacto5312@example.com,3102320101
5313,NATURAL,CC,1066761549,,76001,ACTIVO,2023-12-26,eduardo.osorio5313@example.com,3965122658
5314,JURIDICA,NIT,972730884,2,68276,ACTIVO,2023-12-27,contacto5314@example.com,3688260400
5315,JURIDICA,NIT,966528794,1,19001,ACTIVO,2023-12-28,contacto5315@example.com,3378514564
5316,NATURAL,CC,1280485654,,11001,ACTIVO,2023-12-29,,3779205543
5317,NATURAL,CC,1143169205,,05001,ACTIVO,2023-12-29,lizeth.florez5317@example.com,3094920807
5318,NATURAL,CC,1102826657,,05360,ACTIVO,2023-12-29,fidel.sepulveda5318@example.com,3650381833
5319,NATURAL,CC,1174635596,,76001,ACTIVO,2023-12-29,lucia.mena5319@example.com,3601483229
5320,NATURAL,CE,308478,,76834,ACTIVO,2023-12-29,rosa.tovar5320@example.com,3551058125
5321,NATURAL,CC,1218218477,,05088,ACTIVO,2023-12-30,jose.cruz5321@example.com,3687667108
5322,JURIDICA,NIT,966454821,3,13430,ACTIVO,2023-12-30,contacto5322@example.com,3767124587
5323,NATURAL,CC,1193332055,,11001,ACTIVO,2023-12-30,luz.cabrera5323@example.com,3112870617
5324,NATURAL,CC,1139616404,,05001,ACTIVO,2024-01-01,david.herrera5324@example.com,3773356215
5325,NATURAL,CC,1191281675,,76001,ACTIVO,2024-01-01,paola.valencia5325@example.com,3917786921
5326,NATURAL,CC,1037439575,,08001,ACTIVO,2024-01-01,margarita.herrera5326@example.com,3691522374
5327,NATURAL,CC,1244366371,,11001,ACTIVO,2024-01-01,adrian.perez5327@example.com,3297272878
5328,NATURAL,CC,1264971259,,05360,ACTIVO,2024-01-02,yamid.castro5328@example.com,3828769895
5329,NATURAL,CC,1247968307,,18001,ACTIVO,2024-01-02,enrique.alzate5329@example.com,3838121104
5330,NATURAL,CC,1136145456,,18001,ACTIVO,2024-01-02,lady.romero5330@example.com,3165516502
5331,NATURAL,CC,1170793410,,05360,ACTIVO,2024-01-03,fernando.nieto5331@example.com,3989365375
5332,NATURAL,CC,1179670809,,13001,ACTIVO,2024-01-03,,3394852964
5333,JURIDICA,NIT,963889855,1,11001,ACTIVO,2024-01-03,contacto5333@example.com,3505295358
5334,NATURAL,CC,1005618092,,66001,ACTIVO,2024-01-03,rosario.escobar5334@example.com,3698333223
5335,NATURAL,CC,1055728992,,05088,ACTIVO,2024-01-04,natalia.ceron5335@example.com,3086961836
5336,NATURAL,CC,1000922487,,11001,INACTIVO,2024-01-04,milton.lopez5336@example.com,3538823959
5337,NATURAL,CC,1179607670,,15001,ACTIVO,2024-01-05,roberto.cuesta5337@example.com,3674524967
5338,NATURAL,CC,1170070892,,11001,ACTIVO,2024-01-06,luz.forero5338@example.com,3627919052
5339,NATURAL,CC,1170427396,,11001,ACTIVO,2024-01-06,bladimir.guevara5339@example.com,3320100234
5340,JURIDICA,NIT,987234919,9,11001,ACTIVO,2024-01-06,contacto5340@example.com,3488324583
5341,NATURAL,CC,1085225144,,05001,ACTIVO,2024-01-08,rocio.angulo5341@example.com,3088411937
5342,NATURAL,PPT,1486552,,68276,ACTIVO,2024-01-08,alexis.pineda5342@example.com,3698318599
5343,NATURAL,CC,1106022534,,76001,ACTIVO,2024-01-08,santiago.jaramillo5343@example.com,3213453559
5344,NATURAL,CE,328852,,05001,INACTIVO,2024-01-08,samuel.parra5344@example.com,3063298414
5345,NATURAL,CC,1267829493,,11001,ACTIVO,2024-01-08,luisa.palacios5345@example.com,3460280236
5346,JURIDICA,NIT,981953958,9,11001,ACTIVO,2024-01-08,contacto5346@example.com,3730069554
5347,NATURAL,CC,1227750000,,11001,ACTIVO,2024-01-08,patricia.andrade5347@example.com,3230506129
5348,NATURAL,CC,1094234844,,44001,ACTIVO,2024-01-09,carolina.moreno5348@example.com,3423371603
5349,NATURAL,CC,1038967463,,73001,ACTIVO,2024-01-09,beatriz.cardona5349@example.com,3184134469
5350,NATURAL,CC,1162167268,,66001,ACTIVO,2024-01-09,mary.caceres5350@example.com,3640150001
5351,NATURAL,CC,1230245600,,17001,ACTIVO,2024-01-09,johanna.restrepo5351@example.com,3760189206
5352,NATURAL,CC,1286750993,,05360,ACTIVO,2024-01-09,juan.diaz5352@example.com,3520473117
5353,NATURAL,CC,1185569503,,54001,ACTIVO,2024-01-09,,3289911678
5354,NATURAL,CC,1098676956,,08001,ACTIVO,2024-01-10,nohora.amaya5354@example.com,3799619135
5355,JURIDICA,NIT,987292691,2,50001,ACTIVO,2024-01-11,contacto5355@example.com,3769733410
5356,NATURAL,CC,1014655895,,05001,ACTIVO,2024-01-11,edilma.benitez5356@example.com,3894756057
5357,NATURAL,CC,1128728180,,11001,ACTIVO,2024-01-11,javier.beltran5357@example.com,3185555937
5358,NATURAL,CC,1191495394,,13001,ACTIVO,2024-01-11,luz.mosquera5358@example.com,3217704696
5359,JURIDICA,NIT,968680279,6,11001,ACTIVO,2024-01-11,contacto5359@example.com,3116523327
5360,NATURAL,CE,368549,,11001,ACTIVO,2024-01-11,hector.rivas5360@example.com,3855467602
5361,JURIDICA,NIT,973506161,0,63001,ACTIVO,2024-01-12,contacto5361@example.com,3135314349
5362,NATURAL,CC,1036790107,,68276,ACTIVO,2024-01-12,paola.garcia5362@example.com,3904099299
5363,NATURAL,CC,1020769386,,08001,ACTIVO,2024-01-12,abel.pedraza5363@example.com,3899516432
5364,NATURAL,CC,1188117003,,81001,ACTIVO,2024-01-13,leandro.alarcon5364@example.com,3026290087
5365,NATURAL,CC,1115810544,,05001,ACTIVO,2024-01-13,edward.narvaez5365@example.com,3630472281
5366,NATURAL,CC,1252562663,,13430,ACTIVO,2024-01-13,luz.ariza5366@example.com,3393608396
5367,JURIDICA,NIT,961401132,1,11001,ACTIVO,2024-01-15,contacto5367@example.com,3761072284
5368,NATURAL,CC,1296836067,,68001,ACTIVO,2024-01-15,hugo.alvarado5368@example.com,3653511574
5369,NATURAL,CC,1100834845,,54001,ACTIVO,2024-01-15,myriam.gonzalez5369@example.com,3005579231
5370,NATURAL,CC,1184024920,,54001,ACTIVO,2024-01-15,wilson.ortega5370@example.com,3494021096
5371,NATURAL,CC,1206322427,,73001,ACTIVO,2024-01-15,maria.orozco5371@example.com,3069467225
5372,NATURAL,CC,1256711248,,05001,ACTIVO,2024-01-15,,3604109108
5373,NATURAL,CC,1150127540,,11001,ACTIVO,2024-01-15,jair.martinez5373@example.com,3724240057
5374,NATURAL,CC,1140521629,,08758,ACTIVO,2024-01-16,elena.medina5374@example.com,3622525886
5375,JURIDICA,NIT,986525892,4,11001,ACTIVO,2024-01-16,contacto5375@example.com,3346010612
5376,NATURAL,CC,1018285442,,50001,ACTIVO,2024-01-16,maria.sepulveda5376@example.com,3031274423
5377,JURIDICA,NIT,960410431,3,54001,ACTIVO,2024-01-17,contacto5377@example.com,3008886688
5378,NATURAL,CC,1252503792,,05001,ACTIVO,2024-01-17,luz.escobar5378@example.com,3200127439
5379,NATURAL,CC,1036537974,,25269,ACTIVO,2024-01-18,william.castro5379@example.com,3536184822
5380,NATURAL,CC,1053164277,,23001,ACTIVO,2024-01-18,francy.ramirez5380@example.com,3779548179
5381,NATURAL,CC,1186993698,,11001,ACTIVO,2024-01-18,eduardo.pena5381@example.com,3100610480
5382,NATURAL,CE,572614,,11001,ACTIVO,2024-01-19,gustavo.mesa5382@example.com,3236141057
5383,NATURAL,CC,1214829224,,05001,ACTIVO,2024-01-20,luisa.velasquez5383@example.com,3756491661
5384,NATURAL,CC,1196109903,,05360,ACTIVO,2024-01-20,sebastian.caceres5384@example.com,3831535815
5385,NATURAL,CC,1009340765,,11001,ACTIVO,2024-01-20,,3598605267
5386,NATURAL,CC,1279571275,,13001,ACTIVO,2024-01-20,stella.romero5386@example.com,3715014957
5387,NATURAL,CC,1145151213,,08001,ACTIVO,2024-01-22,edith.sanchez5387@example.com,3449313631
5388,NATURAL,CC,1213327258,,11001,ACTIVO,2024-01-22,maria.ramirez5388@example.com,3104822025
5389,NATURAL,CC,1258724487,,05360,ACTIVO,2024-01-22,ines.romero5389@example.com,3598459213
5390,NATURAL,CC,1125213871,,08001,ACTIVO,2024-01-22,,3189576085
5391,NATURAL,CC,1090348273,,19001,ACTIVO,2024-01-22,clara.murillo5391@example.com,3822593851
5392,NATURAL,PPT,9570152,,70001,ACTIVO,2024-01-22,maria.mercado5392@example.com,3468052731
5393,JURIDICA,NIT,986143052,4,13001,ACTIVO,2024-01-23,contacto5393@example.com,3885712598
5394,JURIDICA,NIT,966802521,2,47001,ACTIVO,2024-01-23,contacto5394@example.com,3729292113
5395,NATURAL,CC,1258159072,,08001,ACTIVO,2024-01-23,oscar.pabon5395@example.com,3987952520
5396,NATURAL,CC,1263246960,,85001,ACTIVO,2024-01-23,mercedes.cortes5396@example.com,3963930088
5397,NATURAL,CC,1279217735,,50001,ACTIVO,2024-01-24,betty.osorio5397@example.com,3057245945
5398,NATURAL,CC,1106197810,,76001,ACTIVO,2024-01-25,maria.pinzon5398@example.com,3257758300
5399,NATURAL,CC,1071909704,,17001,ACTIVO,2024-01-26,fernando.daza5399@example.com,3303214058
5400,NATURAL,CC,1275930081,,41001,ACTIVO,2024-01-27,esther.erazo5400@example.com,3136442657
5401,NATURAL,CC,1126962470,,13001,ACTIVO,2024-01-27,yazmin.garzon5401@example.com,3254216277
5402,NATURAL,CC,1271916099,,05615,ACTIVO,2024-01-29,beatriz.blanco5402@example.com,3634736927
5403,NATURAL,CC,1286826050,,76109,ACTIVO,2024-01-29,,3935453278
5404,JURIDICA,NIT,986699805,1,11001,ACTIVO,2024-01-29,contacto5404@example.com,3595835081
5405,NATURAL,CC,1139449054,,13001,ACTIVO,2024-01-30,valentina.morales5405@example.com,3070201799
5406,NATURAL,CC,1035388849,,76001,ACTIVO,2024-01-30,fernando.acevedo5406@example.com,3832154803
5407,JURIDICA,NIT,966664950,6,11001,INACTIVO,2024-01-31,contacto5407@example.com,3009078915
5408,NATURAL,CC,1034488787,,05001,ACTIVO,2024-01-31,enrique.cuesta5408@example.com,3064980158
5409,NATURAL,CC,1073135859,,08001,ACTIVO,2024-02-01,edgar.munoz5409@example.com,3716800680
5410,JURIDICA,NIT,979278966,5,13001,ACTIVO,2024-02-01,contacto5410@example.com,3921370906
5411,NATURAL,PPT,9418950,,05001,ACTIVO,2024-02-01,julian.gonzalez5411@example.com,3765471189
5412,NATURAL,CC,1257706853,,11001,ACTIVO,2024-02-01,ana.munoz5412@example.com,3660491214
5413,NATURAL,CC,1088032035,,05001,ACTIVO,2024-02-02,,3219714263
5414,NATURAL,CC,1271621481,,11001,INACTIVO,2024-02-02,jose.ospina5414@example.com,3342002159
5415,NATURAL,CC,1072874021,,11001,ACTIVO,2024-02-03,mateo.garcia5415@example.com,3519268389
5416,NATURAL,CC,1119913887,,05001,ACTIVO,2024-02-03,andres.castro5416@example.com,3454385341
5417,JURIDICA,NIT,960076367,7,19001,ACTIVO,2024-02-03,contacto5417@example.com,3067177939
5418,NATURAL,CC,1255123573,,11001,ACTIVO,2024-02-03,yessica.rodriguez5418@example.com,3338344057
5419,NATURAL,CC,1001840485,,23001,ACTIVO,2024-02-03,margarita.moreno5419@example.com,3073683473
5420,NATURAL,CC,1165484082,,11001,ACTIVO,2024-02-05,jose.buitrago5420@example.com,3895657387
5421,JURIDICA,NIT,983438837,5,08001,ACTIVO,2024-02-05,contacto5421@example.com,3667852876
5422,NATURAL,CC,1047366782,,11001,ACTIVO,2024-02-05,cesar.gonzalez5422@example.com,3417799681
5423,NATURAL,CC,1144570466,,05360,ACTIVO,2024-02-05,alexis.sanchez5423@example.com,3353670945
5424,NATURAL,CC,1165834783,,11001,ACTIVO,2024-02-05,andres.mosquera5424@example.com,3958947975
5425,NATURAL,CC,1051553899,,20001,ACTIVO,2024-02-05,sandra.villa5425@example.com,3474004120
5426,NATURAL,PPT,9883040,,05088,ACTIVO,2024-02-05,cristina.lozano5426@example.com,3277577249
5427,NATURAL,CC,1058262457,,13001,ACTIVO,2024-02-05,david.rojas5427@example.com,3084646929
5428,NATURAL,CC,1175335052,,54001,ACTIVO,2024-02-05,jesus.salas5428@example.com,3158313675
5429,JURIDICA,NIT,961625458,9,11001,ACTIVO,2024-02-06,contacto5429@example.com,3844879278
5430,NATURAL,CC,1086547831,,23001,ACTIVO,2024-02-06,fredy.rodriguez5430@example.com,3423425904
5431,NATURAL,CC,1007820603,,11001,ACTIVO,2024-02-08,jhon.uribe5431@example.com,3901390575
5432,NATURAL,CC,1198878154,,76109,ACTIVO,2024-02-08,yolanda.parra5432@example.com,3634739957
5433,NATURAL,CC,1217208419,,11001,ACTIVO,2024-02-08,gloria.cano5433@example.com,3666120352
5434,JURIDICA,NIT,970177355,9,73001,ACTIVO,2024-02-09,contacto5434@example.com,3091971182
5435,NATURAL,CC,1049189827,,11001,ACTIVO,2024-02-09,ruth.rodriguez5435@example.com,3746906676
5436,NATURAL,PA,PW3054197,,66001,ACTIVO,2024-02-09,katerine.rojas5436@example.com,3632618161
5437,NATURAL,CC,1083613512,,08758,ACTIVO,2024-02-09,yessica.paz5437@example.com,3072284228
5438,JURIDICA,NIT,970694832,8,13001,ACTIVO,2024-02-10,contacto5438@example.com,3534876265
5439,NATURAL,CC,1226855366,,68001,ACTIVO,2024-02-10,javier.ruiz5439@example.com,3000404108
5440,NATURAL,CC,1049803538,,11001,ACTIVO,2024-02-10,ana.gonzalez5440@example.com,3340079562
5441,NATURAL,CC,1255819598,,54001,ACTIVO,2024-02-10,luz.cabrera5441@example.com,3639699525
5442,NATURAL,CE,265307,,11001,ACTIVO,2024-02-10,alberto.blanco5442@example.com,3463914445
5443,NATURAL,CC,1278753765,,11001,INACTIVO,2024-02-10,felipe.gomez5443@example.com,3429854053
5444,NATURAL,PPT,6111252,,54001,ACTIVO,2024-02-12,henry.cardenas5444@example.com,3028349137
5445,NATURAL,CC,1292239516,,95001,ACTIVO,2024-02-12,luisa.morales5445@example.com,3394526803
5446,NATURAL,CC,1074129930,,08001,ACTIVO,2024-02-12,anyi.rojas5446@example.com,3235134268
5447,NATURAL,CE,782082,,63001,ACTIVO,2024-02-12,jair.aguilar5447@example.com,3169733429
5448,NATURAL,CC,1138202858,,25126,ACTIVO,2024-02-13,luz.herrera5448@example.com,3555942811
5449,NATURAL,CC,1113051297,,13001,ACTIVO,2024-02-13,maria.munoz5449@example.com,3480003896
5450,NATURAL,CC,1108794294,,11001,ACTIVO,2024-02-14,margarita.buitrago5450@example.com,3959102409
5451,JURIDICA,NIT,967613127,6,66001,ACTIVO,2024-02-14,contacto5451@example.com,3551146637
5452,JURIDICA,NIT,982930693,7,73001,ACTIVO,2024-02-14,contacto5452@example.com,3838573317
5453,NATURAL,CC,1034700291,,76001,ACTIVO,2024-02-14,carmen.sanchez5453@example.com,3666828715
5454,NATURAL,CC,1140112256,,17380,ACTIVO,2024-02-14,andres.valencia5454@example.com,3816476529
5455,NATURAL,CC,1126117465,,13001,ACTIVO,2024-02-14,miriam.lopez5455@example.com,3273238034
5456,NATURAL,CC,1214820421,,76001,ACTIVO,2024-02-15,rocio.guerrero5456@example.com,3454447243
5457,NATURAL,CC,1006942741,,41001,ACTIVO,2024-02-15,steven.diaz5457@example.com,3502077258
5458,NATURAL,PA,EF4017098,,20001,ACTIVO,2024-02-15,yadira.caicedo5458@example.com,3459886050
5459,NATURAL,CC,1145334336,,11001,ACTIVO,2024-02-15,maria.palacios5459@example.com,3503933404
5460,NATURAL,CC,1243163843,,11001,ACTIVO,2024-02-16,luis.ortiz5460@example.com,3626070515
5461,NATURAL,CC,1085282965,,05001,ACTIVO,2024-02-16,maribel.guerra5461@example.com,3092015833
5462,NATURAL,CC,1092781741,,11001,ACTIVO,2024-02-16,rosa.moreno5462@example.com,3229834043
5463,NATURAL,CC,1270271376,,05001,ACTIVO,2024-02-17,lorena.lopez5463@example.com,3405251246
5464,NATURAL,CC,1103014849,,73001,ACTIVO,2024-02-17,yaneth.munoz5464@example.com,3920525823
5465,NATURAL,CC,1177696908,,76001,ACTIVO,2024-02-19,,3503526209
5466,NATURAL,CC,1140660252,,11001,ACTIVO,2024-02-19,geraldine.ospina5466@example.com,3309038611
5467,NATURAL,CC,1039937181,,41001,ACTIVO,2024-02-19,david.acosta5467@example.com,3571686349
5468,NATURAL,CC,1132513270,,11001,ACTIVO,2024-02-19,rosa.giraldo5468@example.com,3995431725
5469,NATURAL,CC,1131895059,,11001,ACTIVO,2024-02-19,patricia.gamboa5469@example.com,3898446535
5470,NATURAL,CC,1258068235,,13001,ACTIVO,2024-02-20,ruben.ortiz5470@example.com,3891522239
5471,NATURAL,CC,1030825968,,05001,ACTIVO,2024-02-21,ana.perez5471@example.com,3119919581
5472,NATURAL,CC,1299661318,,54001,ACTIVO,2024-02-21,jose.gonzalez5472@example.com,3721925820
5473,NATURAL,CC,1213085380,,05001,ACTIVO,2024-02-22,diana.martinez5473@example.com,3946681442
5474,NATURAL,CC,1215541275,,76001,ACTIVO,2024-02-22,alfonso.torres5474@example.com,3551070569
5475,JURIDICA,NIT,983351080,1,05001,ACTIVO,2024-02-22,contacto5475@example.com,3173500245
5476,NATURAL,CC,1235286623,,47001,ACTIVO,2024-02-22,piedad.posada5476@example.com,3013935515
5477,JURIDICA,NIT,981498411,0,76001,ACTIVO,2024-02-22,contacto5477@example.com,3967300331
5478,NATURAL,CC,1068725355,,11001,ACTIVO,2024-02-23,myriam.osorio5478@example.com,3480022015
5479,NATURAL,CC,1068505441,,11001,ACTIVO,2024-02-23,yesica.ramirez5479@example.com,3182625647
5480,NATURAL,CC,1098779781,,11001,ACTIVO,2024-02-26,rene.rodriguez5480@example.com,3584482107
5481,NATURAL,CC,1048749856,,05088,ACTIVO,2024-02-26,cristian.alvarez5481@example.com,3282860949
5482,NATURAL,CC,1084130308,,05001,ACTIVO,2024-02-26,josue.silva5482@example.com,3650112762
5483,NATURAL,CE,831087,,11001,ACTIVO,2024-02-26,freddy.pena5483@example.com,3010536751
5484,NATURAL,CC,1060676393,,66001,ACTIVO,2024-02-27,adriana.bravo5484@example.com,3788625228
5485,NATURAL,CC,1278059898,,05615,ACTIVO,2024-02-28,jose.salazar5485@example.com,3335570285
5486,NATURAL,CC,1288013461,,11001,ACTIVO,2024-02-28,luz.villegas5486@example.com,3460481910
5487,NATURAL,CC,1292587980,,11001,ACTIVO,2024-02-28,ana.rodriguez5487@example.com,3254069633
5488,NATURAL,CC,1156712480,,68001,ACTIVO,2024-02-28,cristian.torres5488@example.com,3630809392
5489,NATURAL,CC,1212172353,,86001,ACTIVO,2024-02-28,orlando.prada5489@example.com,3370828988
5490,NATURAL,PPT,8025841,,68001,ACTIVO,2024-02-28,yuliana.suarez5490@example.com,3564662066
5491,JURIDICA,NIT,966463930,6,05615,ACTIVO,2024-03-01,contacto5491@example.com,3196258636
5492,NATURAL,CC,1247475945,,11001,ACTIVO,2024-03-01,andrea.serrano5492@example.com,3167410039
5493,NATURAL,CC,1017760146,,15001,ACTIVO,2024-03-02,maria.salazar5493@example.com,3407780459
5494,NATURAL,CC,1225775528,,76001,ACTIVO,2024-03-02,angela.parada5494@example.com,3478225685
5495,NATURAL,CC,1155665008,,19001,ACTIVO,2024-03-04,vanessa.camargo5495@example.com,3553805931
5496,NATURAL,CC,1172775558,,11001,ACTIVO,2024-03-04,sandra.hernandez5496@example.com,3409985405
5497,NATURAL,CC,1296120954,,17001,ACTIVO,2024-03-05,lina.correa5497@example.com,3226307792
5498,NATURAL,CC,1191977043,,20001,ACTIVO,2024-03-05,ricardo.arias5498@example.com,3166086830
5499,NATURAL,CC,1134688944,,11001,ACTIVO,2024-03-05,david.barrios5499@example.com,3208912164
5500,JURIDICA,NIT,967777491,6,11001,ACTIVO,2024-03-05,contacto5500@example.com,3016933592
5501,NATURAL,PPT,8791479,,05001,ACTIVO,2024-03-06,william.quintero5501@example.com,3685174131
5502,NATURAL,CC,1238076825,,76001,ACTIVO,2024-03-07,marina.lozano5502@example.com,3866668142
5503,JURIDICA,NIT,967650262,1,11001,ACTIVO,2024-03-07,contacto5503@example.com,3712471236
5504,NATURAL,CC,1113995871,,05266,ACTIVO,2024-03-07,esperanza.garcia5504@example.com,3121345190
5505,NATURAL,CC,1007126639,,11001,ACTIVO,2024-03-08,ana.zambrano5505@example.com,3886652115
5506,NATURAL,CC,1239615334,,05001,ACTIVO,2024-03-08,jose.fonseca5506@example.com,3170748448
5507,NATURAL,CC,1253393770,,11001,ACTIVO,2024-03-08,astrid.bohorquez5507@example.com,3335066037
5508,NATURAL,CC,1258049594,,76001,ACTIVO,2024-03-08,andrea.ramirez5508@example.com,3465159860
5509,JURIDICA,NIT,973478293,3,50001,ACTIVO,2024-03-09,contacto5509@example.com,3268420180
5510,NATURAL,CC,1044749039,,76001,ACTIVO,2024-03-09,angie.molano5510@example.com,3764796093
5511,NATURAL,CC,1262281860,,17001,ACTIVO,2024-03-11,armando.meza5511@example.com,3370339047
5512,NATURAL,CC,1107157286,,50001,ACTIVO,2024-03-11,,3355840249
5513,NATURAL,CC,1115307446,,17001,ACTIVO,2024-03-11,carlos.lopez5513@example.com,3026464309
5514,NATURAL,CC,1282063038,,11001,ACTIVO,2024-03-11,rafael.mora5514@example.com,3905482035
5515,JURIDICA,NIT,977949976,1,66001,ACTIVO,2024-03-12,contacto5515@example.com,3664447799
5516,NATURAL,CC,1146234099,,17380,ACTIVO,2024-03-13,fabio.ramirez5516@example.com,3817188702
5517,NATURAL,CC,1063532380,,08001,ACTIVO,2024-03-13,laura.gonzalez5517@example.com,3424199784
5518,NATURAL,CC,1269251138,,23001,ACTIVO,2024-03-14,alexander.alarcon5518@example.com,3534234979
5519,NATURAL,CC,1149503391,,11001,ACTIVO,2024-03-14,david.garcia5519@example.com,3229713198
5520,NATURAL,CC,1250008795,,05001,ACTIVO,2024-03-14,isabel.perdomo5520@example.com,3377900091
5521,NATURAL,CE,677869,,68001,ACTIVO,2024-03-15,teresa.rivera5521@example.com,3171453713
5522,NATURAL,CC,1076102573,,11001,ACTIVO,2024-03-15,johanna.romero5522@example.com,3862607291
5523,NATURAL,CC,1051623552,,99001,ACTIVO,2024-03-18,lina.angarita5523@example.com,3763431644
5524,NATURAL,PPT,6795149,,11001,ACTIVO,2024-03-18,gisela.guzman5524@example.com,3631568175
5525,NATURAL,CC,1225097330,,50001,ACTIVO,2024-03-18,zulma.bedoya5525@example.com,3855432824
5526,NATURAL,CC,1219441103,,76001,ACTIVO,2024-03-18,zulma.ortega5526@example.com,3115275824
5527,NATURAL,CC,1093634846,,11001,ACTIVO,2024-03-20,,3935626523
5528,NATURAL,CC,1283728978,,11001,ACTIVO,2024-03-20,richard.meneses5528@example.com,3439905799
5529,NATURAL,CC,1259628874,,76001,ACTIVO,2024-03-20,jose.agudelo5529@example.com,3058019248
5530,NATURAL,CC,1142054037,,76001,ACTIVO,2024-03-22,felipe.rivera5530@example.com,3229597800
5531,NATURAL,CC,1244692708,,13001,ACTIVO,2024-03-22,jose.morales5531@example.com,3005546665
5532,JURIDICA,NIT,983194534,1,15759,ACTIVO,2024-03-23,contacto5532@example.com,3872987424
5533,NATURAL,CC,1171538845,,68001,ACTIVO,2024-03-23,diego.quiroga5533@example.com,3002245890
5534,JURIDICA,NIT,980638445,9,70001,ACTIVO,2024-03-25,contacto5534@example.com,3999364445
5535,JURIDICA,NIT,962862511,0,15001,ACTIVO,2024-03-25,contacto5535@example.com,3337146891
5536,NATURAL,CC,1046349568,,13001,ACTIVO,2024-03-25,alejandro.bedoya5536@example.com,3320356360
5537,NATURAL,CC,1000096572,,68001,ACTIVO,2024-03-25,diana.campo5537@example.com,3524239160
5538,NATURAL,CC,1234734243,,47001,ACTIVO,2024-03-25,jairo.camacho5538@example.com,3685415803
5539,NATURAL,CC,1025359382,,76001,ACTIVO,2024-03-25,vladimir.paez5539@example.com,3160169058
5540,NATURAL,CC,1058729038,,68001,ACTIVO,2024-03-25,ruben.nieto5540@example.com,3186902632
5541,NATURAL,CC,1057916688,,11001,ACTIVO,2024-03-27,jhon.sanchez5541@example.com,3327055981
5542,NATURAL,CC,1077213423,,11001,ACTIVO,2024-03-27,liliana.toro5542@example.com,3881895684
5543,NATURAL,CC,1042543437,,73001,ACTIVO,2024-03-27,rubiela.gaviria5543@example.com,3243833235
5544,NATURAL,CC,1143336394,,11001,ACTIVO,2024-03-28,patricia.solano5544@example.com,3274101773
5545,NATURAL,CC,1037720178,,19001,ACTIVO,2024-03-28,paula.ruiz5545@example.com,3495474724
5546,NATURAL,CC,1031911814,,11001,ACTIVO,2024-03-30,andres.alvarez5546@example.com,3455575898
5547,NATURAL,CC,1207503126,,76001,ACTIVO,2024-03-30,alvaro.mendoza5547@example.com,3757414407
5548,NATURAL,CC,1007247292,,11001,ACTIVO,2024-04-01,henry.rodriguez5548@example.com,3718437257
5549,NATURAL,CC,1038002915,,11001,ACTIVO,2024-04-01,alba.ortiz5549@example.com,3624956755
5550,NATURAL,CC,1093151878,,11001,ACTIVO,2024-04-01,harold.rojas5550@example.com,3712201418
5551,JURIDICA,NIT,975576743,3,50001,ACTIVO,2024-04-01,contacto5551@example.com,3937851716
5552,NATURAL,CC,1299029091,,11001,ACTIVO,2024-04-01,javier.jaimes5552@example.com,3655587315
5553,NATURAL,CC,1039884475,,13430,INACTIVO,2024-04-01,gabriel.diaz5553@example.com,3398239056
5554,NATURAL,CC,1074030684,,17001,ACTIVO,2024-04-01,marlene.mendoza5554@example.com,3854980723
5555,NATURAL,CC,1263832761,,11001,ACTIVO,2024-04-02,esteban.riascos5555@example.com,3607973409
5556,NATURAL,CC,1111590533,,66001,ACTIVO,2024-04-02,kevin.acevedo5556@example.com,3416637375
5557,NATURAL,CC,1212332935,,13001,ACTIVO,2024-04-03,david.loaiza5557@example.com,3051412019
5558,JURIDICA,NIT,980241499,0,66170,ACTIVO,2024-04-03,contacto5558@example.com,3256665994
5559,NATURAL,CE,917714,,05001,ACTIVO,2024-04-03,elena.ortiz5559@example.com,3237235238
5560,NATURAL,CC,1213054873,,76834,ACTIVO,2024-04-03,paola.vargas5560@example.com,3028067471
5561,NATURAL,CC,1254184201,,13430,ACTIVO,2024-04-03,fernando.guerra5561@example.com,3390976157
5562,NATURAL,CC,1037085259,,76001,ACTIVO,2024-04-03,angie.diaz5562@example.com,3961070165
5563,NATURAL,CC,1197604219,,50001,ACTIVO,2024-04-03,doris.quintero5563@example.com,3355328648
5564,NATURAL,CC,1185264701,,76001,ACTIVO,2024-04-04,alexandra.lozano5564@example.com,3535967104
5565,NATURAL,CC,1168825088,,15759,ACTIVO,2024-04-05,eduardo.mercado5565@example.com,3184938687
5566,JURIDICA,NIT,963979224,9,19001,ACTIVO,2024-04-06,contacto5566@example.com,3608331050
5567,NATURAL,CC,1209706482,,63001,ACTIVO,2024-04-06,luis.serrano5567@example.com,3910367280
5568,NATURAL,CC,1255963502,,08758,ACTIVO,2024-04-08,gustavo.herrera5568@example.com,3135879032
5569,NATURAL,CC,1073964133,,18001,ACTIVO,2024-04-08,gloria.gonzalez5569@example.com,3672727510
5570,NATURAL,CC,1264416703,,73001,ACTIVO,2024-04-08,erika.agudelo5570@example.com,3609916987
5571,NATURAL,CE,201471,,44001,ACTIVO,2024-04-08,rafael.perez5571@example.com,3574658839
5572,NATURAL,CC,1299148440,,25269,ACTIVO,2024-04-08,graciela.ruiz5572@example.com,3913704706
5573,NATURAL,CC,1259178748,,08001,ACTIVO,2024-04-08,jaime.yepes5573@example.com,3765866393
5574,NATURAL,CC,1251722744,,05001,ACTIVO,2024-04-08,marta.meza5574@example.com,3642645444
5575,NATURAL,CC,1294871757,,11001,ACTIVO,2024-04-08,mario.olaya5575@example.com,3474902369
5576,NATURAL,CC,1083449759,,05088,ACTIVO,2024-04-10,sandra.lara5576@example.com,3512873878
5577,NATURAL,CC,1228588491,,11001,ACTIVO,2024-04-10,lucero.cardona5577@example.com,3808426204
5578,NATURAL,CC,1288622439,,66001,ACTIVO,2024-04-10,jesus.fernandez5578@example.com,3181547765
5579,NATURAL,CC,1016098280,,76109,ACTIVO,2024-04-11,sandra.prada5579@example.com,3013321634
5580,NATURAL,CC,1259160014,,25269,ACTIVO,2024-04-11,,3856830723
5581,NATURAL,CC,1142841430,,50001,ACTIVO,2024-04-11,alberto.bolanos5581@example.com,3388963768
5582,NATURAL,CC,1192763722,,13001,ACTIVO,2024-04-11,valeria.erazo5582@example.com,3261928885
5583,NATURAL,CC,1225328870,,76109,ACTIVO,2024-04-12,victoria.castaneda5583@example.com,3631911349
5584,NATURAL,CC,1063791662,,11001,ACTIVO,2024-04-13,mayra.torres5584@example.com,3713842879
5585,NATURAL,CC,1161834882,,11001,ACTIVO,2024-04-13,alexander.rincon5585@example.com,3595801881
5586,JURIDICA,NIT,961431060,8,11001,ACTIVO,2024-04-13,contacto5586@example.com,3824084794
5587,NATURAL,CC,1159475052,,63001,ACTIVO,2024-04-15,eduard.sanchez5587@example.com,3798008207
5588,NATURAL,CC,1225377586,,11001,ACTIVO,2024-04-15,alcira.acosta5588@example.com,3350159864
5589,NATURAL,CC,1230712747,,76109,ACTIVO,2024-04-15,hernando.fonseca5589@example.com,3802910486
5590,NATURAL,CC,1223290394,,11001,ACTIVO,2024-04-15,alexander.ramirez5590@example.com,3925389388
5591,NATURAL,CC,1030402967,,11001,ACTIVO,2024-04-15,mery.montoya5591@example.com,3109759714
5592,NATURAL,CC,1075784279,,13001,ACTIVO,2024-04-16,sandra.sierra5592@example.com,3366789542
5593,NATURAL,CC,1000740671,,50001,ACTIVO,2024-04-16,alonso.manrique5593@example.com,3668945060
5594,NATURAL,CC,1137242303,,23001,ACTIVO,2024-04-16,angela.ariza5594@example.com,3724001905
5595,NATURAL,CC,1259739631,,05266,ACTIVO,2024-04-16,,3482964609
5596,NATURAL,CC,1285094534,,05360,ACTIVO,2024-04-18,antonio.lopez5596@example.com,3256613573
5597,JURIDICA,NIT,982986439,3,70001,ACTIVO,2024-04-18,contacto5597@example.com,3992113519
5598,NATURAL,CC,1247621516,,41001,ACTIVO,2024-04-18,maria.ramirez5598@example.com,3393178807
5599,NATURAL,CC,1275995587,,63001,ACTIVO,2024-04-19,julio.romero5599@example.com,3792423870
5600,JURIDICA,NIT,984985632,1,11001,ACTIVO,2024-04-19,contacto5600@example.com,3052308970
5601,JURIDICA,NIT,984016475,5,05088,ACTIVO,2024-04-19,contacto5601@example.com,3339703400
5602,NATURAL,CC,1149691281,,54001,ACTIVO,2024-04-19,amparo.mosquera5602@example.com,3175435278
5603,NATURAL,CC,1050239076,,76001,ACTIVO,2024-04-20,dario.rodriguez5603@example.com,3142828305
5604,NATURAL,CC,1299100897,,73001,ACTIVO,2024-04-20,carlos.gonzalez5604@example.com,3910932648
5605,NATURAL,CC,1055632755,,50001,ACTIVO,2024-04-22,raul.mena5605@example.com,3606167430
5606,NATURAL,CC,1006239595,,08001,ACTIVO,2024-04-22,alexander.amaya5606@example.com,3676057416
5607,JURIDICA,NIT,964883777,1,08001,ACTIVO,2024-04-22,contacto5607@example.com,3718248717
5608,NATURAL,PA,WP8144728,,11001,ACTIVO,2024-04-22,jorge.pineda5608@example.com,3115460653
5609,NATURAL,CC,1113120814,,41001,ACTIVO,2024-04-24,,3780936205
5610,NATURAL,CC,1173524597,,05266,ACTIVO,2024-04-24,carlos.bautista5610@example.com,3498927016
5611,NATURAL,PA,ME1957040,,08001,ACTIVO,2024-04-27,ofelia.ordonez5611@example.com,3191778909
5612,NATURAL,CC,1062142888,,08758,ACTIVO,2024-04-27,,3306425222
5613,NATURAL,CC,1053065582,,05001,ACTIVO,2024-04-27,carmen.sanchez5613@example.com,3739629806
5614,NATURAL,CC,1059871834,,11001,ACTIVO,2024-04-27,alba.camacho5614@example.com,3080510195
5615,JURIDICA,NIT,984765988,4,11001,ACTIVO,2024-04-29,contacto5615@example.com,3524865271
5616,NATURAL,CC,1210202399,,76834,ACTIVO,2024-04-29,maria.hurtado5616@example.com,3196568862
5617,NATURAL,CE,971316,,11001,ACTIVO,2024-04-29,marcela.pinzon5617@example.com,3984279929
5618,NATURAL,CC,1005733430,,15001,ACTIVO,2024-04-29,jorge.daza5618@example.com,3047619107
5619,NATURAL,CC,1001774876,,15759,ACTIVO,2024-04-29,ricardo.vallejo5619@example.com,3353386438
5620,NATURAL,CC,1110387425,,13001,ACTIVO,2024-04-29,javier.buitrago5620@example.com,3707150485
5621,NATURAL,PPT,9976053,,11001,ACTIVO,2024-05-01,ferney.meneses5621@example.com,3709868059
5622,NATURAL,CC,1111041611,,11001,ACTIVO,2024-05-01,javier.paez5622@example.com,3222804120
5623,NATURAL,CC,1038512536,,11001,ACTIVO,2024-05-01,,3115674695
5624,NATURAL,CC,1288550869,,68001,ACTIVO,2024-05-01,ernesto.acevedo5624@example.com,3055334747
5625,NATURAL,CC,1279634715,,50001,ACTIVO,2024-05-01,javier.alvarez5625@example.com,3737165969
5626,NATURAL,CC,1091297869,,76001,ACTIVO,2024-05-03,natalia.quintero5626@example.com,3486278286
5627,NATURAL,CC,1109880826,,11001,INACTIVO,2024-05-03,emilia.gomez5627@example.com,3294717456
5628,NATURAL,CC,1165191001,,52001,ACTIVO,2024-05-03,henry.guzman5628@example.com,3997766164
5629,NATURAL,CC,1092633584,,76001,ACTIVO,2024-05-04,laura.carvajal5629@example.com,3935403990
5630,NATURAL,CC,1242127113,,76001,ACTIVO,2024-05-04,,3737058538
5631,NATURAL,CC,1068299156,,25175,ACTIVO,2024-05-04,,3518217539
5632,NATURAL,CC,1103777075,,76001,ACTIVO,2024-05-04,jaime.zapata5632@example.com,3879652992
5633,JURIDICA,NIT,972766718,3,11001,ACTIVO,2024-05-06,contacto5633@example.com,3185759925
5634,NATURAL,CC,1090779168,,50001,ACTIVO,2024-05-06,tatiana.alvarez5634@example.com,3326100654
5635,NATURAL,CC,1063130857,,11001,ACTIVO,2024-05-06,antonio.salazar5635@example.com,3564424658
5636,NATURAL,CC,1188407827,,17001,ACTIVO,2024-05-06,andres.daza5636@example.com,3419774890
5637,NATURAL,CC,1004263046,,05266,ACTIVO,2024-05-06,teresa.castaneda5637@example.com,3855189787
5638,JURIDICA,NIT,978197038,3,47001,ACTIVO,2024-05-06,contacto5638@example.com,3742483594
5639,NATURAL,CC,1261285804,,05001,ACTIVO,2024-05-06,,3557623976
5640,NATURAL,CC,1029203809,,68001,ACTIVO,2024-05-08,angel.marin5640@example.com,3158689931
5641,NATURAL,CC,1181041405,,05001,ACTIVO,2024-05-08,maria.castro5641@example.com,3381277708
5642,NATURAL,CC,1171105764,,18001,ACTIVO,2024-05-09,ernesto.herrera5642@example.com,3158215458
5643,NATURAL,CC,1040834450,,11001,ACTIVO,2024-05-09,stella.rincon5643@example.com,3848455100
5644,NATURAL,CC,1061436874,,05001,ACTIVO,2024-05-10,marina.velez5644@example.com,3354790887
5645,JURIDICA,NIT,975835112,8,68001,ACTIVO,2024-05-10,contacto5645@example.com,3137086409
5646,NATURAL,CC,1230259283,,05001,ACTIVO,2024-05-10,maria.ortiz5646@example.com,3972170500
5647,NATURAL,CC,1034054390,,11001,ACTIVO,2024-05-11,liliana.castro5647@example.com,3648286612
5648,NATURAL,CE,957810,,20001,ACTIVO,2024-05-11,lucia.bedoya5648@example.com,3572970980
5649,JURIDICA,NIT,967990693,9,68001,ACTIVO,2024-05-13,contacto5649@example.com,3096474411
5650,NATURAL,CC,1254944246,,66001,ACTIVO,2024-05-13,andrea.arias5650@example.com,3713795850
5651,NATURAL,CC,1281043627,,20001,ACTIVO,2024-05-13,natalia.rojas5651@example.com,3648961252
5652,JURIDICA,NIT,968071885,7,11001,ACTIVO,2024-05-14,contacto5652@example.com,3403620205
5653,NATURAL,CC,1191210371,,11001,ACTIVO,2024-05-14,,3570438214
5654,NATURAL,CC,1231000805,,11001,ACTIVO,2024-05-14,,3185160375
5655,NATURAL,CC,1189779566,,11001,ACTIVO,2024-05-14,aura.rodriguez5655@example.com,3147815220
5656,JURIDICA,NIT,987770450,5,11001,ACTIVO,2024-05-14,contacto5656@example.com,3470465841
5657,NATURAL,CC,1269863551,,76001,ACTIVO,2024-05-15,maria.cuellar5657@example.com,3022421771
5658,NATURAL,CC,1008794337,,08001,ACTIVO,2024-05-15,santiago.correa5658@example.com,3514991188
5659,JURIDICA,NIT,963612944,8,76834,ACTIVO,2024-05-16,contacto5659@example.com,3333574659
5660,NATURAL,CE,279577,,73001,ACTIVO,2024-05-17,eduardo.diaz5660@example.com,3504120137
5661,NATURAL,CC,1164594453,,08758,ACTIVO,2024-05-18,martha.vargas5661@example.com,3081750945
5662,JURIDICA,NIT,960770427,7,05001,ACTIVO,2024-05-18,contacto5662@example.com,3027617018
5663,NATURAL,CC,1277193332,,11001,ACTIVO,2024-05-18,luz.quintero5663@example.com,3173952782
5664,NATURAL,CC,1295896001,,66170,ACTIVO,2024-05-18,teresa.cardona5664@example.com,3267279696
5665,JURIDICA,NIT,961817831,8,63001,ACTIVO,2024-05-18,contacto5665@example.com,3279760013
5666,NATURAL,CC,1299746969,,11001,ACTIVO,2024-05-18,hernan.sierra5666@example.com,3715708903
5667,JURIDICA,NIT,985155970,9,44001,ACTIVO,2024-05-18,contacto5667@example.com,3733535422
5668,NATURAL,CC,1187788939,,11001,ACTIVO,2024-05-20,luis.rubio5668@example.com,3301541372
5669,NATURAL,CC,1292676489,,73001,ACTIVO,2024-05-20,adriana.duran5669@example.com,3126483001
5670,JURIDICA,NIT,986406492,1,05001,ACTIVO,2024-05-20,contacto5670@example.com,3015254797
5671,NATURAL,CC,1144056173,,13001,ACTIVO,2024-05-20,maria.barrera5671@example.com,3584370986
5672,NATURAL,CC,1181024684,,05001,ACTIVO,2024-05-21,alfonso.salas5672@example.com,3406053510
5673,NATURAL,CC,1051976819,,08001,ACTIVO,2024-05-21,ingrid.angulo5673@example.com,3340789790
5674,NATURAL,CC,1252103515,,11001,INACTIVO,2024-05-21,marina.gomez5674@example.com,3721514007
5675,NATURAL,CC,1142339497,,52001,ACTIVO,2024-05-21,tulio.hernandez5675@example.com,3503935145
5676,NATURAL,CC,1064698608,,11001,ACTIVO,2024-05-21,francisco.quiroz5676@example.com,3273775562
5677,NATURAL,CC,1216799339,,73001,ACTIVO,2024-05-22,hilda.daza5677@example.com,3504292248
5678,NATURAL,CC,1186441642,,85001,ACTIVO,2024-05-22,jenny.valencia5678@example.com,3145178511
5679,NATURAL,CC,1126339513,,63001,ACTIVO,2024-05-23,olga.moreno5679@example.com,3061485187
5680,NATURAL,CC,1170549097,,47001,ACTIVO,2024-05-24,diana.moreno5680@example.com,3323755469
5681,NATURAL,CC,1026706850,,52001,ACTIVO,2024-05-24,alberto.mendoza5681@example.com,3577174630
5682,JURIDICA,NIT,983431072,6,17001,ACTIVO,2024-05-25,contacto5682@example.com,3791902011
5683,NATURAL,CC,1246323928,,11001,ACTIVO,2024-05-25,luz.fuentes5683@example.com,3547602231
5684,NATURAL,CC,1205220682,,11001,ACTIVO,2024-05-25,victoria.guevara5684@example.com,3248271310
5685,NATURAL,CC,1088716517,,08758,ACTIVO,2024-05-27,edinson.castillo5685@example.com,3261521138
5686,NATURAL,CC,1214825630,,11001,ACTIVO,2024-05-27,ruben.vasquez5686@example.com,3155688555
5687,NATURAL,CC,1023401086,,08758,ACTIVO,2024-05-27,,3313244367
5688,NATURAL,CC,1069529001,,66170,ACTIVO,2024-05-27,luz.vallejo5688@example.com,3577179615
5689,NATURAL,CC,1215177303,,11001,ACTIVO,2024-05-27,mauricio.munoz5689@example.com,3626433041
5690,JURIDICA,NIT,980570242,6,11001,ACTIVO,2024-05-28,contacto5690@example.com,3696449227
5691,NATURAL,CC,1229663038,,68001,ACTIVO,2024-05-29,william.pineda5691@example.com,3786205912
5692,NATURAL,CC,1079505823,,11001,ACTIVO,2024-05-30,elena.rodriguez5692@example.com,3644096348
5693,NATURAL,CC,1270077439,,70001,ACTIVO,2024-05-30,rocio.marin5693@example.com,3853556862
5694,NATURAL,CC,1094430082,,11001,ACTIVO,2024-05-30,lucia.valencia5694@example.com,3549890788
5695,NATURAL,CC,1093859029,,76001,ACTIVO,2024-05-30,alexander.cardenas5695@example.com,3997035798
5696,JURIDICA,NIT,972611878,8,05001,ACTIVO,2024-05-31,contacto5696@example.com,3024566903
5697,JURIDICA,NIT,961671408,6,11001,ACTIVO,2024-05-31,contacto5697@example.com,3478239932
5698,JURIDICA,NIT,983749120,8,11001,ACTIVO,2024-05-31,contacto5698@example.com,3780371130
5699,JURIDICA,NIT,986601596,4,05001,ACTIVO,2024-05-31,contacto5699@example.com,3814872289
5700,NATURAL,CC,1197316345,,05360,ACTIVO,2024-06-03,,3393569319
5701,NATURAL,CC,1238257715,,68001,ACTIVO,2024-06-03,betty.rubio5701@example.com,3190844058
5702,JURIDICA,NIT,982486184,5,11001,ACTIVO,2024-06-03,contacto5702@example.com,3630464583
5703,NATURAL,CC,1104096084,,76520,ACTIVO,2024-06-03,milena.velasquez5703@example.com,3022935789
5704,NATURAL,CC,1111168076,,11001,ACTIVO,2024-06-03,marta.zambrano5704@example.com,3263503432
5705,JURIDICA,NIT,985187290,6,76520,ACTIVO,2024-06-03,contacto5705@example.com,3839980073
5706,NATURAL,CC,1093165977,,11001,ACTIVO,2024-06-03,paul.molina5706@example.com,3275147732
5707,NATURAL,CC,1165427958,,11001,ACTIVO,2024-06-04,maria.perez5707@example.com,3991746112
5708,NATURAL,CC,1250099495,,76001,ACTIVO,2024-06-05,marleny.romero5708@example.com,3516838895
5709,NATURAL,CC,1143949588,,11001,ACTIVO,2024-06-06,norma.diaz5709@example.com,3674844157
5710,JURIDICA,NIT,967067178,9,11001,ACTIVO,2024-06-06,contacto5710@example.com,3373634508
5711,JURIDICA,NIT,985745355,0,05001,ACTIVO,2024-06-06,contacto5711@example.com,3494126802
5712,NATURAL,CC,1290858922,,11001,ACTIVO,2024-06-06,armando.hernandez5712@example.com,3094956138
5713,NATURAL,CC,1281728701,,08001,ACTIVO,2024-06-07,,3339437318
5714,NATURAL,CC,1138906010,,13001,ACTIVO,2024-06-07,sonia.munoz5714@example.com,3271050587
5715,NATURAL,CC,1264818294,,05001,ACTIVO,2024-06-07,leidy.mora5715@example.com,3236034160
5716,NATURAL,CE,664319,,50001,ACTIVO,2024-06-08,dayana.ramirez5716@example.com,3930676858
5717,JURIDICA,NIT,960041822,6,11001,ACTIVO,2024-06-08,contacto5717@example.com,3082355282
5718,NATURAL,CC,1230715309,,08001,ACTIVO,2024-06-08,marina.castro5718@example.com,3296513118
5719,NATURAL,CC,1268920440,,11001,ACTIVO,2024-06-08,,3666288447
5720,JURIDICA,NIT,960029730,8,81001,ACTIVO,2024-06-10,contacto5720@example.com,3708229944
5721,NATURAL,CC,1014324077,,05001,ACTIVO,2024-06-10,alejandra.caicedo5721@example.com,3118056256
5722,NATURAL,CC,1206715082,,54001,ACTIVO,2024-06-10,jennifer.medina5722@example.com,3860694108
5723,JURIDICA,NIT,962394109,4,11001,ACTIVO,2024-06-10,contacto5723@example.com,3509049440
5724,NATURAL,CC,1147892372,,25126,ACTIVO,2024-06-11,danna.pabon5724@example.com,3735255275
5725,NATURAL,CC,1283791637,,54001,ACTIVO,2024-06-11,andres.osorio5725@example.com,3497132118
5726,NATURAL,CC,1205350644,,11001,ACTIVO,2024-06-11,fabian.mendoza5726@example.com,3796469134
5727,NATURAL,CC,1252803527,,08001,ACTIVO,2024-06-12,gilberto.cuellar5727@example.com,3616675376
5728,NATURAL,CC,1225412976,,13001,ACTIVO,2024-06-12,jairo.martinez5728@example.com,3890641859
5729,NATURAL,CC,1111648309,,73001,ACTIVO,2024-06-13,gabriel.bernal5729@example.com,3827870047
5730,JURIDICA,NIT,988161927,7,97001,ACTIVO,2024-06-13,contacto5730@example.com,3972911150
5731,NATURAL,CC,1181923579,,11001,ACTIVO,2024-06-13,claudia.ortiz5731@example.com,3755735475
5732,JURIDICA,NIT,978491791,1,47001,ACTIVO,2024-06-13,contacto5732@example.com,3819621026
5733,NATURAL,CC,1285810728,,13001,ACTIVO,2024-06-13,anderson.gutierrez5733@example.com,3578409089
5734,NATURAL,CC,1020966257,,76001,ACTIVO,2024-06-14,rosa.cuesta5734@example.com,3019945939
5735,NATURAL,CC,1223082994,,11001,ACTIVO,2024-06-14,natalia.lozano5735@example.com,3561524024
5736,NATURAL,CC,1244396155,,76109,ACTIVO,2024-06-15,lucia.rivas5736@example.com,3013807679
5737,NATURAL,CC,1290698483,,11001,ACTIVO,2024-06-15,elena.guzman5737@example.com,3105128512
5738,NATURAL,CC,1129188169,,47001,ACTIVO,2024-06-17,luz.pabon5738@example.com,3760539690
5739,NATURAL,CC,1190344883,,50001,ACTIVO,2024-06-17,carmen.martinez5739@example.com,3113652844
5740,NATURAL,CC,1077225233,,41001,ACTIVO,2024-06-17,rubiela.munoz5740@example.com,3275374524
5741,NATURAL,CC,1063408844,,73001,ACTIVO,2024-06-17,johana.mendoza5741@example.com,3265881091
5742,NATURAL,CC,1112232528,,11001,ACTIVO,2024-06-17,teresa.velasquez5742@example.com,3936596845
5743,NATURAL,CC,1290100997,,05088,INACTIVO,2024-06-17,sonia.silva5743@example.com,3432126434
5744,NATURAL,CC,1038903385,,52001,ACTIVO,2024-06-17,fernando.benavides5744@example.com,3531386350
5745,NATURAL,CC,1295144627,,08001,ACTIVO,2024-06-17,carlos.prieto5745@example.com,3487993112
5746,NATURAL,CC,1055422510,,11001,ACTIVO,2024-06-17,luz.leon5746@example.com,3875177809
5747,NATURAL,CC,1181580559,,11001,ACTIVO,2024-06-18,luis.meza5747@example.com,3892208381
5748,NATURAL,CC,1159625969,,81001,ACTIVO,2024-06-19,fanny.gonzalez5748@example.com,3540188645
5749,JURIDICA,NIT,967316037,8,11001,ACTIVO,2024-06-19,contacto5749@example.com,3647271169
5750,NATURAL,CC,1091664589,,13001,ACTIVO,2024-06-19,teresa.londono5750@example.com,3215691748
5751,NATURAL,CC,1186575305,,11001,ACTIVO,2024-06-20,alexander.ortiz5751@example.com,3980844809
5752,NATURAL,CC,1179196573,,08001,ACTIVO,2024-06-20,maria.romero5752@example.com,3792406274
5753,NATURAL,CC,1242561922,,50001,ACTIVO,2024-06-21,elena.franco5753@example.com,3877946626
5754,NATURAL,CC,1226545543,,66170,ACTIVO,2024-06-21,cesar.marin5754@example.com,3914929844
5755,NATURAL,CC,1187773252,,76001,ACTIVO,2024-06-21,yasmin.benitez5755@example.com,3111452161
5756,NATURAL,CC,1239359712,,08758,ACTIVO,2024-06-22,julia.ramirez5756@example.com,3477387414
5757,NATURAL,CC,1269827202,,08001,ACTIVO,2024-06-22,valentina.meza5757@example.com,3797039080
5758,NATURAL,CC,1288901788,,76834,ACTIVO,2024-06-24,cecilia.cardona5758@example.com,3624812083
5759,NATURAL,CC,1284673903,,54001,ACTIVO,2024-06-24,helena.valencia5759@example.com,3275624739
5760,NATURAL,CC,1046507325,,15001,ACTIVO,2024-06-24,adrian.zambrano5760@example.com,3497107169
5761,NATURAL,CC,1220677699,,05088,ACTIVO,2024-06-24,silvio.florez5761@example.com,3876653201
5762,NATURAL,CC,1233449180,,66001,ACTIVO,2024-06-24,jorge.ortiz5762@example.com,3199593345
5763,NATURAL,CC,1297381962,,13001,ACTIVO,2024-06-24,yuliana.vega5763@example.com,3948319852
5764,NATURAL,CC,1022936985,,20001,ACTIVO,2024-06-24,beatriz.garcia5764@example.com,3608216653
5765,JURIDICA,NIT,972905715,9,05001,ACTIVO,2024-06-25,contacto5765@example.com,3401067289
5766,NATURAL,CC,1126352634,,11001,ACTIVO,2024-06-25,ignacio.hernandez5766@example.com,3416970907
5767,NATURAL,CC,1195634462,,19001,ACTIVO,2024-06-25,gloria.salazar5767@example.com,3425355228
5768,NATURAL,CC,1268563433,,11001,ACTIVO,2024-06-26,willian.soto5768@example.com,3444438589
5769,NATURAL,CE,374696,,76001,ACTIVO,2024-06-27,jean.garcia5769@example.com,3984851057
5770,NATURAL,CC,1089228946,,76834,ACTIVO,2024-06-28,jose.camargo5770@example.com,3502593735
5771,NATURAL,CE,646596,,05615,ACTIVO,2024-06-28,sandra.pena5771@example.com,3835262297
5772,NATURAL,CC,1045228378,,11001,ACTIVO,2024-06-28,hector.morales5772@example.com,3552113240
5773,JURIDICA,NIT,980796950,3,11001,ACTIVO,2024-06-28,contacto5773@example.com,3002592213
5774,NATURAL,CC,1131801126,,44001,ACTIVO,2024-06-28,nancy.beltran5774@example.com,3249627675
5775,NATURAL,CC,1185738393,,44001,ACTIVO,2024-06-29,julieth.gomez5775@example.com,3474369583
5776,NATURAL,CC,1187693801,,66001,ACTIVO,2024-06-29,marina.lopez5776@example.com,3683001377
5777,NATURAL,CC,1004684653,,11001,ACTIVO,2024-06-29,joan.restrepo5777@example.com,3186118298
5778,JURIDICA,NIT,966861182,0,05001,ACTIVO,2024-06-29,contacto5778@example.com,3572859287
5779,JURIDICA,NIT,969931796,4,68276,ACTIVO,2024-06-29,contacto5779@example.com,3755571174
5780,NATURAL,CC,1065916052,,05001,ACTIVO,2024-07-01,deisy.salas5780@example.com,3824666488
5781,NATURAL,CC,1265869090,,76109,ACTIVO,2024-07-01,gladys.galindo5781@example.com,3534180311
5782,NATURAL,CC,1272077678,,05001,ACTIVO,2024-07-01,blanca.valencia5782@example.com,3931110081
5783,NATURAL,CC,1285676507,,11001,ACTIVO,2024-07-01,gladys.bonilla5783@example.com,3995261290
5784,NATURAL,CC,1028953990,,13001,ACTIVO,2024-07-03,alfredo.avila5784@example.com,3061109658
5785,NATURAL,CC,1283851633,,76834,ACTIVO,2024-07-03,andres.sanchez5785@example.com,3925248021
5786,NATURAL,CC,1198164283,,50001,ACTIVO,2024-07-03,antonio.bermudez5786@example.com,3249467664
5787,NATURAL,CC,1198495350,,05266,ACTIVO,2024-07-04,freddy.fernandez5787@example.com,3224382410
5788,NATURAL,CC,1083767064,,70001,ACTIVO,2024-07-04,arturo.munoz5788@example.com,3335342692
5789,NATURAL,CC,1080882295,,11001,ACTIVO,2024-07-04,dayana.benavides5789@example.com,3145565778
5790,NATURAL,CC,1142644293,,05001,ACTIVO,2024-07-04,alberto.carrillo5790@example.com,3587463378
5791,NATURAL,CC,1028323958,,76001,ACTIVO,2024-07-04,johanna.arevalo5791@example.com,3428517116
5792,JURIDICA,NIT,974335977,2,47001,ACTIVO,2024-07-05,contacto5792@example.com,3701445599
5793,NATURAL,CC,1104942243,,76001,ACTIVO,2024-07-05,,3706738634
5794,NATURAL,CC,1245850774,,76001,ACTIVO,2024-07-05,concepcion.becerra5794@example.com,3132737445
5795,NATURAL,CC,1298647131,,11001,ACTIVO,2024-07-05,paulo.medina5795@example.com,3279912681
5796,JURIDICA,NIT,974028951,5,05001,ACTIVO,2024-07-06,contacto5796@example.com,3568476058
5797,JURIDICA,NIT,986191439,5,11001,ACTIVO,2024-07-06,contacto5797@example.com,3935226632
5798,NATURAL,CC,1280669222,,17001,ACTIVO,2024-07-06,elizabeth.ballesteros5798@example.com,3917850415
5799,NATURAL,CC,1084107699,,68001,ACTIVO,2024-07-08,vanessa.martinez5799@example.com,3573653014
5800,NATURAL,CC,1232151849,,05088,ACTIVO,2024-07-08,ana.ordonez5800@example.com,3863121279
5801,NATURAL,CC,1142296126,,05001,ACTIVO,2024-07-08,alexandra.bonilla5801@example.com,3329546099
5802,NATURAL,CC,1222196806,,76834,ACTIVO,2024-07-08,maria.ramirez5802@example.com,3173003465
5803,NATURAL,CC,1003708485,,54001,ACTIVO,2024-07-08,diego.caro5803@example.com,3245506490
5804,NATURAL,CC,1110399271,,41001,ACTIVO,2024-07-09,arnulfo.sandoval5804@example.com,3552511494
5805,NATURAL,CC,1118035955,,50001,ACTIVO,2024-07-09,claudia.uribe5805@example.com,3997620517
5806,NATURAL,CC,1162152872,,15001,ACTIVO,2024-07-09,fernando.castillo5806@example.com,3910977283
5807,NATURAL,CC,1243478024,,11001,ACTIVO,2024-07-10,julio.soto5807@example.com,3295590501
5808,NATURAL,CC,1070812909,,08001,ACTIVO,2024-07-10,jaime.vanegas5808@example.com,3381318202
5809,NATURAL,CC,1007720435,,08758,ACTIVO,2024-07-11,juan.castillo5809@example.com,3439057732
5810,NATURAL,CC,1205632244,,11001,ACTIVO,2024-07-11,jesus.molina5810@example.com,3996239118
5811,NATURAL,CC,1204477525,,44001,ACTIVO,2024-07-11,fernanda.martinez5811@example.com,3631902534
5812,NATURAL,CC,1210014976,,11001,ACTIVO,2024-07-12,edison.rodriguez5812@example.com,3659067703
5813,NATURAL,CC,1257143832,,66001,ACTIVO,2024-07-12,joaquin.mena5813@example.com,3211902714
5814,NATURAL,CC,1162142849,,47001,ACTIVO,2024-07-12,magdalena.barrios5814@example.com,3746644319
5815,NATURAL,CC,1251256398,,17001,ACTIVO,2024-07-13,jesus.diaz5815@example.com,3692508370
5816,NATURAL,CC,1016170284,,11001,ACTIVO,2024-07-13,david.bermudez5816@example.com,3434227050
5817,NATURAL,CC,1233944251,,11001,ACTIVO,2024-07-13,mario.cardenas5817@example.com,3058751120
5818,NATURAL,CC,1260396702,,08001,ACTIVO,2024-07-13,orlando.pinzon5818@example.com,3734335139
5819,NATURAL,CC,1151160464,,19001,ACTIVO,2024-07-13,antonio.cuellar5819@example.com,3562146191
5820,NATURAL,CC,1136847093,,13001,ACTIVO,2024-07-13,walter.rodriguez5820@example.com,3917410425
5821,NATURAL,CC,1243865266,,52001,ACTIVO,2024-07-13,liliana.murillo5821@example.com,3865383324
5822,JURIDICA,NIT,973112204,7,08001,ACTIVO,2024-07-15,contacto5822@example.com,3396463206
5823,NATURAL,CC,1117370845,,05001,ACTIVO,2024-07-15,alejandro.vargas5823@example.com,3774937180
5824,NATURAL,CC,1200128342,,11001,ACTIVO,2024-07-15,,3995628571
5825,NATURAL,CC,1138804634,,05001,ACTIVO,2024-07-15,patricia.garcia5825@example.com,3426354173
5826,NATURAL,CC,1150960754,,13001,ACTIVO,2024-07-15,stella.cruz5826@example.com,3518423085
5827,NATURAL,CC,1008569596,,13001,ACTIVO,2024-07-16,rosa.molina5827@example.com,3109712059
5828,JURIDICA,NIT,989317493,8,11001,ACTIVO,2024-07-16,contacto5828@example.com,3147487376
5829,NATURAL,CC,1219035603,,11001,ACTIVO,2024-07-16,alexander.lopez5829@example.com,3783761425
5830,JURIDICA,NIT,987982921,2,76001,ACTIVO,2024-07-16,contacto5830@example.com,3174334560
5831,NATURAL,CC,1245282148,,76001,ACTIVO,2024-07-17,luis.palacio5831@example.com,3515352002
5832,NATURAL,CC,1207644560,,27001,ACTIVO,2024-07-18,alberto.lopez5832@example.com,3548436777
5833,NATURAL,CC,1286009243,,50001,ACTIVO,2024-07-18,luisa.becerra5833@example.com,3507737742
5834,JURIDICA,NIT,978857184,3,05266,ACTIVO,2024-07-18,contacto5834@example.com,3216936036
5835,NATURAL,CC,1179907458,,05001,ACTIVO,2024-07-20,andres.ruiz5835@example.com,3610497820
5836,NATURAL,CC,1287747530,,13001,ACTIVO,2024-07-20,estiven.torres5836@example.com,3623372390
5837,NATURAL,CC,1295366716,,76001,ACTIVO,2024-07-22,miguel.salazar5837@example.com,3682344557
5838,NATURAL,CC,1067229307,,68276,ACTIVO,2024-07-22,,3957640428
5839,NATURAL,PPT,5625610,,15238,ACTIVO,2024-07-22,arnulfo.ocampo5839@example.com,3783093474
5840,NATURAL,CC,1252831858,,11001,ACTIVO,2024-07-23,brian.ramirez5840@example.com,3918385566
5841,NATURAL,CC,1259221016,,08758,ACTIVO,2024-07-23,sofia.lopez5841@example.com,3048307020
5842,JURIDICA,NIT,977717337,1,11001,ACTIVO,2024-07-24,contacto5842@example.com,3483814132
5843,NATURAL,CC,1071646827,,76520,ACTIVO,2024-07-25,luz.montoya5843@example.com,3188903796
5844,NATURAL,CC,1044797939,,68001,ACTIVO,2024-07-25,marina.andrade5844@example.com,3357848047
5845,NATURAL,CC,1164334503,,15001,ACTIVO,2024-07-26,alexandra.sanchez5845@example.com,3604968428
5846,NATURAL,CC,1172307809,,08001,ACTIVO,2024-07-26,armando.diaz5846@example.com,3445467473
5847,JURIDICA,NIT,964294716,3,76001,ACTIVO,2024-07-26,contacto5847@example.com,3897405565
5848,NATURAL,CC,1236357841,,08001,ACTIVO,2024-07-29,edith.bolivar5848@example.com,3704158216
5849,JURIDICA,NIT,960355718,6,76001,ACTIVO,2024-07-29,contacto5849@example.com,3098489074
5850,JURIDICA,NIT,987912626,5,17001,ACTIVO,2024-07-29,contacto5850@example.com,3406411553
5851,NATURAL,CC,1265403519,,08001,ACTIVO,2024-07-29,diana.cruz5851@example.com,3603149547
5852,NATURAL,CC,1082290196,,11001,ACTIVO,2024-07-30,luz.villamil5852@example.com,3511284298
5853,JURIDICA,NIT,963390694,7,23001,ACTIVO,2024-08-02,contacto5853@example.com,3381514678
5854,NATURAL,CC,1263954940,,11001,ACTIVO,2024-08-02,marcela.rojas5854@example.com,3905861703
5855,NATURAL,CC,1043120913,,11001,ACTIVO,2024-08-02,karen.hernandez5855@example.com,3877362552
5856,NATURAL,CC,1131422697,,11001,ACTIVO,2024-08-02,monica.erazo5856@example.com,3593713778
5857,NATURAL,CC,1046863202,,17001,ACTIVO,2024-08-03,,3841390613
5858,NATURAL,CC,1008824556,,76001,ACTIVO,2024-08-03,camila.duran5858@example.com,3207703268
5859,JURIDICA,NIT,965878774,1,20001,ACTIVO,2024-08-05,contacto5859@example.com,3392960230
5860,NATURAL,CE,507147,,11001,ACTIVO,2024-08-05,maria.cantillo5860@example.com,3067006274
5861,NATURAL,CC,1202712715,,05088,ACTIVO,2024-08-05,ana.gomez5861@example.com,3491205255
5862,NATURAL,CC,1181736340,,05266,ACTIVO,2024-08-05,maria.munoz5862@example.com,3399988233
5863,NATURAL,CC,1275833032,,68001,INACTIVO,2024-08-05,diego.angulo5863@example.com,3604130542
5864,NATURAL,CC,1131215182,,11001,ACTIVO,2024-08-06,jorge.barrera5864@example.com,3171262905
5865,NATURAL,CC,1021579495,,17174,INACTIVO,2024-08-06,pablo.gomez5865@example.com,3843728566
5866,JURIDICA,NIT,973120187,3,20001,ACTIVO,2024-08-06,contacto5866@example.com,3211397902
5867,NATURAL,CC,1140543892,,11001,ACTIVO,2024-08-06,angelica.morales5867@example.com,3602132634
5868,NATURAL,CC,1193944150,,11001,ACTIVO,2024-08-06,diego.marin5868@example.com,3477939947
5869,NATURAL,CC,1226173249,,47001,ACTIVO,2024-08-06,lorenzo.munoz5869@example.com,3891583376
5870,NATURAL,CC,1220264865,,05001,ACTIVO,2024-08-06,ligia.hernandez5870@example.com,3931548745
5871,NATURAL,CC,1037772176,,05088,ACTIVO,2024-08-06,yolanda.pinto5871@example.com,3135976847
5872,JURIDICA,NIT,986623237,1,05266,ACTIVO,2024-08-07,contacto5872@example.com,3440428904
5873,NATURAL,CC,1297255128,,76001,ACTIVO,2024-08-07,jose.escobar5873@example.com,3584792869
5874,NATURAL,CC,1237994563,,52001,ACTIVO,2024-08-07,andres.morales5874@example.com,3159026757
5875,NATURAL,CC,1133172448,,95001,ACTIVO,2024-08-07,socorro.rodriguez5875@example.com,3830027832
5876,NATURAL,CC,1169750400,,20001,ACTIVO,2024-08-08,rocio.suarez5876@example.com,3870966193
5877,NATURAL,CC,1223288364,,11001,ACTIVO,2024-08-08,victoria.rangel5877@example.com,3264150027
5878,NATURAL,CC,1297496697,,25269,ACTIVO,2024-08-08,ana.valencia5878@example.com,3120080075
5879,NATURAL,CC,1199017342,,68001,ACTIVO,2024-08-09,oscar.fernandez5879@example.com,3647512716
5880,NATURAL,CC,1023513891,,23001,ACTIVO,2024-08-09,stiven.londono5880@example.com,3636174533
5881,NATURAL,CC,1290848954,,13430,ACTIVO,2024-08-09,maria.londono5881@example.com,3113019812
5882,NATURAL,CC,1019853032,,05001,ACTIVO,2024-08-12,david.contreras5882@example.com,3879625218
5883,NATURAL,CC,1240607671,,11001,ACTIVO,2024-08-12,cecilia.cardenas5883@example.com,3403432568
5884,NATURAL,CC,1180737741,,11001,INACTIVO,2024-08-12,jennifer.hernandez5884@example.com,3782157619
5885,NATURAL,CC,1160885574,,18001,ACTIVO,2024-08-12,beatriz.vargas5885@example.com,3628911869
5886,NATURAL,CC,1117236885,,08001,ACTIVO,2024-08-12,gilberto.ramos5886@example.com,3264207324
5887,JURIDICA,NIT,982082944,1,63001,ACTIVO,2024-08-12,contacto5887@example.com,3153008354
5888,NATURAL,CC,1239872582,,08001,ACTIVO,2024-08-12,julio.vega5888@example.com,3872691081
5889,NATURAL,CC,1240493053,,20001,ACTIVO,2024-08-12,guillermo.fuentes5889@example.com,3013062355
5890,JURIDICA,NIT,987865446,4,05001,ACTIVO,2024-08-13,contacto5890@example.com,3794434587
5891,NATURAL,CC,1043965197,,76001,ACTIVO,2024-08-13,didier.jimenez5891@example.com,3870764310
5892,NATURAL,CC,1035922454,,11001,ACTIVO,2024-08-13,yuliana.reyes5892@example.com,3596776242
5893,NATURAL,CC,1060562563,,76001,ACTIVO,2024-08-14,octavio.mora5893@example.com,3280671287
5894,NATURAL,CC,1026467209,,11001,ACTIVO,2024-08-14,julia.gutierrez5894@example.com,3579844555
5895,NATURAL,CC,1031460044,,05088,ACTIVO,2024-08-15,yuly.lopez5895@example.com,3666250258
5896,NATURAL,CE,425053,,05360,ACTIVO,2024-08-15,carlos.rivera5896@example.com,3718452778
5897,NATURAL,CC,1144949322,,05001,ACTIVO,2024-08-15,judith.bedoya5897@example.com,3482431011
5898,NATURAL,CC,1160438712,,11001,ACTIVO,2024-08-15,,3853712306
5899,NATURAL,CC,1251525198,,11001,ACTIVO,2024-08-15,marisol.garcia5899@example.com,3258825533
5900,NATURAL,CC,1040077809,,19001,ACTIVO,2024-08-16,,3023850789
5901,NATURAL,CC,1086928427,,13430,ACTIVO,2024-08-16,jaime.palacios5901@example.com,3568331237
5902,JURIDICA,NIT,966577279,9,76001,ACTIVO,2024-08-16,contacto5902@example.com,3918614354
5903,NATURAL,CC,1006871736,,50001,ACTIVO,2024-08-17,fabio.vargas5903@example.com,3248745157
5904,NATURAL,CC,1038176792,,17001,ACTIVO,2024-08-17,milena.nieto5904@example.com,3452123653
5905,NATURAL,CC,1099439957,,76001,ACTIVO,2024-08-19,andres.bautista5905@example.com,3009816753
5906,NATURAL,CC,1192739590,,05001,ACTIVO,2024-08-19,luis.acevedo5906@example.com,3346538203
5907,NATURAL,CC,1226694217,,11001,ACTIVO,2024-08-19,milena.castillo5907@example.com,3743386163
5908,NATURAL,CC,1020894145,,44001,ACTIVO,2024-08-19,,3261080509
5909,NATURAL,CC,1153535956,,88001,ACTIVO,2024-08-19,gloria.torres5909@example.com,3177804448
5910,NATURAL,CC,1005079415,,63001,ACTIVO,2024-08-20,jose.zambrano5910@example.com,3727796034
5911,NATURAL,PA,EK6248979,,66001,ACTIVO,2024-08-20,,3166276080
5912,NATURAL,CC,1167639658,,66170,ACTIVO,2024-08-20,maria.rodriguez5912@example.com,3153133271
5913,NATURAL,CE,565903,,85001,ACTIVO,2024-08-20,,3191458467
5914,NATURAL,CC,1220886055,,52001,ACTIVO,2024-08-22,amalia.velasquez5914@example.com,3475638847
5915,NATURAL,CC,1083681571,,11001,ACTIVO,2024-08-22,angela.rodriguez5915@example.com,3878361401
5916,NATURAL,CC,1197897754,,11001,ACTIVO,2024-08-22,marta.ramirez5916@example.com,3759321938
5917,NATURAL,CC,1010273167,,76001,ACTIVO,2024-08-22,antonio.maldonado5917@example.com,3817626185
5918,NATURAL,CC,1260285112,,11001,ACTIVO,2024-08-22,david.velez5918@example.com,3054114814
5919,NATURAL,CC,1012217587,,05615,ACTIVO,2024-08-23,jorge.jaimes5919@example.com,3515476809
5920,NATURAL,CC,1245234094,,11001,ACTIVO,2024-08-23,rosario.bolanos5920@example.com,3441096651
5921,NATURAL,CC,1044125849,,54001,ACTIVO,2024-08-23,bryan.gomez5921@example.com,3744824115
5922,NATURAL,CC,1266020453,,19001,ACTIVO,2024-08-24,marina.parra5922@example.com,3724706285
5923,NATURAL,CC,1026969827,,05001,ACTIVO,2024-08-24,ligia.gonzalez5923@example.com,3991233605
5924,NATURAL,CC,1184475550,,20001,ACTIVO,2024-08-26,ramiro.campo5924@example.com,3454579119
5925,NATURAL,CC,1093461210,,70001,ACTIVO,2024-08-26,maria.camacho5925@example.com,3171638263
5926,NATURAL,CC,1149390156,,05088,ACTIVO,2024-08-27,yineth.medina5926@example.com,3460366965
5927,NATURAL,CC,1011815382,,11001,ACTIVO,2024-08-28,diana.rodriguez5927@example.com,3017308163
5928,JURIDICA,NIT,980008283,1,11001,ACTIVO,2024-08-28,contacto5928@example.com,3004893060
5929,JURIDICA,NIT,988154029,9,08758,ACTIVO,2024-08-28,contacto5929@example.com,3704161357
5930,NATURAL,CC,1006195877,,08001,ACTIVO,2024-08-28,judith.mendez5930@example.com,3045920690
5931,NATURAL,CC,1128837730,,66001,ACTIVO,2024-08-28,carlos.toro5931@example.com,3822882430
5932,NATURAL,CC,1135100531,,05001,ACTIVO,2024-08-29,carlos.ruiz5932@example.com,3808068655
5933,NATURAL,CC,1058540269,,11001,ACTIVO,2024-08-30,manuel.murcia5933@example.com,3006696639
5934,NATURAL,CC,1231713002,,76001,ACTIVO,2024-08-30,adriana.perez5934@example.com,3802389673
5935,NATURAL,CC,1121004310,,11001,ACTIVO,2024-08-31,veronica.rodriguez5935@example.com,3686883234
5936,NATURAL,CC,1240389035,,11001,ACTIVO,2024-09-02,javier.pena5936@example.com,3075329523
5937,JURIDICA,NIT,968444385,8,68001,ACTIVO,2024-09-02,contacto5937@example.com,3980777987
5938,NATURAL,CC,1021171999,,08001,ACTIVO,2024-09-02,sebastian.andrade5938@example.com,3751226332
5939,JURIDICA,NIT,975935709,3,05360,ACTIVO,2024-09-02,contacto5939@example.com,3452043183
5940,NATURAL,CC,1109046341,,25175,ACTIVO,2024-09-02,carolina.erazo5940@example.com,3554063218
5941,NATURAL,CC,1156033925,,13001,ACTIVO,2024-09-02,maria.bonilla5941@example.com,3685063826
5942,NATURAL,CC,1086277400,,73001,ACTIVO,2024-09-02,andres.camacho5942@example.com,3283790159
5943,NATURAL,CC,1119750474,,08758,ACTIVO,2024-09-02,ever.castillo5943@example.com,3849009722
5944,NATURAL,CC,1042301755,,11001,ACTIVO,2024-09-02,david.zapata5944@example.com,3838954723
5945,NATURAL,CC,1140826514,,68276,ACTIVO,2024-09-02,alfonso.ospina5945@example.com,3605260576
5946,NATURAL,CC,1246997297,,76001,ACTIVO,2024-09-02,astrid.perez5946@example.com,3555971339
5947,NATURAL,CC,1152624131,,11001,ACTIVO,2024-09-02,jairo.medina5947@example.com,3355187834
5948,NATURAL,CC,1218781908,,11001,ACTIVO,2024-09-03,milena.alvarez5948@example.com,3287721780
5949,NATURAL,CC,1158642472,,05001,ACTIVO,2024-09-03,milena.rivas5949@example.com,3823939548
5950,JURIDICA,NIT,973980745,2,11001,ACTIVO,2024-09-03,contacto5950@example.com,3104437888
5951,NATURAL,CC,1248710961,,11001,ACTIVO,2024-09-03,diego.buitrago5951@example.com,3392983287
5952,NATURAL,CC,1101101718,,11001,ACTIVO,2024-09-03,enrique.santos5952@example.com,3667592394
5953,NATURAL,CC,1144094013,,85001,ACTIVO,2024-09-03,veronica.mantilla5953@example.com,3931104047
5954,NATURAL,CC,1299504672,,76001,ACTIVO,2024-09-03,luz.carvajal5954@example.com,3982576274
5955,NATURAL,CC,1068318384,,11001,ACTIVO,2024-09-04,oscar.rojas5955@example.com,3633368173
5956,NATURAL,CC,1158628253,,17873,ACTIVO,2024-09-04,mariana.romero5956@example.com,3595977616
5957,NATURAL,CC,1066367337,,11001,ACTIVO,2024-09-04,jose.gil5957@example.com,3390838747
5958,NATURAL,CC,1233771485,,08758,ACTIVO,2024-09-04,claudia.becerra5958@example.com,3939652938
5959,NATURAL,CC,1239105002,,41001,ACTIVO,2024-09-04,jose.giraldo5959@example.com,3257419749
5960,JURIDICA,NIT,963555656,7,54001,ACTIVO,2024-09-04,contacto5960@example.com,3354599918
5961,NATURAL,CC,1050724227,,11001,ACTIVO,2024-09-04,carolina.hurtado5961@example.com,3684174526
5962,NATURAL,CC,1114511261,,11001,ACTIVO,2024-09-05,francia.mercado5962@example.com,3515789167
5963,NATURAL,CC,1261067876,,19001,ACTIVO,2024-09-05,gustavo.gonzalez5963@example.com,3974053067
5964,JURIDICA,NIT,985969486,9,11001,ACTIVO,2024-09-05,contacto5964@example.com,3474039205
5965,NATURAL,CC,1258059977,,76001,ACTIVO,2024-09-05,alejandro.suarez5965@example.com,3433123179
5966,NATURAL,CC,1135513709,,08758,ACTIVO,2024-09-05,jorge.rivera5966@example.com,3304866279
5967,NATURAL,CC,1016986482,,76001,ACTIVO,2024-09-05,ana.galvis5967@example.com,3576215651
5968,NATURAL,CC,1038760757,,11001,ACTIVO,2024-09-05,juan.escobar5968@example.com,3065831388
5969,NATURAL,CC,1241635915,,11001,ACTIVO,2024-09-05,david.arteaga5969@example.com,3412208089
5970,NATURAL,CC,1136409620,,76001,ACTIVO,2024-09-06,alejandra.lopez5970@example.com,3206745483
5971,NATURAL,CC,1066287108,,05001,ACTIVO,2024-09-07,martha.sanchez5971@example.com,3567225951
5972,NATURAL,CC,1128844836,,85001,ACTIVO,2024-09-07,diego.cruz5972@example.com,3978817967
5973,NATURAL,CC,1172247516,,88001,ACTIVO,2024-09-07,katherine.cardozo5973@example.com,3311340947
5974,NATURAL,CC,1271290426,,85001,ACTIVO,2024-09-07,alexis.ortega5974@example.com,3824232496
5975,JURIDICA,NIT,974082140,8,68001,ACTIVO,2024-09-07,contacto5975@example.com,3661193105
5976,NATURAL,CC,1173139640,,76109,ACTIVO,2024-09-09,andres.rodriguez5976@example.com,3295375590
5977,NATURAL,CC,1204179578,,76001,ACTIVO,2024-09-09,aldair.loaiza5977@example.com,3533095601
5978,NATURAL,CC,1056944563,,05001,ACTIVO,2024-09-09,,3723845038
5979,NATURAL,PA,KB1803826,,11001,ACTIVO,2024-09-09,cecilia.rodriguez5979@example.com,3466273978
5980,NATURAL,CC,1093542648,,13001,ACTIVO,2024-09-09,luis.arevalo5980@example.com,3860189100
5981,JURIDICA,NIT,978815726,5,11001,ACTIVO,2024-09-09,contacto5981@example.com,3687869108
5982,NATURAL,CE,207255,,52001,ACTIVO,2024-09-09,,3650977063
5983,NATURAL,CC,1275878523,,23001,ACTIVO,2024-09-09,pedro.riascos5983@example.com,3023231800
5984,NATURAL,CC,1238827510,,76001,ACTIVO,2024-09-10,maria.arboleda5984@example.com,3777458357
5985,NATURAL,CC,1003871063,,11001,ACTIVO,2024-09-10,alvaro.arrieta5985@example.com,3576083475
5986,NATURAL,CC,1273989888,,05360,ACTIVO,2024-09-10,alfonso.correa5986@example.com,3819739037
5987,NATURAL,CC,1069098196,,05088,ACTIVO,2024-09-10,maria.rodriguez5987@example.com,3231622115
5988,NATURAL,CC,1130613935,,11001,ACTIVO,2024-09-10,aura.padilla5988@example.com,3869124341
5989,NATURAL,CC,1015438507,,76109,ACTIVO,2024-09-11,anderson.paez5989@example.com,3178298242
5990,JURIDICA,NIT,981579695,3,13001,ACTIVO,2024-09-11,contacto5990@example.com,3092307211
5991,JURIDICA,NIT,961819332,3,66170,ACTIVO,2024-09-11,contacto5991@example.com,3120113199
5992,JURIDICA,NIT,967000067,1,50001,ACTIVO,2024-09-12,contacto5992@example.com,3733217177
5993,NATURAL,CC,1289668610,,05266,ACTIVO,2024-09-12,esperanza.camacho5993@example.com,3573997190
5994,NATURAL,CC,1066965103,,88001,ACTIVO,2024-09-12,cecilia.buitrago5994@example.com,3384464086
5995,NATURAL,CC,1281662414,,76001,ACTIVO,2024-09-12,vanessa.zapata5995@example.com,3423361734
5996,NATURAL,CC,1199792813,,11001,ACTIVO,2024-09-12,margoth.salcedo5996@example.com,3553770073
5997,NATURAL,CC,1182858490,,76001,ACTIVO,2024-09-13,jose.arenas5997@example.com,3419959247
5998,NATURAL,CC,1068634539,,05001,ACTIVO,2024-09-13,alberto.lara5998@example.com,3241621336
5999,JURIDICA,NIT,972011771,4,13001,ACTIVO,2024-09-14,contacto5999@example.com,3363431178
6000,NATURAL,CC,1032912053,,11001,ACTIVO,2024-09-14,jose.perez6000@example.com,3298859282
6001,NATURAL,CC,1087435098,,08758,ACTIVO,2024-09-14,fernando.hernandez6001@example.com,3278601503
6002,NATURAL,CC,1033072838,,76520,ACTIVO,2024-09-14,teresa.nino6002@example.com,3679487726
6003,NATURAL,CC,1014310626,,08758,ACTIVO,2024-09-14,claudia.valencia6003@example.com,3438545786
6004,NATURAL,CC,1155236931,,76001,ACTIVO,2024-09-16,anderson.silva6004@example.com,3663131441
6005,NATURAL,CC,1056405745,,05001,ACTIVO,2024-09-16,angie.caro6005@example.com,3797530110
6006,NATURAL,CC,1078670720,,08758,ACTIVO,2024-09-16,jhon.villamizar6006@example.com,3852994639
6007,JURIDICA,NIT,965837908,6,54001,ACTIVO,2024-09-16,contacto6007@example.com,3030257448
6008,NATURAL,CC,1291825426,,25175,ACTIVO,2024-09-16,gloria.rodriguez6008@example.com,3359634035
6009,JURIDICA,NIT,979073985,4,11001,ACTIVO,2024-09-16,contacto6009@example.com,3104314218
6010,NATURAL,CC,1205174458,,11001,INACTIVO,2024-09-16,maria.restrepo6010@example.com,3786759297
6011,NATURAL,CC,1299707607,,11001,ACTIVO,2024-09-16,maria.murcia6011@example.com,3011043714
6012,NATURAL,CC,1184007200,,68001,ACTIVO,2024-09-16,gloria.martinez6012@example.com,3452687903
6013,NATURAL,CC,1193549253,,05266,ACTIVO,2024-09-16,omaira.rojas6013@example.com,3286505619
6014,NATURAL,CC,1048535997,,05001,ACTIVO,2024-09-16,concepcion.alvarez6014@example.com,3958404465
6015,NATURAL,CC,1043304144,,97001,ACTIVO,2024-09-17,,3521833011
6016,NATURAL,CC,1146265931,,17001,ACTIVO,2024-09-17,ana.ortiz6016@example.com,3079134749
6017,NATURAL,CC,1203132463,,20001,ACTIVO,2024-09-17,felipe.mendez6017@example.com,3473271969
6018,NATURAL,CC,1141084269,,05360,ACTIVO,2024-09-17,stella.ruiz6018@example.com,3457911332
6019,JURIDICA,NIT,967194253,7,11001,ACTIVO,2024-09-17,contacto6019@example.com,3854205161
6020,NATURAL,CC,1155582387,,05001,ACTIVO,2024-09-17,andres.gonzalez6020@example.com,3209808483
6021,NATURAL,CC,1001213374,,11001,ACTIVO,2024-09-17,ines.ramirez6021@example.com,3811306371
6022,NATURAL,CC,1112466398,,11001,ACTIVO,2024-09-17,alberto.valencia6022@example.com,3291403079
6023,NATURAL,CC,1112251351,,66001,ACTIVO,2024-09-18,luis.cuellar6023@example.com,3815082541
6024,NATURAL,CC,1226709395,,11001,ACTIVO,2024-09-18,,3730728538
6025,NATURAL,CC,1244266445,,66170,ACTIVO,2024-09-18,marlon.garcia6025@example.com,3386837589
6026,NATURAL,CC,1061514017,,91001,ACTIVO,2024-09-18,paola.ospina6026@example.com,3721508006
6027,NATURAL,CE,321389,,08001,ACTIVO,2024-09-19,juan.bohorquez6027@example.com,3977559821
6028,NATURAL,CC,1023714692,,47001,ACTIVO,2024-09-19,cristian.rojas6028@example.com,3634141578
6029,NATURAL,CC,1133546457,,11001,ACTIVO,2024-09-19,maria.loaiza6029@example.com,3455900642
6030,NATURAL,PA,FP4635933,,05001,ACTIVO,2024-09-19,maria.perez6030@example.com,3962412073
6031,NATURAL,CC,1068037138,,05001,ACTIVO,2024-09-20,milena.uribe6031@example.com,3652337158
6032,NATURAL,CC,1160688189,,76001,ACTIVO,2024-09-20,patricia.rojas6032@example.com,3765020235
6033,NATURAL,CC,1225591730,,05001,ACTIVO,2024-09-20,sandra.ortiz6033@example.com,3285698398
6034,JURIDICA,NIT,963428768,1,99001,ACTIVO,2024-09-20,contacto6034@example.com,3325311231
6035,NATURAL,CC,1011126328,,66170,ACTIVO,2024-09-21,alonso.leon6035@example.com,3104356064
6036,NATURAL,CC,1054430456,,05001,ACTIVO,2024-09-21,yulieth.rodriguez6036@example.com,3268129609
6037,NATURAL,CC,1190006139,,47001,ACTIVO,2024-09-21,,3168791693
6038,NATURAL,CC,1108977140,,20001,ACTIVO,2024-09-21,mabel.espinosa6038@example.com,3090679910
6039,NATURAL,CC,1009478976,,76001,ACTIVO,2024-09-23,rosa.hernandez6039@example.com,3011840465
6040,NATURAL,CC,1039013844,,68001,ACTIVO,2024-09-23,luz.orozco6040@example.com,3527841488
6041,JURIDICA,NIT,971656804,3,11001,ACTIVO,2024-09-23,contacto6041@example.com,3642231418
6042,NATURAL,CC,1197690640,,73001,ACTIVO,2024-09-23,juan.sepulveda6042@example.com,3009188832
6043,NATURAL,CC,1043311881,,54001,ACTIVO,2024-09-23,karen.melo6043@example.com,3181802897
6044,NATURAL,CC,1203969559,,11001,ACTIVO,2024-09-23,,3596780835
6045,JURIDICA,NIT,986189065,8,76001,ACTIVO,2024-09-23,contacto6045@example.com,3192978699
6046,NATURAL,CC,1266004131,,08758,ACTIVO,2024-09-24,manuel.herrera6046@example.com,3200656616
6047,NATURAL,CC,1085530668,,20001,ACTIVO,2024-09-25,isabel.palacio6047@example.com,3170284337
6048,NATURAL,CC,1033821461,,08001,ACTIVO,2024-09-25,rosa.contreras6048@example.com,3368233514
6049,NATURAL,CC,1065263459,,11001,ACTIVO,2024-09-25,,3440509025
6050,NATURAL,CC,1108413056,,13001,ACTIVO,2024-09-25,isabel.velez6050@example.com,3358147044
6051,NATURAL,CC,1257507457,,11001,ACTIVO,2024-09-25,,3486655947
6052,NATURAL,CC,1156590629,,25269,ACTIVO,2024-09-25,,3103985166
6053,NATURAL,CC,1116353111,,05615,ACTIVO,2024-09-26,martha.restrepo6053@example.com,3970352211
6054,NATURAL,CC,1026935721,,50001,ACTIVO,2024-09-26,,3417111844
6055,NATURAL,CC,1220832658,,05001,ACTIVO,2024-09-26,jose.zapata6055@example.com,3265446746
6056,NATURAL,CE,916573,,63001,ACTIVO,2024-09-26,harvey.salamanca6056@example.com,3834029193
6057,NATURAL,CC,1188009490,,11001,ACTIVO,2024-09-26,alexandra.lopez6057@example.com,3044096208
6058,JURIDICA,NIT,960580512,1,05001,ACTIVO,2024-09-26,contacto6058@example.com,3804718436
6059,NATURAL,CC,1174220417,,15238,ACTIVO,2024-09-26,luisa.reyes6059@example.com,3879598268
6060,NATURAL,CC,1111949116,,11001,ACTIVO,2024-09-26,alexander.sanchez6060@example.com,3080834086
6061,NATURAL,CC,1187522068,,11001,ACTIVO,2024-09-26,alberto.hernandez6061@example.com,3141333192
6062,NATURAL,CC,1291048849,,11001,ACTIVO,2024-09-27,jose.martinez6062@example.com,3656742596
6063,NATURAL,CC,1244244125,,11001,ACTIVO,2024-09-28,,3653328898
6064,NATURAL,CC,1031927293,,11001,ACTIVO,2024-09-28,fidel.ordonez6064@example.com,3546394018
6065,NATURAL,CC,1097177071,,11001,ACTIVO,2024-09-30,maria.hernandez6065@example.com,3328288107
6066,NATURAL,CC,1161218164,,85001,ACTIVO,2024-09-30,patricia.gonzalez6066@example.com,3874548193
6067,NATURAL,CC,1172421595,,11001,ACTIVO,2024-09-30,gloria.mosquera6067@example.com,3969064977
6068,NATURAL,CC,1064901057,,76834,ACTIVO,2024-09-30,brayan.delgado6068@example.com,3776704547
6069,NATURAL,CC,1223724852,,50001,ACTIVO,2024-09-30,claudia.orjuela6069@example.com,3825912312
6070,NATURAL,CC,1097684332,,11001,ACTIVO,2024-09-30,santos.salgado6070@example.com,3758647883
6071,NATURAL,CC,1143375110,,05001,ACTIVO,2024-10-01,carolina.granados6071@example.com,3518638131
6072,NATURAL,CC,1234252808,,05001,ACTIVO,2024-10-01,cristian.renteria6072@example.com,3015936932
6073,NATURAL,CC,1153467288,,11001,ACTIVO,2024-10-01,federico.ardila6073@example.com,3489204403
6074,NATURAL,CC,1006470575,,52001,ACTIVO,2024-10-02,mercedes.suarez6074@example.com,3037738896
6075,JURIDICA,NIT,982855368,7,11001,ACTIVO,2024-10-02,contacto6075@example.com,3086517555
6076,NATURAL,CC,1107979705,,11001,ACTIVO,2024-10-02,stella.ramos6076@example.com,3820965724
6077,NATURAL,CC,1039711605,,41001,ACTIVO,2024-10-02,dario.mosquera6077@example.com,3804847225
6078,NATURAL,CC,1126047087,,11001,ACTIVO,2024-10-03,augusto.agudelo6078@example.com,3010753961
6079,NATURAL,CC,1028841320,,25175,ACTIVO,2024-10-03,camila.camargo6079@example.com,3019990335
6080,NATURAL,CC,1091103942,,11001,ACTIVO,2024-10-03,diego.rojas6080@example.com,3151848147
6081,JURIDICA,NIT,974212145,3,81001,ACTIVO,2024-10-03,contacto6081@example.com,3902370932
6082,JURIDICA,NIT,964607164,3,05001,ACTIVO,2024-10-03,contacto6082@example.com,3946080295
6083,NATURAL,CC,1271636020,,86001,ACTIVO,2024-10-04,cristian.gonzalez6083@example.com,3839282104
6084,JURIDICA,NIT,983200515,6,05088,ACTIVO,2024-10-04,contacto6084@example.com,3310852268
6085,NATURAL,CC,1225706915,,68276,ACTIVO,2024-10-04,argemiro.lozano6085@example.com,3406111350
6086,NATURAL,CC,1185360383,,05001,INACTIVO,2024-10-05,freddy.mosquera6086@example.com,3798745161
6087,NATURAL,CC,1224855686,,15238,ACTIVO,2024-10-05,antonio.valencia6087@example.com,3625161103
6088,NATURAL,PPT,6737887,,11001,ACTIVO,2024-10-05,natalia.ramirez6088@example.com,3288945745
6089,NATURAL,CC,1001947800,,13001,ACTIVO,2024-10-07,jose.gomez6089@example.com,3804883161
6090,NATURAL,CC,1136647329,,47001,ACTIVO,2024-10-07,andres.perez6090@example.com,3765296246
6091,NATURAL,CC,1220841900,,11001,ACTIVO,2024-10-07,angel.serna6091@example.com,3585937477
6092,NATURAL,CC,1086210842,,19001,ACTIVO,2024-10-07,oscar.gallego6092@example.com,3622071419
6093,NATURAL,CC,1194154663,,50001,ACTIVO,2024-10-07,luz.ayala6093@example.com,3586221365
6094,NATURAL,CC,1222022177,,11001,ACTIVO,2024-10-07,,3621769967
6095,NATURAL,CC,1224307820,,66001,ACTIVO,2024-10-07,enrique.hernandez6095@example.com,3352127384
6096,NATURAL,PPT,5786117,,50001,ACTIVO,2024-10-07,yeimy.sanabria6096@example.com,3639366971
6097,NATURAL,CC,1242589383,,13001,ACTIVO,2024-10-08,esperanza.padilla6097@example.com,3858679236
6098,NATURAL,CC,1015749954,,13001,ACTIVO,2024-10-08,luz.martinez6098@example.com,3125256086
6099,NATURAL,CC,1030984983,,05001,ACTIVO,2024-10-08,janeth.quintero6099@example.com,3877356139
6100,NATURAL,CC,1004814204,,76834,ACTIVO,2024-10-08,fernanda.ramirez6100@example.com,3387572319
6101,JURIDICA,NIT,983551389,1,11001,ACTIVO,2024-10-08,contacto6101@example.com,3266325832
6102,NATURAL,CC,1220017114,,08001,ACTIVO,2024-10-08,olga.carvajal6102@example.com,3242793618
6103,JURIDICA,NIT,988057592,9,73001,ACTIVO,2024-10-09,contacto6103@example.com,3175974540
6104,NATURAL,CC,1096494621,,05001,ACTIVO,2024-10-09,joan.roa6104@example.com,3705836318
6105,NATURAL,CC,1238169410,,17001,ACTIVO,2024-10-09,margarita.sarmiento6105@example.com,3868112501
6106,NATURAL,CC,1025225566,,11001,ACTIVO,2024-10-09,javier.ayala6106@example.com,3788968509
6107,NATURAL,CC,1245353510,,11001,ACTIVO,2024-10-09,vladimir.franco6107@example.com,3664197333
6108,NATURAL,CC,1087926518,,23001,ACTIVO,2024-10-09,andres.giraldo6108@example.com,3097624953
6109,NATURAL,CC,1114269555,,11001,ACTIVO,2024-10-09,myriam.vargas6109@example.com,3276789400
6110,NATURAL,CC,1290420439,,11001,ACTIVO,2024-10-09,carmen.vasquez6110@example.com,3602102470
6111,JURIDICA,NIT,972099197,4,08001,ACTIVO,2024-10-09,contacto6111@example.com,3083829879
6112,JURIDICA,NIT,980188266,5,13001,ACTIVO,2024-10-10,contacto6112@example.com,3443976450
6113,NATURAL,CC,1269941295,,11001,ACTIVO,2024-10-10,kelly.calderon6113@example.com,3879705811
6114,NATURAL,CC,1059820410,,11001,ACTIVO,2024-10-10,efren.padilla6114@example.com,3853347928
6115,NATURAL,CC,1044089749,,05001,ACTIVO,2024-10-10,,3677927360
6116,NATURAL,CC,1266710765,,05001,ACTIVO,2024-10-10,,3621641820
6117,NATURAL,CC,1151654563,,11001,ACTIVO,2024-10-11,claudia.henao6117@example.com,3453108959
6118,NATURAL,CC,1036916683,,25175,ACTIVO,2024-10-11,,3020152179
6119,NATURAL,CC,1289316690,,17001,ACTIVO,2024-10-12,arnulfo.burbano6119@example.com,3957531928
6120,NATURAL,CC,1291561852,,05001,ACTIVO,2024-10-12,susana.contreras6120@example.com,3858689547
6121,NATURAL,CC,1158288334,,73001,ACTIVO,2024-10-14,edisson.villamil6121@example.com,3069555306
6122,NATURAL,CC,1117330010,,76834,ACTIVO,2024-10-14,jose.meneses6122@example.com,3486528277
6123,NATURAL,CC,1026955404,,76001,ACTIVO,2024-10-14,paola.restrepo6123@example.com,3687377808
6124,JURIDICA,NIT,972235731,1,11001,ACTIVO,2024-10-14,contacto6124@example.com,3207829713
6125,NATURAL,CC,1269356750,,50001,ACTIVO,2024-10-14,lizeth.rojas6125@example.com,3027322364
6126,NATURAL,CC,1244527487,,17001,ACTIVO,2024-10-14,,3218182384
6127,NATURAL,CC,1213905831,,63001,ACTIVO,2024-10-15,fernando.vallejo6127@example.com,3795843435
6128,NATURAL,CC,1223783612,,05088,ACTIVO,2024-10-15,carlos.ramirez6128@example.com,3181556540
6129,JURIDICA,NIT,961314585,1,76001,ACTIVO,2024-10-15,contacto6129@example.com,3388607780
6130,NATURAL,CC,1054341163,,68001,ACTIVO,2024-10-15,carlos.gomez6130@example.com,3570287891
6131,NATURAL,CC,1160289565,,94001,ACTIVO,2024-10-16,diana.fernandez6131@example.com,3198342755
6132,NATURAL,CC,1250440464,,11001,ACTIVO,2024-10-16,sara.henao6132@example.com,3743590860
6133,NATURAL,CC,1128026424,,05088,ACTIVO,2024-10-16,elizabeth.pena6133@example.com,3989760617
6134,NATURAL,CC,1059245122,,11001,ACTIVO,2024-10-16,mary.castro6134@example.com,3168920194
6135,NATURAL,CC,1077879125,,11001,ACTIVO,2024-10-16,claudia.buitrago6135@example.com,3836556448
6136,NATURAL,CC,1117967981,,15001,ACTIVO,2024-10-16,karen.lopez6136@example.com,3778590508
6137,JURIDICA,NIT,988598712,7,05001,ACTIVO,2024-10-17,contacto6137@example.com,3471378748
6138,NATURAL,CC,1158928594,,76834,ACTIVO,2024-10-17,edgar.pena6138@example.com,3664576349
6139,NATURAL,CC,1269011175,,11001,ACTIVO,2024-10-17,luis.yepes6139@example.com,3848286899
6140,NATURAL,CC,1018055531,,11001,ACTIVO,2024-10-17,,3259819190
6141,NATURAL,CC,1001929445,,76001,ACTIVO,2024-10-17,camila.ortiz6141@example.com,3280214136
6142,NATURAL,CC,1147992163,,15238,ACTIVO,2024-10-17,luz.daza6142@example.com,3737245807
6143,NATURAL,CC,1168437524,,05088,ACTIVO,2024-10-17,carlos.gomez6143@example.com,3733270071
6144,NATURAL,CC,1158170508,,08001,ACTIVO,2024-10-17,alexander.gonzalez6144@example.com,3540553746
6145,NATURAL,CC,1178980815,,50001,ACTIVO,2024-10-18,andres.sanchez6145@example.com,3600805882
6146,NATURAL,CC,1095363086,,11001,ACTIVO,2024-10-18,michael.gutierrez6146@example.com,3812906296
6147,NATURAL,CC,1066904955,,13430,ACTIVO,2024-10-18,santiago.mejia6147@example.com,3017704516
6148,NATURAL,CC,1197045283,,08758,ACTIVO,2024-10-18,yenny.guerrero6148@example.com,3775592945
6149,NATURAL,CC,1053919521,,05001,ACTIVO,2024-10-18,edwar.caicedo6149@example.com,3871087594
6150,NATURAL,CC,1222564265,,11001,ACTIVO,2024-10-18,fabian.carrillo6150@example.com,3303557947
6151,NATURAL,CC,1129062629,,76001,ACTIVO,2024-10-19,marcela.parra6151@example.com,3659061889
6152,NATURAL,CC,1290089267,,68001,ACTIVO,2024-10-19,maria.polo6152@example.com,3468342542
6153,NATURAL,CC,1185543847,,08001,ACTIVO,2024-10-21,valentina.moreno6153@example.com,3818277709
6154,NATURAL,CC,1298269601,,11001,ACTIVO,2024-10-21,maria.guzman6154@example.com,3372276291
6155,NATURAL,CC,1297383788,,05001,ACTIVO,2024-10-21,victor.miranda6155@example.com,3478343084
6156,NATURAL,CC,1221550102,,11001,ACTIVO,2024-10-21,juan.guerrero6156@example.com,3925114353
6157,NATURAL,CC,1039639979,,11001,ACTIVO,2024-10-21,,3008098737
6158,NATURAL,CC,1203793670,,76109,ACTIVO,2024-10-21,ivonne.rodriguez6158@example.com,3331285339
6159,JURIDICA,NIT,982930112,1,66001,ACTIVO,2024-10-21,contacto6159@example.com,3656589886
6160,JURIDICA,NIT,983737814,9,27001,ACTIVO,2024-10-22,contacto6160@example.com,3817438459
6161,JURIDICA,NIT,986824749,1,66170,ACTIVO,2024-10-22,contacto6161@example.com,3789008156
6162,JURIDICA,NIT,986755998,2,44001,ACTIVO,2024-10-22,contacto6162@example.com,3298831865
6163,NATURAL,CC,1183769814,,11001,ACTIVO,2024-10-22,angel.gutierrez6163@example.com,3061736442
6164,NATURAL,CC,1232925464,,50001,ACTIVO,2024-10-22,eliecer.garcia6164@example.com,3273385399
6165,NATURAL,CC,1258087646,,13001,ACTIVO,2024-10-22,sneider.vargas6165@example.com,3085579198
6166,NATURAL,CC,1155178191,,17001,ACTIVO,2024-10-23,maria.orozco6166@example.com,3624049751
6167,NATURAL,CC,1035080631,,76109,ACTIVO,2024-10-23,isabel.bonilla6167@example.com,3679469938
6168,NATURAL,CC,1211883596,,25175,ACTIVO,2024-10-23,lucia.gomez6168@example.com,3381508925
6169,NATURAL,CC,1101653126,,11001,ACTIVO,2024-10-23,angel.rivera6169@example.com,3319209318
6170,NATURAL,CC,1204853461,,15001,ACTIVO,2024-10-23,,3455350840
6171,JURIDICA,NIT,982371082,8,11001,ACTIVO,2024-10-23,contacto6171@example.com,3796036150
6172,NATURAL,CC,1099463297,,20001,ACTIVO,2024-10-23,leidy.buitrago6172@example.com,3962858095
6173,NATURAL,CC,1233445722,,11001,ACTIVO,2024-10-23,,3497590556
6174,NATURAL,CC,1068070886,,08758,ACTIVO,2024-10-24,daniela.agudelo6174@example.com,3242261449
6175,JURIDICA,NIT,977103245,5,76109,ACTIVO,2024-10-24,contacto6175@example.com,3466314281
6176,NATURAL,CE,325547,,76001,ACTIVO,2024-10-24,nohora.arenas6176@example.com,3870511898
6177,JURIDICA,NIT,960202987,4,85001,ACTIVO,2024-10-25,contacto6177@example.com,3516245615
6178,NATURAL,CC,1178903146,,66001,ACTIVO,2024-10-25,claudia.moreno6178@example.com,3765025771
6179,NATURAL,CC,1018451605,,73001,ACTIVO,2024-10-25,,3095900763
6180,JURIDICA,NIT,983003520,9,13001,ACTIVO,2024-10-25,contacto6180@example.com,3554517836
6181,JURIDICA,NIT,986311490,8,76001,ACTIVO,2024-10-26,contacto6181@example.com,3695164690
6182,NATURAL,CC,1166422866,,76001,ACTIVO,2024-10-26,camila.ospina6182@example.com,3226190619
6183,JURIDICA,NIT,972171478,6,47001,ACTIVO,2024-10-28,contacto6183@example.com,3775074536
6184,NATURAL,CC,1128062354,,76834,ACTIVO,2024-10-28,edith.garcia6184@example.com,3762485430
6185,NATURAL,CC,1144893738,,11001,ACTIVO,2024-10-28,daniel.mercado6185@example.com,3682933805
6186,NATURAL,CC,1059309043,,11001,ACTIVO,2024-10-28,fernando.rengifo6186@example.com,3632642777
6187,NATURAL,CC,1174108571,,23001,ACTIVO,2024-10-28,camila.vergara6187@example.com,3249412107
6188,NATURAL,CC,1197994282,,23001,ACTIVO,2024-10-28,,3024757983
6189,JURIDICA,NIT,979720249,8,11001,ACTIVO,2024-10-28,contacto6189@example.com,3338943090
6190,NATURAL,CC,1275257459,,05001,ACTIVO,2024-10-28,mary.lopez6190@example.com,3580874249
6191,NATURAL,CC,1068088692,,11001,ACTIVO,2024-10-28,cesar.salas6191@example.com,3110247938
6192,NATURAL,CC,1289681449,,11001,ACTIVO,2024-10-28,augusto.galeano6192@example.com,3241014481
6193,NATURAL,CC,1156076328,,08001,ACTIVO,2024-10-29,jaime.ramirez6193@example.com,3572740979
6194,JURIDICA,NIT,987965050,0,11001,ACTIVO,2024-10-29,contacto6194@example.com,3277262400
6195,JURIDICA,NIT,984293925,4,05360,ACTIVO,2024-10-29,contacto6195@example.com,3764695446
6196,NATURAL,CC,1018435149,,15001,ACTIVO,2024-10-30,johanna.duque6196@example.com,3675369246
6197,NATURAL,CC,1120827832,,25126,ACTIVO,2024-10-30,cesar.mosquera6197@example.com,3893857059
6198,NATURAL,CC,1187102956,,17001,ACTIVO,2024-10-30,,3793296452
6199,NATURAL,CC,1167876452,,47001,ACTIVO,2024-10-31,alvaro.florez6199@example.com,3381789970
6200,NATURAL,CC,1173132953,,66170,ACTIVO,2024-11-01,lina.arango6200@example.com,3041940373
6201,NATURAL,CC,1240454843,,70001,ACTIVO,2024-11-02,patricia.hurtado6201@example.com,3261725788
6202,NATURAL,CC,1033890066,,76001,ACTIVO,2024-11-02,javier.chavez6202@example.com,3993680021
6203,NATURAL,CC,1228486249,,11001,ACTIVO,2024-11-02,maria.velasquez6203@example.com,3900106647
6204,NATURAL,CC,1058113782,,52001,ACTIVO,2024-11-02,catalina.angulo6204@example.com,3335518678
6205,NATURAL,CC,1161925949,,11001,ACTIVO,2024-11-02,jackeline.aguilar6205@example.com,3464295121
6206,NATURAL,CC,1069313193,,11001,ACTIVO,2024-11-04,jose.aguilar6206@example.com,3553122828
6207,NATURAL,CE,685884,,27001,ACTIVO,2024-11-04,diego.martinez6207@example.com,3959077808
6208,NATURAL,CC,1101430452,,76520,ACTIVO,2024-11-04,fidel.perez6208@example.com,3843509192
6209,NATURAL,CC,1002955285,,76001,ACTIVO,2024-11-04,johnny.ortega6209@example.com,3343279565
6210,NATURAL,CC,1236937529,,11001,ACTIVO,2024-11-04,alba.alvarez6210@example.com,3919315582
6211,NATURAL,CC,1115088450,,05001,ACTIVO,2024-11-04,sandra.perez6211@example.com,3521616056
6212,NATURAL,CE,732846,,25175,ACTIVO,2024-11-04,astrid.lopez6212@example.com,3784627014
6213,JURIDICA,NIT,965934784,5,25175,ACTIVO,2024-11-04,contacto6213@example.com,3027197490
6214,NATURAL,CE,484027,,11001,ACTIVO,2024-11-04,omar.delgado6214@example.com,3440455810
6215,NATURAL,CC,1029186276,,11001,ACTIVO,2024-11-04,rocio.ramirez6215@example.com,3803787138
6216,NATURAL,CC,1021028758,,11001,ACTIVO,2024-11-04,leidy.serna6216@example.com,3993721159
6217,NATURAL,CC,1231981530,,11001,ACTIVO,2024-11-04,,3102647352
6218,JURIDICA,NIT,962092003,6,05001,ACTIVO,2024-11-05,contacto6218@example.com,3896232833
6219,NATURAL,CC,1188293282,,11001,ACTIVO,2024-11-05,aldemar.gaviria6219@example.com,3945875812
6220,NATURAL,CC,1251404566,,66001,ACTIVO,2024-11-05,harold.villamizar6220@example.com,3232317683
6221,NATURAL,CC,1057021568,,11001,ACTIVO,2024-11-05,luis.agudelo6221@example.com,3730996533
6222,NATURAL,CC,1273572440,,11001,ACTIVO,2024-11-06,carmen.diaz6222@example.com,3822885485
6223,NATURAL,CC,1040786047,,11001,ACTIVO,2024-11-06,martha.montoya6223@example.com,3696149902
6224,NATURAL,CC,1179062485,,05001,ACTIVO,2024-11-06,,3314244037
6225,NATURAL,CC,1207999109,,25175,ACTIVO,2024-11-06,martin.ruiz6225@example.com,3733873568
6226,NATURAL,CC,1101767465,,17873,ACTIVO,2024-11-07,ivan.rojas6226@example.com,3818516327
6227,NATURAL,CC,1297837426,,52001,ACTIVO,2024-11-07,gilma.ramirez6227@example.com,3109680782
6228,JURIDICA,NIT,979927556,4,13001,ACTIVO,2024-11-07,contacto6228@example.com,3795583842
6229,NATURAL,CC,1112283221,,25269,ACTIVO,2024-11-08,segundo.arango6229@example.com,3330254646
6230,NATURAL,CC,1038105899,,11001,ACTIVO,2024-11-08,marco.contreras6230@example.com,3167645524
6231,NATURAL,CC,1003977393,,13001,ACTIVO,2024-11-08,marlen.duarte6231@example.com,3652508401
6232,NATURAL,CC,1008469516,,08001,ACTIVO,2024-11-08,luz.estrada6232@example.com,3432015068
6233,NATURAL,CC,1088372124,,11001,ACTIVO,2024-11-08,fernando.ortiz6233@example.com,3058706567
6234,NATURAL,CC,1065317106,,76001,ACTIVO,2024-11-08,ximena.monroy6234@example.com,3179731385
6235,NATURAL,CC,1067097691,,13001,ACTIVO,2024-11-08,carolina.garcia6235@example.com,3241916513
6236,NATURAL,CC,1259440069,,13001,ACTIVO,2024-11-08,dary.ortega6236@example.com,3395815017
6237,NATURAL,CC,1208932840,,13001,ACTIVO,2024-11-09,edilson.castano6237@example.com,3923234438
6238,JURIDICA,NIT,967984517,6,20001,ACTIVO,2024-11-09,contacto6238@example.com,3512317723
6239,NATURAL,CC,1105288397,,05001,ACTIVO,2024-11-09,luis.velasquez6239@example.com,3020091640
6240,NATURAL,CC,1270633251,,11001,ACTIVO,2024-11-09,enrique.angulo6240@example.com,3354591059
6241,NATURAL,CC,1055988459,,25269,ACTIVO,2024-11-11,felipe.castano6241@example.com,3796316219
6242,NATURAL,CC,1086016679,,05360,ACTIVO,2024-11-11,andres.cantillo6242@example.com,3823830417
6243,NATURAL,CC,1259039554,,52001,ACTIVO,2024-11-11,juan.guerrero6243@example.com,3445988697
6244,NATURAL,CC,1166411262,,20001,ACTIVO,2024-11-11,karen.guerrero6244@example.com,3480713991
6245,NATURAL,CC,1174278218,,11001,ACTIVO,2024-11-11,,3389924648
6246,NATURAL,CC,1067817354,,11001,ACTIVO,2024-11-11,mauricio.restrepo6246@example.com,3920945770
6247,NATURAL,CC,1037831759,,11001,ACTIVO,2024-11-11,oscar.lopez6247@example.com,3689376589
6248,NATURAL,CC,1016249998,,85001,ACTIVO,2024-11-11,sandra.ospina6248@example.com,3924475748
6249,NATURAL,CC,1232507710,,11001,ACTIVO,2024-11-12,martha.lopez6249@example.com,3537453905
6250,NATURAL,CC,1068671582,,85001,ACTIVO,2024-11-12,socorro.rodriguez6250@example.com,3793464046
6251,NATURAL,CC,1210851321,,11001,ACTIVO,2024-11-12,adriana.padilla6251@example.com,3513973331
6252,NATURAL,CC,1093888068,,66001,ACTIVO,2024-11-12,carolina.cardona6252@example.com,3263844985
6253,JURIDICA,NIT,972210052,0,11001,ACTIVO,2024-11-12,contacto6253@example.com,3976280372
6254,NATURAL,CC,1234958822,,11001,ACTIVO,2024-11-12,maria.monroy6254@example.com,3994245002
6255,NATURAL,CC,1264239299,,76001,ACTIVO,2024-11-13,yolanda.gil6255@example.com,3231568825
6256,NATURAL,CC,1226910463,,47001,ACTIVO,2024-11-13,carlos.guzman6256@example.com,3655994839
6257,NATURAL,CC,1017681835,,11001,ACTIVO,2024-11-13,vicente.mosquera6257@example.com,3720966495
6258,NATURAL,CC,1182072366,,13001,ACTIVO,2024-11-13,maria.delgado6258@example.com,3001805890
6259,NATURAL,CC,1018733944,,11001,ACTIVO,2024-11-13,alberto.ceballos6259@example.com,3666585627
6260,NATURAL,CE,209246,,20001,ACTIVO,2024-11-13,luis.serrano6260@example.com,3667474181
6261,NATURAL,CC,1195366383,,05001,ACTIVO,2024-11-13,sebastian.narvaez6261@example.com,3790889318
6262,NATURAL,CC,1093816812,,11001,ACTIVO,2024-11-14,yuly.blanco6262@example.com,3297564311
6263,NATURAL,CC,1128386879,,19001,ACTIVO,2024-11-14,carlos.alarcon6263@example.com,3407010517
6264,NATURAL,CC,1100453421,,76001,ACTIVO,2024-11-14,yolanda.ceballos6264@example.com,3860481658
6265,JURIDICA,NIT,982757862,4,73001,ACTIVO,2024-11-14,contacto6265@example.com,3921617350
6266,JURIDICA,NIT,966626500,3,73001,ACTIVO,2024-11-14,contacto6266@example.com,3518530893
6267,NATURAL,CC,1060560022,,11001,ACTIVO,2024-11-15,maria.sanchez6267@example.com,3894381216
6268,NATURAL,CC,1288008027,,11001,ACTIVO,2024-11-15,jose.morales6268@example.com,3840351947
6269,NATURAL,CC,1040614429,,11001,ACTIVO,2024-11-15,carlos.oviedo6269@example.com,3708234270
6270,JURIDICA,NIT,976016430,5,88001,ACTIVO,2024-11-15,contacto6270@example.com,3370963433
6271,NATURAL,CC,1289714263,,23001,ACTIVO,2024-11-15,,3007272520
6272,NATURAL,CC,1126898443,,11001,ACTIVO,2024-11-16,santiago.rincon6272@example.com,3258764608
6273,NATURAL,CC,1028183325,,11001,ACTIVO,2024-11-16,jose.nunez6273@example.com,3875795468
6274,NATURAL,CC,1122697118,,76001,ACTIVO,2024-11-18,nidia.palacio6274@example.com,3186648694
6275,NATURAL,CC,1042013022,,13430,ACTIVO,2024-11-18,sebastian.sepulveda6275@example.com,3226927318
6276,NATURAL,CC,1238722078,,66170,ACTIVO,2024-11-18,daniela.carrillo6276@example.com,3394564147
6277,NATURAL,CC,1005452910,,11001,ACTIVO,2024-11-18,marco.galvis6277@example.com,3817259878
6278,NATURAL,CC,1185862637,,18001,ACTIVO,2024-11-18,javier.barrera6278@example.com,3416212113
6279,NATURAL,CC,1286911954,,68001,ACTIVO,2024-11-18,augusto.romero6279@example.com,3885011092
6280,NATURAL,CC,1078799209,,76001,ACTIVO,2024-11-18,judith.marin6280@example.com,3161072167
6281,NATURAL,CC,1197661695,,13001,ACTIVO,2024-11-19,alexander.ayala6281@example.com,3106414390
6282,NATURAL,CC,1289403642,,25175,ACTIVO,2024-11-19,luis.zuluaga6282@example.com,3907629441
6283,NATURAL,CC,1161132587,,11001,ACTIVO,2024-11-19,maria.cardozo6283@example.com,3885226662
6284,NATURAL,CC,1193562742,,76834,ACTIVO,2024-11-19,juliana.garcia6284@example.com,3843459903
6285,JURIDICA,NIT,982944606,7,20001,ACTIVO,2024-11-20,contacto6285@example.com,3484052386
6286,NATURAL,CC,1195321672,,47001,ACTIVO,2024-11-20,maria.gonzalez6286@example.com,3272213051
6287,JURIDICA,NIT,975767925,7,73001,ACTIVO,2024-11-20,contacto6287@example.com,3040277742
6288,JURIDICA,NIT,969268993,5,13001,ACTIVO,2024-11-20,contacto6288@example.com,3386612538
6289,NATURAL,CC,1033203523,,11001,ACTIVO,2024-11-20,eliana.arias6289@example.com,3831248616
6290,NATURAL,CC,1019525573,,76520,ACTIVO,2024-11-21,lucia.garzon6290@example.com,3804435500
6291,NATURAL,CC,1056114757,,05001,ACTIVO,2024-11-21,,3673585833
6292,NATURAL,CC,1239481926,,50001,ACTIVO,2024-11-21,javier.pena6292@example.com,3868257205
6293,NATURAL,CC,1244955548,,05360,ACTIVO,2024-11-22,danilo.rojas6293@example.com,3498758021
6294,NATURAL,CC,1060579624,,50001,ACTIVO,2024-11-23,angie.galeano6294@example.com,3945209162
6295,NATURAL,CC,1148802431,,11001,ACTIVO,2024-11-23,socorro.correa6295@example.com,3970124433
6296,NATURAL,CC,1041849792,,11001,ACTIVO,2024-11-23,nohora.castro6296@example.com,3163235296
6297,NATURAL,CC,1284906404,,08758,ACTIVO,2024-11-23,angel.torres6297@example.com,3674659223
6298,NATURAL,CC,1146764862,,11001,ACTIVO,2024-11-23,maria.hurtado6298@example.com,3149515640
6299,NATURAL,CC,1257744456,,13001,ACTIVO,2024-11-25,yecid.cruz6299@example.com,3623261721
6300,JURIDICA,NIT,975784456,6,68276,ACTIVO,2024-11-25,contacto6300@example.com,3492589181
6301,NATURAL,CC,1042069187,,13430,ACTIVO,2024-11-25,fabio.villegas6301@example.com,3761031216
6302,NATURAL,CC,1187495354,,11001,ACTIVO,2024-11-25,luis.ortega6302@example.com,3284413554
6303,NATURAL,CC,1007932595,,25269,ACTIVO,2024-11-25,viviana.mendoza6303@example.com,3893370204
6304,NATURAL,CC,1130562658,,68276,ACTIVO,2024-11-25,julio.garcia6304@example.com,3169903396
6305,NATURAL,CC,1237776854,,76001,ACTIVO,2024-11-25,maria.arango6305@example.com,3963562393
6306,NATURAL,CC,1272487384,,88001,ACTIVO,2024-11-25,,3797962346
6307,JURIDICA,NIT,974710419,2,52001,ACTIVO,2024-11-25,contacto6307@example.com,3179482789
6308,NATURAL,CE,708170,,05001,ACTIVO,2024-11-25,juan.cortes6308@example.com,3946258268
6309,NATURAL,CC,1154991443,,11001,ACTIVO,2024-11-25,,3112241069
6310,NATURAL,CC,1290663201,,05001,ACTIVO,2024-11-25,marta.fajardo6310@example.com,3152983673
6311,NATURAL,CC,1190870334,,44001,INACTIVO,2024-11-26,maria.gomez6311@example.com,3147244050
6312,NATURAL,CC,1297279024,,76001,ACTIVO,2024-11-26,arnulfo.torres6312@example.com,3594529310
6313,NATURAL,CC,1110226529,,76520,INACTIVO,2024-11-26,,3433892387
6314,NATURAL,CC,1174018083,,76834,ACTIVO,2024-11-27,luz.ortiz6314@example.com,3648494792
6315,NATURAL,CC,1050438986,,05001,ACTIVO,2024-11-27,leonardo.garcia6315@example.com,3094935049
6316,NATURAL,CC,1095884685,,66170,ACTIVO,2024-11-27,patricia.montenegro6316@example.com,3006001759
6317,NATURAL,CC,1115806431,,05001,ACTIVO,2024-11-27,carlos.mosquera6317@example.com,3261967164
6318,NATURAL,CC,1076098206,,13001,ACTIVO,2024-11-27,maria.miranda6318@example.com,3121800051
6319,NATURAL,CC,1113384162,,11001,ACTIVO,2024-11-27,aura.rodriguez6319@example.com,3950509816
6320,JURIDICA,NIT,972028365,1,11001,ACTIVO,2024-11-28,contacto6320@example.com,3278369624
6321,NATURAL,CC,1003504389,,05088,ACTIVO,2024-11-28,cristian.herrera6321@example.com,3768457880
6322,NATURAL,CC,1205451938,,76520,ACTIVO,2024-11-29,maria.rodriguez6322@example.com,3545265830
6323,JURIDICA,NIT,969915924,3,76834,ACTIVO,2024-11-29,contacto6323@example.com,3215579654
6324,NATURAL,CC,1002979592,,76001,ACTIVO,2024-11-29,libia.torres6324@example.com,3389267541
6325,NATURAL,CC,1285244110,,11001,ACTIVO,2024-11-30,maria.gutierrez6325@example.com,3321585130
6326,NATURAL,CC,1207365861,,11001,ACTIVO,2024-11-30,,3157706513
6327,NATURAL,CC,1136128956,,54001,ACTIVO,2024-11-30,,3956239992
6328,JURIDICA,NIT,974521750,5,76001,ACTIVO,2024-11-30,contacto6328@example.com,3546330042
6329,NATURAL,CC,1014862188,,76520,ACTIVO,2024-11-30,elizabeth.gonzalez6329@example.com,3315635912
6330,NATURAL,CC,1098187357,,08001,ACTIVO,2024-12-02,nohora.marin6330@example.com,3810913000
6331,NATURAL,CE,452942,,11001,ACTIVO,2024-12-02,fernanda.rengifo6331@example.com,3330466192
6332,NATURAL,CC,1008010384,,41001,ACTIVO,2024-12-02,maria.santos6332@example.com,3943864375
6333,NATURAL,CC,1222336300,,68276,ACTIVO,2024-12-02,ricardo.moreno6333@example.com,3042584977
6334,JURIDICA,NIT,969297177,5,11001,ACTIVO,2024-12-02,contacto6334@example.com,3765941919
6335,NATURAL,CC,1085847746,,11001,ACTIVO,2024-12-02,sandra.bermudez6335@example.com,3251576556
6336,NATURAL,CC,1135417294,,05001,ACTIVO,2024-12-02,jose.daza6336@example.com,3002406443
6337,JURIDICA,NIT,966579608,8,11001,ACTIVO,2024-12-02,contacto6337@example.com,3471744252
6338,NATURAL,CC,1209726212,,05001,ACTIVO,2024-12-02,andres.herrera6338@example.com,3029737323
6339,NATURAL,CC,1257083641,,11001,ACTIVO,2024-12-02,cecilia.rodriguez6339@example.com,3856036041
6340,NATURAL,CC,1297297430,,05001,ACTIVO,2024-12-03,leonardo.buitrago6340@example.com,3875011716
6341,NATURAL,CC,1065619122,,13001,ACTIVO,2024-12-03,ernesto.burbano6341@example.com,3556960361
6342,JURIDICA,NIT,988221932,2,05001,ACTIVO,2024-12-04,contacto6342@example.com,3848878141
6343,NATURAL,CC,1119264542,,11001,ACTIVO,2024-12-04,,3200176886
6344,NATURAL,CC,1200460002,,08001,ACTIVO,2024-12-04,laura.espinosa6344@example.com,3433865045
6345,NATURAL,CC,1042244605,,05001,ACTIVO,2024-12-05,carmen.riascos6345@example.com,3614233608
6346,JURIDICA,NIT,983702065,8,11001,ACTIVO,2024-12-05,contacto6346@example.com,3357010685
6347,NATURAL,CC,1219939058,,76001,ACTIVO,2024-12-05,patricia.arias6347@example.com,3943969470
6348,NATURAL,CC,1166240749,,08001,ACTIVO,2024-12-05,aleida.perez6348@example.com,3877512341
6349,NATURAL,CC,1222052097,,76520,ACTIVO,2024-12-05,joan.fajardo6349@example.com,3560270499
6350,NATURAL,CC,1206176394,,66170,ACTIVO,2024-12-06,,3480994034
6351,NATURAL,CC,1164254126,,11001,ACTIVO,2024-12-06,humberto.espinosa6351@example.com,3748991828
6352,NATURAL,CC,1200119810,,13430,ACTIVO,2024-12-06,camila.fajardo6352@example.com,3367649678
6353,NATURAL,CC,1210205575,,15759,ACTIVO,2024-12-06,andres.martinez6353@example.com,3084558428
6354,NATURAL,CC,1293284204,,68001,ACTIVO,2024-12-06,carlos.ruiz6354@example.com,3150786149
6355,NATURAL,CC,1207501280,,13001,ACTIVO,2024-12-06,roberto.diaz6355@example.com,3926800243
6356,NATURAL,CC,1272567244,,25126,ACTIVO,2024-12-07,benjamin.garcia6356@example.com,3098752827
6357,NATURAL,CC,1265646763,,68001,ACTIVO,2024-12-07,mauricio.mora6357@example.com,3528251143
6358,JURIDICA,NIT,962094622,4,11001,ACTIVO,2024-12-07,contacto6358@example.com,3343708831
6359,NATURAL,CC,1022260780,,05001,ACTIVO,2024-12-09,luis.pena6359@example.com,3773371696
6360,JURIDICA,NIT,976797027,1,11001,ACTIVO,2024-12-09,contacto6360@example.com,3238298212
6361,JURIDICA,NIT,984038398,0,11001,ACTIVO,2024-12-09,contacto6361@example.com,3381083931
6362,NATURAL,CC,1115332901,,68001,ACTIVO,2024-12-09,amanda.cruz6362@example.com,3892760789
6363,JURIDICA,NIT,985944913,4,08001,ACTIVO,2024-12-09,contacto6363@example.com,3313763070
6364,NATURAL,CC,1146945613,,05088,ACTIVO,2024-12-10,,3482724352
6365,JURIDICA,NIT,983016611,7,44001,ACTIVO,2024-12-10,contacto6365@example.com,3482237243
6366,NATURAL,CC,1190569889,,05266,ACTIVO,2024-12-10,fredy.serrano6366@example.com,3300245204
6367,NATURAL,CC,1095742662,,54001,INACTIVO,2024-12-10,alexander.sierra6367@example.com,3522333084
6368,NATURAL,CE,736720,,13001,ACTIVO,2024-12-10,fanny.jimenez6368@example.com,3696227533
6369,NATURAL,CC,1121818207,,70001,ACTIVO,2024-12-11,martha.jimenez6369@example.com,3337959728
6370,NATURAL,CC,1085700365,,73001,ACTIVO,2024-12-11,maria.castro6370@example.com,3814432649
6371,NATURAL,CC,1202217083,,15238,INACTIVO,2024-12-12,ramon.bernal6371@example.com,3911214810
6372,NATURAL,CC,1111571753,,76001,ACTIVO,2024-12-12,ramiro.manrique6372@example.com,3308974629
6373,NATURAL,CC,1269095784,,11001,ACTIVO,2024-12-12,alex.cortes6373@example.com,3792178915
6374,NATURAL,CC,1143931540,,11001,ACTIVO,2024-12-13,jairo.renteria6374@example.com,3027694696
6375,NATURAL,CE,198443,,73001,ACTIVO,2024-12-13,magdalena.martinez6375@example.com,3466550855
6376,NATURAL,CC,1046168749,,76001,ACTIVO,2024-12-13,liliana.leon6376@example.com,3954928236
6377,JURIDICA,NIT,984737030,5,68276,ACTIVO,2024-12-13,contacto6377@example.com,3540343405
6378,NATURAL,CE,222890,,05001,ACTIVO,2024-12-13,luis.jaramillo6378@example.com,3388475956
6379,JURIDICA,NIT,982729567,7,17174,ACTIVO,2024-12-14,contacto6379@example.com,3094314214
6380,NATURAL,CC,1138464413,,05360,ACTIVO,2024-12-14,,3879418234
6381,NATURAL,CC,1277070497,,11001,ACTIVO,2024-12-14,nancy.torres6381@example.com,3153540040
6382,NATURAL,CC,1021034354,,70001,ACTIVO,2024-12-14,lady.hurtado6382@example.com,3370812801
6383,NATURAL,CC,1263956433,,11001,ACTIVO,2024-12-16,antonio.toro6383@example.com,3406151058
6384,NATURAL,CC,1186718760,,76001,ACTIVO,2024-12-16,jhon.rojas6384@example.com,3697765814
6385,NATURAL,CC,1176584793,,05001,ACTIVO,2024-12-16,judith.correa6385@example.com,3637466028
6386,NATURAL,CC,1053329160,,11001,ACTIVO,2024-12-16,luis.solano6386@example.com,3552982309
6387,JURIDICA,NIT,986124585,7,15001,ACTIVO,2024-12-16,contacto6387@example.com,3909723924
6388,JURIDICA,NIT,961495830,7,17001,ACTIVO,2024-12-16,contacto6388@example.com,3596628575
6389,NATURAL,CC,1078203327,,76520,ACTIVO,2024-12-16,lidia.becerra6389@example.com,3699304388
6390,NATURAL,CC,1025025158,,15001,ACTIVO,2024-12-16,alix.hernandez6390@example.com,3091444629
6391,JURIDICA,NIT,973830659,4,08758,ACTIVO,2024-12-16,contacto6391@example.com,3253853340
6392,NATURAL,CC,1165098600,,76520,ACTIVO,2024-12-17,karol.carvajal6392@example.com,3337447879
6393,NATURAL,CC,1233739983,,11001,ACTIVO,2024-12-17,carolina.rincon6393@example.com,3848119941
6394,NATURAL,CC,1066488728,,76834,ACTIVO,2024-12-17,,3241930133
6395,NATURAL,CC,1069371216,,66001,ACTIVO,2024-12-17,carolina.guevara6395@example.com,3592857944
6396,NATURAL,CC,1027729370,,05001,ACTIVO,2024-12-17,martha.garcia6396@example.com,3833672292
6397,JURIDICA,NIT,981457778,2,11001,ACTIVO,2024-12-17,contacto6397@example.com,3239549811
6398,NATURAL,CC,1071033585,,08001,ACTIVO,2024-12-18,hilda.herrera6398@example.com,3566846946
6399,NATURAL,CC,1099241278,,76001,ACTIVO,2024-12-18,aura.agudelo6399@example.com,3202588289
6400,NATURAL,CC,1244090551,,23001,ACTIVO,2024-12-18,juliana.agudelo6400@example.com,3252097968
6401,NATURAL,CC,1119840822,,08001,ACTIVO,2024-12-19,aida.castro6401@example.com,3472491305
6402,NATURAL,CC,1062558209,,54001,ACTIVO,2024-12-19,juan.cano6402@example.com,3620547938
6403,NATURAL,CC,1012024504,,76001,ACTIVO,2024-12-19,francisco.marin6403@example.com,3063836985
6404,NATURAL,CC,1139834432,,11001,ACTIVO,2024-12-19,maritza.forero6404@example.com,3371623061
6405,NATURAL,CC,1230082489,,66001,ACTIVO,2024-12-19,camila.barrios6405@example.com,3992090965
6406,NATURAL,CC,1219173358,,13001,ACTIVO,2024-12-20,hugo.hernandez6406@example.com,3830402166
6407,JURIDICA,NIT,977593369,0,68001,ACTIVO,2024-12-20,contacto6407@example.com,3409759413
6408,JURIDICA,NIT,963952178,0,54001,ACTIVO,2024-12-21,contacto6408@example.com,3017061786
6409,NATURAL,CC,1064362191,,11001,ACTIVO,2024-12-21,maria.rodriguez6409@example.com,3393384668
6410,NATURAL,CC,1107473399,,05266,ACTIVO,2024-12-23,sara.gonzalez6410@example.com,3374821373
6411,NATURAL,CC,1031647218,,11001,ACTIVO,2024-12-23,,3892510127
6412,NATURAL,CC,1168496452,,66001,ACTIVO,2024-12-23,kelly.vega6412@example.com,3844034799
6413,JURIDICA,NIT,984296968,4,81001,ACTIVO,2024-12-23,contacto6413@example.com,3661272362
6414,NATURAL,CC,1153574820,,54001,ACTIVO,2024-12-23,miguel.giraldo6414@example.com,3112385204
6415,NATURAL,CC,1250397141,,76001,ACTIVO,2024-12-23,oscar.castro6415@example.com,3730605351
6416,JURIDICA,NIT,979040083,4,05088,ACTIVO,2024-12-23,contacto6416@example.com,3061143138
6417,JURIDICA,NIT,986783036,1,73001,ACTIVO,2024-12-23,contacto6417@example.com,3365640228
6418,NATURAL,CC,1176554551,,11001,ACTIVO,2024-12-24,victor.duarte6418@example.com,3432315439
6419,NATURAL,CC,1112157720,,11001,ACTIVO,2024-12-24,erika.gallego6419@example.com,3543581184
6420,JURIDICA,NIT,976604145,3,05001,ACTIVO,2024-12-24,contacto6420@example.com,3998897670
6421,NATURAL,CC,1218768271,,68001,ACTIVO,2024-12-25,nohora.gonzalez6421@example.com,3490889564
6422,NATURAL,CC,1132887542,,05001,ACTIVO,2024-12-25,luz.agudelo6422@example.com,3653660990
6423,NATURAL,CC,1081357996,,11001,ACTIVO,2024-12-25,martha.ordonez6423@example.com,3853111589
6424,JURIDICA,NIT,974026661,5,76001,ACTIVO,2024-12-25,contacto6424@example.com,3339594540
6425,NATURAL,CC,1089481888,,76520,ACTIVO,2024-12-27,fernando.ramirez6425@example.com,3198061212
6426,NATURAL,CC,1026821551,,86001,ACTIVO,2024-12-27,alexandra.correa6426@example.com,3498935784
6427,JURIDICA,NIT,982739987,1,54001,ACTIVO,2024-12-27,contacto6427@example.com,3318214107
6428,NATURAL,CC,1065155718,,52001,ACTIVO,2024-12-27,lucia.perez6428@example.com,3872517534
6429,JURIDICA,NIT,968976164,1,11001,ACTIVO,2024-12-27,contacto6429@example.com,3029116841
6430,NATURAL,CC,1158798947,,11001,ACTIVO,2024-12-28,william.arroyo6430@example.com,3549584864
6431,NATURAL,CC,1143551459,,50001,ACTIVO,2024-12-28,david.acosta6431@example.com,3371017773
6432,NATURAL,CC,1002154010,,66001,ACTIVO,2024-12-28,veronica.loaiza6432@example.com,3565955874
6433,NATURAL,CC,1183894058,,47001,ACTIVO,2024-12-28,ignacio.montoya6433@example.com,3885120180
6434,NATURAL,CC,1191814019,,66001,ACTIVO,2024-12-30,raul.molina6434@example.com,3213340151
6435,NATURAL,CC,1034853952,,25126,ACTIVO,2024-12-30,luis.torres6435@example.com,3923821443
6436,JURIDICA,NIT,983223901,5,05001,ACTIVO,2024-12-30,contacto6436@example.com,3770237202
6437,NATURAL,CC,1114298601,,13001,ACTIVO,2024-12-30,mauricio.pulido6437@example.com,3872000533
6438,NATURAL,CC,1299612567,,05088,ACTIVO,2024-12-30,ruth.rodriguez6438@example.com,3474732929
6439,NATURAL,CC,1159179366,,11001,ACTIVO,2024-12-31,aurora.cardenas6439@example.com,3819078387
6440,NATURAL,CC,1255297621,,08758,ACTIVO,2024-12-31,esperanza.martinez6440@example.com,3691941821
6441,NATURAL,CC,1282993704,,11001,ACTIVO,2024-12-31,andres.medina6441@example.com,3894731173
6442,NATURAL,CC,1047260654,,11001,ACTIVO,2024-12-31,angie.osorio6442@example.com,3691022203
6443,NATURAL,CC,1241181800,,20001,ACTIVO,2025-01-01,luz.moreno6443@example.com,3388567511
6444,NATURAL,CC,1200023855,,11001,ACTIVO,2025-01-01,eugenia.pineda6444@example.com,3625916070
6445,NATURAL,CC,1288970190,,05001,ACTIVO,2025-01-01,,3904087449
6446,NATURAL,CC,1035742631,,44001,ACTIVO,2025-01-01,olga.olaya6446@example.com,3730905312
6447,NATURAL,CC,1217340347,,11001,ACTIVO,2025-01-01,sebastian.ortega6447@example.com,3595618431
6448,NATURAL,CC,1027312077,,05001,ACTIVO,2025-01-02,alfonso.garcia6448@example.com,3028086298
6449,NATURAL,CC,1038673999,,76109,ACTIVO,2025-01-02,carlos.suarez6449@example.com,3526115351
6450,NATURAL,CC,1275555584,,44001,ACTIVO,2025-01-02,angie.padilla6450@example.com,3235116968
6451,NATURAL,CC,1067570897,,11001,ACTIVO,2025-01-02,andres.cuellar6451@example.com,3528183099
6452,NATURAL,CC,1028510454,,68276,ACTIVO,2025-01-02,jhony.vergara6452@example.com,3746675758
6453,NATURAL,CC,1295564758,,05001,ACTIVO,2025-01-03,emilio.gil6453@example.com,3986194866
6454,NATURAL,CC,1060962062,,11001,ACTIVO,2025-01-03,andres.ramirez6454@example.com,3041048239
6455,NATURAL,CC,1118777869,,11001,ACTIVO,2025-01-03,alejandro.murcia6455@example.com,3414655494
6456,JURIDICA,NIT,971727592,2,76001,ACTIVO,2025-01-03,contacto6456@example.com,3641725727
6457,NATURAL,CC,1063789435,,11001,ACTIVO,2025-01-03,felipe.uribe6457@example.com,3661528686
6458,NATURAL,CC,1110826059,,05088,ACTIVO,2025-01-03,ximena.gonzales6458@example.com,3809088115
6459,NATURAL,CC,1138656664,,11001,ACTIVO,2025-01-03,francy.orozco6459@example.com,3003016126
6460,NATURAL,CC,1087099340,,13001,ACTIVO,2025-01-03,santiago.lopez6460@example.com,3397053335
6461,NATURAL,CC,1058335355,,08758,ACTIVO,2025-01-04,martha.rodriguez6461@example.com,3514699363
6462,NATURAL,CC,1151372448,,11001,ACTIVO,2025-01-04,isabel.gomez6462@example.com,3884318316
6463,NATURAL,CC,1182207127,,11001,ACTIVO,2025-01-04,ruben.vargas6463@example.com,3688615284
6464,NATURAL,CC,1120104288,,08001,ACTIVO,2025-01-04,maria.castro6464@example.com,3355288359
6465,NATURAL,CC,1013249971,,11001,ACTIVO,2025-01-04,jose.rodriguez6465@example.com,3867257126
6466,NATURAL,CC,1158214283,,11001,ACTIVO,2025-01-06,alexis.padilla6466@example.com,3798239392
6467,NATURAL,CE,416458,,52001,ACTIVO,2025-01-06,yaneth.alarcon6467@example.com,3704731568
6468,NATURAL,CC,1214379949,,11001,ACTIVO,2025-01-06,,3067065419
6469,NATURAL,CC,1238610231,,15001,ACTIVO,2025-01-06,miriam.osorio6469@example.com,3796701143
6470,NATURAL,CE,398551,,11001,ACTIVO,2025-01-06,ximena.leal6470@example.com,3379609068
6471,NATURAL,CC,1247003425,,05001,ACTIVO,2025-01-06,maira.rueda6471@example.com,3918282862
6472,JURIDICA,NIT,965475100,8,66170,ACTIVO,2025-01-06,contacto6472@example.com,3416480118
6473,NATURAL,CC,1248235049,,94001,ACTIVO,2025-01-06,carolina.ortega6473@example.com,3988147614
6474,NATURAL,CC,1244269461,,05088,ACTIVO,2025-01-06,shirley.nino6474@example.com,3153015841
6475,JURIDICA,NIT,962234124,1,05001,ACTIVO,2025-01-06,contacto6475@example.com,3053500830
6476,NATURAL,CC,1208341636,,73001,ACTIVO,2025-01-06,ines.diaz6476@example.com,3409243147
6477,NATURAL,CC,1012638932,,11001,ACTIVO,2025-01-07,esteban.ortiz6477@example.com,3383393373
6478,JURIDICA,NIT,984736301,1,23001,ACTIVO,2025-01-07,contacto6478@example.com,3493278372
6479,NATURAL,CC,1147997247,,50001,ACTIVO,2025-01-07,roberto.meneses6479@example.com,3934820667
6480,NATURAL,CC,1280384465,,11001,ACTIVO,2025-01-07,rosa.cardona6480@example.com,3381679544
6481,NATURAL,CC,1029816121,,25175,ACTIVO,2025-01-07,camilo.alvarez6481@example.com,3118612404
6482,NATURAL,CC,1206018890,,11001,ACTIVO,2025-01-07,edilma.hernandez6482@example.com,3448295625
6483,NATURAL,CC,1284055207,,05001,ACTIVO,2025-01-08,isidro.luna6483@example.com,3527183427
6484,NATURAL,CE,346442,,73001,ACTIVO,2025-01-08,amalia.pineda6484@example.com,3229252476
6485,NATURAL,CC,1211547434,,47001,ACTIVO,2025-01-08,luz.mora6485@example.com,3422581468
6486,JURIDICA,NIT,986414243,8,73001,ACTIVO,2025-01-08,contacto6486@example.com,3089060640
6487,NATURAL,CC,1255245838,,20001,ACTIVO,2025-01-08,fabian.arenas6487@example.com,3156111146
6488,JURIDICA,NIT,962410005,6,54001,ACTIVO,2025-01-09,contacto6488@example.com,3261797213
6489,NATURAL,CC,1174661965,,76834,ACTIVO,2025-01-09,doris.martinez6489@example.com,3864186423
6490,NATURAL,CC,1163398325,,11001,ACTIVO,2025-01-09,josefina.diaz6490@example.com,3708458971
6491,NATURAL,CC,1280782363,,08001,ACTIVO,2025-01-09,stiven.pineda6491@example.com,3387191981
6492,JURIDICA,NIT,983392386,5,11001,ACTIVO,2025-01-09,contacto6492@example.com,3191166639
6493,NATURAL,CC,1228565329,,05001,ACTIVO,2025-01-09,armando.duarte6493@example.com,3747730129
6494,NATURAL,CC,1025345490,,47001,ACTIVO,2025-01-10,luis.castro6494@example.com,3343553813
6495,NATURAL,CC,1102158995,,68001,ACTIVO,2025-01-10,fanny.mora6495@example.com,3998765631
6496,NATURAL,CC,1127006043,,05001,ACTIVO,2025-01-10,enrique.garzon6496@example.com,3936125889
6497,NATURAL,CC,1086758212,,08758,ACTIVO,2025-01-11,,3003235921
6498,NATURAL,CC,1095985199,,27001,ACTIVO,2025-01-11,carolina.medina6498@example.com,3106148897
6499,NATURAL,CC,1134640801,,11001,ACTIVO,2025-01-11,patricia.zapata6499@example.com,3910833542
6500,NATURAL,CC,1167916233,,76001,ACTIVO,2025-01-11,yaneth.hernandez6500@example.com,3230977874
6501,NATURAL,CC,1175870536,,17174,ACTIVO,2025-01-13,luz.salazar6501@example.com,3602833457
6502,NATURAL,CC,1271980309,,11001,ACTIVO,2025-01-13,lucia.martinez6502@example.com,3953399938
6503,NATURAL,CC,1218698581,,05001,ACTIVO,2025-01-13,nora.anaya6503@example.com,3579275717
6504,JURIDICA,NIT,972792720,9,54001,ACTIVO,2025-01-13,contacto6504@example.com,3664992978
6505,JURIDICA,NIT,971784654,3,05088,ACTIVO,2025-01-13,contacto6505@example.com,3782679762
6506,NATURAL,CC,1230593450,,70001,ACTIVO,2025-01-13,camila.espinosa6506@example.com,3779471320
6507,NATURAL,CC,1002880830,,76001,ACTIVO,2025-01-13,yurani.pena6507@example.com,3468113146
6508,NATURAL,CC,1131515228,,13001,ACTIVO,2025-01-13,jhon.londono6508@example.com,3637148691
6509,NATURAL,CC,1125521307,,11001,ACTIVO,2025-01-13,david.torres6509@example.com,3908976955
6510,NATURAL,CC,1091022487,,76001,ACTIVO,2025-01-13,magda.martinez6510@example.com,3155105430
6511,NATURAL,CC,1041600561,,08758,ACTIVO,2025-01-13,alexandra.romero6511@example.com,3235386102
6512,NATURAL,CC,1211153733,,63001,ACTIVO,2025-01-13,miguel.contreras6512@example.com,3573686480
6513,NATURAL,CC,1079145233,,11001,ACTIVO,2025-01-13,sebastian.valderrama6513@example.com,3477188945
6514,NATURAL,CC,1253855626,,17001,ACTIVO,2025-01-14,aurora.torres6514@example.com,3275738874
6515,NATURAL,CC,1288391820,,11001,ACTIVO,2025-01-14,luz.barrios6515@example.com,3251853923
6516,NATURAL,CC,1041805395,,11001,ACTIVO,2025-01-14,alonso.velasquez6516@example.com,3724871872
6517,NATURAL,CC,1000395476,,11001,ACTIVO,2025-01-14,nubia.garcia6517@example.com,3980149623
6518,JURIDICA,NIT,970722684,5,73001,ACTIVO,2025-01-15,contacto6518@example.com,3794233545
6519,NATURAL,CC,1247719442,,11001,ACTIVO,2025-01-15,jaime.fonseca6519@example.com,3219445040
6520,NATURAL,CC,1164465750,,41001,ACTIVO,2025-01-15,amanda.herrera6520@example.com,3297097671
6521,NATURAL,CC,1063909787,,11001,ACTIVO,2025-01-15,leidy.fernandez6521@example.com,3121143129
6522,JURIDICA,NIT,982757429,8,11001,ACTIVO,2025-01-15,contacto6522@example.com,3429476866
6523,NATURAL,CC,1163552456,,05001,ACTIVO,2025-01-15,natalia.corredor6523@example.com,3923589846
6524,JURIDICA,NIT,972521575,5,50001,ACTIVO,2025-01-16,contacto6524@example.com,3991314254
6525,NATURAL,CC,1058848151,,68001,ACTIVO,2025-01-16,jose.rodriguez6525@example.com,3736152162
6526,NATURAL,CC,1209680794,,05001,ACTIVO,2025-01-16,duvan.castillo6526@example.com,3255980524
6527,NATURAL,CC,1289811608,,17001,ACTIVO,2025-01-16,,3496704141
6528,NATURAL,CC,1083580651,,08001,ACTIVO,2025-01-16,maria.gonzalez6528@example.com,3087484853
6529,JURIDICA,NIT,989412479,0,08001,ACTIVO,2025-01-17,contacto6529@example.com,3948865511
6530,NATURAL,CC,1234555849,,76001,ACTIVO,2025-01-17,maria.roa6530@example.com,3760230771
6531,NATURAL,CC,1005203256,,11001,ACTIVO,2025-01-17,jose.molina6531@example.com,3295746376
6532,JURIDICA,NIT,976175766,5,54001,ACTIVO,2025-01-17,contacto6532@example.com,3831702686
6533,NATURAL,CC,1111115175,,11001,ACTIVO,2025-01-17,nel.obando6533@example.com,3165556869
6534,NATURAL,CC,1263832015,,08001,ACTIVO,2025-01-18,derly.osorio6534@example.com,3449661845
6535,NATURAL,CC,1175233075,,76001,ACTIVO,2025-01-18,nancy.cifuentes6535@example.com,3048500215
6536,NATURAL,CC,1262142230,,76001,ACTIVO,2025-01-18,jhon.garcia6536@example.com,3471344733
6537,NATURAL,CC,1298406304,,05001,ACTIVO,2025-01-18,maria.diaz6537@example.com,3322078305
6538,JURIDICA,NIT,983565413,1,76834,ACTIVO,2025-01-20,contacto6538@example.com,3857271608
6539,NATURAL,CC,1141298903,,11001,ACTIVO,2025-01-20,,3427964430
6540,NATURAL,CC,1289509154,,73001,ACTIVO,2025-01-20,ivan.delgado6540@example.com,3139663435
6541,NATURAL,CC,1170169863,,08001,ACTIVO,2025-01-20,eduardo.ibarra6541@example.com,3617061901
6542,NATURAL,CC,1108238129,,66001,ACTIVO,2025-01-20,liceth.arenas6542@example.com,3269329763
6543,NATURAL,CC,1234788493,,11001,ACTIVO,2025-01-20,alicia.jimenez6543@example.com,3429675343
6544,NATURAL,CC,1002029367,,76001,ACTIVO,2025-01-20,jairo.becerra6544@example.com,3949304028
6545,NATURAL,CC,1259131322,,76001,ACTIVO,2025-01-20,alejandro.ramos6545@example.com,3444552734
6546,NATURAL,CC,1157216233,,23001,ACTIVO,2025-01-20,cesar.camargo6546@example.com,3135469457
6547,NATURAL,CC,1288524503,,11001,ACTIVO,2025-01-20,stella.garcia6547@example.com,3774124493
6548,JURIDICA,NIT,970685846,2,70001,ACTIVO,2025-01-21,contacto6548@example.com,3688115506
6549,NATURAL,CC,1008752506,,15759,ACTIVO,2025-01-21,sergio.castro6549@example.com,3497359268
6550,NATURAL,CC,1241621223,,73001,ACTIVO,2025-01-21,mariana.morales6550@example.com,3632128335
6551,NATURAL,CC,1064308816,,41001,ACTIVO,2025-01-21,jose.monroy6551@example.com,3741798220
6552,NATURAL,CC,1134761992,,15759,ACTIVO,2025-01-21,natalia.rodriguez6552@example.com,3233930440
6553,NATURAL,CC,1105377206,,11001,ACTIVO,2025-01-22,katerine.alvarez6553@example.com,3623542772
6554,JURIDICA,NIT,964943602,8,76001,ACTIVO,2025-01-22,contacto6554@example.com,3260191498
6555,NATURAL,CC,1207471796,,05001,ACTIVO,2025-01-22,roger.galindo6555@example.com,3573095244
6556,NATURAL,CC,1234472412,,76001,ACTIVO,2025-01-22,fabian.bedoya6556@example.com,3653478101
6557,NATURAL,CC,1272968016,,81001,INACTIVO,2025-01-22,sergio.arteaga6557@example.com,3733306345
6558,NATURAL,CC,1288633316,,08001,ACTIVO,2025-01-22,,3106052444
6559,NATURAL,CC,1234932335,,11001,ACTIVO,2025-01-23,juliana.vergara6559@example.com,3488130621
6560,NATURAL,CC,1119937092,,11001,ACTIVO,2025-01-23,yaneth.ortega6560@example.com,3505944945
6561,NATURAL,CC,1188605049,,05360,ACTIVO,2025-01-23,marcela.quiroz6561@example.com,3386438828
6562,NATURAL,CC,1048496341,,70001,ACTIVO,2025-01-24,carmen.gutierrez6562@example.com,3281003869
6563,NATURAL,CE,983823,,20001,ACTIVO,2025-01-25,javier.medina6563@example.com,3833249257
6564,NATURAL,CC,1297281880,,50001,ACTIVO,2025-01-25,juan.osorio6564@example.com,3564486482
6565,NATURAL,CC,1059482258,,05001,ACTIVO,2025-01-25,yulieth.correa6565@example.com,3194040692
6566,NATURAL,CC,1205622434,,20001,ACTIVO,2025-01-25,rodrigo.estrada6566@example.com,3862614669
6567,NATURAL,CC,1010332311,,05001,ACTIVO,2025-01-27,maria.fonseca6567@example.com,3179474865
6568,NATURAL,CC,1265459805,,05001,ACTIVO,2025-01-27,fernando.giraldo6568@example.com,3312609154
6569,NATURAL,CC,1075176314,,15238,ACTIVO,2025-01-27,sindy.lopez6569@example.com,3343944542
6570,NATURAL,CC,1150039352,,52001,ACTIVO,2025-01-27,efren.silva6570@example.com,3580800081
6571,NATURAL,CC,1017016311,,50001,ACTIVO,2025-01-27,martha.cuesta6571@example.com,3803091945
6572,NATURAL,CC,1124311916,,76001,ACTIVO,2025-01-27,rodrigo.rangel6572@example.com,3014435692
6573,NATURAL,CC,1119838645,,73001,ACTIVO,2025-01-27,liceth.nunez6573@example.com,3516326849
6574,NATURAL,CC,1131668070,,17001,ACTIVO,2025-01-27,paola.diaz6574@example.com,3069879008
6575,NATURAL,CC,1052909477,,25269,ACTIVO,2025-01-27,rosalba.sanchez6575@example.com,3290182413
6576,NATURAL,CC,1217308286,,08001,ACTIVO,2025-01-27,sergio.solano6576@example.com,3743025968
6577,NATURAL,CC,1131287588,,17001,ACTIVO,2025-01-27,hernan.silva6577@example.com,3236193954
6578,NATURAL,CC,1048274865,,76001,ACTIVO,2025-01-28,elena.portilla6578@example.com,3838402004
6579,NATURAL,PPT,4005212,,23001,ACTIVO,2025-01-28,sergio.barrera6579@example.com,3078643003
6580,NATURAL,CC,1130262323,,05001,ACTIVO,2025-01-28,maria.saavedra6580@example.com,3341634760
6581,NATURAL,CC,1021630019,,13430,ACTIVO,2025-01-28,hector.guzman6581@example.com,3648960731
6582,JURIDICA,NIT,983953907,0,13001,ACTIVO,2025-01-29,contacto6582@example.com,3222427429
6583,NATURAL,CC,1089623887,,11001,ACTIVO,2025-01-29,jorge.gonzalez6583@example.com,3005872353
6584,NATURAL,CC,1150372953,,76001,ACTIVO,2025-01-29,monica.rojas6584@example.com,3539750072
6585,NATURAL,CC,1152045138,,44001,ACTIVO,2025-01-29,alexander.arias6585@example.com,3320784690
6586,NATURAL,CC,1263569299,,11001,ACTIVO,2025-01-29,,3491935721
6587,NATURAL,CC,1272948859,,23001,ACTIVO,2025-01-29,nohora.alarcon6587@example.com,3889222616
6588,NATURAL,CC,1164475921,,11001,ACTIVO,2025-01-30,eduardo.mejia6588@example.com,3302073019
6589,NATURAL,CC,1012962843,,05001,ACTIVO,2025-01-30,milena.morales6589@example.com,3698559641
6590,NATURAL,CC,1105712436,,76520,ACTIVO,2025-01-30,yadira.giraldo6590@example.com,3672115293
6591,NATURAL,CC,1002087720,,76001,ACTIVO,2025-01-30,victor.pena6591@example.com,3067899822
6592,NATURAL,CC,1259995448,,15001,ACTIVO,2025-01-30,luis.bonilla6592@example.com,3059100553
6593,NATURAL,CC,1207581949,,70001,ACTIVO,2025-01-30,manuel.valencia6593@example.com,3324344096
6594,NATURAL,CC,1286161413,,11001,ACTIVO,2025-01-31,carol.barragan6594@example.com,3650945692
6595,NATURAL,CC,1149584677,,76109,ACTIVO,2025-01-31,manuel.posada6595@example.com,3502610189
6596,NATURAL,CC,1133672411,,11001,ACTIVO,2025-01-31,alberto.cordoba6596@example.com,3039485982
6597,NATURAL,CC,1116741996,,11001,ACTIVO,2025-01-31,guillermo.hernandez6597@example.com,3390889800
6598,NATURAL,CC,1063258370,,08758,ACTIVO,2025-01-31,antonio.alvarez6598@example.com,3645090810
6599,NATURAL,CC,1034614718,,23001,ACTIVO,2025-01-31,jose.bolivar6599@example.com,3848562855
6600,NATURAL,CC,1006105364,,13001,INACTIVO,2025-01-31,piedad.mena6600@example.com,3310150996
6601,NATURAL,CC,1144823565,,76001,ACTIVO,2025-02-01,estiven.arrieta6601@example.com,3151925480
6602,NATURAL,CC,1117761193,,76001,ACTIVO,2025-02-01,martha.ochoa6602@example.com,3908515484
6603,NATURAL,CC,1228110660,,54001,ACTIVO,2025-02-01,patricia.bohorquez6603@example.com,3980492422
6604,NATURAL,CC,1031399714,,05266,ACTIVO,2025-02-01,jhon.herrera6604@example.com,3385767168
6605,NATURAL,CC,1230564649,,08001,ACTIVO,2025-02-01,liliana.avila6605@example.com,3513360779
6606,NATURAL,CC,1069296393,,54001,ACTIVO,2025-02-01,santiago.carvajal6606@example.com,3906901760
6607,NATURAL,CC,1027200532,,05001,ACTIVO,2025-02-03,jhonatan.ojeda6607@example.com,3307906842
6608,NATURAL,CE,816662,,25126,ACTIVO,2025-02-03,carlos.parra6608@example.com,3787568688
6609,NATURAL,CC,1207684803,,85001,ACTIVO,2025-02-03,ismael.agudelo6609@example.com,3188461588
6610,NATURAL,CE,851123,,13001,ACTIVO,2025-02-03,yolanda.perez6610@example.com,3670818554
6611,NATURAL,CC,1202662719,,08001,ACTIVO,2025-02-03,andres.bolanos6611@example.com,3799922097
6612,NATURAL,CC,1123692460,,11001,ACTIVO,2025-02-03,jose.castro6612@example.com,3486360736
6613,NATURAL,CC,1188088361,,54001,ACTIVO,2025-02-03,diego.florez6613@example.com,3838379553
6614,NATURAL,CC,1242871116,,11001,ACTIVO,2025-02-03,stiven.cantillo6614@example.com,3691594746
6615,NATURAL,CC,1286084450,,11001,ACTIVO,2025-02-04,juan.posada6615@example.com,3504609929
6616,NATURAL,CC,1297151766,,11001,ACTIVO,2025-02-04,alberto.rodriguez6616@example.com,3006667500
6617,NATURAL,CC,1096458637,,13001,ACTIVO,2025-02-04,isaac.mesa6617@example.com,3160309809
6618,NATURAL,CC,1284715082,,08758,ACTIVO,2025-02-04,,3368874086
6619,NATURAL,CC,1188724568,,18001,ACTIVO,2025-02-04,diego.alvarez6619@example.com,3845512529
6620,JURIDICA,NIT,974754054,7,95001,ACTIVO,2025-02-04,contacto6620@example.com,3063724329
6621,NATURAL,CC,1293486491,,05001,ACTIVO,2025-02-04,clara.ceballos6621@example.com,3118228361
6622,NATURAL,CC,1257714925,,11001,ACTIVO,2025-02-04,,3589404822
6623,JURIDICA,NIT,960194447,3,15759,ACTIVO,2025-02-04,contacto6623@example.com,3437871640
6624,JURIDICA,NIT,966150495,1,05001,ACTIVO,2025-02-05,contacto6624@example.com,3703243105
6625,NATURAL,CC,1145027841,,05088,ACTIVO,2025-02-05,angelica.cardenas6625@example.com,3409940175
6626,JURIDICA,NIT,987611049,3,13001,ACTIVO,2025-02-05,contacto6626@example.com,3466927772
6627,NATURAL,CC,1093370225,,11001,ACTIVO,2025-02-05,cecilia.ramirez6627@example.com,3311490134
6628,JURIDICA,NIT,967189130,1,76520,ACTIVO,2025-02-05,contacto6628@example.com,3521748791
6629,NATURAL,CC,1051376913,,05001,ACTIVO,2025-02-06,karol.sanchez6629@example.com,3960689965
6630,NATURAL,CC,1254688343,,76001,ACTIVO,2025-02-06,armando.benavides6630@example.com,3078376873
6631,NATURAL,CC,1182231878,,76109,ACTIVO,2025-02-06,alberto.morales6631@example.com,3601185787
6632,NATURAL,CC,1294788743,,11001,ACTIVO,2025-02-06,nancy.molina6632@example.com,3906466695
6633,NATURAL,CC,1234264502,,15001,ACTIVO,2025-02-06,valentina.rincon6633@example.com,3396663688
6634,NATURAL,CC,1211685370,,68276,ACTIVO,2025-02-06,esteban.alvarez6634@example.com,3598580902
6635,NATURAL,CC,1150674698,,76001,ACTIVO,2025-02-06,mauricio.forero6635@example.com,3674152746
6636,NATURAL,CC,1168008537,,23001,ACTIVO,2025-02-06,oswaldo.alvarez6636@example.com,3993301809
6637,NATURAL,CC,1012795584,,50001,ACTIVO,2025-02-07,,3046282043
6638,NATURAL,CC,1118770815,,05001,ACTIVO,2025-02-07,julian.ibarra6638@example.com,3755097646
6639,NATURAL,CC,1173316729,,05001,ACTIVO,2025-02-07,adriana.parra6639@example.com,3790928616
6640,NATURAL,CC,1119658968,,85001,ACTIVO,2025-02-07,maria.fernandez6640@example.com,3832229879
6641,JURIDICA,NIT,961489433,1,25269,ACTIVO,2025-02-08,contacto6641@example.com,3128215971
6642,NATURAL,CC,1156131439,,11001,ACTIVO,2025-02-08,enrique.gutierrez6642@example.com,3442789490
6643,NATURAL,CC,1099634473,,11001,ACTIVO,2025-02-08,andrea.medina6643@example.com,3044023572
6644,NATURAL,CC,1175410901,,25126,ACTIVO,2025-02-08,juan.perez6644@example.com,3212387946
6645,NATURAL,CC,1260086568,,05001,ACTIVO,2025-02-08,gabriel.arenas6645@example.com,3842139779
6646,JURIDICA,NIT,965589823,4,25175,ACTIVO,2025-02-08,contacto6646@example.com,3240914338
6647,NATURAL,CC,1145995491,,11001,ACTIVO,2025-02-08,ana.guerrero6647@example.com,3705060059
6648,NATURAL,CC,1147919263,,05088,ACTIVO,2025-02-08,dora.palacios6648@example.com,3539546590
6649,NATURAL,CC,1053785195,,47001,ACTIVO,2025-02-08,clemencia.guevara6649@example.com,3821504143
6650,NATURAL,CC,1120472957,,11001,ACTIVO,2025-02-08,amanda.diaz6650@example.com,3165481157
6651,JURIDICA,NIT,981178272,0,68001,ACTIVO,2025-02-10,contacto6651@example.com,3760301397
6652,NATURAL,CE,346450,,73001,ACTIVO,2025-02-10,santiago.vargas6652@example.com,3125286228
6653,NATURAL,CC,1202707545,,05001,ACTIVO,2025-02-10,aura.serna6653@example.com,3403746432
6654,NATURAL,CC,1215318779,,54001,ACTIVO,2025-02-10,felix.duran6654@example.com,3549310129
6655,NATURAL,CC,1019273442,,11001,ACTIVO,2025-02-10,,3244417171
6656,NATURAL,CC,1019237623,,11001,ACTIVO,2025-02-10,,3855525607
6657,JURIDICA,NIT,979108913,7,11001,ACTIVO,2025-02-10,contacto6657@example.com,3919327220
6658,NATURAL,CC,1099131303,,41001,ACTIVO,2025-02-10,antonio.hernandez6658@example.com,3002694357
6659,NATURAL,CC,1236802160,,11001,ACTIVO,2025-02-10,dario.maldonado6659@example.com,3844627850
6660,NATURAL,CC,1242188954,,11001,ACTIVO,2025-02-10,jaime.vega6660@example.com,3371862505
6661,NATURAL,CC,1270616886,,05360,ACTIVO,2025-02-11,orlando.martinez6661@example.com,3336706053
6662,JURIDICA,NIT,971069354,2,19001,ACTIVO,2025-02-11,contacto6662@example.com,3544184405
6663,NATURAL,CC,1124919742,,11001,ACTIVO,2025-02-11,rafael.cortes6663@example.com,3357209027
6664,NATURAL,CC,1205815121,,76001,ACTIVO,2025-02-11,,3242388096
6665,NATURAL,PPT,1445889,,11001,ACTIVO,2025-02-11,andres.arias6665@example.com,3721693977
6666,NATURAL,CC,1166018571,,05088,ACTIVO,2025-02-12,zoraida.carvajal6666@example.com,3601802276
6667,JURIDICA,NIT,970784680,1,11001,ACTIVO,2025-02-12,contacto6667@example.com,3093771673
6668,JURIDICA,NIT,976393154,2,73001,ACTIVO,2025-02-13,contacto6668@example.com,3436947972
6669,JURIDICA,NIT,985368386,1,76001,ACTIVO,2025-02-13,contacto6669@example.com,3937732766
6670,NATURAL,CC,1063845342,,08758,ACTIVO,2025-02-13,pedro.martinez6670@example.com,3224806750
6671,NATURAL,CC,1001479276,,11001,ACTIVO,2025-02-13,patricia.londono6671@example.com,3361299526
6672,NATURAL,CC,1052050728,,05001,ACTIVO,2025-02-13,cesar.bejarano6672@example.com,3950414528
6673,NATURAL,CC,1233588839,,11001,ACTIVO,2025-02-13,nubia.estrada6673@example.com,3980140254
6674,NATURAL,CC,1104076715,,19001,ACTIVO,2025-02-13,maria.villamizar6674@example.com,3512867787
6675,NATURAL,CC,1204982778,,68001,ACTIVO,2025-02-13,leider.gutierrez6675@example.com,3209964302
6676,NATURAL,CC,1231707424,,50001,ACTIVO,2025-02-13,luis.buitrago6676@example.com,3692688749
6677,JURIDICA,NIT,987520013,8,08001,ACTIVO,2025-02-14,contacto6677@example.com,3326443803
6678,NATURAL,CC,1074525519,,11001,ACTIVO,2025-02-14,luz.trujillo6678@example.com,3630010285
6679,NATURAL,CC,1252375034,,11001,ACTIVO,2025-02-15,leonor.munoz6679@example.com,3896295551
6680,NATURAL,CC,1021959708,,76001,ACTIVO,2025-02-15,,3759020116
6681,NATURAL,CC,1084701885,,76520,ACTIVO,2025-02-15,pilar.maldonado6681@example.com,3547887790
6682,NATURAL,CC,1166702382,,11001,ACTIVO,2025-02-15,damaris.tovar6682@example.com,3040302975
6683,NATURAL,CC,1266880928,,08001,ACTIVO,2025-02-17,antonio.rojas6683@example.com,3037368826
6684,NATURAL,CC,1058975938,,13001,ACTIVO,2025-02-17,ines.meza6684@example.com,3782246256
6685,NATURAL,CC,1033767426,,54001,ACTIVO,2025-02-17,andrea.franco6685@example.com,3560559040
6686,NATURAL,CC,1242361847,,76001,ACTIVO,2025-02-17,rafael.velez6686@example.com,3152242384
6687,NATURAL,CC,1270483880,,73001,ACTIVO,2025-02-17,antonio.arboleda6687@example.com,3730964860
6688,NATURAL,CC,1166321036,,11001,ACTIVO,2025-02-17,manuel.moreno6688@example.com,3813252446
6689,NATURAL,CC,1203916558,,63001,ACTIVO,2025-02-17,liliana.bautista6689@example.com,3952257599
6690,NATURAL,CC,1227578436,,11001,ACTIVO,2025-02-18,elias.trujillo6690@example.com,3801657932
6691,NATURAL,CC,1055633830,,11001,ACTIVO,2025-02-18,diego.delgado6691@example.com,3071765897
6692,NATURAL,CC,1103254063,,08001,ACTIVO,2025-02-18,carlos.camargo6692@example.com,3627067917
6693,NATURAL,CC,1187013940,,66001,ACTIVO,2025-02-18,fernanda.perez6693@example.com,3846618664
6694,JURIDICA,NIT,976337480,0,76520,ACTIVO,2025-02-18,contacto6694@example.com,3183808184
6695,NATURAL,CC,1014113397,,13001,ACTIVO,2025-02-18,olga.duarte6695@example.com,3127399954
6696,NATURAL,CC,1030883326,,11001,ACTIVO,2025-02-18,adiela.morales6696@example.com,3061639258
6697,NATURAL,CC,1195736898,,05088,ACTIVO,2025-02-19,dora.martinez6697@example.com,3218552799
6698,NATURAL,CC,1296374858,,76001,ACTIVO,2025-02-19,camilo.arias6698@example.com,3239968926
6699,NATURAL,CC,1250092247,,66001,ACTIVO,2025-02-19,emilse.zambrano6699@example.com,3964588190
6700,NATURAL,CC,1200228364,,11001,INACTIVO,2025-02-19,,3898589186
6701,NATURAL,CC,1096688395,,76001,ACTIVO,2025-02-19,carlos.perez6701@example.com,3867475059
6702,NATURAL,CC,1063806727,,11001,ACTIVO,2025-02-19,vanessa.herrera6702@example.com,3030254580
6703,NATURAL,CC,1213307443,,68276,ACTIVO,2025-02-19,anyi.restrepo6703@example.com,3849345460
6704,NATURAL,CC,1201848544,,08758,ACTIVO,2025-02-20,sandra.orjuela6704@example.com,3835459675
6705,NATURAL,CC,1001595025,,08758,ACTIVO,2025-02-20,daniela.arroyo6705@example.com,3726828307
6706,NATURAL,CC,1164251314,,23001,ACTIVO,2025-02-20,alberto.cordoba6706@example.com,3544454247
6707,NATURAL,CC,1223378291,,19001,ACTIVO,2025-02-20,elena.patino6707@example.com,3155954012
6708,NATURAL,CC,1193630482,,11001,ACTIVO,2025-02-20,luis.roa6708@example.com,3418553730
6709,NATURAL,CC,1119237868,,11001,ACTIVO,2025-02-20,jessica.bustos6709@example.com,3919707843
6710,JURIDICA,NIT,975192923,3,11001,ACTIVO,2025-02-20,contacto6710@example.com,3080178429
6711,NATURAL,CC,1012800921,,08001,ACTIVO,2025-02-20,,3328858992
6712,NATURAL,CC,1046702107,,08001,ACTIVO,2025-02-20,alberto.manrique6712@example.com,3201874428
6713,NATURAL,CC,1297575953,,76001,ACTIVO,2025-02-21,alexander.munoz6713@example.com,3706566014
6714,NATURAL,CC,1148365275,,11001,ACTIVO,2025-02-21,mery.correa6714@example.com,3857796952
6715,NATURAL,CC,1214059063,,05001,ACTIVO,2025-02-21,olga.andrade6715@example.com,3200512215
6716,NATURAL,CC,1133696168,,88001,ACTIVO,2025-02-22,carlos.garcia6716@example.com,3031041536
6717,NATURAL,CC,1270445876,,11001,ACTIVO,2025-02-22,ligia.obando6717@example.com,3801833935
6718,NATURAL,CC,1209142452,,11001,ACTIVO,2025-02-22,lizeth.castillo6718@example.com,3972050904
6719,NATURAL,PPT,7698722,,76001,ACTIVO,2025-02-22,estella.medina6719@example.com,3197816427
6720,NATURAL,CC,1077745651,,11001,ACTIVO,2025-02-22,nelly.velasquez6720@example.com,3229785157
6721,NATURAL,CC,1156722024,,11001,ACTIVO,2025-02-22,angela.cruz6721@example.com,3096908423
6722,NATURAL,CC,1246232221,,11001,ACTIVO,2025-02-22,alonso.giraldo6722@example.com,3111999048
6723,NATURAL,CC,1189965426,,11001,ACTIVO,2025-02-24,lorena.ortiz6723@example.com,3689779961
6724,NATURAL,CC,1272354811,,19001,INACTIVO,2025-02-24,patricia.salazar6724@example.com,3610169511
6725,NATURAL,CC,1276614537,,76001,ACTIVO,2025-02-24,,3837473086
6726,NATURAL,CC,1091299996,,11001,ACTIVO,2025-02-24,maria.cardona6726@example.com,3523834478
6727,NATURAL,CC,1212387665,,08001,ACTIVO,2025-02-24,jose.sanchez6727@example.com,3096709705
6728,NATURAL,CC,1020075877,,50001,ACTIVO,2025-02-24,fernando.rodriguez6728@example.com,3643432495
6729,NATURAL,CC,1037180030,,11001,ACTIVO,2025-02-24,maria.ortiz6729@example.com,3778395236
6730,NATURAL,CE,601930,,13001,ACTIVO,2025-02-24,paula.suarez6730@example.com,3717231232
6731,NATURAL,CC,1265595746,,73001,ACTIVO,2025-02-24,emma.rios6731@example.com,3414293975
6732,NATURAL,CC,1245968578,,11001,ACTIVO,2025-02-24,karol.moreno6732@example.com,3967366730
6733,NATURAL,CC,1121597205,,11001,ACTIVO,2025-02-25,eduardo.suarez6733@example.com,3025894195
6734,NATURAL,CC,1149425464,,76520,ACTIVO,2025-02-25,luis.cardenas6734@example.com,3847968179
6735,NATURAL,CC,1281056891,,11001,ACTIVO,2025-02-26,martha.parra6735@example.com,3116798762
6736,JURIDICA,NIT,966791012,6,85001,ACTIVO,2025-02-26,contacto6736@example.com,3361282642
6737,JURIDICA,NIT,989171375,8,15001,ACTIVO,2025-02-26,contacto6737@example.com,3303890602
6738,NATURAL,CC,1074622261,,66001,ACTIVO,2025-02-26,daniela.zapata6738@example.com,3436069693
6739,NATURAL,CC,1029863536,,76001,ACTIVO,2025-02-26,maria.barrios6739@example.com,3847535036
6740,NATURAL,CC,1208118826,,11001,ACTIVO,2025-02-26,maria.morales6740@example.com,3856703025
6741,JURIDICA,NIT,982596866,1,81001,ACTIVO,2025-02-27,contacto6741@example.com,3097026288
6742,NATURAL,CC,1226557607,,05088,ACTIVO,2025-02-27,danny.ramos6742@example.com,3272200002
6743,NATURAL,CC,1082034473,,05001,ACTIVO,2025-02-27,,3617718522
6744,NATURAL,CC,1028953553,,50001,ACTIVO,2025-02-27,rosa.ardila6744@example.com,3436535600
6745,JURIDICA,NIT,968070946,3,76001,ACTIVO,2025-02-27,contacto6745@example.com,3197727533
6746,NATURAL,CC,1285345986,,11001,ACTIVO,2025-02-27,sergio.vargas6746@example.com,3058199327
6747,NATURAL,CC,1243216414,,11001,ACTIVO,2025-02-27,milena.hernandez6747@example.com,3537041362
6748,NATURAL,CC,1242531784,,05001,ACTIVO,2025-02-27,,3745903355
6749,NATURAL,CC,1008304695,,66001,ACTIVO,2025-02-28,nancy.osorio6749@example.com,3344676324
6750,NATURAL,CC,1073068411,,11001,ACTIVO,2025-02-28,maria.figueroa6750@example.com,3374751109
6751,NATURAL,CC,1029887154,,20001,ACTIVO,2025-02-28,julian.munoz6751@example.com,3032984621
6752,NATURAL,CC,1053775556,,11001,ACTIVO,2025-03-01,dora.sepulveda6752@example.com,3922925685
6753,NATURAL,CE,740987,,76001,ACTIVO,2025-03-01,aurelio.polo6753@example.com,3120909419
6754,NATURAL,CC,1291973574,,05088,ACTIVO,2025-03-03,jose.meza6754@example.com,3469917194
6755,NATURAL,CC,1087522741,,52001,ACTIVO,2025-03-03,marta.marin6755@example.com,3825601403
6756,NATURAL,CC,1210973756,,54001,ACTIVO,2025-03-03,camilo.palacios6756@example.com,3986523497
6757,NATURAL,CC,1175023507,,76520,ACTIVO,2025-03-03,marina.gomez6757@example.com,3991981866
6758,NATURAL,CC,1135953339,,11001,ACTIVO,2025-03-03,cristian.jimenez6758@example.com,3903850297
6759,NATURAL,CC,1265878666,,05001,ACTIVO,2025-03-03,javier.cordoba6759@example.com,3522784840
6760,NATURAL,CC,1113998844,,08001,ACTIVO,2025-03-03,sofia.vargas6760@example.com,3595619282
6761,NATURAL,CC,1130810306,,76001,ACTIVO,2025-03-03,andres.agudelo6761@example.com,3807525659
6762,NATURAL,CC,1266439408,,05001,ACTIVO,2025-03-03,josefa.gaitan6762@example.com,3343362194
6763,NATURAL,CC,1094898468,,11001,ACTIVO,2025-03-04,harold.caro6763@example.com,3174079888
6764,NATURAL,CC,1220187675,,05001,ACTIVO,2025-03-04,marina.franco6764@example.com,3657164064
6765,NATURAL,CC,1134957192,,44001,ACTIVO,2025-03-04,alberto.cruz6765@example.com,3287484243
6766,NATURAL,CC,1230371805,,73001,INACTIVO,2025-03-04,bibiana.ospina6766@example.com,3356525267
6767,NATURAL,PPT,9580144,,11001,ACTIVO,2025-03-04,consuelo.bravo6767@example.com,3036188141
6768,NATURAL,CC,1180622533,,08001,ACTIVO,2025-03-04,antonio.suarez6768@example.com,3313244061
6769,NATURAL,CC,1092860418,,20001,ACTIVO,2025-03-04,gustavo.acevedo6769@example.com,3097812705
6770,NATURAL,PPT,9762268,,11001,ACTIVO,2025-03-05,hernando.rodriguez6770@example.com,3100295146
6771,JURIDICA,NIT,984375417,7,63001,ACTIVO,2025-03-05,contacto6771@example.com,3872743743
6772,NATURAL,CC,1257100308,,68276,ACTIVO,2025-03-06,beatriz.reyes6772@example.com,3731156029
6773,NATURAL,CC,1123452327,,13001,INACTIVO,2025-03-06,felipe.gutierrez6773@example.com,3689274490
6774,NATURAL,CC,1085914254,,08001,ACTIVO,2025-03-06,,3639611366
6775,NATURAL,CC,1247223657,,05001,ACTIVO,2025-03-07,esneider.camacho6775@example.com,3033638812
6776,NATURAL,CC,1027182069,,13001,ACTIVO,2025-03-07,jairo.rios6776@example.com,3131377715
6777,NATURAL,CC,1264402024,,27001,ACTIVO,2025-03-07,jose.alvarado6777@example.com,3953638365
6778,NATURAL,CC,1128085570,,41001,ACTIVO,2025-03-07,maria.ortiz6778@example.com,3843282653
6779,JURIDICA,NIT,963054379,1,05001,ACTIVO,2025-03-07,contacto6779@example.com,3497317946
6780,NATURAL,CC,1153767879,,05001,ACTIVO,2025-03-08,nancy.alvarez6780@example.com,3507642293
6781,NATURAL,PA,SX0088295,,68001,ACTIVO,2025-03-08,david.cardenas6781@example.com,3920650418
6782,NATURAL,CC,1099330743,,13001,ACTIVO,2025-03-08,jairo.rodriguez6782@example.com,3727093581
6783,NATURAL,CE,168777,,11001,ACTIVO,2025-03-08,ines.gonzalez6783@example.com,3577088022
6784,NATURAL,CC,1189127475,,11001,ACTIVO,2025-03-08,isidro.sanchez6784@example.com,3915362541
6785,NATURAL,CC,1014353892,,50001,ACTIVO,2025-03-08,luis.mercado6785@example.com,3068038729
6786,NATURAL,CC,1175666504,,20001,ACTIVO,2025-03-08,oliva.rivera6786@example.com,3582170958
6787,NATURAL,CC,1244451902,,11001,ACTIVO,2025-03-08,julian.gonzalez6787@example.com,3594591911
6788,NATURAL,CC,1148087169,,76520,ACTIVO,2025-03-08,maria.diaz6788@example.com,3689999756
6789,NATURAL,CC,1284499864,,76001,ACTIVO,2025-03-10,marina.alvarez6789@example.com,3262743437
6790,NATURAL,CC,1210837413,,11001,ACTIVO,2025-03-10,cesar.ramirez6790@example.com,3073302087
6791,NATURAL,CC,1229396268,,76001,ACTIVO,2025-03-10,melba.gonzalez6791@example.com,3657044574
6792,JURIDICA,NIT,979495939,6,54001,ACTIVO,2025-03-10,contacto6792@example.com,3197596253
6793,NATURAL,CC,1098859263,,63001,ACTIVO,2025-03-11,lucia.garcia6793@example.com,3280596633
6794,NATURAL,CC,1184892307,,11001,ACTIVO,2025-03-11,jose.meneses6794@example.com,3395612957
6795,NATURAL,CC,1079175992,,05088,ACTIVO,2025-03-11,patricia.trujillo6795@example.com,3327787517
6796,NATURAL,CC,1246928818,,54001,INACTIVO,2025-03-11,jose.diaz6796@example.com,3807168525
6797,NATURAL,CC,1082836622,,08001,ACTIVO,2025-03-12,alcides.pineda6797@example.com,3613283759
6798,NATURAL,PPT,2307787,,05001,ACTIVO,2025-03-12,doris.ospina6798@example.com,3431101169
6799,NATURAL,CC,1294473897,,11001,ACTIVO,2025-03-12,victor.sanchez6799@example.com,3834249560
6800,NATURAL,CC,1141889797,,11001,ACTIVO,2025-03-12,,3383471328
6801,NATURAL,CC,1121356963,,11001,ACTIVO,2025-03-12,yamile.fuentes6801@example.com,3652870961
6802,NATURAL,CC,1225166050,,11001,ACTIVO,2025-03-12,manuel.palacios6802@example.com,3850846472
6803,NATURAL,CC,1070281007,,05001,ACTIVO,2025-03-12,smith.garcia6803@example.com,3707958899
6804,NATURAL,CC,1084323151,,05088,ACTIVO,2025-03-12,santiago.jaramillo6804@example.com,3107422910
6805,JURIDICA,NIT,970766493,4,08001,ACTIVO,2025-03-12,contacto6805@example.com,3969088843
6806,NATURAL,CC,1032833508,,05001,ACTIVO,2025-03-12,gloria.bustos6806@example.com,3738599369
6807,NATURAL,CC,1060472079,,05001,ACTIVO,2025-03-13,david.cruz6807@example.com,3456131686
6808,NATURAL,CC,1169205413,,76001,ACTIVO,2025-03-13,edward.rengifo6808@example.com,3143700890
6809,NATURAL,CC,1124060120,,76001,ACTIVO,2025-03-13,jesus.galeano6809@example.com,3198917076
6810,NATURAL,CC,1298931966,,11001,ACTIVO,2025-03-13,humberto.munoz6810@example.com,3279173240
6811,NATURAL,CC,1086192121,,63001,ACTIVO,2025-03-13,leonardo.romero6811@example.com,3061577237
6812,NATURAL,PA,PP2519525,,13001,ACTIVO,2025-03-13,valentina.perea6812@example.com,3042083780
6813,NATURAL,CC,1183974043,,05001,ACTIVO,2025-03-13,tatiana.pinzon6813@example.com,3578180695
6814,NATURAL,CC,1043962570,,11001,ACTIVO,2025-03-14,irma.garzon6814@example.com,3588053145
6815,NATURAL,CC,1217310770,,11001,ACTIVO,2025-03-14,marina.lopez6815@example.com,3522145132
6816,JURIDICA,NIT,968797287,9,11001,ACTIVO,2025-03-14,contacto6816@example.com,3147315671
6817,NATURAL,CC,1053046596,,11001,ACTIVO,2025-03-14,ruben.cuesta6817@example.com,3373087831
6818,NATURAL,CC,1090154608,,50001,ACTIVO,2025-03-14,sergio.alvarez6818@example.com,3473112314
6819,NATURAL,CC,1089906378,,68001,ACTIVO,2025-03-14,francisco.ortiz6819@example.com,3054799865
6820,NATURAL,CC,1291003999,,13001,ACTIVO,2025-03-14,raquel.franco6820@example.com,3921691553
6821,NATURAL,CC,1219992420,,11001,ACTIVO,2025-03-15,arbey.aguirre6821@example.com,3725921941
6822,NATURAL,CC,1247964934,,63001,ACTIVO,2025-03-15,natalia.zuluaga6822@example.com,3537279970
6823,NATURAL,CC,1185163505,,11001,ACTIVO,2025-03-15,angela.arevalo6823@example.com,3438908772
6824,NATURAL,CC,1216955820,,11001,ACTIVO,2025-03-15,lucia.rodriguez6824@example.com,3323126680
6825,NATURAL,CC,1126842444,,73001,ACTIVO,2025-03-17,,3721928454
6826,NATURAL,CC,1018166841,,76001,ACTIVO,2025-03-17,paola.guevara6826@example.com,3822396342
6827,NATURAL,CC,1076038706,,05088,ACTIVO,2025-03-17,doris.acevedo6827@example.com,3839446739
6828,NATURAL,CC,1027024550,,05001,ACTIVO,2025-03-17,esperanza.mejia6828@example.com,3521296098
6829,NATURAL,CC,1221783544,,05360,ACTIVO,2025-03-17,maria.bustos6829@example.com,3523979206
6830,NATURAL,CC,1036617068,,11001,ACTIVO,2025-03-17,alexandra.sanchez6830@example.com,3534767996
6831,NATURAL,CC,1187439126,,11001,ACTIVO,2025-03-17,sonia.arrieta6831@example.com,3280592062
6832,NATURAL,PPT,2353556,,70001,ACTIVO,2025-03-17,jesus.torres6832@example.com,3038128547
6833,NATURAL,CC,1165347091,,08001,ACTIVO,2025-03-17,angela.henao6833@example.com,3002451640
6834,NATURAL,CC,1017879598,,76001,ACTIVO,2025-03-17,angela.quiroz6834@example.com,3949617313
6835,NATURAL,CC,1239497254,,05001,ACTIVO,2025-03-17,jose.mosquera6835@example.com,3728514016
6836,NATURAL,CC,1066966097,,13001,ACTIVO,2025-03-18,jhoan.acevedo6836@example.com,3202350232
6837,NATURAL,CC,1196111863,,11001,ACTIVO,2025-03-18,patricia.martinez6837@example.com,3695035506
6838,NATURAL,CC,1279935915,,05001,ACTIVO,2025-03-18,fernanda.bermudez6838@example.com,3977702550
6839,NATURAL,CC,1002913257,,08758,ACTIVO,2025-03-18,gabriel.castillo6839@example.com,3902148722
6840,NATURAL,CC,1219680932,,76001,ACTIVO,2025-03-19,flor.mosquera6840@example.com,3148174158
6841,NATURAL,CC,1171446774,,76001,ACTIVO,2025-03-19,victor.silva6841@example.com,3114848923
6842,NATURAL,CC,1214254191,,73001,ACTIVO,2025-03-19,orlando.ruiz6842@example.com,3429862490
6843,NATURAL,CC,1153303962,,44001,ACTIVO,2025-03-19,isabel.mosquera6843@example.com,3646180073
6844,NATURAL,CC,1142205659,,76001,ACTIVO,2025-03-20,,3465691633
6845,NATURAL,PPT,5975066,,66170,ACTIVO,2025-03-20,alberto.lopez6845@example.com,3930601283
6846,NATURAL,CC,1132329746,,11001,ACTIVO,2025-03-20,andres.guerra6846@example.com,3248860342
6847,NATURAL,PPT,1486148,,76834,ACTIVO,2025-03-20,rafael.ortega6847@example.com,3384159628
6848,NATURAL,CC,1001846698,,11001,ACTIVO,2025-03-21,adriana.murillo6848@example.com,3847812692
6849,NATURAL,CC,1023816227,,11001,ACTIVO,2025-03-21,alonso.martinez6849@example.com,3035688158
6850,NATURAL,CC,1012103405,,11001,ACTIVO,2025-03-21,diana.mendez6850@example.com,3139397770
6851,NATURAL,CC,1154942390,,76520,ACTIVO,2025-03-21,fredy.ceballos6851@example.com,3601349571
6852,NATURAL,CC,1058213124,,76001,ACTIVO,2025-03-22,luis.jimenez6852@example.com,3554393527
6853,JURIDICA,NIT,983255782,2,05001,ACTIVO,2025-03-22,contacto6853@example.com,3823290666
6854,NATURAL,CC,1083439635,,50001,ACTIVO,2025-03-22,josue.ospina6854@example.com,3875466784
6855,JURIDICA,NIT,960477127,7,11001,ACTIVO,2025-03-22,contacto6855@example.com,3766773659
6856,NATURAL,CC,1226408065,,15001,ACTIVO,2025-03-22,jose.ochoa6856@example.com,3455821040
6857,JURIDICA,NIT,986548630,0,13001,ACTIVO,2025-03-24,contacto6857@example.com,3718704875
6858,NATURAL,CC,1085125842,,11001,ACTIVO,2025-03-24,alba.martinez6858@example.com,3119836137
6859,NATURAL,CC,1017863387,,66001,ACTIVO,2025-03-24,jairo.ocampo6859@example.com,3648868285
6860,NATURAL,CC,1143472986,,68001,ACTIVO,2025-03-24,,3586844704
6861,NATURAL,CC,1064144441,,05001,ACTIVO,2025-03-24,juan.molano6861@example.com,3320575779
6862,JURIDICA,NIT,977273844,5,54001,ACTIVO,2025-03-25,contacto6862@example.com,3250956376
6863,NATURAL,CC,1052985100,,17001,ACTIVO,2025-03-25,karen.tovar6863@example.com,3081364612
6864,NATURAL,CC,1273141141,,11001,ACTIVO,2025-03-25,jenny.moreno6864@example.com,3054810261
6865,NATURAL,CC,1275548041,,11001,ACTIVO,2025-03-26,felipe.arevalo6865@example.com,3150395525
6866,NATURAL,CC,1190609001,,54001,ACTIVO,2025-03-26,jean.mosquera6866@example.com,3844783335
6867,NATURAL,CC,1115806784,,05088,ACTIVO,2025-03-26,jorge.ortiz6867@example.com,3265169189
6868,NATURAL,CC,1194897394,,76001,ACTIVO,2025-03-26,nestor.sierra6868@example.com,3568146326
6869,NATURAL,CC,1092283292,,17001,ACTIVO,2025-03-27,david.velasco6869@example.com,3087543352
6870,JURIDICA,NIT,978313007,3,47001,ACTIVO,2025-03-27,contacto6870@example.com,3218046205
6871,JURIDICA,NIT,967416182,7,11001,ACTIVO,2025-03-27,contacto6871@example.com,3289740909
6872,JURIDICA,NIT,967876587,9,13001,ACTIVO,2025-03-28,contacto6872@example.com,3834477290
6873,JURIDICA,NIT,978535562,2,05360,ACTIVO,2025-03-29,contacto6873@example.com,3540306984
6874,NATURAL,CC,1223705990,,76001,ACTIVO,2025-03-29,andres.galeano6874@example.com,3417365691
6875,JURIDICA,NIT,965139824,1,76001,ACTIVO,2025-03-29,contacto6875@example.com,3783671685
6876,JURIDICA,NIT,969144315,9,08001,ACTIVO,2025-03-29,contacto6876@example.com,3753675875
6877,NATURAL,CC,1245604479,,05360,ACTIVO,2025-03-29,alonso.calderon6877@example.com,3529359822
6878,JURIDICA,NIT,972806049,7,05001,ACTIVO,2025-03-29,contacto6878@example.com,3029463271
6879,NATURAL,CC,1202757177,,66170,ACTIVO,2025-03-29,alexandra.contreras6879@example.com,3351360040
6880,JURIDICA,NIT,986658758,6,44001,ACTIVO,2025-03-31,contacto6880@example.com,3506570105
6881,NATURAL,CC,1263312792,,13001,ACTIVO,2025-03-31,jhoan.lopez6881@example.com,3297990167
6882,NATURAL,CC,1261385142,,66170,ACTIVO,2025-03-31,alejandro.portilla6882@example.com,3925658676
6883,NATURAL,CC,1230938270,,76001,ACTIVO,2025-03-31,leandro.jaramillo6883@example.com,3064581247
6884,JURIDICA,NIT,966383614,1,11001,ACTIVO,2025-03-31,contacto6884@example.com,3776113477
6885,NATURAL,CE,127630,,54001,ACTIVO,2025-03-31,jose.ortiz6885@example.com,3975249166
6886,NATURAL,CC,1096443173,,18001,ACTIVO,2025-04-01,javier.castillo6886@example.com,3876864233
6887,NATURAL,CC,1155687132,,17001,ACTIVO,2025-04-01,johanna.tamayo6887@example.com,3716921035
6888,NATURAL,CC,1157299493,,20001,ACTIVO,2025-04-01,,3347058257
6889,NATURAL,CC,1012833786,,13001,ACTIVO,2025-04-01,nancy.tovar6889@example.com,3134213222
6890,NATURAL,CC,1168430456,,11001,ACTIVO,2025-04-01,ingrid.vargas6890@example.com,3420921917
6891,NATURAL,CC,1036166583,,76001,ACTIVO,2025-04-02,sindy.alvarez6891@example.com,3315970934
6892,NATURAL,CC,1043024375,,81001,ACTIVO,2025-04-02,sonia.ramirez6892@example.com,3506776630
6893,NATURAL,CC,1218549114,,11001,ACTIVO,2025-04-02,paola.rincon6893@example.com,3171948698
6894,JURIDICA,NIT,970346607,5,76001,ACTIVO,2025-04-02,contacto6894@example.com,3485377998
6895,JURIDICA,NIT,982571663,5,76001,ACTIVO,2025-04-02,contacto6895@example.com,3332603710
6896,NATURAL,CC,1036802996,,73001,INACTIVO,2025-04-03,esteban.duque6896@example.com,3395580679
6897,JURIDICA,NIT,971752105,4,20001,ACTIVO,2025-04-03,contacto6897@example.com,3345811341
6898,JURIDICA,NIT,973667158,8,08001,ACTIVO,2025-04-03,contacto6898@example.com,3753252745
6899,NATURAL,CC,1007892710,,13001,ACTIVO,2025-04-03,,3771444360
6900,NATURAL,CC,1058219216,,19001,ACTIVO,2025-04-03,francisco.cantillo6900@example.com,3850450822
6901,NATURAL,CC,1210111525,,73001,ACTIVO,2025-04-03,karen.ramos6901@example.com,3301055447
6902,NATURAL,CC,1098903090,,70001,ACTIVO,2025-04-03,,3053488325
6903,NATURAL,CC,1159800243,,11001,ACTIVO,2025-04-03,jesus.meza6903@example.com,3528291994
6904,NATURAL,CC,1084931095,,44001,ACTIVO,2025-04-03,andrea.ortiz6904@example.com,3772095730
6905,NATURAL,CC,1027688961,,11001,ACTIVO,2025-04-04,carlos.mendoza6905@example.com,3468518039
6906,NATURAL,CC,1252787954,,11001,ACTIVO,2025-04-04,,3714031008
6907,JURIDICA,NIT,974905897,8,05001,ACTIVO,2025-04-04,contacto6907@example.com,3122857521
6908,NATURAL,PA,HR6579106,,17001,ACTIVO,2025-04-04,rubiela.cortes6908@example.com,3553596655
6909,NATURAL,CC,1004207810,,76834,ACTIVO,2025-04-05,sebastian.mora6909@example.com,3069023938
6910,JURIDICA,NIT,979999911,4,11001,ACTIVO,2025-04-05,contacto6910@example.com,3811631962
6911,JURIDICA,NIT,986407441,0,17001,ACTIVO,2025-04-05,contacto6911@example.com,3517065130
6912,NATURAL,CC,1173048632,,41001,ACTIVO,2025-04-07,fernando.rosero6912@example.com,3009808712
6913,NATURAL,CC,1121733123,,54001,ACTIVO,2025-04-07,esther.cuesta6913@example.com,3393439589
6914,NATURAL,CC,1247297269,,11001,ACTIVO,2025-04-07,orlando.bolivar6914@example.com,3619925217
6915,JURIDICA,NIT,980606862,1,11001,ACTIVO,2025-04-07,contacto6915@example.com,3540212194
6916,NATURAL,CC,1276823897,,52001,ACTIVO,2025-04-07,valentina.renteria6916@example.com,3558235407
6917,JURIDICA,NIT,981790074,2,13430,ACTIVO,2025-04-07,contacto6917@example.com,3094566473
6918,NATURAL,CC,1244343075,,05360,ACTIVO,2025-04-07,,3094761008
6919,NATURAL,CC,1054914791,,15001,ACTIVO,2025-04-07,monica.alarcon6919@example.com,3225732883
6920,NATURAL,CC,1122301716,,76001,ACTIVO,2025-04-07,mauricio.gonzalez6920@example.com,3567806927
6921,NATURAL,CC,1186668179,,54001,ACTIVO,2025-04-07,rafael.calderon6921@example.com,3101795546
6922,NATURAL,CC,1250490074,,76001,INACTIVO,2025-04-07,maria.camargo6922@example.com,3684073982
6923,NATURAL,CE,737976,,18001,ACTIVO,2025-04-07,cecilia.tovar6923@example.com,3648414732
6924,NATURAL,CC,1013067673,,05001,ACTIVO,2025-04-07,camilo.trujillo6924@example.com,3732206866
6925,NATURAL,CC,1248749034,,76001,ACTIVO,2025-04-07,nayibe.puentes6925@example.com,3383437531
6926,NATURAL,CC,1199885365,,50001,ACTIVO,2025-04-08,cristina.velandia6926@example.com,3839095105
6927,NATURAL,CC,1021252780,,05001,ACTIVO,2025-04-08,,3497211453
6928,JURIDICA,NIT,961482650,1,05001,ACTIVO,2025-04-08,contacto6928@example.com,3012755459
6929,NATURAL,CC,1199655796,,05088,ACTIVO,2025-04-08,luis.gutierrez6929@example.com,3891785203
6930,NATURAL,CC,1156366187,,44001,ACTIVO,2025-04-09,yina.burbano6930@example.com,3759217232
6931,JURIDICA,NIT,965594439,9,11001,ACTIVO,2025-04-09,contacto6931@example.com,3306631525
6932,NATURAL,CC,1087975811,,13430,ACTIVO,2025-04-09,elena.camacho6932@example.com,3114334503
6933,NATURAL,CC,1281585333,,11001,ACTIVO,2025-04-09,alberto.paez6933@example.com,3524809422
6934,NATURAL,PA,LP6381347,,11001,ACTIVO,2025-04-09,cielo.camacho6934@example.com,3390350622
6935,NATURAL,CC,1269282425,,05001,ACTIVO,2025-04-09,,3431673838
6936,NATURAL,CC,1102598697,,44001,ACTIVO,2025-04-09,yudy.perez6936@example.com,3454228349
6937,NATURAL,CC,1258374729,,08001,ACTIVO,2025-04-10,camilo.bohorquez6937@example.com,3614669347
6938,NATURAL,CC,1196051306,,11001,ACTIVO,2025-04-10,maria.cardenas6938@example.com,3325921270
6939,NATURAL,CC,1077664740,,23001,ACTIVO,2025-04-10,henry.torres6939@example.com,3129666247
6940,NATURAL,CC,1160074117,,13001,ACTIVO,2025-04-10,jesus.vega6940@example.com,3008064605
6941,NATURAL,CC,1016211871,,76001,ACTIVO,2025-04-11,andres.vargas6941@example.com,3615985470
6942,NATURAL,CC,1120320709,,05360,ACTIVO,2025-04-11,ines.ramirez6942@example.com,3387011850
6943,NATURAL,CC,1044574411,,66001,ACTIVO,2025-04-11,bernardo.rodriguez6943@example.com,3887389889
6944,NATURAL,CC,1281264504,,11001,ACTIVO,2025-04-11,javier.cano6944@example.com,3202082445
6945,NATURAL,CC,1107274556,,52001,ACTIVO,2025-04-11,liliana.munoz6945@example.com,3457464328
6946,NATURAL,CC,1275121457,,76001,ACTIVO,2025-04-11,jhoan.rueda6946@example.com,3863036994
6947,NATURAL,CC,1258997706,,11001,ACTIVO,2025-04-11,aura.rico6947@example.com,3695776890
6948,JURIDICA,NIT,986377347,6,11001,ACTIVO,2025-04-11,contacto6948@example.com,3272750630
6949,NATURAL,CC,1200449551,,11001,ACTIVO,2025-04-12,juan.ospina6949@example.com,3512472504
6950,JURIDICA,NIT,972733067,5,11001,ACTIVO,2025-04-12,contacto6950@example.com,3700624529
6951,NATURAL,CC,1227998440,,47001,ACTIVO,2025-04-12,claudia.angulo6951@example.com,3821502140
6952,NATURAL,CC,1148337551,,08758,ACTIVO,2025-04-12,stella.castro6952@example.com,3417912274
6953,JURIDICA,NIT,986900418,4,11001,ACTIVO,2025-04-12,contacto6953@example.com,3808552296
6954,NATURAL,CC,1022481475,,47001,ACTIVO,2025-04-14,socorro.delgado6954@example.com,3265479156
6955,JURIDICA,NIT,982525392,9,11001,ACTIVO,2025-04-14,contacto6955@example.com,3173561362
6956,NATURAL,CE,761055,,08001,ACTIVO,2025-04-14,milena.quintero6956@example.com,3693478450
6957,JURIDICA,NIT,974417859,4,27001,ACTIVO,2025-04-14,contacto6957@example.com,3695318302
6958,NATURAL,CC,1126464953,,13001,ACTIVO,2025-04-14,manuela.jimenez6958@example.com,3372954720
6959,NATURAL,PPT,2051814,,11001,ACTIVO,2025-04-14,johana.restrepo6959@example.com,3149469086
6960,NATURAL,CC,1218053714,,11001,ACTIVO,2025-04-14,augusto.rosero6960@example.com,3018960280
6961,NATURAL,CC,1057755856,,52001,ACTIVO,2025-04-14,jose.nieto6961@example.com,3818926553
6962,JURIDICA,NIT,979560291,0,76001,ACTIVO,2025-04-14,contacto6962@example.com,3376058888
6963,NATURAL,CC,1195747821,,11001,ACTIVO,2025-04-14,john.mena6963@example.com,3784464243
6964,NATURAL,CC,1127583396,,11001,ACTIVO,2025-04-14,alejandra.martinez6964@example.com,3083024748
6965,NATURAL,CC,1222216996,,76001,ACTIVO,2025-04-14,,3748881984
6966,NATURAL,CC,1269667794,,19001,ACTIVO,2025-04-15,alberto.moreno6966@example.com,3720870704
6967,NATURAL,CC,1243638545,,05001,ACTIVO,2025-04-15,,3361860368
6968,NATURAL,CC,1075526453,,05001,ACTIVO,2025-04-15,david.villa6968@example.com,3472774919
6969,NATURAL,CC,1123673731,,25269,ACTIVO,2025-04-15,elizabeth.zapata6969@example.com,3800847891
6970,NATURAL,CC,1165367791,,05001,ACTIVO,2025-04-15,maria.castro6970@example.com,3495619818
6971,NATURAL,CC,1066236529,,66001,ACTIVO,2025-04-15,enrique.morales6971@example.com,3208469159
6972,NATURAL,CC,1013232229,,63001,ACTIVO,2025-04-16,antonio.pena6972@example.com,3525663923
6973,NATURAL,CC,1154468179,,11001,ACTIVO,2025-04-16,fernando.gomez6973@example.com,3437162570
6974,NATURAL,CC,1233139078,,11001,ACTIVO,2025-04-16,maria.hernandez6974@example.com,3503031035
6975,NATURAL,CC,1224894355,,68276,ACTIVO,2025-04-16,ovidio.londono6975@example.com,3490478655
6976,NATURAL,CC,1168552345,,17001,ACTIVO,2025-04-16,carlos.mesa6976@example.com,3056439830
6977,JURIDICA,NIT,974577428,9,11001,ACTIVO,2025-04-17,contacto6977@example.com,3260207450
6978,NATURAL,CC,1038938925,,52001,ACTIVO,2025-04-17,beatriz.sepulveda6978@example.com,3419889600
6979,NATURAL,CC,1056902380,,11001,ACTIVO,2025-04-17,eduardo.reyes6979@example.com,3935078426
6980,NATURAL,CC,1278204939,,23001,ACTIVO,2025-04-17,cristian.rodriguez6980@example.com,3224025697
6981,NATURAL,CC,1196990118,,76001,ACTIVO,2025-04-17,claudia.patino6981@example.com,3630422876
6982,NATURAL,CC,1122732069,,11001,ACTIVO,2025-04-17,marina.trujillo6982@example.com,3903307375
6983,NATURAL,CC,1216787509,,05001,ACTIVO,2025-04-17,,3581001388
6984,NATURAL,CC,1274655664,,08001,ACTIVO,2025-04-18,luis.quintero6984@example.com,3547728643
6985,JURIDICA,NIT,966350692,2,54001,ACTIVO,2025-04-18,contacto6985@example.com,3106594515
6986,NATURAL,CC,1154051300,,11001,ACTIVO,2025-04-19,angela.caceres6986@example.com,3266187107
6987,NATURAL,CC,1099123552,,08001,ACTIVO,2025-04-19,elena.alzate6987@example.com,3409148178
6988,NATURAL,CC,1015295051,,68001,ACTIVO,2025-04-19,pilar.gutierrez6988@example.com,3214989345
6989,NATURAL,CC,1199281703,,11001,ACTIVO,2025-04-19,lorena.orozco6989@example.com,3223480534
6990,NATURAL,CC,1089978244,,97001,ACTIVO,2025-04-21,dario.solano6990@example.com,3787709606
6991,NATURAL,CC,1181677664,,19001,ACTIVO,2025-04-21,maritza.valencia6991@example.com,3317843969
6992,NATURAL,CC,1180515454,,11001,ACTIVO,2025-04-21,,3367361058
6993,NATURAL,CC,1036904245,,76001,ACTIVO,2025-04-21,mery.correa6993@example.com,3219302238
6994,JURIDICA,NIT,960718821,6,11001,ACTIVO,2025-04-21,contacto6994@example.com,3786993150
6995,NATURAL,CC,1004341517,,66001,ACTIVO,2025-04-21,,3025339782
6996,NATURAL,PPT,5528349,,17001,ACTIVO,2025-04-21,maria.bolanos6996@example.com,3376069744
6997,NATURAL,CC,1184782613,,11001,ACTIVO,2025-04-21,,3388409308
6998,NATURAL,CC,1030837641,,76001,ACTIVO,2025-04-21,cristian.parra6998@example.com,3170276832
6999,NATURAL,CC,1142839399,,41001,ACTIVO,2025-04-22,jhon.caceres6999@example.com,3470543199
7000,NATURAL,CC,1285355727,,11001,ACTIVO,2025-04-22,oscar.montoya7000@example.com,3312081300
7001,NATURAL,CC,1195408252,,44001,ACTIVO,2025-04-22,jose.lozano7001@example.com,3969910124
7002,NATURAL,CC,1084856410,,11001,ACTIVO,2025-04-22,segundo.luna7002@example.com,3323067888
7003,NATURAL,CC,1138829326,,13001,ACTIVO,2025-04-23,maria.castrillon7003@example.com,3492828948
7004,JURIDICA,NIT,974194555,1,15238,ACTIVO,2025-04-23,contacto7004@example.com,3058156161
7005,NATURAL,CC,1148428887,,11001,INACTIVO,2025-04-23,isabel.castro7005@example.com,3330494101
7006,NATURAL,CC,1004895475,,13001,ACTIVO,2025-04-23,linda.parra7006@example.com,3111912578
7007,NATURAL,CC,1254676391,,66001,ACTIVO,2025-04-23,fernando.beltran7007@example.com,3434127933
7008,NATURAL,CC,1004223874,,76520,ACTIVO,2025-04-24,monica.sarmiento7008@example.com,3864722979
7009,NATURAL,CC,1071479560,,11001,ACTIVO,2025-04-24,sandra.castro7009@example.com,3036846540
7010,NATURAL,CC,1084706011,,05266,ACTIVO,2025-04-24,carlos.leon7010@example.com,3996719743
7011,NATURAL,CC,1127966730,,20001,ACTIVO,2025-04-25,helena.blanco7011@example.com,3534907527
7012,NATURAL,CC,1165324959,,11001,ACTIVO,2025-04-25,camilo.alvarez7012@example.com,3053881780
7013,NATURAL,CC,1068151234,,05001,ACTIVO,2025-04-25,esmeralda.ramirez7013@example.com,3226384077
7014,NATURAL,CC,1246485731,,05088,ACTIVO,2025-04-25,yesid.perez7014@example.com,3586810229
7015,JURIDICA,NIT,980428187,2,11001,ACTIVO,2025-04-25,contacto7015@example.com,3821242734
7016,NATURAL,CC,1152207551,,54001,ACTIVO,2025-04-25,pedro.martinez7016@example.com,3161971022
7017,NATURAL,CC,1193050904,,68001,ACTIVO,2025-04-26,andrea.gomez7017@example.com,3683867984
7018,NATURAL,CC,1232651066,,05001,ACTIVO,2025-04-26,luisa.sierra7018@example.com,3951799695
7019,NATURAL,CC,1140813984,,08758,ACTIVO,2025-04-26,,3371076395
7020,NATURAL,CC,1210833908,,11001,ACTIVO,2025-04-26,leidy.gomez7020@example.com,3358993659
7021,NATURAL,CC,1145588265,,23001,ACTIVO,2025-04-26,susana.rodriguez7021@example.com,3835057365
7022,NATURAL,CC,1207521124,,76001,ACTIVO,2025-04-28,valentina.gomez7022@example.com,3859390032
7023,NATURAL,CC,1229383285,,68001,ACTIVO,2025-04-28,jose.castro7023@example.com,3363245446
7024,NATURAL,CC,1037552850,,11001,ACTIVO,2025-04-28,cecilia.granados7024@example.com,3602481741
7025,NATURAL,CC,1208450372,,08001,ACTIVO,2025-04-28,wilmer.carvajal7025@example.com,3666913422
7026,NATURAL,CC,1251817493,,66170,ACTIVO,2025-04-28,piedad.rodriguez7026@example.com,3157990375
7027,NATURAL,CC,1140511814,,11001,ACTIVO,2025-04-28,iris.molina7027@example.com,3880522482
7028,NATURAL,CC,1009453530,,88001,ACTIVO,2025-04-28,luz.perez7028@example.com,3919353197
7029,NATURAL,CC,1156398317,,76001,ACTIVO,2025-04-29,carlos.silva7029@example.com,3615764894
7030,NATURAL,CC,1210989469,,70001,ACTIVO,2025-04-29,sonia.bedoya7030@example.com,3422452670
7031,NATURAL,CC,1004716662,,05001,ACTIVO,2025-04-29,eduardo.giraldo7031@example.com,3032386164
7032,NATURAL,CC,1271386883,,11001,ACTIVO,2025-04-29,rosa.mora7032@example.com,3409123822
7033,NATURAL,CC,1185471485,,19001,ACTIVO,2025-04-29,javier.molina7033@example.com,3817617642
7034,NATURAL,CC,1283764457,,05360,ACTIVO,2025-04-30,alberto.torres7034@example.com,3780098337
7035,NATURAL,CC,1210329912,,05001,ACTIVO,2025-04-30,andrea.gomez7035@example.com,3415292312
7036,JURIDICA,NIT,978223011,7,11001,ACTIVO,2025-04-30,contacto7036@example.com,3559630142
7037,NATURAL,CC,1197705859,,76001,ACTIVO,2025-04-30,nohora.camargo7037@example.com,3969218024
7038,NATURAL,CC,1263264465,,23001,ACTIVO,2025-04-30,esteban.fernandez7038@example.com,3478890446
7039,NATURAL,CC,1258603375,,23001,ACTIVO,2025-05-01,angelica.salazar7039@example.com,3229347854
7040,NATURAL,CC,1019681119,,05266,ACTIVO,2025-05-01,yuly.gallego7040@example.com,3477248956
7041,NATURAL,CC,1047046476,,17001,ACTIVO,2025-05-01,,3840320182
7042,NATURAL,CC,1054958113,,11001,ACTIVO,2025-05-01,sandra.gaviria7042@example.com,3567721056
7043,NATURAL,CC,1230217446,,23001,ACTIVO,2025-05-01,david.hernandez7043@example.com,3603018146
7044,NATURAL,CC,1259903895,,76001,ACTIVO,2025-05-02,alfonso.caicedo7044@example.com,3542316296
7045,NATURAL,CC,1281600960,,05001,ACTIVO,2025-05-02,alberto.garcia7045@example.com,3632100878
7046,NATURAL,CC,1284766770,,73001,ACTIVO,2025-05-02,uriel.molina7046@example.com,3134992698
7047,NATURAL,CC,1281758244,,11001,ACTIVO,2025-05-02,karol.zapata7047@example.com,3032094581
7048,NATURAL,CC,1062256017,,05001,ACTIVO,2025-05-03,,3354282295
7049,NATURAL,PA,TR9943096,,11001,ACTIVO,2025-05-03,francisco.galindo7049@example.com,3663398285
7050,NATURAL,CC,1127413884,,11001,INACTIVO,2025-05-03,marcela.carvajal7050@example.com,3404000655
7051,NATURAL,CC,1293049713,,11001,ACTIVO,2025-05-03,juan.caballero7051@example.com,3133891438
7052,NATURAL,CC,1273222770,,05088,ACTIVO,2025-05-03,,3420442654
7053,NATURAL,CC,1022980496,,11001,ACTIVO,2025-05-03,carlos.lopez7053@example.com,3591508751
7054,NATURAL,CC,1267826754,,11001,ACTIVO,2025-05-03,,3462313734
7055,JURIDICA,NIT,976305516,1,15001,ACTIVO,2025-05-05,contacto7055@example.com,3952968502
7056,NATURAL,CC,1250328096,,13001,ACTIVO,2025-05-05,yulieth.munoz7056@example.com,3328576829
7057,NATURAL,CC,1178659879,,15238,ACTIVO,2025-05-05,,3503302470
7058,NATURAL,CC,1103190682,,11001,ACTIVO,2025-05-05,libia.caro7058@example.com,3395217833
7059,NATURAL,CC,1074401874,,11001,ACTIVO,2025-05-05,rosario.nino7059@example.com,3823882604
7060,JURIDICA,NIT,976784608,2,70001,ACTIVO,2025-05-05,contacto7060@example.com,3457854340
7061,NATURAL,CC,1065773671,,44001,ACTIVO,2025-05-05,luis.cantillo7061@example.com,3303250501
7062,JURIDICA,NIT,978441473,0,76001,ACTIVO,2025-05-05,contacto7062@example.com,3539039725
7063,NATURAL,CC,1263906037,,11001,ACTIVO,2025-05-05,carlos.molina7063@example.com,3857251089
7064,NATURAL,CC,1098986549,,05001,ACTIVO,2025-05-06,martha.barrera7064@example.com,3022085171
7065,NATURAL,CC,1172789764,,76001,ACTIVO,2025-05-06,juan.manrique7065@example.com,3159530965
7066,NATURAL,PA,JC9145339,,47001,ACTIVO,2025-05-06,claudia.salamanca7066@example.com,3852172545
7067,NATURAL,CC,1262876790,,85001,ACTIVO,2025-05-06,maria.fajardo7067@example.com,3638355066
7068,NATURAL,CC,1212745807,,11001,ACTIVO,2025-05-06,martha.morales7068@example.com,3163620260
7069,NATURAL,CC,1082405501,,52001,ACTIVO,2025-05-06,carmen.arias7069@example.com,3160647524
7070,NATURAL,CC,1049886786,,11001,ACTIVO,2025-05-06,laura.rincon7070@example.com,3393729183
7071,NATURAL,CC,1228803871,,11001,ACTIVO,2025-05-06,jorge.alvarez7071@example.com,3129440602
7072,JURIDICA,NIT,971533502,6,11001,ACTIVO,2025-05-07,contacto7072@example.com,3990140998
7073,NATURAL,CC,1240037379,,15759,ACTIVO,2025-05-07,cesar.mosquera7073@example.com,3411415945
7074,NATURAL,CC,1184243208,,11001,ACTIVO,2025-05-07,oswaldo.castro7074@example.com,3083064426
7075,NATURAL,CC,1206732391,,47001,ACTIVO,2025-05-07,alfonso.cardona7075@example.com,3067388714
7076,JURIDICA,NIT,989533717,8,11001,ACTIVO,2025-05-07,contacto7076@example.com,3967318205
7077,NATURAL,CC,1282268561,,11001,ACTIVO,2025-05-08,juan.rosero7077@example.com,3067101964
7078,NATURAL,CC,1210763294,,08001,ACTIVO,2025-05-08,orlando.gonzalez7078@example.com,3262632728
7079,NATURAL,CC,1074351369,,05001,ACTIVO,2025-05-08,alfredo.saavedra7079@example.com,3208884869
7080,NATURAL,CC,1249174535,,76001,ACTIVO,2025-05-08,luis.diaz7080@example.com,3836405477
7081,NATURAL,CC,1105270690,,66001,ACTIVO,2025-05-08,yohana.valencia7081@example.com,3330261617
7082,NATURAL,CC,1134988473,,11001,ACTIVO,2025-05-09,felipe.moreno7082@example.com,3937819816
7083,NATURAL,CC,1052812776,,76520,ACTIVO,2025-05-09,,3000467504
7084,NATURAL,CC,1291658517,,11001,ACTIVO,2025-05-09,gladys.hoyos7084@example.com,3958256795
7085,NATURAL,CC,1054840114,,23001,ACTIVO,2025-05-10,jose.vera7085@example.com,3117456295
7086,NATURAL,CC,1120802262,,15001,ACTIVO,2025-05-10,jairo.rojas7086@example.com,3156275478
7087,NATURAL,CC,1015602204,,76001,ACTIVO,2025-05-10,luz.sierra7087@example.com,3358718259
7088,NATURAL,CC,1248016695,,11001,ACTIVO,2025-05-10,sandra.castaneda7088@example.com,3837809670
7089,NATURAL,CC,1055289530,,11001,ACTIVO,2025-05-10,doris.rincon7089@example.com,3226026086
7090,NATURAL,CC,1224266173,,76001,ACTIVO,2025-05-10,hernan.mejia7090@example.com,3471203524
7091,NATURAL,CC,1280893301,,11001,ACTIVO,2025-05-12,eugenia.ramirez7091@example.com,3553583949
7092,NATURAL,CC,1206780921,,05001,ACTIVO,2025-05-12,margarita.munoz7092@example.com,3113019037
7093,NATURAL,CC,1057296109,,68276,ACTIVO,2025-05-12,patricia.acosta7093@example.com,3692937762
7094,NATURAL,CC,1246188829,,11001,ACTIVO,2025-05-12,,3515701919
7095,NATURAL,PPT,7149269,,13430,ACTIVO,2025-05-12,yaneth.gonzalez7095@example.com,3293898584
7096,NATURAL,CC,1278167329,,11001,ACTIVO,2025-05-12,dario.marin7096@example.com,3774630957
7097,NATURAL,CC,1177759509,,11001,ACTIVO,2025-05-12,elsy.lopez7097@example.com,3943084219
7098,NATURAL,CC,1061783905,,11001,ACTIVO,2025-05-12,andrea.orozco7098@example.com,3560815498
7099,NATURAL,CC,1142982294,,54001,ACTIVO,2025-05-12,lorena.espinosa7099@example.com,3122575334
7100,NATURAL,CC,1115210073,,52001,ACTIVO,2025-05-12,jerson.lopez7100@example.com,3314772427
7101,NATURAL,CC,1155003986,,05001,ACTIVO,2025-05-12,maria.diaz7101@example.com,3958167956
7102,JURIDICA,NIT,989922008,3,76001,ACTIVO,2025-05-12,contacto7102@example.com,3712326222
7103,NATURAL,CC,1066271762,,11001,ACTIVO,2025-05-12,marta.murillo7103@example.com,3404100980
7104,NATURAL,CC,1069842385,,11001,ACTIVO,2025-05-12,agustin.cruz7104@example.com,3144832592
7105,NATURAL,CC,1170229873,,11001,ACTIVO,2025-05-12,yesica.franco7105@example.com,3394012974
7106,NATURAL,CC,1122411316,,63001,ACTIVO,2025-05-12,carlos.martinez7106@example.com,3648860192
7107,NATURAL,CC,1199325977,,54001,ACTIVO,2025-05-13,natalia.mora7107@example.com,3297978463
7108,NATURAL,CC,1200434377,,76001,ACTIVO,2025-05-13,fanny.fuentes7108@example.com,3601128940
7109,NATURAL,CC,1185195121,,76001,ACTIVO,2025-05-13,eliana.soto7109@example.com,3327069435
7110,NATURAL,CE,689457,,11001,ACTIVO,2025-05-13,carmen.quintero7110@example.com,3803370172
7111,JURIDICA,NIT,965321646,6,11001,ACTIVO,2025-05-13,contacto7111@example.com,3213189990
7112,NATURAL,CC,1244591073,,76001,ACTIVO,2025-05-13,andres.rodriguez7112@example.com,3755929696
7113,JURIDICA,NIT,975628285,6,05615,ACTIVO,2025-05-14,contacto7113@example.com,3951253995
7114,NATURAL,CC,1214799523,,08001,ACTIVO,2025-05-14,elena.cuesta7114@example.com,3889738863
7115,NATURAL,CC,1088411893,,88001,ACTIVO,2025-05-14,milena.cardenas7115@example.com,3482763754
7116,NATURAL,CC,1164608431,,11001,ACTIVO,2025-05-14,reinaldo.moreno7116@example.com,3058585716
7117,NATURAL,CC,1183271329,,08758,ACTIVO,2025-05-14,joel.correa7117@example.com,3572894133
7118,NATURAL,CC,1148106263,,41001,ACTIVO,2025-05-15,andres.jimenez7118@example.com,3454217724
7119,NATURAL,CC,1233995004,,97001,ACTIVO,2025-05-15,jonathan.morales7119@example.com,3875289932
7120,NATURAL,CC,1160683675,,11001,ACTIVO,2025-05-15,mauricio.posada7120@example.com,3592913654
7121,NATURAL,CC,1228999646,,11001,ACTIVO,2025-05-15,alirio.mendoza7121@example.com,3217098078
7122,NATURAL,CC,1122897937,,11001,ACTIVO,2025-05-16,emma.morales7122@example.com,3622908398
7123,NATURAL,CC,1232239897,,05266,ACTIVO,2025-05-16,lina.ortiz7123@example.com,3960349026
7124,JURIDICA,NIT,970750076,6,11001,ACTIVO,2025-05-16,contacto7124@example.com,3005136135
7125,NATURAL,CC,1178593090,,17873,ACTIVO,2025-05-16,,3259689069
7126,NATURAL,CC,1013202866,,20001,ACTIVO,2025-05-16,yina.leon7126@example.com,3311733177
7127,NATURAL,CC,1080220397,,15001,ACTIVO,2025-05-16,juan.bermudez7127@example.com,3083289650
7128,NATURAL,CC,1002817155,,52001,ACTIVO,2025-05-16,gerardo.cortes7128@example.com,3375782789
7129,NATURAL,CC,1270731842,,05001,ACTIVO,2025-05-17,esperanza.becerra7129@example.com,3599993976
7130,NATURAL,CC,1196789906,,13430,ACTIVO,2025-05-17,enrique.medina7130@example.com,3664016352
7131,NATURAL,CC,1282586078,,08758,ACTIVO,2025-05-17,,3482162825
7132,NATURAL,CE,226360,,19001,ACTIVO,2025-05-17,edilma.montenegro7132@example.com,3131476518
7133,NATURAL,CC,1005159595,,13001,ACTIVO,2025-05-17,jose.parra7133@example.com,3660988236
7134,NATURAL,PA,CW3325204,,70001,ACTIVO,2025-05-19,,3418394360
7135,NATURAL,CC,1229513914,,08001,ACTIVO,2025-05-19,amparo.rodriguez7135@example.com,3418696105
7136,NATURAL,PPT,5575162,,13001,ACTIVO,2025-05-19,david.gutierrez7136@example.com,3419356848
7137,NATURAL,CC,1222446096,,05001,ACTIVO,2025-05-19,,3114081324
7138,NATURAL,PA,YX0692419,,05001,ACTIVO,2025-05-19,dario.hernandez7138@example.com,3792528837
7139,JURIDICA,NIT,974358085,7,68001,ACTIVO,2025-05-19,contacto7139@example.com,3278586903
7140,NATURAL,CC,1207909064,,63001,ACTIVO,2025-05-19,jose.munoz7140@example.com,3576432083
7141,NATURAL,CC,1065978209,,11001,ACTIVO,2025-05-19,humberto.mendoza7141@example.com,3663431906
7142,NATURAL,CC,1065555383,,52001,ACTIVO,2025-05-19,alexander.patino7142@example.com,3188035212
7143,NATURAL,CC,1065303862,,73001,ACTIVO,2025-05-19,carlos.jimenez7143@example.com,3667230276
7144,JURIDICA,NIT,977130851,3,20001,ACTIVO,2025-05-19,contacto7144@example.com,3024629314
7145,JURIDICA,NIT,968968609,1,05001,ACTIVO,2025-05-19,contacto7145@example.com,3750364594
7146,NATURAL,CC,1261840659,,54001,ACTIVO,2025-05-20,carlos.garcia7146@example.com,3638338336
7147,NATURAL,CC,1146437370,,76834,ACTIVO,2025-05-20,isabel.alvarez7147@example.com,3795511460
7148,NATURAL,CC,1222355209,,13001,ACTIVO,2025-05-20,brian.acevedo7148@example.com,3465000007
7149,NATURAL,CC,1116920072,,76001,ACTIVO,2025-05-21,enrique.arrieta7149@example.com,3891484160
7150,NATURAL,CC,1296981486,,76834,ACTIVO,2025-05-21,german.alvarez7150@example.com,3778296148
7151,JURIDICA,NIT,979292665,1,13001,ACTIVO,2025-05-21,contacto7151@example.com,3683721462
7152,NATURAL,CC,1103783601,,13430,ACTIVO,2025-05-21,diana.barrera7152@example.com,3852458128
7153,NATURAL,CC,1097267447,,11001,ACTIVO,2025-05-21,armando.alvarez7153@example.com,3502896979
7154,NATURAL,CC,1221139574,,11001,ACTIVO,2025-05-21,luz.alvarez7154@example.com,3274642174
7155,NATURAL,CC,1151741693,,25269,ACTIVO,2025-05-21,rafael.miranda7155@example.com,3309606888
7156,NATURAL,CC,1266297670,,08001,ACTIVO,2025-05-22,ivan.lopez7156@example.com,3785831073
7157,NATURAL,CC,1174580708,,76520,ACTIVO,2025-05-22,alfonso.murillo7157@example.com,3172432351
7158,NATURAL,CC,1257520662,,05001,ACTIVO,2025-05-22,ana.cordoba7158@example.com,3135867100
7159,NATURAL,CC,1270156555,,13001,ACTIVO,2025-05-22,mario.giraldo7159@example.com,3787626127
7160,NATURAL,CC,1141104476,,11001,ACTIVO,2025-05-23,,3760484166
7161,NATURAL,CC,1114552117,,05001,ACTIVO,2025-05-23,carmen.olaya7161@example.com,3912284865
7162,NATURAL,CC,1293395883,,20001,ACTIVO,2025-05-23,adrian.villa7162@example.com,3548995853
7163,NATURAL,CC,1285770507,,66170,ACTIVO,2025-05-24,mariela.cardona7163@example.com,3604820989
7164,NATURAL,CC,1128466241,,11001,ACTIVO,2025-05-24,arley.suarez7164@example.com,3926214612
7165,NATURAL,CC,1105504669,,08758,ACTIVO,2025-05-26,augusto.pedraza7165@example.com,3286889261
7166,NATURAL,CC,1288545796,,05001,ACTIVO,2025-05-26,leonardo.alarcon7166@example.com,3712362773
7167,NATURAL,CC,1212082670,,08758,ACTIVO,2025-05-26,alcira.toro7167@example.com,3506543428
7168,NATURAL,CC,1111094471,,11001,ACTIVO,2025-05-26,johana.patino7168@example.com,3455196195
7169,NATURAL,CC,1029977077,,05001,ACTIVO,2025-05-26,catalina.hoyos7169@example.com,3567887757
7170,NATURAL,CC,1068192237,,54001,ACTIVO,2025-05-26,alfonso.jaramillo7170@example.com,3975291091
7171,NATURAL,CC,1061002059,,05088,ACTIVO,2025-05-26,dagoberto.torres7171@example.com,3825322012
7172,NATURAL,CC,1146547995,,63001,ACTIVO,2025-05-26,ruby.moreno7172@example.com,3989730564
7173,NATURAL,CC,1094758856,,11001,ACTIVO,2025-05-26,alberto.forero7173@example.com,3824310859
7174,NATURAL,CC,1167222616,,66170,ACTIVO,2025-05-26,martha.duran7174@example.com,3094179251
7175,NATURAL,CC,1166727193,,11001,ACTIVO,2025-05-27,lilia.garcia7175@example.com,3743860121
7176,JURIDICA,NIT,961625274,0,11001,ACTIVO,2025-05-27,contacto7176@example.com,3354957718
7177,NATURAL,CC,1200018844,,66001,ACTIVO,2025-05-27,antonio.castellanos7177@example.com,3779611819
7178,JURIDICA,NIT,966361334,8,11001,ACTIVO,2025-05-27,contacto7178@example.com,3345647011
7179,NATURAL,CC,1269340725,,05001,ACTIVO,2025-05-27,,3098215130
7180,NATURAL,CC,1216017007,,27001,ACTIVO,2025-05-27,diego.lopez7180@example.com,3254042800
7181,NATURAL,CC,1106860454,,11001,ACTIVO,2025-05-27,,3129840479
7182,NATURAL,CC,1226218340,,13001,ACTIVO,2025-05-27,omar.ochoa7182@example.com,3076186739
7183,NATURAL,CC,1161395290,,05001,ACTIVO,2025-05-28,claudia.rodriguez7183@example.com,3400296515
7184,JURIDICA,NIT,985425060,0,11001,ACTIVO,2025-05-28,contacto7184@example.com,3371289288
7185,NATURAL,CC,1131735166,,13001,ACTIVO,2025-05-28,guillermo.ordonez7185@example.com,3386009675
7186,NATURAL,CC,1284329011,,47001,ACTIVO,2025-05-29,ariel.saavedra7186@example.com,3411447193
7187,NATURAL,CC,1170609940,,11001,ACTIVO,2025-05-29,pedro.espinosa7187@example.com,3547955844
7188,NATURAL,CC,1062304919,,11001,ACTIVO,2025-05-29,mauricio.rodriguez7188@example.com,3887522805
7189,JURIDICA,NIT,971818449,8,13001,ACTIVO,2025-05-29,contacto7189@example.com,3178048801
7190,NATURAL,CC,1198323693,,11001,ACTIVO,2025-05-29,isabel.martinez7190@example.com,3926042966
7191,NATURAL,CC,1025261908,,13001,ACTIVO,2025-05-30,jose.moreno7191@example.com,3398394397
7192,NATURAL,CC,1036304491,,76001,ACTIVO,2025-05-30,gloria.silva7192@example.com,3323953260
7193,NATURAL,CC,1081918240,,25269,ACTIVO,2025-05-30,cecilia.saavedra7193@example.com,3291210017
7194,NATURAL,CC,1184450482,,19001,ACTIVO,2025-05-30,martha.gomez7194@example.com,3808673630
7195,NATURAL,PA,ND3156185,,05001,ACTIVO,2025-05-30,alexander.morales7195@example.com,3228693731
7196,NATURAL,CE,611796,,05001,ACTIVO,2025-05-30,emilia.gomez7196@example.com,3004586426
7197,JURIDICA,NIT,969589269,8,05001,ACTIVO,2025-05-30,contacto7197@example.com,3729217932
7198,NATURAL,CC,1248296809,,76001,ACTIVO,2025-05-30,wilson.caicedo7198@example.com,3203026221
7199,NATURAL,CC,1102420884,,08758,ACTIVO,2025-05-31,sebastian.molina7199@example.com,3145909165
7200,NATURAL,CC,1232720971,,23001,ACTIVO,2025-05-31,alfonso.acosta7200@example.com,3579829939
7201,NATURAL,CC,1157927952,,47001,ACTIVO,2025-05-31,roberto.ortiz7201@example.com,3075867733
7202,NATURAL,CC,1239902025,,13001,ACTIVO,2025-05-31,camila.delgado7202@example.com,3831545243
7203,NATURAL,CC,1115292273,,11001,ACTIVO,2025-05-31,oscar.gonzalez7203@example.com,3439981042
7204,NATURAL,CC,1270607638,,05001,ACTIVO,2025-05-31,bibiana.pabon7204@example.com,3997782666
7205,NATURAL,CC,1183786499,,11001,ACTIVO,2025-06-02,david.martinez7205@example.com,3376170882
7206,NATURAL,CE,868092,,11001,ACTIVO,2025-06-02,diana.munoz7206@example.com,3754566234
7207,NATURAL,CC,1140646733,,11001,ACTIVO,2025-06-02,edison.perez7207@example.com,3279690378
7208,NATURAL,CC,1286640419,,11001,ACTIVO,2025-06-02,johana.moreno7208@example.com,3636066742
7209,NATURAL,CC,1032281130,,19001,ACTIVO,2025-06-02,carlos.rivera7209@example.com,3003085619
7210,NATURAL,CC,1025793398,,52001,ACTIVO,2025-06-02,alejandra.gomez7210@example.com,3892739118
7211,NATURAL,CC,1149871349,,76001,ACTIVO,2025-06-02,rodrigo.beltran7211@example.com,3284623634
7212,JURIDICA,NIT,960494569,0,11001,ACTIVO,2025-06-02,contacto7212@example.com,3058686868
7213,NATURAL,CC,1135249526,,15759,ACTIVO,2025-06-02,xiomara.nino7213@example.com,3077727822
7214,NATURAL,CC,1218977767,,68001,ACTIVO,2025-06-02,cesar.mosquera7214@example.com,3210681737
7215,NATURAL,CC,1034218094,,05001,ACTIVO,2025-06-03,walter.carmona7215@example.com,3776766497
7216,NATURAL,CC,1123233206,,11001,ACTIVO,2025-06-03,amalia.meza7216@example.com,3862552139
7217,NATURAL,CC,1159967136,,76001,ACTIVO,2025-06-03,luz.cardenas7217@example.com,3342986037
7218,NATURAL,CC,1002781887,,91001,ACTIVO,2025-06-03,leidy.caicedo7218@example.com,3157020545
7219,JURIDICA,NIT,981102324,9,54001,ACTIVO,2025-06-04,contacto7219@example.com,3088884525
7220,NATURAL,CC,1171374502,,47001,ACTIVO,2025-06-04,karen.gonzales7220@example.com,3598676725
7221,NATURAL,CC,1216897749,,05001,ACTIVO,2025-06-04,david.arevalo7221@example.com,3035958189
7222,NATURAL,PPT,9864204,,68276,ACTIVO,2025-06-04,alvaro.ospina7222@example.com,3053645515
7223,NATURAL,CC,1092032048,,23001,ACTIVO,2025-06-04,catalina.leon7223@example.com,3299089597
7224,NATURAL,CC,1282062607,,44001,ACTIVO,2025-06-04,jesus.roa7224@example.com,3407016263
7225,NATURAL,CC,1257728434,,11001,ACTIVO,2025-06-05,felipe.orozco7225@example.com,3803009360
7226,JURIDICA,NIT,978172204,1,08001,ACTIVO,2025-06-05,contacto7226@example.com,3647406068
7227,NATURAL,CC,1042816690,,08758,ACTIVO,2025-06-06,eduardo.ortiz7227@example.com,3448057674
7228,NATURAL,CC,1139746081,,08001,ACTIVO,2025-06-06,antonio.arevalo7228@example.com,3357863522
7229,NATURAL,CC,1270840563,,76001,ACTIVO,2025-06-06,bryan.carrillo7229@example.com,3109722380
7230,NATURAL,CC,1136085546,,11001,ACTIVO,2025-06-06,isabel.melo7230@example.com,3225643045
7231,NATURAL,PA,GR0798125,,11001,ACTIVO,2025-06-07,antonio.sanchez7231@example.com,3641257969
7232,NATURAL,CC,1148861267,,76109,ACTIVO,2025-06-07,manuel.vargas7232@example.com,3004268581
7233,NATURAL,CC,1067398057,,11001,ACTIVO,2025-06-09,jesus.diaz7233@example.com,3819641211
7234,NATURAL,CE,415232,,76001,ACTIVO,2025-06-09,dary.amaya7234@example.com,3913016561
7235,NATURAL,CE,439919,,08758,ACTIVO,2025-06-09,cecilia.garcia7235@example.com,3354741216
7236,JURIDICA,NIT,960182036,8,05360,ACTIVO,2025-06-09,contacto7236@example.com,3621904639
7237,NATURAL,CC,1068364179,,11001,ACTIVO,2025-06-09,julian.rios7237@example.com,3964707944
7238,NATURAL,CC,1203784107,,08758,ACTIVO,2025-06-09,carlos.vergara7238@example.com,3114475585
7239,NATURAL,CC,1206256511,,76001,ACTIVO,2025-06-09,silvia.amaya7239@example.com,3190349067
7240,JURIDICA,NIT,967205319,3,11001,ACTIVO,2025-06-09,contacto7240@example.com,3833984650
7241,NATURAL,CC,1130762628,,68001,ACTIVO,2025-06-09,maria.miranda7241@example.com,3151430374
7242,NATURAL,CC,1277671886,,66001,ACTIVO,2025-06-10,luis.rincon7242@example.com,3550264103
7243,NATURAL,CC,1138107706,,11001,ACTIVO,2025-06-10,lucia.mosquera7243@example.com,3024262513
7244,NATURAL,CC,1277387918,,76001,ACTIVO,2025-06-10,emerson.andrade7244@example.com,3469127395
7245,NATURAL,CC,1180820752,,76001,ACTIVO,2025-06-10,betty.florez7245@example.com,3658386290
7246,NATURAL,CC,1185803521,,11001,ACTIVO,2025-06-10,sandra.torres7246@example.com,3923525450
7247,NATURAL,CC,1286131386,,11001,ACTIVO,2025-06-10,edwin.sierra7247@example.com,3691570138
7248,JURIDICA,NIT,969293167,3,11001,ACTIVO,2025-06-10,contacto7248@example.com,3590178941
7249,NATURAL,CC,1028023774,,54001,ACTIVO,2025-06-11,sandra.sierra7249@example.com,3316903082
7250,NATURAL,CC,1157885702,,05001,ACTIVO,2025-06-11,patricia.salazar7250@example.com,3979343449
7251,NATURAL,CC,1012526356,,25126,ACTIVO,2025-06-11,marina.giraldo7251@example.com,3314270551
7252,JURIDICA,NIT,982685663,5,05088,ACTIVO,2025-06-11,contacto7252@example.com,3169017145
7253,NATURAL,CC,1011267134,,73001,ACTIVO,2025-06-11,luz.caicedo7253@example.com,3184309040
7254,NATURAL,CC,1246403413,,11001,ACTIVO,2025-06-11,carolina.rosero7254@example.com,3746058073
7255,NATURAL,CC,1225440983,,41001,ACTIVO,2025-06-11,angel.mendoza7255@example.com,3086905952
7256,NATURAL,CE,994923,,63001,ACTIVO,2025-06-12,alonso.vega7256@example.com,3318815456
7257,NATURAL,CC,1089014599,,05001,ACTIVO,2025-06-12,libardo.rengifo7257@example.com,3965046889
7258,NATURAL,CC,1086264651,,05001,ACTIVO,2025-06-12,lilia.parra7258@example.com,3295066821
7259,NATURAL,CC,1282891518,,08758,ACTIVO,2025-06-12,felipe.galindo7259@example.com,3283575972
7260,NATURAL,CC,1168539868,,08001,ACTIVO,2025-06-12,,3440681777
7261,NATURAL,CC,1114334088,,11001,ACTIVO,2025-06-12,jose.jimenez7261@example.com,3989310016
7262,NATURAL,CC,1077918541,,70001,ACTIVO,2025-06-13,jose.rivera7262@example.com,3014503476
7263,NATURAL,CC,1020135477,,11001,ACTIVO,2025-06-13,paola.alvarez7263@example.com,3537533802
7264,NATURAL,CC,1282825582,,05088,ACTIVO,2025-06-13,,3590683745
7265,NATURAL,CC,1155849992,,41001,ACTIVO,2025-06-14,domingo.rodriguez7265@example.com,3184920954
7266,NATURAL,CC,1166696240,,05001,ACTIVO,2025-06-14,milena.padilla7266@example.com,3653025918
7267,NATURAL,CC,1214971730,,76001,ACTIVO,2025-06-14,jose.vargas7267@example.com,3536142664
7268,NATURAL,CC,1138596290,,76001,ACTIVO,2025-06-14,hector.montoya7268@example.com,3254041938
7269,NATURAL,CC,1059646167,,11001,ACTIVO,2025-06-14,julieth.ruiz7269@example.com,3586682818
7270,NATURAL,CC,1192991615,,85001,ACTIVO,2025-06-14,esther.murillo7270@example.com,3854494775
7271,NATURAL,CC,1002813221,,44001,ACTIVO,2025-06-14,nury.londono7271@example.com,3512423403
7272,NATURAL,CC,1156223138,,11001,ACTIVO,2025-06-16,nelly.duarte7272@example.com,3556535880
7273,NATURAL,CC,1113981032,,05001,ACTIVO,2025-06-16,ximena.franco7273@example.com,3266489931
7274,NATURAL,CC,1194019922,,11001,ACTIVO,2025-06-16,,3633423612
7275,NATURAL,CC,1013053867,,47001,ACTIVO,2025-06-16,humberto.castro7275@example.com,3320444839
7276,NATURAL,CC,1279071798,,73001,ACTIVO,2025-06-16,betty.quintero7276@example.com,3301767465
7277,JURIDICA,NIT,962724181,2,17873,ACTIVO,2025-06-16,contacto7277@example.com,3592693056
7278,NATURAL,CC,1159836709,,23001,ACTIVO,2025-06-17,edward.rodriguez7278@example.com,3361622858
7279,NATURAL,CC,1092919288,,76520,ACTIVO,2025-06-17,manuel.prada7279@example.com,3955622907
7280,NATURAL,CC,1054307674,,11001,ACTIVO,2025-06-17,cecilia.gutierrez7280@example.com,3463775488
7281,NATURAL,CC,1172504484,,11001,ACTIVO,2025-06-17,blanca.martinez7281@example.com,3805097005
7282,NATURAL,CC,1244640210,,11001,ACTIVO,2025-06-17,luz.lopez7282@example.com,3167183840
7283,NATURAL,CC,1065426060,,19001,ACTIVO,2025-06-19,edith.caicedo7283@example.com,3763308282
7284,NATURAL,CC,1280732953,,76001,ACTIVO,2025-06-19,vanesa.murillo7284@example.com,3843983661
7285,NATURAL,CC,1201356512,,76520,ACTIVO,2025-06-19,dina.bernal7285@example.com,3125339278
7286,NATURAL,CC,1059777649,,68001,ACTIVO,2025-06-19,eliana.ramirez7286@example.com,3621752216
7287,NATURAL,CC,1085305983,,11001,ACTIVO,2025-06-19,nelson.hernandez7287@example.com,3625606320
7288,NATURAL,CC,1163707169,,54001,ACTIVO,2025-06-19,cesar.fernandez7288@example.com,3555591077
7289,NATURAL,CC,1108755874,,76001,ACTIVO,2025-06-19,daniel.villegas7289@example.com,3594617503
7290,NATURAL,CC,1188255069,,11001,ACTIVO,2025-06-20,,3693885025
7291,NATURAL,CC,1099697445,,73001,ACTIVO,2025-06-20,augusto.moreno7291@example.com,3316927837
7292,NATURAL,CC,1261234774,,05001,ACTIVO,2025-06-20,lucero.martinez7292@example.com,3207840678
7293,NATURAL,CC,1265435336,,11001,ACTIVO,2025-06-20,alexandra.cardona7293@example.com,3303521483
7294,NATURAL,CC,1045627125,,13001,ACTIVO,2025-06-21,luis.ramirez7294@example.com,3378499933
7295,NATURAL,CC,1265286147,,11001,ACTIVO,2025-06-21,cristian.jaramillo7295@example.com,3284107049
7296,NATURAL,CC,1232460470,,66170,ACTIVO,2025-06-23,andres.parra7296@example.com,3213560904
7297,NATURAL,CC,1212210251,,11001,ACTIVO,2025-06-23,yair.franco7297@example.com,3765407915
7298,NATURAL,CC,1194142764,,17001,ACTIVO,2025-06-23,fernando.palacios7298@example.com,3319856665
7299,JURIDICA,NIT,960642246,2,11001,ACTIVO,2025-06-23,contacto7299@example.com,3258225606
7300,JURIDICA,NIT,986523782,3,05266,ACTIVO,2025-06-23,contacto7300@example.com,3230785461
7301,NATURAL,CC,1249738476,,05001,ACTIVO,2025-06-23,sebastian.correa7301@example.com,3722964694
7302,NATURAL,CE,979206,,13001,ACTIVO,2025-06-23,doris.cuellar7302@example.com,3567157924
7303,NATURAL,CC,1082324654,,76001,ACTIVO,2025-06-23,yuly.gutierrez7303@example.com,3076489260
7304,NATURAL,CC,1117790994,,11001,ACTIVO,2025-06-23,gloria.barragan7304@example.com,3867966701
7305,NATURAL,CC,1131382981,,11001,ACTIVO,2025-06-23,jose.hurtado7305@example.com,3538080769
7306,NATURAL,CC,1007744804,,11001,ACTIVO,2025-06-24,maria.morales7306@example.com,3167854653
7307,NATURAL,CC,1224201943,,05088,ACTIVO,2025-06-24,alexander.suarez7307@example.com,3755666657
7308,NATURAL,CC,1194647426,,20001,ACTIVO,2025-06-24,andres.duarte7308@example.com,3489477488
7309,NATURAL,CC,1023247431,,08001,ACTIVO,2025-06-24,angela.cruz7309@example.com,3247984167
7310,NATURAL,CC,1155698800,,20001,ACTIVO,2025-06-24,monica.nino7310@example.com,3099193277
7311,NATURAL,CC,1071009673,,76001,ACTIVO,2025-06-25,dario.pedraza7311@example.com,3518415976
7312,NATURAL,CC,1275644066,,76001,ACTIVO,2025-06-25,,3128139494
7313,NATURAL,CC,1111896613,,08001,ACTIVO,2025-06-25,katerine.alvarez7313@example.com,3223698608
7314,NATURAL,CE,142900,,13001,ACTIVO,2025-06-25,jorge.beltran7314@example.com,3761845558
7315,NATURAL,CC,1169281345,,66001,ACTIVO,2025-06-25,,3473357240
7316,NATURAL,CC,1264688189,,11001,ACTIVO,2025-06-25,angel.narvaez7316@example.com,3635456729
7317,NATURAL,CC,1132890594,,11001,ACTIVO,2025-06-26,wilson.daza7317@example.com,3711230783
7318,NATURAL,CC,1029752982,,05001,ACTIVO,2025-06-27,tatiana.forero7318@example.com,3211117877
7319,NATURAL,CC,1166608025,,11001,ACTIVO,2025-06-27,amelia.rincon7319@example.com,3324098339
7320,NATURAL,CC,1119551378,,66001,ACTIVO,2025-06-27,ana.jaimes7320@example.com,3874474589
7321,JURIDICA,NIT,964594641,7,11001,ACTIVO,2025-06-27,contacto7321@example.com,3534210272
7322,NATURAL,CC,1218891551,,41001,ACTIVO,2025-06-27,maria.cordoba7322@example.com,3161297328
7323,NATURAL,CC,1113144711,,27001,ACTIVO,2025-06-27,alix.rueda7323@example.com,3424225073
7324,NATURAL,CC,1206096290,,08001,ACTIVO,2025-06-28,sofia.valencia7324@example.com,3158340552
7325,NATURAL,CC,1001489338,,11001,ACTIVO,2025-06-28,ruben.corredor7325@example.com,3311379019
7326,NATURAL,CC,1166416281,,20001,ACTIVO,2025-06-28,mary.perez7326@example.com,3278061541
7327,NATURAL,CC,1296757964,,52001,ACTIVO,2025-06-28,maria.ballesteros7327@example.com,3373961276
7328,JURIDICA,NIT,964216951,5,08001,ACTIVO,2025-06-28,contacto7328@example.com,3546219222
7329,JURIDICA,NIT,989039910,5,13001,ACTIVO,2025-06-30,contacto7329@example.com,3764986209
7330,JURIDICA,NIT,988997623,1,76001,ACTIVO,2025-06-30,contacto7330@example.com,3886206392
7331,NATURAL,CC,1195864927,,08758,ACTIVO,2025-06-30,albeiro.mejia7331@example.com,3571010484
7332,NATURAL,PPT,1648089,,05001,ACTIVO,2025-06-30,milena.parra7332@example.com,3106298606
7333,NATURAL,CC,1103529910,,73001,ACTIVO,2025-06-30,duvan.gil7333@example.com,3508364831
7334,JURIDICA,NIT,961704215,5,88001,ACTIVO,2025-06-30,contacto7334@example.com,3955484111
7335,NATURAL,CC,1172510511,,11001,ACTIVO,2025-06-30,augusto.narvaez7335@example.com,3319532042
7336,NATURAL,CC,1104489960,,05001,ACTIVO,2025-07-01,leonor.vasquez7336@example.com,3982359520
7337,JURIDICA,NIT,962240286,9,76001,ACTIVO,2025-07-01,contacto7337@example.com,3070216535
7338,NATURAL,CC,1266348861,,08758,ACTIVO,2025-07-01,sofia.rivera7338@example.com,3968091838
7339,NATURAL,CC,1299148042,,08758,ACTIVO,2025-07-01,cristian.triana7339@example.com,3140839152
7340,NATURAL,CE,970885,,52001,ACTIVO,2025-07-02,esperanza.fernandez7340@example.com,3462962563
7341,JURIDICA,NIT,987981388,1,13001,ACTIVO,2025-07-02,contacto7341@example.com,3133927792
7342,NATURAL,CE,946854,,20001,ACTIVO,2025-07-02,enrique.paez7342@example.com,3917999999
7343,NATURAL,CC,1110419676,,11001,ACTIVO,2025-07-02,silvia.mantilla7343@example.com,3363614321
7344,NATURAL,CC,1273472827,,11001,ACTIVO,2025-07-02,diana.montoya7344@example.com,3192086996
7345,NATURAL,CC,1218872875,,13001,ACTIVO,2025-07-03,marcos.mora7345@example.com,3200981114
7346,NATURAL,CC,1056901970,,11001,ACTIVO,2025-07-03,,3367056398
7347,NATURAL,CC,1051796285,,11001,ACTIVO,2025-07-03,julio.garcia7347@example.com,3387176258
7348,NATURAL,CC,1267956711,,17001,ACTIVO,2025-07-03,jairo.hoyos7348@example.com,3267645558
7349,NATURAL,CC,1010627683,,11001,ACTIVO,2025-07-03,clara.buitrago7349@example.com,3065374621
7350,NATURAL,CC,1271139163,,08001,ACTIVO,2025-07-03,carlos.fernandez7350@example.com,3216707180
7351,NATURAL,CC,1112594014,,76001,ACTIVO,2025-07-03,jorge.sarmiento7351@example.com,3641576991
7352,NATURAL,CC,1046972797,,11001,ACTIVO,2025-07-03,augusto.arenas7352@example.com,3966055484
7353,NATURAL,CC,1260680930,,23001,ACTIVO,2025-07-04,claudia.suarez7353@example.com,3227115973
7354,NATURAL,CC,1208502979,,08001,ACTIVO,2025-07-05,irene.rojas7354@example.com,3767808391
7355,JURIDICA,NIT,979413934,9,19001,ACTIVO,2025-07-05,contacto7355@example.com,3119249305
7356,NATURAL,CC,1288780767,,11001,ACTIVO,2025-07-05,amparo.sanchez7356@example.com,3496352460
7357,NATURAL,CC,1092742374,,41001,ACTIVO,2025-07-05,harold.ortega7357@example.com,3083087318
7358,NATURAL,CC,1107840870,,15001,ACTIVO,2025-07-07,,3756729916
7359,NATURAL,CC,1192997167,,54001,ACTIVO,2025-07-07,stiven.miranda7359@example.com,3978074988
7360,NATURAL,CC,1154493673,,11001,ACTIVO,2025-07-07,maria.herrera7360@example.com,3125152849
7361,NATURAL,CC,1179956619,,05001,ACTIVO,2025-07-07,doris.sierra7361@example.com,3064575549
7362,NATURAL,CC,1023338727,,11001,ACTIVO,2025-07-07,alicia.mendez7362@example.com,3121738740
7363,NATURAL,CC,1049644487,,11001,INACTIVO,2025-07-07,maribel.herrera7363@example.com,3283927023
7364,NATURAL,CC,1134853347,,15238,ACTIVO,2025-07-07,elena.rodriguez7364@example.com,3608301385
7365,NATURAL,CC,1212063664,,08001,ACTIVO,2025-07-07,oscar.diaz7365@example.com,3672619705
7366,NATURAL,CC,1233576902,,66001,ACTIVO,2025-07-08,patricia.ortega7366@example.com,3885457419
7367,NATURAL,CC,1180340433,,50001,ACTIVO,2025-07-08,carmen.castro7367@example.com,3248891778
7368,NATURAL,CC,1099433219,,11001,ACTIVO,2025-07-09,maria.florez7368@example.com,3136154650
7369,NATURAL,CC,1091538607,,76109,ACTIVO,2025-07-09,sandra.camargo7369@example.com,3654103682
7370,JURIDICA,NIT,970657255,0,11001,ACTIVO,2025-07-09,contacto7370@example.com,3348058912
7371,JURIDICA,NIT,965381325,3,11001,ACTIVO,2025-07-09,contacto7371@example.com,3802741768
7372,JURIDICA,NIT,983110632,3,05088,ACTIVO,2025-07-09,contacto7372@example.com,3058151319
7373,NATURAL,CC,1024107484,,05001,ACTIVO,2025-07-09,angel.ruiz7373@example.com,3349156692
7374,NATURAL,CC,1112945946,,05360,ACTIVO,2025-07-09,victor.tovar7374@example.com,3545307935
7375,NATURAL,CC,1298207037,,19001,ACTIVO,2025-07-10,rocio.sanchez7375@example.com,3994105826
7376,NATURAL,CC,1120283637,,11001,ACTIVO,2025-07-10,luis.lopez7376@example.com,3581076746
7377,NATURAL,CC,1238983327,,54001,ACTIVO,2025-07-10,andres.guzman7377@example.com,3145198699
7378,NATURAL,CC,1053509781,,11001,ACTIVO,2025-07-10,sandra.velasquez7378@example.com,3326808293
7379,JURIDICA,NIT,975472154,8,05001,ACTIVO,2025-07-10,contacto7379@example.com,3550599512
7380,NATURAL,CC,1248600986,,76520,ACTIVO,2025-07-10,diana.suarez7380@example.com,3541962176
7381,NATURAL,CC,1210514668,,05001,ACTIVO,2025-07-11,manuel.becerra7381@example.com,3701364332
7382,JURIDICA,NIT,971038450,9,11001,ACTIVO,2025-07-11,contacto7382@example.com,3081429896
7383,NATURAL,CC,1144564322,,05088,ACTIVO,2025-07-12,fernando.ardila7383@example.com,3410363836
7384,NATURAL,CC,1200006541,,11001,ACTIVO,2025-07-12,pedro.serrano7384@example.com,3318494858
7385,NATURAL,CC,1042290093,,13001,ACTIVO,2025-07-12,luis.forero7385@example.com,3609257179
7386,NATURAL,CC,1285921272,,50001,ACTIVO,2025-07-12,esteban.marin7386@example.com,3954022112
7387,JURIDICA,NIT,962729660,1,05266,ACTIVO,2025-07-12,contacto7387@example.com,3136085094
7388,NATURAL,CC,1160934685,,13430,ACTIVO,2025-07-12,felipe.jimenez7388@example.com,3912286109
7389,JURIDICA,NIT,989326426,2,11001,ACTIVO,2025-07-12,contacto7389@example.com,3152966307
7390,NATURAL,CC,1224684073,,76001,ACTIVO,2025-07-12,veronica.rodriguez7390@example.com,3889827598
7391,NATURAL,CC,1048100523,,11001,ACTIVO,2025-07-14,yulieth.gonzalez7391@example.com,3280182663
7392,NATURAL,CC,1093027681,,54001,ACTIVO,2025-07-14,,3632996011
7393,NATURAL,CC,1196262755,,97001,ACTIVO,2025-07-14,francisco.ocampo7393@example.com,3548272493
7394,JURIDICA,NIT,978969456,2,17380,ACTIVO,2025-07-14,contacto7394@example.com,3149732034
7395,NATURAL,CC,1241469099,,76001,ACTIVO,2025-07-14,johanna.romero7395@example.com,3879792449
7396,NATURAL,CC,1273371033,,17001,ACTIVO,2025-07-14,camila.salazar7396@example.com,3509979642
7397,NATURAL,CC,1299870757,,08001,ACTIVO,2025-07-14,hugo.trujillo7397@example.com,3361109915
7398,NATURAL,CC,1241132786,,11001,ACTIVO,2025-07-14,diana.buitrago7398@example.com,3725066760
7399,NATURAL,CC,1254252261,,11001,ACTIVO,2025-07-14,lady.ordonez7399@example.com,3532479014
7400,NATURAL,CC,1239750351,,11001,ACTIVO,2025-07-14,,3869580940
7401,NATURAL,CC,1219996629,,11001,ACTIVO,2025-07-15,alfredo.munoz7401@example.com,3082806459
7402,NATURAL,CC,1170696161,,23001,ACTIVO,2025-07-15,camilo.gonzalez7402@example.com,3243003459
7403,NATURAL,CC,1094215316,,66001,ACTIVO,2025-07-16,carlos.henao7403@example.com,3719291312
7404,NATURAL,CC,1291316509,,76001,ACTIVO,2025-07-16,jorge.mora7404@example.com,3126945153
7405,NATURAL,CC,1148493601,,05001,ACTIVO,2025-07-16,manuel.quintero7405@example.com,3813968128
7406,NATURAL,CC,1050486234,,19001,ACTIVO,2025-07-16,nelson.guerrero7406@example.com,3077277150
7407,JURIDICA,NIT,989624752,7,05001,ACTIVO,2025-07-16,contacto7407@example.com,3580378225
7408,NATURAL,CC,1203297126,,41001,ACTIVO,2025-07-17,,3778583461
7409,NATURAL,CC,1132603635,,66001,ACTIVO,2025-07-17,damaris.arias7409@example.com,3072906191
7410,NATURAL,CC,1039678017,,11001,ACTIVO,2025-07-17,alexander.gaviria7410@example.com,3734730811
7411,NATURAL,CC,1227300705,,11001,ACTIVO,2025-07-17,,3604631186
7412,NATURAL,CC,1012168256,,05001,ACTIVO,2025-07-17,,3877285235
7413,NATURAL,CC,1197287056,,11001,ACTIVO,2025-07-17,,3911343297
7414,NATURAL,CC,1146004950,,66001,ACTIVO,2025-07-17,,3406687097
7415,NATURAL,CC,1242473529,,76109,ACTIVO,2025-07-17,jose.guerrero7415@example.com,3689519160
7416,NATURAL,CC,1175495215,,17001,ACTIVO,2025-07-17,luz.rodriguez7416@example.com,3993433830
7417,NATURAL,CC,1129306301,,23001,ACTIVO,2025-07-18,alexander.gonzalez7417@example.com,3369630166
7418,NATURAL,CC,1163057180,,05001,ACTIVO,2025-07-18,elizabeth.gomez7418@example.com,3696915563
7419,JURIDICA,NIT,963473749,0,97001,ACTIVO,2025-07-18,contacto7419@example.com,3143984666
7420,NATURAL,CC,1105145184,,05001,ACTIVO,2025-07-18,luis.benitez7420@example.com,3946793507
7421,NATURAL,CC,1252381141,,11001,ACTIVO,2025-07-19,wilmer.polo7421@example.com,3812987217
7422,NATURAL,CC,1008404153,,11001,ACTIVO,2025-07-19,blanca.barrera7422@example.com,3756985195
7423,NATURAL,CC,1004132126,,13001,ACTIVO,2025-07-19,fernanda.restrepo7423@example.com,3095819331
7424,NATURAL,CC,1093517051,,76001,ACTIVO,2025-07-19,jorge.alzate7424@example.com,3396823584
7425,JURIDICA,NIT,976968414,1,13001,ACTIVO,2025-07-19,contacto7425@example.com,3014636092
7426,NATURAL,CC,1275671053,,17001,ACTIVO,2025-07-19,,3710202698
7427,NATURAL,CE,922879,,13001,ACTIVO,2025-07-21,claudia.pardo7427@example.com,3498257007
7428,NATURAL,CC,1128630600,,05088,ACTIVO,2025-07-21,maritza.alfonso7428@example.com,3291341393
7429,NATURAL,PPT,3240722,,18001,ACTIVO,2025-07-21,mateo.ballesteros7429@example.com,3380399860
7430,JURIDICA,NIT,983702345,5,76001,ACTIVO,2025-07-21,contacto7430@example.com,3641991706
7431,NATURAL,CC,1239687579,,05001,ACTIVO,2025-07-21,luis.carvajal7431@example.com,3169652093
7432,NATURAL,CC,1173523901,,73001,ACTIVO,2025-07-21,katherine.corredor7432@example.com,3592164314
7433,JURIDICA,NIT,974030279,1,05001,ACTIVO,2025-07-21,contacto7433@example.com,3006332842
7434,NATURAL,CC,1073870800,,20001,ACTIVO,2025-07-21,alejandro.rosero7434@example.com,3133768487
7435,NATURAL,CC,1004105694,,50001,ACTIVO,2025-07-21,maria.rivera7435@example.com,3379538675
7436,NATURAL,CC,1053165499,,18001,ACTIVO,2025-07-21,elkin.luna7436@example.com,3884325364
7437,NATURAL,CC,1125772482,,05088,ACTIVO,2025-07-21,alberto.blanco7437@example.com,3104463546
7438,NATURAL,CC,1049163203,,76001,ACTIVO,2025-07-21,monica.cano7438@example.com,3928612187
7439,NATURAL,CE,683262,,11001,ACTIVO,2025-07-21,jonathan.jimenez7439@example.com,3598354000
7440,NATURAL,CC,1125516393,,11001,ACTIVO,2025-07-22,dayana.pardo7440@example.com,3402833201
7441,JURIDICA,NIT,980131555,3,08001,ACTIVO,2025-07-22,contacto7441@example.com,3671686364
7442,NATURAL,CC,1134161239,,08758,ACTIVO,2025-07-22,marleny.ruiz7442@example.com,3126498290
7443,NATURAL,CC,1012994817,,19001,ACTIVO,2025-07-22,maria.montes7443@example.com,3652366833
7444,NATURAL,CC,1064333717,,76001,ACTIVO,2025-07-22,luz.zambrano7444@example.com,3835319125
7445,NATURAL,CC,1243929008,,05001,ACTIVO,2025-07-22,camilo.sanchez7445@example.com,3238618113
7446,JURIDICA,NIT,984456148,9,11001,ACTIVO,2025-07-22,contacto7446@example.com,3251963240
7447,JURIDICA,NIT,973047668,2,11001,ACTIVO,2025-07-23,contacto7447@example.com,3834010030
7448,NATURAL,CC,1035996097,,11001,ACTIVO,2025-07-23,claudia.nieto7448@example.com,3093184196
7449,NATURAL,CC,1299084324,,76834,ACTIVO,2025-07-23,,3110455587
7450,NATURAL,CC,1161359938,,13001,ACTIVO,2025-07-23,marly.hurtado7450@example.com,3742526000
7451,NATURAL,CC,1274794690,,05001,ACTIVO,2025-07-23,esmeralda.molina7451@example.com,3439432452
7452,NATURAL,CC,1200258425,,47001,ACTIVO,2025-07-24,vanessa.nieto7452@example.com,3520356981
7453,NATURAL,CC,1297016216,,66001,ACTIVO,2025-07-24,jacqueline.osorio7453@example.com,3878379494
7454,NATURAL,CC,1052930587,,68276,ACTIVO,2025-07-25,juan.roa7454@example.com,3685170264
7455,NATURAL,CC,1219644683,,76001,ACTIVO,2025-07-25,angela.torres7455@example.com,3746875227
7456,NATURAL,CC,1142620223,,05001,ACTIVO,2025-07-25,luz.rodriguez7456@example.com,3389389308
7457,NATURAL,CC,1081429716,,05001,ACTIVO,2025-07-25,miguel.bravo7457@example.com,3317132442
7458,NATURAL,CC,1282504532,,68001,ACTIVO,2025-07-26,maria.patino7458@example.com,3426905230
7459,NATURAL,CC,1186038491,,11001,ACTIVO,2025-07-26,enrique.daza7459@example.com,3874801379
7460,NATURAL,CC,1199422428,,11001,ACTIVO,2025-07-26,raul.amaya7460@example.com,3120903319
7461,NATURAL,CC,1144705400,,68001,ACTIVO,2025-07-26,rosa.gonzalez7461@example.com,3049110868
7462,NATURAL,CC,1100235242,,11001,ACTIVO,2025-07-26,juan.salgado7462@example.com,3525371104
7463,NATURAL,CC,1085769708,,11001,ACTIVO,2025-07-26,juan.zapata7463@example.com,3270827743
7464,NATURAL,CC,1253619991,,76001,ACTIVO,2025-07-26,sandra.vargas7464@example.com,3984729689
7465,NATURAL,CC,1138911188,,05001,ACTIVO,2025-07-26,felipe.vargas7465@example.com,3361308182
7466,NATURAL,CC,1117449267,,11001,ACTIVO,2025-07-26,patricia.velasco7466@example.com,3504853127
7467,NATURAL,CC,1019857805,,05001,ACTIVO,2025-07-26,enrique.rodriguez7467@example.com,3621302236
7468,NATURAL,CC,1178032053,,11001,ACTIVO,2025-07-26,vanessa.garces7468@example.com,3603274828
7469,NATURAL,CC,1139658282,,11001,ACTIVO,2025-07-26,eduardo.becerra7469@example.com,3381696833
7470,NATURAL,CC,1148676512,,11001,ACTIVO,2025-07-28,angelica.ochoa7470@example.com,3435957026
7471,NATURAL,CC,1216884995,,44001,ACTIVO,2025-07-28,yolanda.montoya7471@example.com,3023352940
7472,NATURAL,CC,1157438770,,76001,ACTIVO,2025-07-28,mayerly.vallejo7472@example.com,3540219591
7473,NATURAL,CC,1272239470,,11001,ACTIVO,2025-07-28,ana.cruz7473@example.com,3207179395
7474,NATURAL,CC,1251322058,,76001,ACTIVO,2025-07-28,luz.polo7474@example.com,3242921803
7475,NATURAL,CC,1121169967,,17001,ACTIVO,2025-07-28,carlos.munoz7475@example.com,3109865008
7476,NATURAL,CC,1221998341,,76001,ACTIVO,2025-07-28,mauricio.ruiz7476@example.com,3570873523
7477,JURIDICA,NIT,967641342,2,05001,ACTIVO,2025-07-28,contacto7477@example.com,3307919633
7478,NATURAL,CC,1147996260,,11001,ACTIVO,2025-07-28,pablo.rincon7478@example.com,3556708250
7479,NATURAL,CC,1036136730,,76001,ACTIVO,2025-07-28,carlos.lopez7479@example.com,3335749214
7480,NATURAL,CC,1095369973,,44001,ACTIVO,2025-07-29,isabel.ramirez7480@example.com,3105240964
7481,JURIDICA,NIT,967630355,0,11001,ACTIVO,2025-07-29,contacto7481@example.com,3718549288
7482,JURIDICA,NIT,984920920,9,66001,ACTIVO,2025-07-29,contacto7482@example.com,3641463385
7483,NATURAL,CC,1255591773,,52001,ACTIVO,2025-07-29,ana.velasquez7483@example.com,3325905268
7484,NATURAL,CC,1036104149,,50001,ACTIVO,2025-07-30,jairo.patino7484@example.com,3703791705
7485,NATURAL,CC,1185887851,,11001,ACTIVO,2025-07-30,,3923368148
7486,JURIDICA,NIT,962076601,3,70001,ACTIVO,2025-07-30,contacto7486@example.com,3577140072
7487,NATURAL,CC,1019132135,,76520,ACTIVO,2025-07-30,tania.restrepo7487@example.com,3831312198
7488,NATURAL,CC,1008039904,,11001,ACTIVO,2025-07-30,samuel.suarez7488@example.com,3484834424
7489,NATURAL,CE,448633,,11001,ACTIVO,2025-07-30,vilma.hernandez7489@example.com,3215669608
7490,NATURAL,CC,1262265275,,47001,ACTIVO,2025-07-31,edith.estrada7490@example.com,3264116602
7491,NATURAL,CC,1087454010,,05088,ACTIVO,2025-07-31,carlos.ruiz7491@example.com,3986138447
7492,NATURAL,CC,1184291869,,05088,ACTIVO,2025-08-01,maria.romero7492@example.com,3347799860
7493,NATURAL,CC,1012115020,,08001,ACTIVO,2025-08-01,fernando.ruiz7493@example.com,3297606132
7494,NATURAL,CC,1178187841,,11001,ACTIVO,2025-08-01,juan.quintero7494@example.com,3365873659
7495,NATURAL,CC,1173763263,,11001,ACTIVO,2025-08-01,cristina.galeano7495@example.com,3698371440
7496,NATURAL,CC,1002905344,,54001,ACTIVO,2025-08-01,manuel.caceres7496@example.com,3014679067
7497,NATURAL,CC,1189731848,,66170,ACTIVO,2025-08-01,ferney.vanegas7497@example.com,3753547763
7498,NATURAL,CC,1248235619,,47001,ACTIVO,2025-08-01,andres.rodriguez7498@example.com,3104472985
7499,NATURAL,CC,1172218178,,68001,ACTIVO,2025-08-01,diana.gonzalez7499@example.com,3841000873
7500,NATURAL,CC,1172383927,,18001,ACTIVO,2025-08-02,antonio.oviedo7500@example.com,3433659699
7501,NATURAL,CC,1151537260,,52001,ACTIVO,2025-08-02,,3468536687
7502,NATURAL,CC,1240346069,,73001,ACTIVO,2025-08-02,jorge.gomez7502@example.com,3573337797
7503,NATURAL,CC,1153344558,,68001,ACTIVO,2025-08-02,sonia.alfonso7503@example.com,3374110154
7504,JURIDICA,NIT,962172686,1,05001,ACTIVO,2025-08-02,contacto7504@example.com,3188708693
7505,NATURAL,CC,1051966329,,68001,ACTIVO,2025-08-02,francisco.jimenez7505@example.com,3143125707
7506,NATURAL,CC,1292953078,,15001,ACTIVO,2025-08-02,valentina.rodriguez7506@example.com,3921202220
7507,NATURAL,CC,1201116641,,15238,ACTIVO,2025-08-02,,3169428126
7508,JURIDICA,NIT,978003172,0,76001,ACTIVO,2025-08-02,contacto7508@example.com,3878745098
7509,JURIDICA,NIT,985449140,5,11001,ACTIVO,2025-08-02,contacto7509@example.com,3748674552
7510,NATURAL,CC,1157962811,,76001,ACTIVO,2025-08-02,katherine.hernandez7510@example.com,3588536608
7511,NATURAL,CC,1068548161,,11001,ACTIVO,2025-08-02,mercedes.rodriguez7511@example.com,3669013320
7512,NATURAL,CC,1084208261,,76834,ACTIVO,2025-08-04,roberto.mosquera7512@example.com,3759041240
7513,NATURAL,CC,1140321668,,11001,ACTIVO,2025-08-04,antonio.quintero7513@example.com,3784214260
7514,NATURAL,CC,1210550650,,85001,ACTIVO,2025-08-04,helena.ramos7514@example.com,3641819363
7515,JURIDICA,NIT,969252549,8,05001,ACTIVO,2025-08-04,contacto7515@example.com,3295323914
7516,NATURAL,CC,1026590239,,27001,ACTIVO,2025-08-04,jhon.cordoba7516@example.com,3113204222
7517,NATURAL,CC,1193745528,,08001,ACTIVO,2025-08-04,julian.rubio7517@example.com,3624744659
7518,JURIDICA,NIT,973896995,8,76001,ACTIVO,2025-08-05,contacto7518@example.com,3854483158
7519,NATURAL,CC,1122257549,,11001,ACTIVO,2025-08-05,vilma.jaramillo7519@example.com,3267631762
7520,NATURAL,CC,1201979698,,13001,ACTIVO,2025-08-05,enith.silva7520@example.com,3558851411
7521,NATURAL,CC,1203465930,,11001,ACTIVO,2025-08-05,mireya.medina7521@example.com,3221678821
7522,NATURAL,CC,1140154579,,68001,INACTIVO,2025-08-06,andres.sepulveda7522@example.com,3424677685
7523,NATURAL,CC,1282045788,,11001,ACTIVO,2025-08-06,camilo.velez7523@example.com,3265422778
7524,NATURAL,CC,1135719868,,11001,ACTIVO,2025-08-06,judith.lopez7524@example.com,3115360053
7525,NATURAL,CC,1087608747,,41001,ACTIVO,2025-08-06,harold.mendez7525@example.com,3533465149
7526,NATURAL,CC,1030261683,,05088,ACTIVO,2025-08-06,gabriel.nunez7526@example.com,3629607290
7527,NATURAL,CC,1186460810,,50001,ACTIVO,2025-08-07,,3065512105
7528,NATURAL,CC,1022023616,,11001,INACTIVO,2025-08-07,,3524300941
7529,NATURAL,CC,1105743959,,08001,ACTIVO,2025-08-07,hermes.henao7529@example.com,3098601022
7530,NATURAL,PPT,7295821,,88001,ACTIVO,2025-08-07,cecilia.rincon7530@example.com,3140663829
7531,JURIDICA,NIT,962054582,7,08758,ACTIVO,2025-08-08,contacto7531@example.com,3605168905
7532,NATURAL,CC,1055320864,,13001,ACTIVO,2025-08-08,sergio.suarez7532@example.com,3661571839
7533,NATURAL,CC,1142592605,,91001,INACTIVO,2025-08-08,albeiro.cortes7533@example.com,3920023662
7534,NATURAL,CC,1214696731,,11001,ACTIVO,2025-08-08,,3668196464
7535,JURIDICA,NIT,969357982,6,11001,ACTIVO,2025-08-08,contacto7535@example.com,3719311254
7536,NATURAL,CE,849056,,54001,ACTIVO,2025-08-09,wilson.bernal7536@example.com,3727785248
7537,NATURAL,CE,848561,,68276,ACTIVO,2025-08-09,juan.rivera7537@example.com,3004940126
7538,NATURAL,CC,1121164386,,08758,ACTIVO,2025-08-09,miriam.rodriguez7538@example.com,3704564624
7539,NATURAL,CC,1149991608,,23001,ACTIVO,2025-08-09,jefferson.pacheco7539@example.com,3805326247
7540,NATURAL,CC,1255419794,,50001,ACTIVO,2025-08-09,eduardo.narvaez7540@example.com,3764283027
7541,NATURAL,CC,1111204876,,73001,ACTIVO,2025-08-09,alejandro.perez7541@example.com,3777788974
7542,NATURAL,CC,1141698024,,11001,ACTIVO,2025-08-11,,3571539590
7543,NATURAL,CC,1042702059,,08001,ACTIVO,2025-08-11,olga.ramirez7543@example.com,3241590486
7544,NATURAL,CC,1206082975,,05001,ACTIVO,2025-08-11,vanessa.montes7544@example.com,3384414285
7545,NATURAL,CC,1185674481,,11001,ACTIVO,2025-08-11,angela.lopez7545@example.com,3275665979
7546,NATURAL,CC,1152176694,,76001,ACTIVO,2025-08-11,john.vega7546@example.com,3848761359
7547,NATURAL,CC,1111535539,,76001,ACTIVO,2025-08-11,diana.sepulveda7547@example.com,3851562587
7548,JURIDICA,NIT,983325447,0,63001,ACTIVO,2025-08-11,contacto7548@example.com,3176460524
7549,NATURAL,CC,1180854601,,11001,ACTIVO,2025-08-11,,3567168453
7550,NATURAL,CC,1122845754,,25269,ACTIVO,2025-08-11,doris.velandia7550@example.com,3859783657
7551,NATURAL,CC,1120157185,,76520,ACTIVO,2025-08-11,,3620301696
7552,NATURAL,CC,1250761813,,11001,ACTIVO,2025-08-11,angel.vega7552@example.com,3134419375
7553,NATURAL,CC,1061886870,,11001,ACTIVO,2025-08-11,juan.parada7553@example.com,3213979574
7554,JURIDICA,NIT,976724412,1,11001,ACTIVO,2025-08-11,contacto7554@example.com,3801167024
7555,NATURAL,CC,1047988446,,50001,ACTIVO,2025-08-12,evelio.marin7555@example.com,3094715802
7556,NATURAL,CC,1093817702,,76001,ACTIVO,2025-08-12,luis.marin7556@example.com,3944128975
7557,NATURAL,CC,1194150446,,11001,ACTIVO,2025-08-12,yamile.gomez7557@example.com,3053087308
7558,NATURAL,PPT,7910095,,11001,ACTIVO,2025-08-12,ruben.bustamante7558@example.com,3605321380
7559,JURIDICA,NIT,980968558,8,17001,ACTIVO,2025-08-13,contacto7559@example.com,3375865879
7560,NATURAL,CC,1096802897,,50001,ACTIVO,2025-08-13,yamid.vargas7560@example.com,3585950301
7561,NATURAL,CC,1052914421,,50001,ACTIVO,2025-08-13,jose.martinez7561@example.com,3581621678
7562,JURIDICA,NIT,969692480,6,11001,ACTIVO,2025-08-13,contacto7562@example.com,3256317493
7563,NATURAL,CC,1084569613,,25269,ACTIVO,2025-08-13,carmen.guerra7563@example.com,3297891636
7564,NATURAL,CC,1214066328,,05001,ACTIVO,2025-08-13,eugenia.rios7564@example.com,3313924068
7565,NATURAL,CC,1021323221,,13001,ACTIVO,2025-08-13,elias.alvarez7565@example.com,3142544969
7566,NATURAL,CC,1218766631,,08001,ACTIVO,2025-08-14,leidy.quintero7566@example.com,3883005701
7567,JURIDICA,NIT,989500575,7,08758,ACTIVO,2025-08-14,contacto7567@example.com,3177941238
7568,NATURAL,CC,1124219129,,76001,ACTIVO,2025-08-14,enrique.castro7568@example.com,3062059463
7569,JURIDICA,NIT,967893986,6,76001,ACTIVO,2025-08-14,contacto7569@example.com,3425369819
7570,NATURAL,CC,1095902137,,54001,ACTIVO,2025-08-15,javier.vallejo7570@example.com,3642507972
7571,NATURAL,CC,1200982304,,05001,ACTIVO,2025-08-15,marleny.romero7571@example.com,3689610728
7572,NATURAL,CC,1101249816,,11001,ACTIVO,2025-08-15,victoria.quintero7572@example.com,3675263043
7573,NATURAL,CC,1109374478,,11001,ACTIVO,2025-08-15,rosa.hernandez7573@example.com,3535141586
7574,JURIDICA,NIT,975349994,2,05088,ACTIVO,2025-08-15,contacto7574@example.com,3214450203
7575,NATURAL,CC,1197595929,,08001,ACTIVO,2025-08-15,roberto.galindo7575@example.com,3448529135
7576,NATURAL,CC,1198769362,,11001,ACTIVO,2025-08-15,patricia.restrepo7576@example.com,3149079457
7577,NATURAL,CC,1181760940,,13001,ACTIVO,2025-08-15,emilio.hernandez7577@example.com,3765609045
7578,NATURAL,CC,1020810506,,05088,ACTIVO,2025-08-15,augusto.cifuentes7578@example.com,3664925107
7579,NATURAL,CC,1209095652,,13001,ACTIVO,2025-08-16,helena.zuluaga7579@example.com,3157427264
7580,NATURAL,CC,1277376557,,11001,ACTIVO,2025-08-16,fernando.mosquera7580@example.com,3084170555
7581,NATURAL,CC,1197395793,,11001,ACTIVO,2025-08-16,armando.garcia7581@example.com,3906470058
7582,NATURAL,CC,1168073040,,19001,ACTIVO,2025-08-18,andres.torres7582@example.com,3027995339
7583,NATURAL,CC,1176396453,,11001,ACTIVO,2025-08-18,susana.leon7583@example.com,3393763355
7584,NATURAL,CC,1115597419,,11001,ACTIVO,2025-08-18,angie.galeano7584@example.com,3334991847
7585,JURIDICA,NIT,976090101,1,05360,ACTIVO,2025-08-18,contacto7585@example.com,3962092620
7586,NATURAL,CC,1030618713,,11001,ACTIVO,2025-08-18,jorge.jaimes7586@example.com,3572084103
7587,NATURAL,CC,1086090761,,08001,ACTIVO,2025-08-18,rosa.sarmiento7587@example.com,3660864698
7588,NATURAL,CC,1158866974,,13001,ACTIVO,2025-08-18,irene.contreras7588@example.com,3159408585
7589,NATURAL,CC,1032992929,,52001,ACTIVO,2025-08-18,luis.nunez7589@example.com,3235832311
7590,NATURAL,CC,1005988354,,66170,ACTIVO,2025-08-18,liliana.gutierrez7590@example.com,3069857638
7591,NATURAL,CC,1018099459,,13001,ACTIVO,2025-08-19,maria.franco7591@example.com,3729805201
7592,NATURAL,CC,1130209838,,11001,ACTIVO,2025-08-19,martha.perea7592@example.com,3557241454
7593,NATURAL,CC,1224693400,,95001,ACTIVO,2025-08-19,jose.gutierrez7593@example.com,3705778839
7594,JURIDICA,NIT,986948339,8,13001,ACTIVO,2025-08-19,contacto7594@example.com,3402070799
7595,NATURAL,CC,1270195355,,05001,ACTIVO,2025-08-19,alejandra.murillo7595@example.com,3296714810
7596,NATURAL,CC,1268272559,,05088,ACTIVO,2025-08-19,adriana.moreno7596@example.com,3498652670
7597,NATURAL,CC,1195868344,,17873,ACTIVO,2025-08-20,julian.gomez7597@example.com,3934798539
7598,NATURAL,PPT,1611861,,05088,ACTIVO,2025-08-20,,3635608804
7599,NATURAL,CC,1096238145,,05001,ACTIVO,2025-08-20,carlos.cardozo7599@example.com,3844705213
7600,NATURAL,CC,1271705307,,47001,ACTIVO,2025-08-20,alejandro.mejia7600@example.com,3376700999
7601,NATURAL,PPT,8846906,,41001,ACTIVO,2025-08-20,carlos.angulo7601@example.com,3335480510
7602,NATURAL,CC,1196107391,,66170,ACTIVO,2025-08-20,cecilia.romero7602@example.com,3986852235
7603,NATURAL,CC,1203646571,,11001,ACTIVO,2025-08-20,manuel.ballesteros7603@example.com,3329422057
7604,NATURAL,CC,1086118065,,11001,ACTIVO,2025-08-21,luisa.contreras7604@example.com,3326840581
7605,JURIDICA,NIT,989745081,2,05088,ACTIVO,2025-08-21,contacto7605@example.com,3466561949
7606,JURIDICA,NIT,980687716,9,08001,ACTIVO,2025-08-21,contacto7606@example.com,3180722354
7607,NATURAL,CC,1035670779,,19001,ACTIVO,2025-08-21,luis.sanchez7607@example.com,3343952744
7608,NATURAL,CC,1163985602,,13001,ACTIVO,2025-08-21,andres.suarez7608@example.com,3116216184
7609,NATURAL,CC,1031870740,,76001,ACTIVO,2025-08-21,andres.cantillo7609@example.com,3491730476
7610,NATURAL,CC,1165987926,,11001,ACTIVO,2025-08-22,carlos.restrepo7610@example.com,3442352455
7611,NATURAL,CC,1200195054,,05360,ACTIVO,2025-08-22,luz.contreras7611@example.com,3314044531
7612,NATURAL,CC,1290497224,,76001,ACTIVO,2025-08-22,norberto.gomez7612@example.com,3564906118
7613,NATURAL,CC,1074954380,,73001,ACTIVO,2025-08-22,alba.reyes7613@example.com,3129069778
7614,NATURAL,CC,1263038504,,20001,ACTIVO,2025-08-22,lucia.molina7614@example.com,3216461442
7615,NATURAL,CC,1021313644,,47001,ACTIVO,2025-08-22,andres.salas7615@example.com,3538527575
7616,NATURAL,CC,1132861036,,76001,ACTIVO,2025-08-22,lilia.franco7616@example.com,3177963902
7617,NATURAL,CC,1042004168,,05001,ACTIVO,2025-08-22,adela.caceres7617@example.com,3701374966
7618,NATURAL,CC,1083115895,,66001,ACTIVO,2025-08-22,maria.rodriguez7618@example.com,3958138131
7619,NATURAL,CC,1026915424,,13001,ACTIVO,2025-08-23,nubia.arango7619@example.com,3804852479
7620,NATURAL,CC,1164764877,,11001,ACTIVO,2025-08-23,edgar.valencia7620@example.com,3920196682
7621,JURIDICA,NIT,986704942,2,54001,ACTIVO,2025-08-23,contacto7621@example.com,3705222138
7622,NATURAL,CC,1115443505,,41001,ACTIVO,2025-08-23,francisco.sanchez7622@example.com,3776332780
7623,NATURAL,CC,1139136873,,66170,ACTIVO,2025-08-25,paola.castro7623@example.com,3927827547
7624,NATURAL,CC,1087485535,,11001,ACTIVO,2025-08-25,samuel.cabrera7624@example.com,3800763283
7625,NATURAL,CC,1178005267,,11001,ACTIVO,2025-08-25,melissa.morales7625@example.com,3251727489
7626,NATURAL,CC,1182829836,,23001,ACTIVO,2025-08-25,maria.velasquez7626@example.com,3822170068
7627,NATURAL,CC,1081820955,,11001,ACTIVO,2025-08-26,juan.martinez7627@example.com,3572213949
7628,JURIDICA,NIT,987292869,6,11001,ACTIVO,2025-08-26,contacto7628@example.com,3807439124
7629,JURIDICA,NIT,975891829,8,86001,ACTIVO,2025-08-26,contacto7629@example.com,3524077792
7630,NATURAL,CC,1279709966,,08001,ACTIVO,2025-08-26,patricia.morales7630@example.com,3093249969
7631,NATURAL,CC,1262133796,,15238,ACTIVO,2025-08-26,luz.caro7631@example.com,3274363046
7632,NATURAL,CC,1221741952,,05001,ACTIVO,2025-08-27,francisco.rodriguez7632@example.com,3710304894
7633,NATURAL,CC,1139097106,,11001,ACTIVO,2025-08-27,xiomara.luna7633@example.com,3200354502
7634,NATURAL,CC,1247709156,,54001,ACTIVO,2025-08-27,camila.mosquera7634@example.com,3507123299
7635,NATURAL,CC,1144882916,,23001,ACTIVO,2025-08-27,milena.posada7635@example.com,3046454178
7636,NATURAL,CC,1024343464,,68001,ACTIVO,2025-08-28,hector.orjuela7636@example.com,3381608236
7637,NATURAL,CC,1058638086,,44001,ACTIVO,2025-08-28,jose.montoya7637@example.com,3095884813
7638,NATURAL,CC,1229092724,,13001,ACTIVO,2025-08-28,andres.sandoval7638@example.com,3564538458
7639,NATURAL,CC,1279493139,,95001,ACTIVO,2025-08-28,henry.gonzalez7639@example.com,3184404617
7640,NATURAL,CC,1083355710,,11001,ACTIVO,2025-08-28,viviana.garcia7640@example.com,3755762672
7641,NATURAL,CC,1129371090,,11001,ACTIVO,2025-08-28,edith.ojeda7641@example.com,3165964570
7642,JURIDICA,NIT,987302763,9,05088,ACTIVO,2025-08-28,contacto7642@example.com,3529702221
7643,NATURAL,CC,1025801330,,76001,ACTIVO,2025-08-28,armando.morales7643@example.com,3328451471
7644,JURIDICA,NIT,984964287,3,11001,ACTIVO,2025-08-28,contacto7644@example.com,3567099152
7645,NATURAL,CC,1106717078,,05088,ACTIVO,2025-08-29,carlos.barrera7645@example.com,3042452311
7646,NATURAL,CC,1060135716,,11001,ACTIVO,2025-08-29,carmen.sanchez7646@example.com,3936954391
7647,NATURAL,CC,1122065694,,41001,ACTIVO,2025-08-29,margarita.ojeda7647@example.com,3771378853
7648,NATURAL,CC,1237596172,,17001,ACTIVO,2025-08-29,andres.jaramillo7648@example.com,3340491977
7649,NATURAL,CC,1221799807,,52001,ACTIVO,2025-08-30,guillermo.pulido7649@example.com,3567232543
7650,NATURAL,CE,908439,,11001,ACTIVO,2025-08-30,luisa.tovar7650@example.com,3658864610
7651,NATURAL,CC,1042222941,,17001,ACTIVO,2025-08-30,bibiana.florez7651@example.com,3548775035
7652,NATURAL,CC,1104440531,,11001,ACTIVO,2025-08-30,junior.guerrero7652@example.com,3514456569
7653,NATURAL,CC,1140426183,,08001,ACTIVO,2025-09-01,uriel.martinez7653@example.com,3608901477
7654,NATURAL,CC,1153501668,,76001,ACTIVO,2025-09-01,alejandra.carmona7654@example.com,3628540926
7655,JURIDICA,NIT,983224699,6,76834,ACTIVO,2025-09-01,contacto7655@example.com,3852979521
7656,NATURAL,CC,1223765609,,54001,ACTIVO,2025-09-01,fabian.gonzalez7656@example.com,3428275969
7657,NATURAL,CC,1297818007,,11001,ACTIVO,2025-09-01,liliana.palacios7657@example.com,3302325217
7658,JURIDICA,NIT,984579704,2,23001,ACTIVO,2025-09-01,contacto7658@example.com,3193774178
7659,NATURAL,PA,CV8629979,,41001,ACTIVO,2025-09-01,oscar.quiroga7659@example.com,3154223717
7660,JURIDICA,NIT,961133390,5,11001,ACTIVO,2025-09-01,contacto7660@example.com,3100388908
7661,NATURAL,CC,1157541336,,68001,ACTIVO,2025-09-01,alberto.alzate7661@example.com,3633729199
7662,NATURAL,CC,1011664444,,19001,ACTIVO,2025-09-01,carlos.martinez7662@example.com,3270160389
7663,NATURAL,CC,1037530272,,68001,ACTIVO,2025-09-01,armando.diaz7663@example.com,3249402645
7664,NATURAL,CC,1221495546,,76001,ACTIVO,2025-09-01,miguel.prieto7664@example.com,3535111768
7665,NATURAL,CC,1251868244,,76834,ACTIVO,2025-09-01,,3090683081
7666,JURIDICA,NIT,970063287,6,66170,ACTIVO,2025-09-01,contacto7666@example.com,3163245063
7667,NATURAL,CC,1241913349,,11001,INACTIVO,2025-09-02,augusto.gaitan7667@example.com,3661217705
7668,JURIDICA,NIT,986681025,2,52001,ACTIVO,2025-09-02,contacto7668@example.com,3170435845
7669,NATURAL,CC,1079171142,,66001,ACTIVO,2025-09-02,raquel.jimenez7669@example.com,3923167897
7670,NATURAL,CC,1291757728,,13001,ACTIVO,2025-09-02,enrique.murcia7670@example.com,3196532691
7671,NATURAL,CC,1092283932,,05266,ACTIVO,2025-09-03,catalina.gomez7671@example.com,3971638323
7672,NATURAL,CC,1226874394,,68001,ACTIVO,2025-09-03,alejandro.jaramillo7672@example.com,3491564765
7673,NATURAL,CE,125778,,11001,ACTIVO,2025-09-03,,3849242820
7674,NATURAL,CC,1067755015,,15001,ACTIVO,2025-09-03,sandra.garcia7674@example.com,3759163995
7675,NATURAL,CC,1080038957,,47001,ACTIVO,2025-09-03,andres.sanchez7675@example.com,3941716814
7676,JURIDICA,NIT,975808449,1,76001,ACTIVO,2025-09-04,contacto7676@example.com,3232521130
7677,NATURAL,CC,1138760558,,05001,ACTIVO,2025-09-04,elisa.mosquera7677@example.com,3474222512
7678,NATURAL,CC,1204206653,,52001,ACTIVO,2025-09-04,steven.cortes7678@example.com,3920767563
7679,NATURAL,CC,1284610148,,08758,ACTIVO,2025-09-04,wendy.forero7679@example.com,3399858071
7680,NATURAL,CC,1251367223,,44001,ACTIVO,2025-09-05,juan.diaz7680@example.com,3514206542
7681,NATURAL,CC,1278399625,,08001,INACTIVO,2025-09-06,vanessa.gonzalez7681@example.com,3435841667
7682,NATURAL,CC,1055138074,,11001,ACTIVO,2025-09-06,yuri.pinto7682@example.com,3487368794
7683,JURIDICA,NIT,960371070,1,08001,ACTIVO,2025-09-06,contacto7683@example.com,3377673573
7684,NATURAL,CC,1130563530,,11001,ACTIVO,2025-09-06,ruben.pineda7684@example.com,3220535421
7685,JURIDICA,NIT,977827972,9,11001,ACTIVO,2025-09-06,contacto7685@example.com,3770647569
7686,NATURAL,CC,1143374737,,13001,ACTIVO,2025-09-06,jorge.gutierrez7686@example.com,3915510841
7687,NATURAL,CC,1134032807,,11001,ACTIVO,2025-09-06,dary.romero7687@example.com,3917431418
7688,JURIDICA,NIT,986840152,2,25269,ACTIVO,2025-09-06,contacto7688@example.com,3175633172
7689,JURIDICA,NIT,967004359,5,11001,ACTIVO,2025-09-08,contacto7689@example.com,3356810381
7690,NATURAL,CC,1039720064,,05001,ACTIVO,2025-09-08,,3658318950
7691,NATURAL,CC,1202252392,,76109,ACTIVO,2025-09-08,carolina.ruiz7691@example.com,3002264822
7692,JURIDICA,NIT,965192059,8,27001,ACTIVO,2025-09-08,contacto7692@example.com,3454892971
7693,NATURAL,CC,1208801568,,11001,ACTIVO,2025-09-08,jose.vargas7693@example.com,3741899605
7694,JURIDICA,NIT,986304065,1,66001,ACTIVO,2025-09-08,contacto7694@example.com,3560523031
7695,NATURAL,CC,1214610475,,68001,ACTIVO,2025-09-08,alejandra.gil7695@example.com,3831704436
7696,JURIDICA,NIT,963833412,1,66001,ACTIVO,2025-09-08,contacto7696@example.com,3924730182
7697,NATURAL,CC,1203803744,,50001,ACTIVO,2025-09-08,victor.serna7697@example.com,3604988562
7698,JURIDICA,NIT,983583823,2,13001,ACTIVO,2025-09-08,contacto7698@example.com,3998650539
7699,NATURAL,CC,1213978278,,76001,ACTIVO,2025-09-08,norberto.ariza7699@example.com,3096890912
7700,NATURAL,CC,1236095346,,73001,ACTIVO,2025-09-08,clara.zapata7700@example.com,3539167472
7701,NATURAL,CC,1047005624,,73001,ACTIVO,2025-09-08,guillermo.gonzalez7701@example.com,3525220393
7702,NATURAL,CE,596576,,50001,ACTIVO,2025-09-09,cesar.villegas7702@example.com,3385586146
7703,NATURAL,CC,1212691685,,11001,ACTIVO,2025-09-09,cecilia.fernandez7703@example.com,3085166111
7704,NATURAL,CC,1178932401,,05001,ACTIVO,2025-09-09,edgardo.erazo7704@example.com,3467711477
7705,NATURAL,CC,1167530556,,76834,ACTIVO,2025-09-09,fabiola.sepulveda7705@example.com,3128523856
7706,NATURAL,CC,1299728737,,76001,ACTIVO,2025-09-09,alberto.quintero7706@example.com,3901248050
7707,JURIDICA,NIT,963415469,6,18001,ACTIVO,2025-09-09,contacto7707@example.com,3983059984
7708,NATURAL,CC,1069831854,,68001,ACTIVO,2025-09-09,lucia.navarro7708@example.com,3065833817
7709,JURIDICA,NIT,980098396,8,54001,ACTIVO,2025-09-09,contacto7709@example.com,3261494714
7710,NATURAL,CC,1006231372,,76834,ACTIVO,2025-09-10,,3286982107
7711,NATURAL,CC,1123438303,,11001,ACTIVO,2025-09-10,cesar.cruz7711@example.com,3018556884
7712,JURIDICA,NIT,968581612,1,11001,ACTIVO,2025-09-10,contacto7712@example.com,3706531691
7713,NATURAL,CC,1044180215,,76520,ACTIVO,2025-09-10,sergio.arevalo7713@example.com,3134963167
7714,NATURAL,CC,1247159080,,11001,ACTIVO,2025-09-10,sara.vargas7714@example.com,3991026349
7715,NATURAL,CC,1035919945,,76834,ACTIVO,2025-09-10,,3688669788
7716,NATURAL,CC,1185920161,,47001,ACTIVO,2025-09-10,james.cruz7716@example.com,3146983852
7717,NATURAL,CC,1208112878,,05001,ACTIVO,2025-09-10,,3282169172
7718,JURIDICA,NIT,980208196,5,15238,ACTIVO,2025-09-10,contacto7718@example.com,3990937841
7719,NATURAL,CC,1204980244,,19001,ACTIVO,2025-09-11,enrique.rubio7719@example.com,3843505263
7720,NATURAL,CE,997936,,73001,ACTIVO,2025-09-11,milena.ortega7720@example.com,3783931647
7721,NATURAL,CC,1196233627,,11001,ACTIVO,2025-09-11,,3010763588
7722,NATURAL,CC,1120965236,,41001,ACTIVO,2025-09-11,carmen.rincon7722@example.com,3293899577
7723,JURIDICA,NIT,980138728,2,13001,ACTIVO,2025-09-11,contacto7723@example.com,3084058208
7724,NATURAL,CC,1109538695,,73001,ACTIVO,2025-09-11,jorge.gutierrez7724@example.com,3817856613
7725,NATURAL,CC,1199175702,,19001,ACTIVO,2025-09-11,martha.sanchez7725@example.com,3477845583
7726,NATURAL,CC,1145871991,,23001,ACTIVO,2025-09-11,ivan.galeano7726@example.com,3237522936
7727,JURIDICA,NIT,982163208,7,73001,ACTIVO,2025-09-12,contacto7727@example.com,3019520560
7728,NATURAL,CC,1043353668,,11001,ACTIVO,2025-09-12,lorenzo.ariza7728@example.com,3156701701
7729,JURIDICA,NIT,983340486,0,05001,ACTIVO,2025-09-12,contacto7729@example.com,3804976102
7730,NATURAL,CC,1213964479,,76001,ACTIVO,2025-09-12,gustavo.blanco7730@example.com,3268355099
7731,JURIDICA,NIT,989028924,0,13001,ACTIVO,2025-09-12,contacto7731@example.com,3735288968
7732,NATURAL,CC,1038178619,,76001,ACTIVO,2025-09-12,daniel.alfonso7732@example.com,3489837742
7733,NATURAL,CC,1019103828,,05001,ACTIVO,2025-09-12,maria.vergara7733@example.com,3616913215
7734,NATURAL,CC,1066285721,,41001,ACTIVO,2025-09-12,danna.pena7734@example.com,3712322302
7735,NATURAL,CC,1045408149,,08001,ACTIVO,2025-09-13,luz.jimenez7735@example.com,3426801635
7736,NATURAL,CC,1227108564,,11001,ACTIVO,2025-09-13,andres.cabrera7736@example.com,3743780990
7737,NATURAL,CC,1078746905,,11001,ACTIVO,2025-09-13,consuelo.lopez7737@example.com,3073913537
7738,NATURAL,CC,1238857241,,44001,ACTIVO,2025-09-13,jose.ortiz7738@example.com,3188092975
7739,JURIDICA,NIT,963151177,6,11001,ACTIVO,2025-09-13,contacto7739@example.com,3198401899
7740,NATURAL,CC,1283230454,,20001,ACTIVO,2025-09-13,jennifer.ruiz7740@example.com,3599441629
7741,NATURAL,CC,1090066249,,11001,ACTIVO,2025-09-13,fabian.diaz7741@example.com,3140747221
7742,NATURAL,CC,1024098589,,11001,ACTIVO,2025-09-13,alfonso.ortiz7742@example.com,3752159997
7743,NATURAL,CC,1088326636,,66001,ACTIVO,2025-09-15,patricia.gomez7743@example.com,3294336564
7744,NATURAL,CC,1153388959,,11001,ACTIVO,2025-09-15,cristian.miranda7744@example.com,3534361503
7745,NATURAL,CC,1007575404,,91001,ACTIVO,2025-09-15,angie.gomez7745@example.com,3776225901
7746,JURIDICA,NIT,969411277,2,05001,ACTIVO,2025-09-15,contacto7746@example.com,3466649624
7747,NATURAL,CE,237376,,11001,ACTIVO,2025-09-15,dora.agudelo7747@example.com,3385087365
7748,NATURAL,CC,1241685054,,05088,ACTIVO,2025-09-15,albeiro.villegas7748@example.com,3901219508
7749,NATURAL,CC,1071769475,,76834,ACTIVO,2025-09-15,mary.ramirez7749@example.com,3150729718
7750,NATURAL,CC,1249785309,,08758,ACTIVO,2025-09-15,lucia.zambrano7750@example.com,3908981892
7751,NATURAL,CC,1013226585,,11001,ACTIVO,2025-09-15,yulieth.barrera7751@example.com,3754181237
7752,JURIDICA,NIT,988481373,1,73001,ACTIVO,2025-09-15,contacto7752@example.com,3928828889
7753,NATURAL,CC,1277903110,,08001,ACTIVO,2025-09-15,juan.ortega7753@example.com,3976268847
7754,NATURAL,CC,1215358138,,11001,ACTIVO,2025-09-15,lucia.perez7754@example.com,3891742729
7755,JURIDICA,NIT,960288563,4,66170,ACTIVO,2025-09-15,contacto7755@example.com,3649555150
7756,NATURAL,CC,1078666714,,11001,ACTIVO,2025-09-15,juan.ospina7756@example.com,3307317708
7757,NATURAL,CC,1190561196,,23001,ACTIVO,2025-09-15,sebastian.burgos7757@example.com,3978200256
7758,NATURAL,CC,1008406850,,08758,ACTIVO,2025-09-15,ines.diaz7758@example.com,3290912278
7759,NATURAL,CC,1177089901,,54001,ACTIVO,2025-09-16,cristina.zuluaga7759@example.com,3396514795
7760,NATURAL,CC,1134882533,,11001,ACTIVO,2025-09-16,paola.ospina7760@example.com,3700258849
7761,JURIDICA,NIT,973488589,0,11001,ACTIVO,2025-09-16,contacto7761@example.com,3691816400
7762,JURIDICA,NIT,987719480,0,05001,ACTIVO,2025-09-16,contacto7762@example.com,3608914249
7763,NATURAL,CC,1005185037,,05360,ACTIVO,2025-09-16,,3131380402
7764,JURIDICA,NIT,975123088,3,05001,ACTIVO,2025-09-16,contacto7764@example.com,3062258620
7765,JURIDICA,NIT,960341510,0,05001,ACTIVO,2025-09-17,contacto7765@example.com,3334224728
7766,NATURAL,CC,1013989264,,76001,ACTIVO,2025-09-17,luis.hernandez7766@example.com,3572579077
7767,NATURAL,CC,1128141640,,41001,ACTIVO,2025-09-17,guillermo.narvaez7767@example.com,3716556539
7768,NATURAL,CC,1249220265,,25175,ACTIVO,2025-09-17,leider.restrepo7768@example.com,3933409516
7769,NATURAL,CC,1086982347,,05001,ACTIVO,2025-09-18,maria.alvarez7769@example.com,3944477412
7770,NATURAL,CC,1143384513,,23001,ACTIVO,2025-09-18,jessica.parra7770@example.com,3771607677
7771,JURIDICA,NIT,966516205,3,11001,ACTIVO,2025-09-18,contacto7771@example.com,3785314365
7772,NATURAL,CC,1290885796,,11001,ACTIVO,2025-09-18,jose.munoz7772@example.com,3235983517
7773,NATURAL,CC,1209871903,,20001,ACTIVO,2025-09-18,elizabeth.duarte7773@example.com,3383144221
7774,NATURAL,CC,1173463627,,85001,ACTIVO,2025-09-19,manuel.martinez7774@example.com,3321021535
7775,NATURAL,CE,563263,,17001,ACTIVO,2025-09-19,,3308756816
7776,NATURAL,CC,1000737889,,08001,ACTIVO,2025-09-19,diego.mesa7776@example.com,3071065711
7777,NATURAL,CC,1274931956,,20001,ACTIVO,2025-09-19,amanda.arevalo7777@example.com,3038981548
7778,NATURAL,CC,1147351018,,73001,ACTIVO,2025-09-20,marisol.quiroz7778@example.com,3442758880
7779,JURIDICA,NIT,964595516,9,11001,ACTIVO,2025-09-20,contacto7779@example.com,3618459711
7780,NATURAL,CC,1161617022,,05360,ACTIVO,2025-09-20,paola.hernandez7780@example.com,3134137047
7781,NATURAL,CC,1274481641,,20001,INACTIVO,2025-09-20,antonio.roa7781@example.com,3764518872
7782,NATURAL,CC,1264380142,,73001,ACTIVO,2025-09-20,victoria.rincon7782@example.com,3831813460
7783,NATURAL,CC,1291008230,,08758,ACTIVO,2025-09-20,mercedes.orozco7783@example.com,3868313008
7784,NATURAL,CC,1037184295,,05001,ACTIVO,2025-09-20,alberto.pulido7784@example.com,3121243010
7785,JURIDICA,NIT,974064779,7,11001,ACTIVO,2025-09-20,contacto7785@example.com,3865653077
7786,NATURAL,CC,1232297206,,08758,ACTIVO,2025-09-22,jorge.gomez7786@example.com,3076377500
7787,NATURAL,CC,1124057648,,23001,ACTIVO,2025-09-22,maria.hernandez7787@example.com,3078657046
7788,NATURAL,CC,1195365135,,05001,ACTIVO,2025-09-22,elena.rueda7788@example.com,3266369098
7789,NATURAL,CC,1065830119,,66170,ACTIVO,2025-09-22,juan.gonzalez7789@example.com,3383284254
7790,NATURAL,CC,1057412213,,17001,ACTIVO,2025-09-22,jennifer.ortega7790@example.com,3431933245
7791,NATURAL,CC,1164908575,,11001,ACTIVO,2025-09-22,luis.patino7791@example.com,3421062303
7792,NATURAL,CC,1012556807,,11001,ACTIVO,2025-09-22,diego.calderon7792@example.com,3966868984
7793,JURIDICA,NIT,964502247,4,05001,ACTIVO,2025-09-23,contacto7793@example.com,3351982535
7794,NATURAL,CC,1297750080,,54001,ACTIVO,2025-09-23,marcos.nieto7794@example.com,3719120056
7795,JURIDICA,NIT,988400019,0,11001,ACTIVO,2025-09-23,contacto7795@example.com,3860200751
7796,JURIDICA,NIT,973008761,3,05266,ACTIVO,2025-09-23,contacto7796@example.com,3149066252
7797,NATURAL,CC,1244331121,,73001,ACTIVO,2025-09-23,antonio.duque7797@example.com,3100768829
7798,NATURAL,CC,1169907893,,11001,ACTIVO,2025-09-23,jesus.amaya7798@example.com,3685648377
7799,NATURAL,CC,1229740450,,11001,ACTIVO,2025-09-23,carlos.castano7799@example.com,3567188729
7800,NATURAL,CC,1062624277,,50001,ACTIVO,2025-09-23,manuel.ariza7800@example.com,3544952254
7801,NATURAL,CE,825417,,05001,ACTIVO,2025-09-24,luz.pacheco7801@example.com,3650248286
7802,NATURAL,CC,1216796010,,54001,ACTIVO,2025-09-24,luz.giraldo7802@example.com,3739743813
7803,NATURAL,PPT,8267690,,70001,ACTIVO,2025-09-24,martha.parra7803@example.com,3722150283
7804,NATURAL,CC,1006774781,,68001,ACTIVO,2025-09-25,victoria.ramirez7804@example.com,3137281864
7805,NATURAL,CC,1225686024,,63001,ACTIVO,2025-09-25,andrea.oviedo7805@example.com,3035044205
7806,NATURAL,CC,1253135173,,08758,ACTIVO,2025-09-25,octavio.diaz7806@example.com,3483966767
7807,NATURAL,CC,1164577756,,11001,ACTIVO,2025-09-25,karina.gonzalez7807@example.com,3320163815
7808,NATURAL,CC,1110842783,,08758,ACTIVO,2025-09-25,stella.palacios7808@example.com,3779558479
7809,NATURAL,CC,1073747823,,08758,ACTIVO,2025-09-25,javier.caicedo7809@example.com,3565902778
7810,NATURAL,CC,1129276289,,08001,ACTIVO,2025-09-25,jose.alvarez7810@example.com,3804770942
7811,JURIDICA,NIT,988644064,1,11001,ACTIVO,2025-09-26,contacto7811@example.com,3395632618
7812,NATURAL,CC,1083473707,,11001,ACTIVO,2025-09-26,hernan.hernandez7812@example.com,3576403420
7813,NATURAL,CC,1247084872,,76520,ACTIVO,2025-09-26,jerson.hernandez7813@example.com,3578777860
7814,NATURAL,CC,1265568221,,76109,ACTIVO,2025-09-26,liliana.cordoba7814@example.com,3223864362
7815,NATURAL,CC,1286788327,,44001,ACTIVO,2025-09-27,diana.nino7815@example.com,3050145585
7816,NATURAL,CC,1144589735,,11001,ACTIVO,2025-09-27,ferney.rios7816@example.com,3224128890
7817,JURIDICA,NIT,984884040,8,19001,ACTIVO,2025-09-27,contacto7817@example.com,3130042377
7818,NATURAL,CC,1019503273,,05001,ACTIVO,2025-09-27,diego.vergara7818@example.com,3964659853
7819,NATURAL,CC,1184014198,,11001,ACTIVO,2025-09-27,hilda.paez7819@example.com,3721888553
7820,NATURAL,CE,764012,,44001,ACTIVO,2025-09-27,angela.alvarado7820@example.com,3416053299
7821,NATURAL,CC,1025451533,,05001,ACTIVO,2025-09-29,david.gonzalez7821@example.com,3723572337
7822,NATURAL,CC,1001839654,,76834,ACTIVO,2025-09-29,jose.mena7822@example.com,3056898349
7823,JURIDICA,NIT,971169445,3,11001,ACTIVO,2025-09-29,contacto7823@example.com,3581558360
7824,NATURAL,CC,1195748370,,76001,ACTIVO,2025-09-29,mauricio.ortega7824@example.com,3447476817
7825,NATURAL,CC,1071767485,,54001,ACTIVO,2025-09-29,martha.garzon7825@example.com,3443231471
7826,JURIDICA,NIT,977658843,1,11001,ACTIVO,2025-09-29,contacto7826@example.com,3858895932
7827,NATURAL,CC,1201021856,,54001,ACTIVO,2025-09-29,eduardo.munoz7827@example.com,3622669983
7828,NATURAL,CC,1148190714,,68276,ACTIVO,2025-09-29,adalberto.romero7828@example.com,3535491198
7829,NATURAL,CC,1110727463,,11001,ACTIVO,2025-09-29,gonzalo.arboleda7829@example.com,3053638347
7830,NATURAL,CC,1233882302,,11001,ACTIVO,2025-09-29,john.sierra7830@example.com,3174269401
7831,NATURAL,CC,1259716398,,11001,ACTIVO,2025-09-29,lucia.barbosa7831@example.com,3961276234
7832,NATURAL,CC,1210104484,,08001,ACTIVO,2025-09-29,mary.alvarez7832@example.com,3715998260
7833,NATURAL,CC,1045940641,,76001,ACTIVO,2025-09-29,andrea.gonzalez7833@example.com,3697034044
7834,NATURAL,CC,1294058799,,08001,ACTIVO,2025-09-29,leonel.sandoval7834@example.com,3458424040
7835,NATURAL,CC,1054360156,,05001,ACTIVO,2025-09-29,marcela.moreno7835@example.com,3300103877
7836,NATURAL,CC,1277403782,,08758,ACTIVO,2025-09-29,jose.sanchez7836@example.com,3945115895
7837,NATURAL,CC,1263712076,,76001,ACTIVO,2025-09-30,edgar.zambrano7837@example.com,3536016323
7838,NATURAL,CC,1098983386,,05001,ACTIVO,2025-09-30,,3902987113
7839,NATURAL,CC,1107679816,,11001,ACTIVO,2025-09-30,jaime.ceron7839@example.com,3740893375
7840,NATURAL,CC,1213747607,,54001,ACTIVO,2025-09-30,alicia.torres7840@example.com,3432024967
7841,NATURAL,CC,1217310333,,54001,ACTIVO,2025-09-30,andrea.ordonez7841@example.com,3302845905
7842,NATURAL,CC,1129937774,,05615,ACTIVO,2025-09-30,maria.jimenez7842@example.com,3274252919
7843,NATURAL,CE,125545,,08001,ACTIVO,2025-09-30,augusto.jimenez7843@example.com,3331778540
7844,NATURAL,CC,1080584802,,95001,ACTIVO,2025-10-01,mercedes.martinez7844@example.com,3399707449
7845,NATURAL,CC,1070638663,,63001,ACTIVO,2025-10-01,juan.lopez7845@example.com,3451429425
7846,NATURAL,CC,1138194648,,11001,ACTIVO,2025-10-01,fernando.munoz7846@example.com,3093567576
7847,JURIDICA,NIT,986418750,9,76001,ACTIVO,2025-10-01,contacto7847@example.com,3813281929
7848,NATURAL,CC,1170853316,,66170,ACTIVO,2025-10-01,jenny.garcia7848@example.com,3453921510
7849,NATURAL,CC,1050994223,,11001,ACTIVO,2025-10-01,luis.cruz7849@example.com,3141361304
7850,NATURAL,CC,1011973616,,47001,ACTIVO,2025-10-01,carlos.beltran7850@example.com,3943093284
7851,NATURAL,CC,1238375160,,08758,ACTIVO,2025-10-02,ximena.rodriguez7851@example.com,3302067113
7852,JURIDICA,NIT,981558694,6,50001,ACTIVO,2025-10-02,contacto7852@example.com,3420443971
7853,NATURAL,CC,1103959650,,05001,ACTIVO,2025-10-02,jesus.cruz7853@example.com,3468684598
7854,NATURAL,CC,1019232878,,50001,ACTIVO,2025-10-02,alberto.sepulveda7854@example.com,3846918541
7855,NATURAL,CC,1030008415,,05088,ACTIVO,2025-10-02,juan.caceres7855@example.com,3156953370
7856,NATURAL,CC,1156131241,,76001,ACTIVO,2025-10-02,alfredo.cantillo7856@example.com,3530772838
7857,NATURAL,CC,1196143357,,11001,ACTIVO,2025-10-02,reinel.pardo7857@example.com,3746558397
7858,NATURAL,CC,1099173511,,11001,ACTIVO,2025-10-02,harvey.ramos7858@example.com,3432705205
7859,NATURAL,CC,1013679315,,66001,ACTIVO,2025-10-02,luis.hernandez7859@example.com,3717553803
7860,NATURAL,CE,417702,,11001,ACTIVO,2025-10-02,pablo.naranjo7860@example.com,3537285504
7861,NATURAL,CC,1230950909,,47001,ACTIVO,2025-10-02,jose.pinzon7861@example.com,3923353389
7862,NATURAL,CC,1145640559,,05001,ACTIVO,2025-10-02,nidia.sanchez7862@example.com,3867978187
7863,NATURAL,CE,925969,,76001,ACTIVO,2025-10-03,,3145135678
7864,NATURAL,CE,751575,,27001,ACTIVO,2025-10-03,elena.bonilla7864@example.com,3475565878
7865,NATURAL,CC,1025985593,,11001,ACTIVO,2025-10-03,alexandra.perez7865@example.com,3626617760
7866,NATURAL,CC,1015384225,,76001,ACTIVO,2025-10-03,,3691301063
7867,NATURAL,CC,1191417622,,11001,ACTIVO,2025-10-04,julieth.alvarez7867@example.com,3324135429
7868,NATURAL,CC,1111306883,,63001,ACTIVO,2025-10-04,,3218553093
7869,NATURAL,CC,1112272588,,15759,ACTIVO,2025-10-04,diego.rendon7869@example.com,3804370127
7870,NATURAL,CC,1135498553,,68276,ACTIVO,2025-10-04,alvaro.lopez7870@example.com,3394663688
7871,NATURAL,CC,1196442018,,44001,ACTIVO,2025-10-04,eliana.restrepo7871@example.com,3724516424
7872,NATURAL,CC,1036131806,,47001,ACTIVO,2025-10-04,yesid.villegas7872@example.com,3155085344
7873,NATURAL,CC,1182074746,,15238,ACTIVO,2025-10-06,eva.cardozo7873@example.com,3704643139
7874,JURIDICA,NIT,979619048,3,76109,ACTIVO,2025-10-06,contacto7874@example.com,3740272853
7875,NATURAL,CC,1054281134,,05001,ACTIVO,2025-10-06,amparo.pinzon7875@example.com,3572048065
7876,NATURAL,CC,1277773940,,76001,ACTIVO,2025-10-06,ignacio.rodriguez7876@example.com,3141231237
7877,NATURAL,CC,1065344154,,08001,ACTIVO,2025-10-06,miryam.valencia7877@example.com,3504591443
7878,NATURAL,CC,1223235254,,47001,ACTIVO,2025-10-06,andres.rodriguez7878@example.com,3645392765
7879,NATURAL,CC,1031605270,,08758,ACTIVO,2025-10-06,,3306115339
7880,NATURAL,CC,1239612805,,11001,ACTIVO,2025-10-06,luis.estrada7880@example.com,3655179559
7881,NATURAL,CC,1193694024,,52001,ACTIVO,2025-10-06,mauricio.rivera7881@example.com,3738840623
7882,NATURAL,CC,1193527627,,52001,ACTIVO,2025-10-06,hector.cordoba7882@example.com,3758310429
7883,NATURAL,CC,1273741021,,05001,ACTIVO,2025-10-07,nicolas.gonzalez7883@example.com,3859740841
7884,NATURAL,CC,1161575549,,11001,ACTIVO,2025-10-07,hernando.padilla7884@example.com,3461961367
7885,NATURAL,CC,1218151588,,11001,ACTIVO,2025-10-07,carlos.diaz7885@example.com,3314534202
7886,JURIDICA,NIT,989337353,0,13001,ACTIVO,2025-10-07,contacto7886@example.com,3304733210
7887,NATURAL,CC,1118176662,,05001,ACTIVO,2025-10-08,maria.restrepo7887@example.com,3624162223
7888,NATURAL,CC,1020339256,,11001,ACTIVO,2025-10-08,lorena.correa7888@example.com,3556652873
7889,NATURAL,CC,1021666293,,81001,ACTIVO,2025-10-08,ana.angarita7889@example.com,3992528895
7890,NATURAL,CC,1199870470,,11001,ACTIVO,2025-10-08,consuelo.moreno7890@example.com,3193896380
7891,NATURAL,CC,1257979632,,25269,ACTIVO,2025-10-08,maria.velasquez7891@example.com,3069028222
7892,NATURAL,CC,1158973483,,11001,ACTIVO,2025-10-08,milton.bautista7892@example.com,3265080764
7893,NATURAL,CC,1089600379,,86001,ACTIVO,2025-10-09,ivan.alvarado7893@example.com,3313286763
7894,NATURAL,CC,1262552353,,11001,ACTIVO,2025-10-09,hernan.arango7894@example.com,3343618517
7895,NATURAL,CC,1251776406,,25269,ACTIVO,2025-10-09,teresa.cuellar7895@example.com,3760253667
7896,NATURAL,CC,1167551168,,11001,ACTIVO,2025-10-09,alberto.contreras7896@example.com,3809967489
7897,NATURAL,CC,1239768842,,11001,ACTIVO,2025-10-09,miguel.rivera7897@example.com,3641193652
7898,NATURAL,CC,1245618235,,11001,ACTIVO,2025-10-09,,3824562228
7899,NATURAL,CC,1176937327,,11001,ACTIVO,2025-10-10,alberto.cardenas7899@example.com,3504402157
7900,NATURAL,CC,1068375537,,08001,ACTIVO,2025-10-10,maria.mendoza7900@example.com,3356383770
7901,NATURAL,CC,1213848306,,17380,ACTIVO,2025-10-10,maria.gomez7901@example.com,3226722607
7902,NATURAL,CC,1132815895,,11001,ACTIVO,2025-10-10,,3932900762
7903,NATURAL,CE,873249,,05001,ACTIVO,2025-10-11,fabio.ortiz7903@example.com,3582283968
7904,JURIDICA,NIT,987550717,2,05088,ACTIVO,2025-10-11,contacto7904@example.com,3579089015
7905,JURIDICA,NIT,980563371,9,11001,ACTIVO,2025-10-11,contacto7905@example.com,3252920199
7906,NATURAL,CE,228293,,11001,ACTIVO,2025-10-11,,3976956120
7907,NATURAL,CC,1252421259,,11001,ACTIVO,2025-10-11,diana.bustamante7907@example.com,3021531782
7908,NATURAL,CC,1148255112,,25175,ACTIVO,2025-10-13,,3023900692
7909,NATURAL,CC,1283104343,,15759,ACTIVO,2025-10-13,mario.rios7909@example.com,3448787939
7910,NATURAL,CC,1089792491,,54001,ACTIVO,2025-10-13,,3647022878
7911,NATURAL,CC,1105225289,,11001,ACTIVO,2025-10-13,juan.zapata7911@example.com,3526680555
7912,NATURAL,CC,1262781315,,15238,ACTIVO,2025-10-13,fernando.perez7912@example.com,3340453876
7913,NATURAL,CC,1282599354,,86001,ACTIVO,2025-10-13,raul.mesa7913@example.com,3654576518
7914,JURIDICA,NIT,987204995,0,13430,ACTIVO,2025-10-13,contacto7914@example.com,3649060562
7915,NATURAL,CC,1034875419,,20001,ACTIVO,2025-10-13,andres.diaz7915@example.com,3359325945
7916,NATURAL,CC,1111878765,,54001,ACTIVO,2025-10-13,sandra.hurtado7916@example.com,3221023661
7917,NATURAL,CC,1104750321,,15001,ACTIVO,2025-10-13,tatiana.salgado7917@example.com,3974255900
7918,JURIDICA,NIT,974998173,2,76001,ACTIVO,2025-10-13,contacto7918@example.com,3342950258
7919,JURIDICA,NIT,987827834,7,05001,ACTIVO,2025-10-13,contacto7919@example.com,3126374560
7920,JURIDICA,NIT,961739788,4,11001,ACTIVO,2025-10-13,contacto7920@example.com,3840267359
7921,JURIDICA,NIT,968124431,6,11001,ACTIVO,2025-10-13,contacto7921@example.com,3536381684
7922,NATURAL,CC,1116655893,,66170,ACTIVO,2025-10-13,william.agudelo7922@example.com,3318875938
7923,NATURAL,CC,1160439446,,76109,ACTIVO,2025-10-14,jose.barrera7923@example.com,3439255896
7924,JURIDICA,NIT,969813180,2,66001,ACTIVO,2025-10-14,contacto7924@example.com,3162666147
7925,NATURAL,CC,1259775030,,47001,ACTIVO,2025-10-14,,3884823078
7926,NATURAL,CC,1009860864,,05360,ACTIVO,2025-10-14,hector.mora7926@example.com,3379530719
7927,NATURAL,CC,1050120982,,18001,ACTIVO,2025-10-14,armando.anaya7927@example.com,3269105530
7928,NATURAL,CC,1112922736,,76001,ACTIVO,2025-10-14,esteban.rodriguez7928@example.com,3245124590
7929,NATURAL,CC,1019484042,,76520,ACTIVO,2025-10-14,jorge.sanchez7929@example.com,3776955514
7930,NATURAL,CC,1178540155,,13001,INACTIVO,2025-10-14,alfredo.torres7930@example.com,3747387092
7931,NATURAL,CC,1245452378,,68001,ACTIVO,2025-10-15,tatiana.vera7931@example.com,3263724188
7932,NATURAL,CC,1094191458,,76520,ACTIVO,2025-10-15,daniela.alarcon7932@example.com,3234739561
7933,NATURAL,CC,1254260513,,08001,ACTIVO,2025-10-15,efren.blanco7933@example.com,3453616104
7934,NATURAL,CC,1232816411,,11001,ACTIVO,2025-10-15,fernanda.jaramillo7934@example.com,3186356593
7935,NATURAL,CC,1126793475,,54001,ACTIVO,2025-10-15,jesus.lopez7935@example.com,3693754231
7936,JURIDICA,NIT,960392594,7,70001,ACTIVO,2025-10-15,contacto7936@example.com,3113194648
7937,NATURAL,CC,1171736178,,13001,ACTIVO,2025-10-15,luz.sandoval7937@example.com,3812925461
7938,NATURAL,CC,1193256424,,11001,ACTIVO,2025-10-16,cristian.perez7938@example.com,3010548423
7939,NATURAL,CC,1183463760,,25269,ACTIVO,2025-10-16,ana.restrepo7939@example.com,3048274829
7940,NATURAL,CC,1114198997,,13001,ACTIVO,2025-10-16,david.soto7940@example.com,3701581153
7941,NATURAL,CC,1020543930,,13001,ACTIVO,2025-10-16,eugenia.romero7941@example.com,3422070946
7942,NATURAL,CC,1222508589,,76001,ACTIVO,2025-10-16,rosalba.bonilla7942@example.com,3995772484
7943,NATURAL,CC,1207388199,,11001,ACTIVO,2025-10-16,jose.gonzalez7943@example.com,3724168751
7944,NATURAL,CC,1161960965,,11001,ACTIVO,2025-10-16,hernando.cruz7944@example.com,3508833405
7945,NATURAL,CC,1131711253,,17001,ACTIVO,2025-10-17,cesar.mercado7945@example.com,3307539191
7946,NATURAL,CC,1149886539,,08001,ACTIVO,2025-10-17,carmen.gonzalez7946@example.com,3902798938
7947,JURIDICA,NIT,971807450,9,68276,ACTIVO,2025-10-17,contacto7947@example.com,3904870549
7948,NATURAL,CC,1027506665,,11001,ACTIVO,2025-10-17,maria.blanco7948@example.com,3920692620
7949,JURIDICA,NIT,977387640,1,11001,ACTIVO,2025-10-17,contacto7949@example.com,3757328468
7950,NATURAL,CC,1184307890,,11001,ACTIVO,2025-10-17,,3857687351
7951,NATURAL,CC,1217536885,,76001,ACTIVO,2025-10-17,miriam.medina7951@example.com,3469658906
7952,NATURAL,CC,1027074661,,76001,ACTIVO,2025-10-17,,3984830918
7953,NATURAL,CC,1002571214,,13001,ACTIVO,2025-10-18,monica.arroyo7953@example.com,3300024257
7954,NATURAL,CC,1179590050,,05001,ACTIVO,2025-10-18,albeiro.rios7954@example.com,3781516936
7955,JURIDICA,NIT,966422607,6,63001,ACTIVO,2025-10-18,contacto7955@example.com,3823261577
7956,NATURAL,CC,1240000152,,68001,ACTIVO,2025-10-18,juan.blanco7956@example.com,3603119054
7957,NATURAL,CC,1199645496,,17001,ACTIVO,2025-10-20,maria.gallego7957@example.com,3401111611
7958,NATURAL,CC,1139367382,,76109,ACTIVO,2025-10-20,sofia.castillo7958@example.com,3824370737
7959,NATURAL,CC,1206827447,,11001,ACTIVO,2025-10-20,mario.ortega7959@example.com,3263735275
7960,NATURAL,CC,1262366313,,05088,ACTIVO,2025-10-20,alexander.ortiz7960@example.com,3364666372
7961,NATURAL,CC,1048486458,,44001,ACTIVO,2025-10-20,leonor.gallego7961@example.com,3615086408
7962,NATURAL,CC,1155104400,,68276,ACTIVO,2025-10-20,gloria.sandoval7962@example.com,3219893865
7963,JURIDICA,NIT,978389485,7,05001,ACTIVO,2025-10-20,contacto7963@example.com,3616720807
7964,NATURAL,CC,1082544069,,11001,ACTIVO,2025-10-20,margarita.sanchez7964@example.com,3523561928
7965,NATURAL,CC,1182852560,,68001,ACTIVO,2025-10-20,ana.torres7965@example.com,3241867977
7966,NATURAL,CC,1207926549,,13001,ACTIVO,2025-10-20,alfonso.ocampo7966@example.com,3731978921
7967,NATURAL,CE,471006,,11001,ACTIVO,2025-10-20,monica.zambrano7967@example.com,3309225914
7968,NATURAL,CC,1087206287,,08758,ACTIVO,2025-10-20,yulieth.herrera7968@example.com,3452525562
7969,NATURAL,CC,1079258699,,11001,ACTIVO,2025-10-20,fernando.florez7969@example.com,3086537224
7970,NATURAL,CC,1090723233,,17001,INACTIVO,2025-10-21,maritza.tovar7970@example.com,3864333022
7971,NATURAL,CC,1108197856,,05001,ACTIVO,2025-10-21,margarita.gonzalez7971@example.com,3283449518
7972,NATURAL,CC,1295519359,,76109,ACTIVO,2025-10-21,elena.vega7972@example.com,3142682320
7973,NATURAL,CC,1291083466,,54001,ACTIVO,2025-10-21,sebastian.ramirez7973@example.com,3179560413
7974,NATURAL,CC,1180879727,,76109,ACTIVO,2025-10-21,david.gonzalez7974@example.com,3112093370
7975,JURIDICA,NIT,965032380,2,11001,ACTIVO,2025-10-22,contacto7975@example.com,3290532107
7976,NATURAL,CC,1287421244,,41001,ACTIVO,2025-10-22,,3240363678
7977,JURIDICA,NIT,972560144,0,13001,ACTIVO,2025-10-22,contacto7977@example.com,3298511780
7978,NATURAL,CC,1280203553,,13001,ACTIVO,2025-10-22,luis.ospina7978@example.com,3189875663
7979,NATURAL,CC,1069900155,,11001,ACTIVO,2025-10-22,alexander.portilla7979@example.com,3493798136
7980,NATURAL,CC,1116199310,,50001,ACTIVO,2025-10-23,miriam.suarez7980@example.com,3305950518
7981,NATURAL,CC,1003136741,,25126,ACTIVO,2025-10-23,jose.roa7981@example.com,3527396141
7982,JURIDICA,NIT,961272412,4,76834,ACTIVO,2025-10-23,contacto7982@example.com,3961819465
7983,NATURAL,CC,1020019585,,18001,ACTIVO,2025-10-24,sandra.moreno7983@example.com,3471136744
7984,NATURAL,CC,1105138913,,70001,ACTIVO,2025-10-24,luis.ramirez7984@example.com,3239898164
7985,NATURAL,CC,1144571496,,11001,ACTIVO,2025-10-24,antonio.castillo7985@example.com,3850432422
7986,NATURAL,CC,1246675524,,17001,ACTIVO,2025-10-24,maritza.camargo7986@example.com,3290239590
7987,NATURAL,CC,1193307061,,76001,ACTIVO,2025-10-24,paola.mosquera7987@example.com,3319631074
7988,NATURAL,CC,1050607886,,13001,ACTIVO,2025-10-25,alejandra.torres7988@example.com,3073303549
7989,NATURAL,CC,1154943677,,11001,ACTIVO,2025-10-25,antonio.bedoya7989@example.com,3405580595
7990,NATURAL,CC,1155864503,,17001,ACTIVO,2025-10-25,ivan.guerra7990@example.com,3443126395
7991,NATURAL,CC,1298246894,,20001,ACTIVO,2025-10-25,jorge.gil7991@example.com,3918232008
7992,NATURAL,CC,1097079936,,11001,ACTIVO,2025-10-25,david.rodriguez7992@example.com,3947619123
7993,JURIDICA,NIT,986740710,3,11001,ACTIVO,2025-10-25,contacto7993@example.com,3664954925
7994,NATURAL,CC,1166990520,,19001,ACTIVO,2025-10-25,jose.martinez7994@example.com,3871377028
7995,NATURAL,CC,1091397752,,47001,ACTIVO,2025-10-25,luis.renteria7995@example.com,3343029135
7996,NATURAL,CC,1133477105,,23001,ACTIVO,2025-10-27,marcela.cortes7996@example.com,3762508871
7997,NATURAL,CC,1114076094,,50001,ACTIVO,2025-10-27,mercedes.salcedo7997@example.com,3863948159
7998,JURIDICA,NIT,966913478,1,23001,ACTIVO,2025-10-27,contacto7998@example.com,3444245953
7999,NATURAL,CC,1244510285,,76834,ACTIVO,2025-10-27,eliana.leon7999@example.com,3050428187
8000,NATURAL,CC,1275163149,,11001,ACTIVO,2025-10-27,maria.martinez8000@example.com,3524693168
8001,JURIDICA,NIT,987938922,3,76001,ACTIVO,2025-10-27,contacto8001@example.com,3528848859
8002,JURIDICA,NIT,960420131,1,11001,ACTIVO,2025-10-27,contacto8002@example.com,3855765879
8003,NATURAL,CC,1247984862,,11001,ACTIVO,2025-10-27,jorge.molina8003@example.com,3307946408
8004,NATURAL,CC,1003467611,,11001,ACTIVO,2025-10-27,didier.cardona8004@example.com,3227374649
8005,NATURAL,CC,1207342209,,54001,ACTIVO,2025-10-27,alexander.jimenez8005@example.com,3943074353
8006,NATURAL,CC,1118464229,,11001,ACTIVO,2025-10-28,,3820901027
8007,NATURAL,CC,1179949309,,11001,ACTIVO,2025-10-28,fabian.rojas8007@example.com,3908208563
8008,NATURAL,CC,1117869725,,11001,ACTIVO,2025-10-28,esteban.torres8008@example.com,3707358411
8009,JURIDICA,NIT,963935390,4,11001,ACTIVO,2025-10-28,contacto8009@example.com,3656186082
8010,NATURAL,CC,1066235612,,05088,ACTIVO,2025-10-28,angela.herrera8010@example.com,3525836533
8011,JURIDICA,NIT,969031120,4,18001,ACTIVO,2025-10-28,contacto8011@example.com,3251141662
8012,NATURAL,CC,1190055107,,76001,ACTIVO,2025-10-29,natalia.camargo8012@example.com,3818426460
8013,NATURAL,CC,1219010889,,76001,ACTIVO,2025-10-29,diana.castro8013@example.com,3903200644
8014,NATURAL,CC,1077686644,,73001,ACTIVO,2025-10-29,katerine.orozco8014@example.com,3365337459
8015,JURIDICA,NIT,971708997,0,76001,ACTIVO,2025-10-29,contacto8015@example.com,3024475860
8016,NATURAL,CC,1030408567,,20001,ACTIVO,2025-10-29,wilson.ramirez8016@example.com,3343410318
8017,JURIDICA,NIT,973758245,1,50001,ACTIVO,2025-10-29,contacto8017@example.com,3323741006
8018,NATURAL,CC,1277325514,,73001,ACTIVO,2025-10-30,natalia.rojas8018@example.com,3317341454
8019,JURIDICA,NIT,976662008,1,41001,ACTIVO,2025-10-30,contacto8019@example.com,3650002220
8020,JURIDICA,NIT,973489750,5,25175,ACTIVO,2025-10-30,contacto8020@example.com,3827776598
8021,NATURAL,CC,1296478182,,05001,ACTIVO,2025-10-30,margarita.acosta8021@example.com,3960940690
8022,NATURAL,CC,1195660519,,76001,ACTIVO,2025-10-30,judith.morales8022@example.com,3706302606
8023,NATURAL,CC,1256968361,,11001,ACTIVO,2025-10-31,ricardo.calderon8023@example.com,3314750225
8024,NATURAL,CC,1085336390,,11001,ACTIVO,2025-10-31,jeison.correa8024@example.com,3478800492
8025,NATURAL,CC,1180191485,,23001,ACTIVO,2025-10-31,juan.arrieta8025@example.com,3441902482
8026,NATURAL,CC,1204068966,,11001,ACTIVO,2025-11-01,andres.nino8026@example.com,3978233090
8027,NATURAL,CC,1067578015,,11001,ACTIVO,2025-11-01,jesus.garcia8027@example.com,3844473582
8028,NATURAL,CC,1185855428,,11001,ACTIVO,2025-11-01,patricia.vargas8028@example.com,3160381867
8029,NATURAL,CC,1205469517,,54001,ACTIVO,2025-11-01,daniela.suarez8029@example.com,3606370490
8030,NATURAL,CC,1065661592,,11001,ACTIVO,2025-11-01,segundo.ochoa8030@example.com,3953483574
8031,NATURAL,CC,1126476780,,11001,ACTIVO,2025-11-03,cristian.pacheco8031@example.com,3512722074
8032,NATURAL,CC,1106226569,,08001,ACTIVO,2025-11-03,esther.velez8032@example.com,3699484887
8033,NATURAL,CC,1117553401,,05001,ACTIVO,2025-11-03,juan.sanchez8033@example.com,3847115646
8034,JURIDICA,NIT,986231263,9,13430,ACTIVO,2025-11-03,contacto8034@example.com,3561788947
8035,NATURAL,PPT,4398829,,11001,ACTIVO,2025-11-03,esperanza.navarro8035@example.com,3620590139
8036,NATURAL,CC,1019340356,,11001,ACTIVO,2025-11-03,silvia.hernandez8036@example.com,3336844041
8037,NATURAL,CC,1290443349,,11001,ACTIVO,2025-11-03,,3695303714
8038,NATURAL,CC,1096695157,,11001,ACTIVO,2025-11-03,mary.castaneda8038@example.com,3941756969
8039,NATURAL,CC,1131373235,,52001,ACTIVO,2025-11-03,juan.contreras8039@example.com,3794249917
8040,NATURAL,CC,1117652084,,85001,ACTIVO,2025-11-03,,3374530846
8041,NATURAL,CC,1010852370,,76001,ACTIVO,2025-11-03,luis.garcia8041@example.com,3274142554
8042,NATURAL,CC,1165286018,,13001,ACTIVO,2025-11-03,natalia.carrillo8042@example.com,3731626316
8043,NATURAL,CC,1180449544,,54001,ACTIVO,2025-11-03,leidy.lopez8043@example.com,3195066056
8044,NATURAL,CC,1130964393,,11001,ACTIVO,2025-11-03,maria.mendez8044@example.com,3312855346
8045,NATURAL,CC,1262584453,,11001,ACTIVO,2025-11-03,fernanda.barragan8045@example.com,3290345222
8046,NATURAL,CC,1102631726,,25269,ACTIVO,2025-11-03,marina.lopez8046@example.com,3397352367
8047,NATURAL,CC,1228951367,,13001,ACTIVO,2025-11-03,fabio.morales8047@example.com,3696042736
8048,NATURAL,CC,1254562889,,76001,ACTIVO,2025-11-04,mireya.acosta8048@example.com,3918576112
8049,NATURAL,CC,1043461161,,13001,ACTIVO,2025-11-04,johana.gomez8049@example.com,3068810623
8050,NATURAL,CC,1268010990,,05088,ACTIVO,2025-11-04,ruben.rodriguez8050@example.com,3344573709
8051,NATURAL,CC,1059149857,,11001,ACTIVO,2025-11-05,fredy.castaneda8051@example.com,3458057952
8052,NATURAL,CC,1071711613,,11001,ACTIVO,2025-11-05,johan.rodriguez8052@example.com,3686296573
8053,NATURAL,CC,1236883909,,11001,ACTIVO,2025-11-05,julio.herrera8053@example.com,3159675617
8054,NATURAL,CC,1081547831,,11001,ACTIVO,2025-11-05,manuel.pedraza8054@example.com,3136249717
8055,NATURAL,CC,1206767468,,11001,ACTIVO,2025-11-05,orlando.bejarano8055@example.com,3045063092
8056,NATURAL,CC,1037392152,,05001,ACTIVO,2025-11-05,arnulfo.rivera8056@example.com,3367955044
8057,NATURAL,CC,1004719847,,76520,ACTIVO,2025-11-05,eider.palacios8057@example.com,3845197620
8058,JURIDICA,NIT,982865746,0,11001,ACTIVO,2025-11-05,contacto8058@example.com,3220642663
8059,JURIDICA,NIT,976060509,4,23001,ACTIVO,2025-11-06,contacto8059@example.com,3632233734
8060,JURIDICA,NIT,967199921,1,20001,ACTIVO,2025-11-06,contacto8060@example.com,3871320917
8061,NATURAL,CC,1043702056,,11001,ACTIVO,2025-11-06,,3890546737
8062,NATURAL,CC,1051310502,,76001,ACTIVO,2025-11-06,antonio.martinez8062@example.com,3444171322
8063,JURIDICA,NIT,965650858,1,11001,ACTIVO,2025-11-07,contacto8063@example.com,3026721924
8064,NATURAL,CC,1276703514,,76109,ACTIVO,2025-11-07,felipe.moreno8064@example.com,3696037088
8065,NATURAL,CC,1187157820,,70001,ACTIVO,2025-11-07,ines.munoz8065@example.com,3671715803
8066,NATURAL,CC,1280681822,,05001,ACTIVO,2025-11-08,marina.leon8066@example.com,3157674089
8067,NATURAL,CC,1038771879,,13001,ACTIVO,2025-11-08,yineth.castaneda8067@example.com,3147874545
8068,NATURAL,CC,1028063590,,76001,ACTIVO,2025-11-08,ricardo.arroyo8068@example.com,3908473845
8069,JURIDICA,NIT,970004496,7,11001,ACTIVO,2025-11-08,contacto8069@example.com,3499078554
8070,NATURAL,CC,1281448786,,76001,ACTIVO,2025-11-08,carmen.quintero8070@example.com,3655426280
8071,NATURAL,CC,1100460268,,11001,ACTIVO,2025-11-08,maria.munoz8071@example.com,3047605536
8072,NATURAL,CC,1032407271,,08758,ACTIVO,2025-11-08,laura.acosta8072@example.com,3713297419
8073,NATURAL,CC,1274026731,,05360,ACTIVO,2025-11-10,eduardo.osorio8073@example.com,3962001911
8074,NATURAL,CC,1216239898,,76834,ACTIVO,2025-11-10,cristian.contreras8074@example.com,3186138944
8075,JURIDICA,NIT,977516689,4,05001,ACTIVO,2025-11-10,contacto8075@example.com,3939970214
8076,NATURAL,CC,1188194063,,66170,ACTIVO,2025-11-10,angelica.hernandez8076@example.com,3131404031
8077,NATURAL,CC,1155862330,,13430,ACTIVO,2025-11-10,alveiro.gil8077@example.com,3324477471
8078,NATURAL,CC,1187234338,,11001,ACTIVO,2025-11-10,raquel.ruiz8078@example.com,3202744810
8079,NATURAL,CC,1113436958,,11001,ACTIVO,2025-11-10,milena.vargas8079@example.com,3462166405
8080,NATURAL,CC,1240613289,,68001,ACTIVO,2025-11-10,francisco.fernandez8080@example.com,3766161195
8081,NATURAL,CC,1168842891,,76001,ACTIVO,2025-11-10,gladys.ballesteros8081@example.com,3292145396
8082,NATURAL,CC,1180318739,,11001,ACTIVO,2025-11-10,amelia.diaz8082@example.com,3840245019
8083,NATURAL,CC,1082392148,,54001,ACTIVO,2025-11-10,matilde.ruiz8083@example.com,3111218173
8084,JURIDICA,NIT,977906605,1,17001,ACTIVO,2025-11-10,contacto8084@example.com,3497340183
8085,NATURAL,CC,1156350068,,76001,ACTIVO,2025-11-10,yamile.blanco8085@example.com,3904028622
8086,NATURAL,CC,1076304467,,50001,ACTIVO,2025-11-11,esther.cruz8086@example.com,3407703032
8087,NATURAL,CC,1057390904,,05001,ACTIVO,2025-11-11,edilson.vargas8087@example.com,3092125938
8088,NATURAL,CC,1072383629,,25126,ACTIVO,2025-11-11,nelcy.galvis8088@example.com,3628128090
8089,NATURAL,CC,1132722855,,54001,ACTIVO,2025-11-11,alba.reyes8089@example.com,3140502990
8090,NATURAL,CE,410391,,05001,ACTIVO,2025-11-11,maria.gonzalez8090@example.com,3529440850
8091,NATURAL,CC,1216505121,,76001,ACTIVO,2025-11-11,esther.valderrama8091@example.com,3114768612
8092,NATURAL,CC,1047989135,,19001,ACTIVO,2025-11-11,fabian.barreto8092@example.com,3008969227
8093,NATURAL,CC,1272208199,,23001,ACTIVO,2025-11-11,,3796854733
8094,NATURAL,CE,557168,,11001,ACTIVO,2025-11-11,claudia.molina8094@example.com,3609366091
8095,NATURAL,CC,1284062206,,05001,ACTIVO,2025-11-11,william.barrera8095@example.com,3090912142
8096,NATURAL,PPT,6266127,,73001,ACTIVO,2025-11-12,diana.gomez8096@example.com,3306678958
8097,NATURAL,CC,1137903936,,13430,ACTIVO,2025-11-12,rocio.quintero8097@example.com,3473685681
8098,NATURAL,CC,1138474853,,05001,ACTIVO,2025-11-12,mario.martinez8098@example.com,3467000313
8099,NATURAL,CC,1045678225,,11001,ACTIVO,2025-11-12,alejandro.jaimes8099@example.com,3349656927
8100,NATURAL,CC,1250199552,,11001,ACTIVO,2025-11-12,cristina.martinez8100@example.com,3865180641
8101,NATURAL,CC,1059911112,,08758,ACTIVO,2025-11-12,oscar.guerrero8101@example.com,3003602312
8102,NATURAL,CC,1004145019,,11001,ACTIVO,2025-11-12,fernanda.morales8102@example.com,3933354021
8103,NATURAL,CC,1121284117,,76109,ACTIVO,2025-11-13,dayana.castro8103@example.com,3538875352
8104,JURIDICA,NIT,983957290,3,05001,ACTIVO,2025-11-13,contacto8104@example.com,3313584139
8105,NATURAL,CC,1167042686,,63001,ACTIVO,2025-11-13,nestor.roa8105@example.com,3184850532
8106,NATURAL,CC,1272056744,,76001,ACTIVO,2025-11-13,jose.alzate8106@example.com,3748071375
8107,NATURAL,CC,1117911723,,08758,ACTIVO,2025-11-13,jairo.guerra8107@example.com,3524693243
8108,NATURAL,PPT,4650595,,05088,ACTIVO,2025-11-13,manuel.gomez8108@example.com,3556785811
8109,NATURAL,CC,1096543257,,76001,ACTIVO,2025-11-13,luis.alfonso8109@example.com,3335562869
8110,NATURAL,CC,1092785335,,17174,ACTIVO,2025-11-13,ingrid.cortes8110@example.com,3767923227
8111,JURIDICA,NIT,970521302,4,11001,ACTIVO,2025-11-13,contacto8111@example.com,3890629024
8112,NATURAL,CC,1098338079,,11001,ACTIVO,2025-11-14,william.jaimes8112@example.com,3880284272
8113,NATURAL,CC,1202535946,,11001,ACTIVO,2025-11-14,martha.bernal8113@example.com,3867270957
8114,NATURAL,CC,1133435592,,76834,ACTIVO,2025-11-14,laura.lopez8114@example.com,3742750588
8115,NATURAL,CC,1245633194,,76001,ACTIVO,2025-11-14,miguel.beltran8115@example.com,3856747282
8116,NATURAL,CC,1148388197,,11001,ACTIVO,2025-11-14,blanca.sanchez8116@example.com,3155128259
8117,NATURAL,CC,1083807502,,11001,ACTIVO,2025-11-14,,3193157641
8118,JURIDICA,NIT,977238660,9,76001,ACTIVO,2025-11-15,contacto8118@example.com,3805230279
8119,NATURAL,CC,1094456092,,85001,ACTIVO,2025-11-15,elisa.gutierrez8119@example.com,3542014553
8120,NATURAL,CC,1258441983,,11001,ACTIVO,2025-11-15,clara.sanchez8120@example.com,3575435123
8121,JURIDICA,NIT,972785873,8,13430,ACTIVO,2025-11-15,contacto8121@example.com,3948118057
8122,NATURAL,CC,1253122669,,08758,ACTIVO,2025-11-15,ana.hurtado8122@example.com,3059576144
8123,NATURAL,CC,1240735975,,73001,ACTIVO,2025-11-15,mauricio.ramos8123@example.com,3848562050
8124,JURIDICA,NIT,962566674,3,05001,ACTIVO,2025-11-15,contacto8124@example.com,3977290897
8125,NATURAL,CC,1120285725,,11001,ACTIVO,2025-11-15,alexander.carmona8125@example.com,3236454455
8126,NATURAL,CC,1215411964,,73001,ACTIVO,2025-11-15,,3603367750
8127,NATURAL,CC,1140804233,,11001,ACTIVO,2025-11-17,yina.ortiz8127@example.com,3687180939
8128,NATURAL,CC,1192980022,,13001,ACTIVO,2025-11-17,olga.gallego8128@example.com,3998026914
8129,NATURAL,CC,1121165179,,11001,ACTIVO,2025-11-17,aura.espinosa8129@example.com,3137865418
8130,NATURAL,CC,1188438407,,11001,ACTIVO,2025-11-17,marleny.arias8130@example.com,3023032498
8131,NATURAL,CC,1232297931,,11001,ACTIVO,2025-11-17,jaime.duque8131@example.com,3175504560
8132,NATURAL,CC,1169688493,,11001,ACTIVO,2025-11-17,brayan.burgos8132@example.com,3080323806
8133,NATURAL,CC,1225352911,,05088,ACTIVO,2025-11-17,azucena.rangel8133@example.com,3943458429
8134,NATURAL,CC,1217186792,,11001,ACTIVO,2025-11-17,juan.quiroz8134@example.com,3414944530
8135,NATURAL,CC,1134078019,,17174,ACTIVO,2025-11-17,andres.camargo8135@example.com,3736911264
8136,NATURAL,CC,1063919112,,68001,ACTIVO,2025-11-17,anibal.munoz8136@example.com,3527724367
8137,NATURAL,CC,1138968889,,63001,ACTIVO,2025-11-17,eduardo.castro8137@example.com,3472437213
8138,NATURAL,CC,1257949267,,11001,ACTIVO,2025-11-17,leidy.solano8138@example.com,3882883226
8139,NATURAL,CC,1246357110,,76001,ACTIVO,2025-11-18,ana.zapata8139@example.com,3073443615
8140,NATURAL,CC,1246062344,,11001,ACTIVO,2025-11-18,cecilia.molina8140@example.com,3483579437
8141,NATURAL,CC,1118247017,,05001,ACTIVO,2025-11-18,melissa.garcia8141@example.com,3628070031
8142,NATURAL,CC,1022174241,,52001,ACTIVO,2025-11-18,elizabeth.chacon8142@example.com,3186695333
8143,NATURAL,CC,1049133853,,68001,ACTIVO,2025-11-19,luis.florez8143@example.com,3325617980
8144,NATURAL,CC,1008423022,,63001,ACTIVO,2025-11-19,gloria.moreno8144@example.com,3288625172
8145,JURIDICA,NIT,972090964,6,81001,ACTIVO,2025-11-19,contacto8145@example.com,3250698017
8146,NATURAL,CC,1167251343,,11001,ACTIVO,2025-11-19,claudia.bravo8146@example.com,3112458933
8147,NATURAL,CC,1154556807,,25269,ACTIVO,2025-11-19,andrea.alvarez8147@example.com,3691623599
8148,NATURAL,CC,1290775846,,11001,ACTIVO,2025-11-19,jorge.restrepo8148@example.com,3999522672
8149,NATURAL,CC,1083665085,,17873,ACTIVO,2025-11-19,cristina.morales8149@example.com,3695966360
8150,NATURAL,CE,852127,,05001,ACTIVO,2025-11-19,martha.cabrera8150@example.com,3138012163
8151,NATURAL,CC,1167740274,,11001,ACTIVO,2025-11-20,franklin.trujillo8151@example.com,3642754006
8152,JURIDICA,NIT,982645976,4,11001,ACTIVO,2025-11-20,contacto8152@example.com,3023138726
8153,JURIDICA,NIT,968619564,2,11001,ACTIVO,2025-11-20,contacto8153@example.com,3200270315
8154,NATURAL,CC,1168649650,,05001,ACTIVO,2025-11-20,alberto.polo8154@example.com,3364266414
8155,NATURAL,CC,1104158072,,50001,ACTIVO,2025-11-21,edison.duque8155@example.com,3846585600
8156,NATURAL,CC,1227881742,,11001,ACTIVO,2025-11-21,norma.gomez8156@example.com,3922657782
8157,NATURAL,CC,1165231771,,66170,ACTIVO,2025-11-21,octavio.sepulveda8157@example.com,3015751187
8158,NATURAL,CC,1145579823,,11001,ACTIVO,2025-11-21,hector.arevalo8158@example.com,3036703724
8159,NATURAL,CC,1062401406,,05001,ACTIVO,2025-11-21,maria.roa8159@example.com,3977717046
8160,NATURAL,CC,1238043454,,11001,ACTIVO,2025-11-21,mercedes.cifuentes8160@example.com,3384961478
8161,NATURAL,CC,1115354047,,11001,ACTIVO,2025-11-21,stiven.jaramillo8161@example.com,3548587236
8162,NATURAL,CC,1154976428,,47001,ACTIVO,2025-11-21,jose.escobar8162@example.com,3533710645
8163,JURIDICA,NIT,978232412,5,11001,ACTIVO,2025-11-21,contacto8163@example.com,3302511857
8164,NATURAL,CC,1136002816,,11001,ACTIVO,2025-11-21,juliana.alvarez8164@example.com,3081599617
8165,NATURAL,CC,1226162107,,76001,ACTIVO,2025-11-21,carlos.galindo8165@example.com,3487622501
8166,NATURAL,CC,1246023708,,76001,ACTIVO,2025-11-22,stella.romero8166@example.com,3538010054
8167,NATURAL,CC,1195530096,,11001,ACTIVO,2025-11-22,oswaldo.velasquez8167@example.com,3998171376
8168,NATURAL,CC,1165079273,,05088,ACTIVO,2025-11-22,jhonny.ruiz8168@example.com,3505090354
8169,NATURAL,CC,1215270317,,11001,ACTIVO,2025-11-22,monica.ramirez8169@example.com,3472123635
8170,NATURAL,CC,1173716417,,76001,ACTIVO,2025-11-22,henry.leon8170@example.com,3957903182
8171,NATURAL,CC,1075666508,,08001,ACTIVO,2025-11-24,javier.hoyos8171@example.com,3513814749
8172,NATURAL,CC,1202437871,,08758,ACTIVO,2025-11-24,patricia.barrios8172@example.com,3220685009
8173,NATURAL,PPT,5216573,,11001,ACTIVO,2025-11-24,lilia.martinez8173@example.com,3216295755
8174,NATURAL,CC,1122536240,,05001,ACTIVO,2025-11-24,clemencia.alvarez8174@example.com,3642246531
8175,NATURAL,CC,1105301303,,11001,ACTIVO,2025-11-24,carmen.ayala8175@example.com,3094155694
8176,NATURAL,CC,1084310831,,47001,ACTIVO,2025-11-24,,3723998307
8177,NATURAL,CC,1221103254,,66001,ACTIVO,2025-11-24,cristian.rodriguez8177@example.com,3826646844
8178,JURIDICA,NIT,987930005,8,23001,ACTIVO,2025-11-24,contacto8178@example.com,3319417719
8179,NATURAL,CC,1012944510,,73001,ACTIVO,2025-11-24,carlos.narvaez8179@example.com,3992889121
8180,NATURAL,CC,1036043067,,08758,ACTIVO,2025-11-24,martha.acosta8180@example.com,3949477493
8181,NATURAL,CC,1258334099,,76001,ACTIVO,2025-11-24,jairo.cardenas8181@example.com,3631986163
8182,JURIDICA,NIT,963783219,9,11001,ACTIVO,2025-11-25,contacto8182@example.com,3508334197
8183,NATURAL,CC,1092750187,,19001,ACTIVO,2025-11-25,felipe.gutierrez8183@example.com,3320827405
8184,JURIDICA,NIT,989365949,9,11001,ACTIVO,2025-11-25,contacto8184@example.com,3890847061
8185,NATURAL,CC,1064904894,,23001,ACTIVO,2025-11-25,alfonso.lopez8185@example.com,3780574300
8186,NATURAL,CC,1163285639,,08758,ACTIVO,2025-11-25,maicol.ramirez8186@example.com,3197430285
8187,NATURAL,CC,1103127135,,05088,ACTIVO,2025-11-25,luis.renteria8187@example.com,3361971051
8188,NATURAL,CC,1187474898,,63001,ACTIVO,2025-11-25,claudia.lozano8188@example.com,3025322708
8189,NATURAL,CC,1085957971,,08001,ACTIVO,2025-11-25,omar.moreno8189@example.com,3619213359
8190,NATURAL,CC,1044579814,,76001,ACTIVO,2025-11-26,pedro.ruiz8190@example.com,3175687932
8191,JURIDICA,NIT,961634349,2,05001,ACTIVO,2025-11-26,contacto8191@example.com,3551277935
8192,NATURAL,CC,1275574349,,76834,ACTIVO,2025-11-26,,3253313706
8193,NATURAL,CC,1147543454,,11001,ACTIVO,2025-11-26,andres.diaz8193@example.com,3776910022
8194,NATURAL,CC,1094569581,,76001,ACTIVO,2025-11-26,,3828891757
8195,JURIDICA,NIT,987223781,2,11001,ACTIVO,2025-11-26,contacto8195@example.com,3414308929
8196,JURIDICA,NIT,976050946,7,11001,ACTIVO,2025-11-27,contacto8196@example.com,3100476963
8197,NATURAL,CC,1232377520,,13001,ACTIVO,2025-11-27,rodrigo.lopez8197@example.com,3687923844
8198,NATURAL,CC,1070325668,,11001,ACTIVO,2025-11-27,daniela.salcedo8198@example.com,3187499450
8199,NATURAL,CC,1015612592,,11001,ACTIVO,2025-11-27,jorge.martinez8199@example.com,3036681297
8200,NATURAL,CC,1019360785,,08001,ACTIVO,2025-11-27,antonio.guerrero8200@example.com,3573208146
8201,NATURAL,CC,1081783146,,15001,ACTIVO,2025-11-27,amparo.pinto8201@example.com,3044495970
8202,NATURAL,CC,1063062731,,11001,ACTIVO,2025-11-27,jose.perez8202@example.com,3186653771
8203,NATURAL,CC,1153861291,,05088,ACTIVO,2025-11-27,emilia.camargo8203@example.com,3336369990
8204,NATURAL,CC,1081513059,,17380,ACTIVO,2025-11-27,,3812984573
8205,NATURAL,CC,1092766374,,76001,ACTIVO,2025-11-28,derly.ortiz8205@example.com,3075111916
8206,NATURAL,CC,1078664672,,11001,ACTIVO,2025-11-28,hugo.perez8206@example.com,3567079824
8207,NATURAL,CC,1190352756,,68001,ACTIVO,2025-11-28,armando.moreno8207@example.com,3244474967
8208,JURIDICA,NIT,972677970,1,05615,INACTIVO,2025-11-29,contacto8208@example.com,3287697569
8209,NATURAL,CC,1275075581,,11001,ACTIVO,2025-11-29,,3222587613
8210,JURIDICA,NIT,968289500,4,08001,ACTIVO,2025-11-29,contacto8210@example.com,3592403677
8211,NATURAL,CC,1122505957,,11001,ACTIVO,2025-11-29,andres.rodriguez8211@example.com,3482571936
8212,NATURAL,CC,1246533285,,76109,ACTIVO,2025-11-29,sofia.angulo8212@example.com,3132574455
8213,NATURAL,CC,1210199632,,19001,ACTIVO,2025-12-01,antonio.guerrero8213@example.com,3536291324
8214,NATURAL,CC,1160982487,,05001,ACTIVO,2025-12-01,jose.hernandez8214@example.com,3245777970
8215,JURIDICA,NIT,962086193,2,25269,ACTIVO,2025-12-01,contacto8215@example.com,3798031412
8216,JURIDICA,NIT,988451325,8,76001,ACTIVO,2025-12-01,contacto8216@example.com,3170435903
8217,JURIDICA,NIT,988634176,3,11001,ACTIVO,2025-12-01,contacto8217@example.com,3242659854
8218,NATURAL,CC,1121504138,,23001,ACTIVO,2025-12-01,carolina.pena8218@example.com,3844667353
8219,NATURAL,CC,1130478917,,11001,ACTIVO,2025-12-01,yolima.tovar8219@example.com,3457671879
8220,NATURAL,CC,1149307789,,11001,ACTIVO,2025-12-01,enrique.gonzalez8220@example.com,3449652783
8221,JURIDICA,NIT,975718261,6,19001,ACTIVO,2025-12-01,contacto8221@example.com,3682407640
8222,NATURAL,CC,1123325270,,11001,ACTIVO,2025-12-01,paola.medina8222@example.com,3670974016
8223,NATURAL,CC,1161807004,,76109,ACTIVO,2025-12-01,mariela.pena8223@example.com,3752932637
8224,NATURAL,CC,1236401993,,11001,ACTIVO,2025-12-01,maria.gomez8224@example.com,3447682611
8225,NATURAL,CC,1123606043,,41001,ACTIVO,2025-12-01,luis.vargas8225@example.com,3287823996
8226,NATURAL,CC,1091693451,,13430,ACTIVO,2025-12-01,,3120761390
8227,NATURAL,PPT,2876892,,76001,ACTIVO,2025-12-01,jacqueline.pineda8227@example.com,3393455963
8228,NATURAL,CC,1134622292,,73001,ACTIVO,2025-12-01,carlos.trujillo8228@example.com,3826678213
8229,NATURAL,CC,1042770248,,20001,ACTIVO,2025-12-01,liliana.ramirez8229@example.com,3123172765
8230,NATURAL,CC,1278791096,,70001,ACTIVO,2025-12-01,mercedes.cifuentes8230@example.com,3375921179
8231,NATURAL,CC,1126793067,,66170,ACTIVO,2025-12-01,fredy.figueroa8231@example.com,3277128762
8232,NATURAL,CC,1193147446,,73001,ACTIVO,2025-12-02,,3278538523
8233,NATURAL,CC,1079453431,,73001,ACTIVO,2025-12-02,,3395507844
8234,NATURAL,CC,1122486072,,76001,INACTIVO,2025-12-02,alonso.henao8234@example.com,3465114644
8235,NATURAL,CC,1217597348,,76834,ACTIVO,2025-12-02,manuel.mendez8235@example.com,3310176509
8236,JURIDICA,NIT,964203230,7,54001,ACTIVO,2025-12-02,contacto8236@example.com,3713934534
8237,NATURAL,CC,1114864599,,11001,ACTIVO,2025-12-02,richard.lopez8237@example.com,3521598655
8238,NATURAL,CC,1139608374,,05001,ACTIVO,2025-12-03,maria.camargo8238@example.com,3866352783
8239,JURIDICA,NIT,989655913,9,68001,ACTIVO,2025-12-03,contacto8239@example.com,3791128534
8240,NATURAL,CC,1035064082,,15759,ACTIVO,2025-12-03,adolfo.palacios8240@example.com,3916594219
8241,NATURAL,PPT,7840758,,11001,ACTIVO,2025-12-04,esther.suarez8241@example.com,3617418132
8242,JURIDICA,NIT,967696493,2,44001,ACTIVO,2025-12-04,contacto8242@example.com,3567199984
8243,NATURAL,CC,1008385436,,76001,ACTIVO,2025-12-04,luz.angulo8243@example.com,3426331141
8244,NATURAL,CC,1011415676,,44001,ACTIVO,2025-12-04,angel.morales8244@example.com,3750302462
8245,NATURAL,CC,1061230704,,05001,ACTIVO,2025-12-04,ines.meza8245@example.com,3843714194
8246,NATURAL,CC,1033874260,,68276,ACTIVO,2025-12-05,david.mena8246@example.com,3471754243
8247,JURIDICA,NIT,985701347,2,68001,ACTIVO,2025-12-05,contacto8247@example.com,3388760969
8248,NATURAL,CC,1048263500,,11001,ACTIVO,2025-12-05,erika.londono8248@example.com,3163675442
8249,NATURAL,CC,1114450556,,11001,ACTIVO,2025-12-05,andrey.diaz8249@example.com,3060295940
8250,NATURAL,CC,1079403955,,05088,ACTIVO,2025-12-05,dagoberto.marquez8250@example.com,3852198199
8251,NATURAL,CC,1214465467,,23001,ACTIVO,2025-12-05,felix.gaviria8251@example.com,3302524925
8252,NATURAL,PA,BW8284160,,68001,ACTIVO,2025-12-06,,3594130813
8253,NATURAL,CC,1007356463,,76001,ACTIVO,2025-12-06,maria.restrepo8253@example.com,3894202118
8254,NATURAL,CC,1009063701,,05001,ACTIVO,2025-12-06,nelly.bejarano8254@example.com,3892731650
8255,NATURAL,CC,1183569165,,08001,ACTIVO,2025-12-06,pablo.corredor8255@example.com,3141314073
8256,NATURAL,CC,1028616336,,68001,ACTIVO,2025-12-06,pedro.zambrano8256@example.com,3487941007
8257,JURIDICA,NIT,961062117,5,11001,ACTIVO,2025-12-08,contacto8257@example.com,3337379951
8258,NATURAL,CC,1126762652,,76001,ACTIVO,2025-12-08,elena.mosquera8258@example.com,3834327929
8259,JURIDICA,NIT,965777335,8,11001,ACTIVO,2025-12-08,contacto8259@example.com,3403181447
8260,NATURAL,CC,1256440980,,11001,ACTIVO,2025-12-08,jhon.melo8260@example.com,3721461190
8261,NATURAL,CC,1191247164,,66001,ACTIVO,2025-12-08,eduar.ramos8261@example.com,3720695678
8262,JURIDICA,NIT,987473098,1,91001,ACTIVO,2025-12-08,contacto8262@example.com,3435491976
8263,NATURAL,CC,1106974455,,11001,ACTIVO,2025-12-08,antonio.castillo8263@example.com,3057199163
8264,NATURAL,PA,XN1793134,,11001,ACTIVO,2025-12-08,daniela.garcia8264@example.com,3227782707
8265,NATURAL,CC,1178004335,,11001,ACTIVO,2025-12-08,oscar.perez8265@example.com,3285194564
8266,NATURAL,PA,MF4150037,,11001,ACTIVO,2025-12-08,marcela.sanchez8266@example.com,3029651290
8267,JURIDICA,NIT,978206052,7,11001,ACTIVO,2025-12-08,contacto8267@example.com,3879582864
8268,NATURAL,CC,1125536443,,05001,ACTIVO,2025-12-09,alexis.jimenez8268@example.com,3350006085
8269,NATURAL,CC,1281692185,,76001,ACTIVO,2025-12-09,milena.rincon8269@example.com,3300491759
8270,NATURAL,CC,1177592141,,68276,ACTIVO,2025-12-09,fernando.galeano8270@example.com,3869030503
8271,JURIDICA,NIT,986522030,9,08758,ACTIVO,2025-12-09,contacto8271@example.com,3107884735
8272,NATURAL,CC,1289284895,,66001,ACTIVO,2025-12-09,luis.saavedra8272@example.com,3519750335
8273,NATURAL,CC,1171096355,,11001,ACTIVO,2025-12-09,victor.hernandez8273@example.com,3576479466
8274,NATURAL,CC,1254361327,,76001,ACTIVO,2025-12-09,,3088420324
8275,NATURAL,CC,1077243732,,68001,ACTIVO,2025-12-09,manuel.mantilla8275@example.com,3059806447
8276,NATURAL,CC,1192462528,,73001,ACTIVO,2025-12-09,,3893644023
8277,NATURAL,CC,1030309911,,11001,ACTIVO,2025-12-09,jose.rodriguez8277@example.com,3467439551
8278,NATURAL,CC,1253383921,,41001,ACTIVO,2025-12-10,jhon.lopez8278@example.com,3490389882
8279,NATURAL,CC,1075396402,,11001,ACTIVO,2025-12-10,felipe.reyes8279@example.com,3045595297
8280,NATURAL,CC,1061957330,,08001,ACTIVO,2025-12-10,hernando.garcia8280@example.com,3197000041
8281,NATURAL,CC,1098874075,,63001,ACTIVO,2025-12-10,liseth.moreno8281@example.com,3965261070
8282,NATURAL,CC,1053117203,,11001,ACTIVO,2025-12-10,maria.ramos8282@example.com,3152406463
8283,NATURAL,CC,1298756311,,76001,ACTIVO,2025-12-10,sofia.fernandez8283@example.com,3413325228
8284,NATURAL,CC,1037814154,,13001,ACTIVO,2025-12-10,jose.herrera8284@example.com,3097191455
8285,NATURAL,CE,315587,,11001,ACTIVO,2025-12-10,claudia.sierra8285@example.com,3402065813
8286,NATURAL,CC,1290482404,,76520,ACTIVO,2025-12-11,arturo.palacios8286@example.com,3734834254
8287,NATURAL,CC,1010174293,,11001,ACTIVO,2025-12-11,omar.aguilar8287@example.com,3429856342
8288,NATURAL,CC,1120324551,,76520,ACTIVO,2025-12-11,alberto.avila8288@example.com,3928016096
8289,NATURAL,CC,1030730224,,05088,ACTIVO,2025-12-11,monica.leon8289@example.com,3232678966
8290,NATURAL,CC,1151258364,,08758,ACTIVO,2025-12-11,,3470586912
8291,NATURAL,CC,1058430055,,68001,ACTIVO,2025-12-11,pablo.quintero8291@example.com,3139741505
8292,NATURAL,CC,1253740470,,11001,ACTIVO,2025-12-11,carmenza.toro8292@example.com,3089192572
8293,NATURAL,CC,1078405146,,11001,ACTIVO,2025-12-11,rosa.ruiz8293@example.com,3655039329
8294,NATURAL,CC,1175600095,,08001,ACTIVO,2025-12-12,camilo.valderrama8294@example.com,3348404757
8295,NATURAL,CC,1109545015,,76109,ACTIVO,2025-12-12,maria.gonzalez8295@example.com,3150505601
8296,NATURAL,PPT,6212867,,11001,ACTIVO,2025-12-12,elena.gonzalez8296@example.com,3613528715
8297,NATURAL,CC,1016450135,,18001,ACTIVO,2025-12-12,leonel.rojas8297@example.com,3436168519
8298,NATURAL,CC,1277583290,,23001,ACTIVO,2025-12-12,francisco.arias8298@example.com,3221438918
8299,JURIDICA,NIT,971527574,1,11001,ACTIVO,2025-12-12,contacto8299@example.com,3169811916
8300,NATURAL,CC,1139393990,,68001,ACTIVO,2025-12-12,brayan.gonzalez8300@example.com,3807562746
8301,NATURAL,CC,1096196175,,76001,ACTIVO,2025-12-13,lizeth.reyes8301@example.com,3604210263
8302,NATURAL,CC,1028075444,,25175,ACTIVO,2025-12-13,diego.franco8302@example.com,3512398538
8303,NATURAL,CC,1023997849,,13001,ACTIVO,2025-12-13,alberto.cortes8303@example.com,3268230735
8304,NATURAL,CC,1169494077,,05001,ACTIVO,2025-12-15,julieth.rojas8304@example.com,3722675466
8305,NATURAL,CC,1054352862,,11001,ACTIVO,2025-12-15,orlando.rojas8305@example.com,3581904345
8306,NATURAL,CC,1179683644,,11001,ACTIVO,2025-12-15,luisa.gomez8306@example.com,3687823445
8307,NATURAL,CC,1296497848,,11001,ACTIVO,2025-12-15,ofelia.mosquera8307@example.com,3319141103
8308,NATURAL,CC,1027368526,,11001,ACTIVO,2025-12-15,,3538992804
8309,NATURAL,CE,187992,,11001,ACTIVO,2025-12-15,edgar.betancur8309@example.com,3284888059
8310,NATURAL,CC,1271208051,,68001,ACTIVO,2025-12-15,nohora.alvarez8310@example.com,3010484725
8311,NATURAL,CC,1144619422,,76001,ACTIVO,2025-12-15,manuel.gamboa8311@example.com,3157757397
8312,JURIDICA,NIT,977696247,3,05360,ACTIVO,2025-12-15,contacto8312@example.com,3756556614
8313,NATURAL,CC,1293000243,,05001,ACTIVO,2025-12-15,andres.vargas8313@example.com,3528047346
8314,NATURAL,CC,1276617678,,05001,ACTIVO,2025-12-15,mario.valencia8314@example.com,3483439046
8315,JURIDICA,NIT,989042971,5,66170,ACTIVO,2025-12-15,contacto8315@example.com,3471687039
8316,NATURAL,CC,1250634387,,47001,ACTIVO,2025-12-15,betty.ramirez8316@example.com,3754676689
8317,NATURAL,CE,924765,,08758,ACTIVO,2025-12-16,claudia.cifuentes8317@example.com,3235571234
8318,NATURAL,CC,1050361856,,05001,ACTIVO,2025-12-16,cecilia.caicedo8318@example.com,3114988431
8319,NATURAL,CC,1159995429,,05001,ACTIVO,2025-12-16,jose.gutierrez8319@example.com,3737418503
8320,NATURAL,CC,1220319438,,11001,ACTIVO,2025-12-16,dahiana.mejia8320@example.com,3969049323
8321,JURIDICA,NIT,977861484,1,76001,ACTIVO,2025-12-16,contacto8321@example.com,3494795465
8322,NATURAL,CC,1201402658,,08001,ACTIVO,2025-12-16,david.garcia8322@example.com,3351692468
8323,JURIDICA,NIT,982840546,6,17001,ACTIVO,2025-12-17,contacto8323@example.com,3073606728
8324,JURIDICA,NIT,963758800,3,76001,ACTIVO,2025-12-17,contacto8324@example.com,3558720310
8325,NATURAL,CC,1125700345,,97001,ACTIVO,2025-12-17,jorge.soto8325@example.com,3189299968
8326,NATURAL,CC,1048066462,,17873,ACTIVO,2025-12-17,margarita.espinosa8326@example.com,3092750160
8327,NATURAL,CC,1066524406,,17001,ACTIVO,2025-12-18,elizabeth.daza8327@example.com,3761013608
8328,NATURAL,CC,1103053340,,11001,ACTIVO,2025-12-18,andrea.jimenez8328@example.com,3995067711
8329,NATURAL,CE,996761,,66001,ACTIVO,2025-12-19,maria.velasquez8329@example.com,3684565891
8330,JURIDICA,NIT,977997591,4,91001,ACTIVO,2025-12-19,contacto8330@example.com,3247776625
8331,NATURAL,CC,1293816147,,05001,ACTIVO,2025-12-19,maria.maldonado8331@example.com,3541732992
8332,NATURAL,CC,1233072193,,19001,ACTIVO,2025-12-19,omaira.medina8332@example.com,3047491644
8333,NATURAL,CC,1197230104,,11001,ACTIVO,2025-12-19,lorena.sepulveda8333@example.com,3570874714
8334,NATURAL,CC,1223215628,,17380,ACTIVO,2025-12-20,luis.camargo8334@example.com,3108845246
8335,NATURAL,CC,1279145175,,11001,ACTIVO,2025-12-20,rosa.bejarano8335@example.com,3624230703
8336,NATURAL,CC,1054929898,,08001,ACTIVO,2025-12-22,jaime.rivera8336@example.com,3172898310
8337,NATURAL,CC,1054312211,,05088,ACTIVO,2025-12-22,nelson.londono8337@example.com,3317250737
8338,NATURAL,CC,1124502632,,66001,ACTIVO,2025-12-22,ana.garcia8338@example.com,3667017514
8339,NATURAL,CC,1044187293,,11001,ACTIVO,2025-12-22,fernando.rojas8339@example.com,3955836224
8340,NATURAL,CC,1009828224,,66001,ACTIVO,2025-12-22,cristian.vargas8340@example.com,3062059742
8341,NATURAL,CC,1143913662,,13001,ACTIVO,2025-12-22,jesus.rincon8341@example.com,3257851933
8342,NATURAL,CC,1161128775,,11001,ACTIVO,2025-12-22,miriam.molina8342@example.com,3259532992
8343,JURIDICA,NIT,979068578,1,54001,ACTIVO,2025-12-22,contacto8343@example.com,3031594066
8344,NATURAL,CC,1034278648,,11001,ACTIVO,2025-12-23,lucy.romero8344@example.com,3563798187
8345,NATURAL,CC,1026011048,,11001,ACTIVO,2025-12-23,claudia.pinto8345@example.com,3322304677
8346,NATURAL,CE,395136,,05001,ACTIVO,2025-12-23,marina.torres8346@example.com,3571009372
8347,JURIDICA,NIT,972868959,1,11001,ACTIVO,2025-12-24,contacto8347@example.com,3604828466
8348,NATURAL,CC,1152956327,,23001,ACTIVO,2025-12-24,gerardo.garzon8348@example.com,3864193407
8349,JURIDICA,NIT,984729303,7,76001,ACTIVO,2025-12-24,contacto8349@example.com,3843144371
8350,NATURAL,CC,1298814291,,11001,ACTIVO,2025-12-24,oscar.moreno8350@example.com,3023664323
8351,NATURAL,CC,1132212246,,11001,ACTIVO,2025-12-24,carlos.meneses8351@example.com,3574458994
8352,NATURAL,CC,1060570045,,05001,ACTIVO,2025-12-24,hernando.ramirez8352@example.com,3411558863
8353,NATURAL,CC,1098064745,,20001,ACTIVO,2025-12-24,,3018236693
8354,NATURAL,CC,1236696422,,08001,ACTIVO,2025-12-24,ruth.carrillo8354@example.com,3461309402
8355,JURIDICA,NIT,965687950,1,08758,ACTIVO,2025-12-25,contacto8355@example.com,3625468172
8356,NATURAL,CC,1229179606,,08001,ACTIVO,2025-12-25,,3832483620
8357,NATURAL,CC,1235935349,,11001,ACTIVO,2025-12-25,dora.uribe8357@example.com,3410236141
8358,NATURAL,CC,1006861257,,11001,ACTIVO,2025-12-25,ramiro.rodriguez8358@example.com,3846521867
8359,NATURAL,CC,1195539418,,11001,ACTIVO,2025-12-25,yair.villa8359@example.com,3362072128
8360,NATURAL,CC,1033076159,,54001,ACTIVO,2025-12-25,clemencia.rincon8360@example.com,3337334499
8361,JURIDICA,NIT,979415467,1,11001,ACTIVO,2025-12-25,contacto8361@example.com,3253999615
8362,NATURAL,CC,1161473467,,11001,ACTIVO,2025-12-25,daniel.alarcon8362@example.com,3163888727
8363,NATURAL,CC,1125896554,,05001,INACTIVO,2025-12-26,luis.arias8363@example.com,3817714682
8364,NATURAL,CC,1108461605,,11001,ACTIVO,2025-12-26,constanza.medina8364@example.com,3845915783
8365,NATURAL,CC,1166342388,,11001,ACTIVO,2025-12-26,luis.aguirre8365@example.com,3168126104
8366,NATURAL,CC,1248757243,,20001,ACTIVO,2025-12-26,,3003872671
8367,NATURAL,CC,1145636086,,11001,ACTIVO,2025-12-26,maria.rodriguez8367@example.com,3596795658
8368,NATURAL,CC,1205642823,,17001,ACTIVO,2025-12-27,carmen.jimenez8368@example.com,3274594028
8369,NATURAL,CC,1050005415,,11001,ACTIVO,2025-12-27,edgar.bonilla8369@example.com,3837599638
8370,NATURAL,CC,1129122053,,17380,ACTIVO,2025-12-27,uriel.bernal8370@example.com,3152834030
8371,NATURAL,CC,1253397502,,05360,ACTIVO,2025-12-27,,3921440826
8372,NATURAL,CC,1247251703,,05266,ACTIVO,2025-12-27,natalia.guevara8372@example.com,3861014095
8373,NATURAL,CC,1227185293,,47001,ACTIVO,2025-12-27,hernan.sanchez8373@example.com,3738979487
8374,NATURAL,CC,1195617440,,11001,ACTIVO,2025-12-27,luis.patino8374@example.com,3363304579
8375,NATURAL,CC,1000192891,,11001,ACTIVO,2025-12-27,marcela.gomez8375@example.com,3334729451
8376,JURIDICA,NIT,972928000,0,85001,ACTIVO,2025-12-27,contacto8376@example.com,3127168237
8377,NATURAL,CC,1039444438,,76001,ACTIVO,2025-12-29,nestor.ochoa8377@example.com,3344012082
8378,JURIDICA,NIT,968720595,1,05001,ACTIVO,2025-12-29,contacto8378@example.com,3876680881
8379,NATURAL,CC,1095745606,,11001,ACTIVO,2025-12-29,cesar.rangel8379@example.com,3330860811
8380,NATURAL,CC,1139157467,,18001,ACTIVO,2025-12-29,jose.bedoya8380@example.com,3046170027
8381,NATURAL,CC,1191863559,,76001,ACTIVO,2025-12-29,julian.sanchez8381@example.com,3524651702
8382,NATURAL,CC,1156634777,,20001,ACTIVO,2025-12-29,jazmin.agudelo8382@example.com,3092546888
8383,NATURAL,CC,1152579660,,13430,ACTIVO,2025-12-29,carlos.garcia8383@example.com,3867868079
8384,JURIDICA,NIT,978205520,8,47001,ACTIVO,2025-12-29,contacto8384@example.com,3462891043
8385,NATURAL,CC,1073760154,,11001,ACTIVO,2025-12-29,blanca.ramirez8385@example.com,3962355402
8386,NATURAL,CC,1145873008,,05001,ACTIVO,2025-12-29,carlos.narvaez8386@example.com,3566154441
8387,NATURAL,CC,1256355648,,23001,ACTIVO,2025-12-29,andrea.alvarado8387@example.com,3123062631
8388,NATURAL,CC,1142573911,,54001,ACTIVO,2025-12-29,jose.sanchez8388@example.com,3189647033
8389,NATURAL,CC,1268807886,,76001,ACTIVO,2025-12-30,juliana.dominguez8389@example.com,3522627830
8390,NATURAL,CC,1025928408,,52001,ACTIVO,2025-12-30,joaquin.chaparro8390@example.com,3376790430
8391,NATURAL,CC,1192619819,,68001,ACTIVO,2025-12-30,alexis.gomez8391@example.com,3502079788
8392,NATURAL,CC,1040067759,,17001,ACTIVO,2025-12-30,gloria.cortes8392@example.com,3668357175
8393,NATURAL,CC,1046822394,,50001,ACTIVO,2025-12-30,jose.salazar8393@example.com,3730014133
8394,NATURAL,CC,1048317835,,68001,ACTIVO,2025-12-30,carlos.soto8394@example.com,3930944717
8395,NATURAL,CC,1050010731,,23001,ACTIVO,2025-12-31,francisco.castro8395@example.com,3422871385
8396,NATURAL,CC,1156255733,,11001,ACTIVO,2025-12-31,alfonso.vergara8396@example.com,3041612334
8397,NATURAL,CC,1219494132,,17001,ACTIVO,2025-12-31,teresa.moreno8397@example.com,3646463965
8398,NATURAL,CC,1024217110,,76001,ACTIVO,2025-12-31,lucia.espinosa8398@example.com,3789071480
8399,NATURAL,CC,1117634962,,70001,ACTIVO,2026-01-01,maria.calderon8399@example.com,3183207978
8400,NATURAL,CC,1289661294,,11001,ACTIVO,2026-01-01,gladys.ruiz8400@example.com,3519373387
8401,NATURAL,CC,1060343871,,11001,ACTIVO,2026-01-01,gilma.sepulveda8401@example.com,3358955849
8402,NATURAL,CC,1049442039,,11001,ACTIVO,2026-01-01,felipe.barragan8402@example.com,3166336408
8403,NATURAL,PPT,2325690,,08001,ACTIVO,2026-01-01,juan.gonzalez8403@example.com,3184135812
8404,NATURAL,CC,1092936683,,05001,ACTIVO,2026-01-01,diego.hernandez8404@example.com,3899035327
8405,NATURAL,CC,1086986877,,05001,ACTIVO,2026-01-01,adalberto.loaiza8405@example.com,3769024457
8406,NATURAL,CC,1265337882,,08001,ACTIVO,2026-01-01,german.jaimes8406@example.com,3495843777
8407,NATURAL,CC,1069893068,,15001,INACTIVO,2026-01-02,david.perez8407@example.com,3646762208
8408,NATURAL,CC,1147829705,,08001,ACTIVO,2026-01-02,camilo.pineda8408@example.com,3912936540
8409,NATURAL,CC,1247416502,,15001,ACTIVO,2026-01-02,cristian.gonzalez8409@example.com,3059455807
8410,NATURAL,CC,1141580462,,11001,ACTIVO,2026-01-02,socorro.ramirez8410@example.com,3173781992
8411,NATURAL,CC,1282486802,,85001,ACTIVO,2026-01-02,martha.palacios8411@example.com,3353488235
8412,NATURAL,CC,1153578316,,68276,ACTIVO,2026-01-02,edwin.delgado8412@example.com,3936370024
8413,NATURAL,CC,1022602052,,11001,ACTIVO,2026-01-02,,3294406852
8414,NATURAL,CC,1284436515,,11001,ACTIVO,2026-01-02,maria.villamizar8414@example.com,3726242613
8415,NATURAL,CC,1243411210,,11001,ACTIVO,2026-01-02,laura.trujillo8415@example.com,3766966543
8416,NATURAL,CC,1149794663,,11001,ACTIVO,2026-01-02,maria.navarro8416@example.com,3250616370
8417,NATURAL,CC,1120284126,,05088,ACTIVO,2026-01-02,rosa.salcedo8417@example.com,3989216379
8418,NATURAL,CC,1280134346,,11001,ACTIVO,2026-01-02,edith.martinez8418@example.com,3416752024
8419,JURIDICA,NIT,977365572,2,11001,ACTIVO,2026-01-03,contacto8419@example.com,3440642847
8420,NATURAL,CC,1261546728,,76001,ACTIVO,2026-01-03,isabel.barrios8420@example.com,3492492712
8421,NATURAL,CC,1195746710,,11001,ACTIVO,2026-01-03,,3487807725
8422,NATURAL,CC,1051140551,,76001,ACTIVO,2026-01-03,francisco.gil8422@example.com,3876584626
8423,NATURAL,CC,1235633522,,05088,ACTIVO,2026-01-03,alejandro.gonzalez8423@example.com,3009384356
8424,NATURAL,CC,1134472276,,76520,ACTIVO,2026-01-03,camilo.sanchez8424@example.com,3931475704
8425,NATURAL,CC,1265765241,,11001,ACTIVO,2026-01-05,andrea.giraldo8425@example.com,3572038855
8426,NATURAL,CE,571261,,08758,ACTIVO,2026-01-05,hernan.hernandez8426@example.com,3519670533
8427,NATURAL,CC,1018943287,,68276,INACTIVO,2026-01-05,hernan.gonzalez8427@example.com,3230650809
8428,NATURAL,CC,1144064972,,11001,ACTIVO,2026-01-05,luz.figueroa8428@example.com,3776574913
8429,NATURAL,CC,1033610300,,95001,ACTIVO,2026-01-05,tulia.rodriguez8429@example.com,3606183985
8430,NATURAL,CC,1291837960,,11001,ACTIVO,2026-01-05,luis.torres8430@example.com,3246784229
8431,NATURAL,CC,1271228669,,11001,ACTIVO,2026-01-05,efrain.cano8431@example.com,3614504674
8432,NATURAL,CC,1145933749,,23001,ACTIVO,2026-01-06,jose.hernandez8432@example.com,3433138026
8433,JURIDICA,NIT,967533142,3,11001,ACTIVO,2026-01-06,contacto8433@example.com,3733457552
8434,NATURAL,CC,1000193330,,11001,ACTIVO,2026-01-06,marlon.rengifo8434@example.com,3390715689
8435,NATURAL,CC,1277107959,,11001,ACTIVO,2026-01-07,victoria.fernandez8435@example.com,3923242809
8436,NATURAL,CC,1083443860,,73001,ACTIVO,2026-01-07,fredy.ramirez8436@example.com,3831205342
8437,NATURAL,CC,1096770645,,44001,ACTIVO,2026-01-07,aura.quintero8437@example.com,3741818084
8438,JURIDICA,NIT,970932247,0,11001,ACTIVO,2026-01-07,contacto8438@example.com,3916102125
8439,NATURAL,CC,1216507215,,76834,ACTIVO,2026-01-07,joan.arango8439@example.com,3992823293
8440,NATURAL,CC,1185637305,,05001,ACTIVO,2026-01-07,marcela.pacheco8440@example.com,3486288780
8441,NATURAL,CC,1273444775,,52001,ACTIVO,2026-01-07,francisco.hernandez8441@example.com,3857799891
8442,NATURAL,CC,1185153692,,05001,ACTIVO,2026-01-08,enrique.padilla8442@example.com,3463306537
8443,NATURAL,CC,1084789154,,11001,ACTIVO,2026-01-08,luis.reyes8443@example.com,3624772559
8444,JURIDICA,NIT,981957923,1,11001,ACTIVO,2026-01-08,contacto8444@example.com,3781001400
8445,NATURAL,CC,1288712181,,05615,ACTIVO,2026-01-08,clara.agudelo8445@example.com,3530188193
8446,NATURAL,CC,1144889426,,05001,ACTIVO,2026-01-08,fredy.miranda8446@example.com,3352520856
8447,NATURAL,CC,1155864102,,52001,ACTIVO,2026-01-08,,3690650265
8448,NATURAL,CC,1271624183,,47001,ACTIVO,2026-01-08,diana.zapata8448@example.com,3527310192
8449,NATURAL,CC,1182076257,,05001,ACTIVO,2026-01-09,eliecer.mejia8449@example.com,3094805486
8450,NATURAL,CC,1120212343,,15238,ACTIVO,2026-01-09,jhon.roa8450@example.com,3592257395
8451,NATURAL,CC,1042808354,,11001,ACTIVO,2026-01-09,orlando.fuentes8451@example.com,3315316282
8452,NATURAL,CC,1110558043,,11001,ACTIVO,2026-01-09,teresa.acevedo8452@example.com,3073221078
8453,NATURAL,CC,1105682102,,11001,ACTIVO,2026-01-09,maria.uribe8453@example.com,3324771499
8454,NATURAL,CC,1155982352,,11001,ACTIVO,2026-01-09,luisa.hurtado8454@example.com,3235044509
8455,NATURAL,CC,1055195582,,11001,ACTIVO,2026-01-09,jorge.sanchez8455@example.com,3948487212
8456,NATURAL,CC,1210666438,,73001,ACTIVO,2026-01-10,armando.garcia8456@example.com,3534239841
8457,NATURAL,CC,1134334526,,68001,ACTIVO,2026-01-10,andres.toro8457@example.com,3802647895
8458,NATURAL,CC,1187181194,,76001,ACTIVO,2026-01-10,camilo.burbano8458@example.com,3690148202
8459,NATURAL,CC,1133967365,,76001,ACTIVO,2026-01-10,victor.guerra8459@example.com,3833544047
8460,NATURAL,CC,1258705430,,11001,ACTIVO,2026-01-10,jorge.cardona8460@example.com,3456369507
8461,NATURAL,CC,1060960920,,08001,ACTIVO,2026-01-10,santiago.palacios8461@example.com,3481789585
8462,JURIDICA,NIT,972021177,1,05001,ACTIVO,2026-01-12,contacto8462@example.com,3517162929
8463,NATURAL,CC,1278889715,,76001,ACTIVO,2026-01-12,jennifer.torres8463@example.com,3103297696
8464,NATURAL,CC,1167550008,,13001,ACTIVO,2026-01-12,judith.aguirre8464@example.com,3389070645
8465,NATURAL,CC,1004147312,,08758,ACTIVO,2026-01-12,laura.hernandez8465@example.com,3715245678
8466,NATURAL,CC,1189694799,,11001,ACTIVO,2026-01-12,martha.gomez8466@example.com,3244623214
8467,NATURAL,CC,1121131218,,11001,ACTIVO,2026-01-12,juan.ochoa8467@example.com,3092020133
8468,NATURAL,CE,625555,,11001,ACTIVO,2026-01-12,alonso.murcia8468@example.com,3499061805
8469,NATURAL,CC,1107507745,,76001,ACTIVO,2026-01-12,ana.rios8469@example.com,3575166463
8470,NATURAL,CC,1176188827,,08001,ACTIVO,2026-01-13,elsa.acevedo8470@example.com,3860179510
8471,NATURAL,CC,1064443686,,25269,ACTIVO,2026-01-13,jorge.perez8471@example.com,3423381221
8472,JURIDICA,NIT,985398410,9,44001,ACTIVO,2026-01-13,contacto8472@example.com,3293208989
8473,JURIDICA,NIT,963414147,5,70001,ACTIVO,2026-01-13,contacto8473@example.com,3637102275
8474,NATURAL,CC,1264442836,,66001,ACTIVO,2026-01-13,,3515111676
8475,NATURAL,CC,1056788698,,76001,ACTIVO,2026-01-13,josefa.rodriguez8475@example.com,3353771713
8476,NATURAL,CC,1060772916,,11001,ACTIVO,2026-01-14,alberto.blanco8476@example.com,3379573251
8477,NATURAL,CC,1006163274,,54001,ACTIVO,2026-01-14,alfonso.romero8477@example.com,3662689322
8478,NATURAL,CE,903593,,76001,ACTIVO,2026-01-14,maritza.lopez8478@example.com,3068510100
8479,NATURAL,CC,1043493341,,54001,ACTIVO,2026-01-14,carolina.gomez8479@example.com,3348742263
8480,NATURAL,CC,1114003584,,13001,ACTIVO,2026-01-14,fabian.herrera8480@example.com,3098859112
8481,NATURAL,CE,583085,,08001,ACTIVO,2026-01-14,jose.ortega8481@example.com,3558826330
8482,JURIDICA,NIT,967102642,5,05001,ACTIVO,2026-01-14,contacto8482@example.com,3580463696
8483,JURIDICA,NIT,964319159,0,76109,ACTIVO,2026-01-15,contacto8483@example.com,3906285774
8484,NATURAL,CC,1264017376,,11001,ACTIVO,2026-01-15,leonardo.duran8484@example.com,3290818517
8485,NATURAL,CC,1194288884,,15001,ACTIVO,2026-01-15,edwin.torres8485@example.com,3920764613
8486,NATURAL,CC,1285149874,,11001,ACTIVO,2026-01-15,jhon.garzon8486@example.com,3148318051
8487,NATURAL,CC,1247537492,,11001,ACTIVO,2026-01-15,,3604040055
8488,NATURAL,CC,1216050204,,08001,ACTIVO,2026-01-15,monica.pulido8488@example.com,3768591655
8489,NATURAL,CC,1196111811,,11001,ACTIVO,2026-01-15,jesus.arevalo8489@example.com,3956124130
8490,NATURAL,CC,1039197683,,76001,ACTIVO,2026-01-15,humberto.zapata8490@example.com,3157424813
8491,NATURAL,CC,1064699959,,05001,ACTIVO,2026-01-15,javier.benavides8491@example.com,3568149329
8492,NATURAL,CC,1071797263,,17001,ACTIVO,2026-01-16,carlos.guerrero8492@example.com,3450752840
8493,NATURAL,CC,1284965401,,76001,ACTIVO,2026-01-16,yaneth.garcia8493@example.com,3324286926
8494,NATURAL,CC,1205044380,,54001,ACTIVO,2026-01-16,alveiro.perez8494@example.com,3788469774
8495,NATURAL,CE,116634,,11001,ACTIVO,2026-01-16,olga.vallejo8495@example.com,3054818747
8496,NATURAL,CC,1025499891,,11001,ACTIVO,2026-01-16,maria.patino8496@example.com,3508392921
8497,JURIDICA,NIT,960252424,3,76001,ACTIVO,2026-01-16,contacto8497@example.com,3558334838
8498,NATURAL,CC,1232323664,,08758,ACTIVO,2026-01-17,alexander.espinosa8498@example.com,3613881193
8499,NATURAL,CC,1090929296,,13001,ACTIVO,2026-01-17,javier.romero8499@example.com,3153386434
8500,NATURAL,CC,1255557342,,05266,ACTIVO,2026-01-17,andres.barrera8500@example.com,3502451040
8501,NATURAL,CC,1131463647,,11001,ACTIVO,2026-01-17,nelly.mendoza8501@example.com,3381496954
8502,NATURAL,CC,1280016484,,76001,ACTIVO,2026-01-17,maria.suarez8502@example.com,3995492451
8503,NATURAL,CC,1161887741,,11001,ACTIVO,2026-01-17,luz.pinzon8503@example.com,3250373818
8504,NATURAL,CC,1119125077,,70001,ACTIVO,2026-01-17,angela.caicedo8504@example.com,3576075617
8505,JURIDICA,NIT,976852763,8,76109,ACTIVO,2026-01-19,contacto8505@example.com,3127298038
8506,JURIDICA,NIT,985952497,5,05001,ACTIVO,2026-01-19,contacto8506@example.com,3639734521
8507,NATURAL,CC,1166753583,,76001,ACTIVO,2026-01-19,jesus.pineda8507@example.com,3083778841
8508,NATURAL,CC,1259840632,,68001,ACTIVO,2026-01-19,jesus.navarro8508@example.com,3727189251
8509,NATURAL,CC,1147807349,,11001,ACTIVO,2026-01-19,mariana.martinez8509@example.com,3321175513
8510,JURIDICA,NIT,988291686,4,05001,ACTIVO,2026-01-19,contacto8510@example.com,3831306953
8511,NATURAL,CC,1016722660,,76001,ACTIVO,2026-01-19,,3689639687
8512,NATURAL,CC,1198274762,,76001,ACTIVO,2026-01-19,clara.torres8512@example.com,3088165985
8513,NATURAL,CC,1189074729,,41001,ACTIVO,2026-01-19,elena.burbano8513@example.com,3092026954
8514,NATURAL,CC,1102895535,,13001,ACTIVO,2026-01-19,cesar.hernandez8514@example.com,3059793744
8515,NATURAL,CC,1023411011,,11001,ACTIVO,2026-01-19,hugo.palacio8515@example.com,3144615949
8516,JURIDICA,NIT,988494870,5,05001,ACTIVO,2026-01-19,contacto8516@example.com,3309273320
8517,NATURAL,CC,1050284530,,76001,ACTIVO,2026-01-19,franklin.rojas8517@example.com,3797570086
8518,NATURAL,CC,1143741739,,54001,ACTIVO,2026-01-20,carlos.molina8518@example.com,3537729551
8519,NATURAL,CC,1176647168,,11001,ACTIVO,2026-01-20,jhon.cardenas8519@example.com,3245696173
8520,NATURAL,CC,1028454521,,66170,ACTIVO,2026-01-21,,3391194301
8521,NATURAL,CC,1116263503,,11001,ACTIVO,2026-01-21,luis.rodriguez8521@example.com,3910889941
8522,JURIDICA,NIT,979039785,4,23001,ACTIVO,2026-01-21,contacto8522@example.com,3132313388
8523,JURIDICA,NIT,978120106,5,11001,ACTIVO,2026-01-22,contacto8523@example.com,3727033161
8524,JURIDICA,NIT,966678053,5,70001,ACTIVO,2026-01-22,contacto8524@example.com,3461213321
8525,NATURAL,PPT,8580572,,11001,ACTIVO,2026-01-22,,3208387091
8526,NATURAL,CC,1022088454,,11001,ACTIVO,2026-01-22,maria.gomez8526@example.com,3571812000
8527,NATURAL,CC,1236736313,,11001,ACTIVO,2026-01-22,rosa.mena8527@example.com,3894784739
8528,JURIDICA,NIT,987577734,5,76001,ACTIVO,2026-01-22,contacto8528@example.com,3991720773
8529,NATURAL,CC,1231374175,,76001,INACTIVO,2026-01-22,maria.polo8529@example.com,3849694960
8530,NATURAL,CC,1238181293,,08758,ACTIVO,2026-01-23,david.ospina8530@example.com,3614575167
8531,NATURAL,CC,1274836041,,63001,ACTIVO,2026-01-23,,3922866031
8532,NATURAL,CC,1251190032,,11001,ACTIVO,2026-01-23,eduardo.parra8532@example.com,3580073357
8533,NATURAL,CC,1278676067,,05001,ACTIVO,2026-01-24,luz.velez8533@example.com,3103430622
8534,NATURAL,CC,1226498562,,11001,ACTIVO,2026-01-24,francy.bastidas8534@example.com,3712655081
8535,JURIDICA,NIT,976719890,7,50001,ACTIVO,2026-01-24,contacto8535@example.com,3377686487
8536,NATURAL,CC,1296664812,,08001,ACTIVO,2026-01-24,blanca.parra8536@example.com,3778491402
8537,NATURAL,CC,1096517615,,47001,ACTIVO,2026-01-24,yeison.rios8537@example.com,3804657269
8538,NATURAL,CC,1107900624,,76001,ACTIVO,2026-01-24,andres.trujillo8538@example.com,3703512316
8539,NATURAL,CC,1233688446,,25126,ACTIVO,2026-01-24,alfredo.suarez8539@example.com,3586298357
8540,NATURAL,CC,1269845430,,76001,ACTIVO,2026-01-24,maria.becerra8540@example.com,3630847937
8541,NATURAL,CC,1078229789,,76001,ACTIVO,2026-01-24,alfredo.londono8541@example.com,3497689415
8542,NATURAL,CE,465876,,76001,ACTIVO,2026-01-26,katerine.parra8542@example.com,3454883966
8543,NATURAL,CC,1114817881,,52001,ACTIVO,2026-01-26,maria.zambrano8543@example.com,3307523473
8544,NATURAL,CC,1284638614,,11001,ACTIVO,2026-01-26,nubia.cantillo8544@example.com,3014961609
8545,NATURAL,CC,1292859416,,11001,ACTIVO,2026-01-26,marlene.vanegas8545@example.com,3015863386
8546,NATURAL,CC,1237677526,,20001,ACTIVO,2026-01-26,angel.bonilla8546@example.com,3827202644
8547,NATURAL,CC,1081075801,,05088,ACTIVO,2026-01-26,,3632582012
8548,NATURAL,CC,1038697247,,85001,ACTIVO,2026-01-26,nelcy.zapata8548@example.com,3668888031
8549,NATURAL,CC,1024658001,,05001,ACTIVO,2026-01-26,carlos.sierra8549@example.com,3542230638
8550,NATURAL,CC,1046486294,,41001,ACTIVO,2026-01-26,roberto.moreno8550@example.com,3100580934
8551,NATURAL,CC,1006791508,,05360,ACTIVO,2026-01-26,david.villamizar8551@example.com,3499048182
8552,NATURAL,CC,1100131679,,66001,ACTIVO,2026-01-26,alexander.garcia8552@example.com,3237852694
8553,NATURAL,CC,1132630819,,11001,ACTIVO,2026-01-26,dolly.caballero8553@example.com,3507470313
8554,NATURAL,CC,1102305748,,13001,ACTIVO,2026-01-26,,3663278844
8555,NATURAL,CC,1108408709,,05001,ACTIVO,2026-01-26,,3963130187
8556,NATURAL,CC,1017159986,,70001,ACTIVO,2026-01-27,alexander.ortega8556@example.com,3635951880
8557,NATURAL,CC,1058308046,,11001,ACTIVO,2026-01-27,andres.saavedra8557@example.com,3159756989
8558,JURIDICA,NIT,964437148,5,13001,ACTIVO,2026-01-27,contacto8558@example.com,3710533551
8559,JURIDICA,NIT,984576979,7,73001,ACTIVO,2026-01-27,contacto8559@example.com,3237465338
8560,NATURAL,CC,1236230497,,11001,ACTIVO,2026-01-27,erika.osorio8560@example.com,3808732919
8561,NATURAL,CC,1009091996,,11001,ACTIVO,2026-01-27,luz.miranda8561@example.com,3035293903
8562,JURIDICA,NIT,962163770,2,70001,ACTIVO,2026-01-27,contacto8562@example.com,3245913530
8563,NATURAL,CC,1095078209,,17001,ACTIVO,2026-01-27,magaly.garcia8563@example.com,3448085515
8564,NATURAL,CC,1164321459,,17873,ACTIVO,2026-01-27,teresa.duarte8564@example.com,3787449795
8565,NATURAL,CC,1169482551,,41001,ACTIVO,2026-01-28,jose.rico8565@example.com,3895036821
8566,JURIDICA,NIT,971331486,9,05088,ACTIVO,2026-01-28,contacto8566@example.com,3734063064
8567,NATURAL,CC,1088348732,,11001,ACTIVO,2026-01-28,,3884482020
8568,NATURAL,CC,1229256323,,11001,ACTIVO,2026-01-28,dayana.rodriguez8568@example.com,3372109975
8569,NATURAL,CC,1218280583,,11001,ACTIVO,2026-01-28,enrique.montoya8569@example.com,3603947007
8570,JURIDICA,NIT,989168829,9,05001,ACTIVO,2026-01-28,contacto8570@example.com,3663597808
8571,NATURAL,CC,1084013842,,08001,ACTIVO,2026-01-29,marcela.guerrero8571@example.com,3206594835
8572,NATURAL,CC,1209989936,,73001,ACTIVO,2026-01-29,,3536853502
8573,NATURAL,CC,1228048775,,08001,ACTIVO,2026-01-29,orlando.vera8573@example.com,3042089805
8574,JURIDICA,NIT,965735340,5,18001,ACTIVO,2026-01-29,contacto8574@example.com,3871697636
8575,NATURAL,CC,1267839038,,05266,ACTIVO,2026-01-29,angela.perea8575@example.com,3582188259
8576,NATURAL,CC,1143188744,,23001,ACTIVO,2026-01-29,mario.fajardo8576@example.com,3722215975
8577,NATURAL,CC,1020134698,,11001,ACTIVO,2026-01-30,rafael.mosquera8577@example.com,3429582437
8578,NATURAL,CC,1298656072,,05001,ACTIVO,2026-01-30,diego.maldonado8578@example.com,3028103626
8579,NATURAL,CC,1194169074,,11001,ACTIVO,2026-01-30,diana.angulo8579@example.com,3423354543
8580,NATURAL,CC,1273884291,,11001,ACTIVO,2026-01-30,flor.cardenas8580@example.com,3205016793
8581,NATURAL,CC,1030836869,,54001,ACTIVO,2026-01-30,sebastian.bernal8581@example.com,3542351946
8582,NATURAL,CC,1128972718,,54001,ACTIVO,2026-01-31,maria.ramirez8582@example.com,3641324727
8583,NATURAL,CC,1063540992,,05001,ACTIVO,2026-01-31,martha.nieto8583@example.com,3154805348
8584,NATURAL,CC,1114543531,,76001,ACTIVO,2026-01-31,alexander.alvarez8584@example.com,3585412281
8585,JURIDICA,NIT,963032174,4,85001,ACTIVO,2026-01-31,contacto8585@example.com,3181021496
8586,NATURAL,CE,372575,,11001,ACTIVO,2026-01-31,jesus.moreno8586@example.com,3873062709
8587,NATURAL,CC,1051147694,,68001,ACTIVO,2026-01-31,elizabeth.murcia8587@example.com,3263911578
8588,NATURAL,CC,1110205463,,73001,ACTIVO,2026-02-02,fabio.bermudez8588@example.com,3303996922
8589,JURIDICA,NIT,987986228,4,11001,ACTIVO,2026-02-02,contacto8589@example.com,3853330475
8590,JURIDICA,NIT,985410538,3,11001,ACTIVO,2026-02-02,contacto8590@example.com,3360057057
8591,NATURAL,CC,1232966856,,17001,ACTIVO,2026-02-02,eduardo.caicedo8591@example.com,3438098718
8592,JURIDICA,NIT,965013302,7,76834,ACTIVO,2026-02-02,contacto8592@example.com,3490359725
8593,NATURAL,CC,1282398002,,11001,ACTIVO,2026-02-02,,3752689890
8594,NATURAL,CC,1018916656,,13001,ACTIVO,2026-02-02,esteban.figueroa8594@example.com,3511408192
8595,NATURAL,CC,1175413528,,91001,ACTIVO,2026-02-02,nury.bonilla8595@example.com,3982284699
8596,NATURAL,CC,1085089702,,76834,ACTIVO,2026-02-02,fernando.rios8596@example.com,3916743534
8597,NATURAL,CE,492070,,76001,ACTIVO,2026-02-02,marcela.vargas8597@example.com,3592741140
8598,NATURAL,CC,1046840847,,50001,ACTIVO,2026-02-02,,3791831548
8599,NATURAL,CC,1134839792,,52001,ACTIVO,2026-02-02,alfonso.romero8599@example.com,3978782393
8600,JURIDICA,NIT,962579631,3,63001,ACTIVO,2026-02-02,contacto8600@example.com,3040522310
8601,NATURAL,CC,1003684106,,70001,ACTIVO,2026-02-02,,3039112895
8602,JURIDICA,NIT,988569613,2,15001,ACTIVO,2026-02-02,contacto8602@example.com,3354958739
8603,NATURAL,CE,506516,,73001,ACTIVO,2026-02-02,alberto.jaramillo8603@example.com,3303101658
8604,NATURAL,CC,1209650098,,95001,ACTIVO,2026-02-02,johana.galindo8604@example.com,3846891105
8605,NATURAL,CC,1232136772,,23001,ACTIVO,2026-02-03,stella.vargas8605@example.com,3822980442
8606,NATURAL,CC,1182707076,,11001,ACTIVO,2026-02-03,leidy.mosquera8606@example.com,3494233551
8607,NATURAL,CC,1260777319,,11001,ACTIVO,2026-02-03,adrian.garcia8607@example.com,3247512397
8608,NATURAL,CC,1107503189,,11001,ACTIVO,2026-02-03,javier.pinto8608@example.com,3515066723
8609,NATURAL,CC,1076723148,,11001,ACTIVO,2026-02-03,roberto.rodriguez8609@example.com,3155500245
8610,NATURAL,CC,1124422292,,50001,ACTIVO,2026-02-04,paula.gonzalez8610@example.com,3942166064
8611,NATURAL,CC,1023278012,,11001,ACTIVO,2026-02-04,luis.ruiz8611@example.com,3187074684
8612,NATURAL,CC,1105005551,,88001,ACTIVO,2026-02-04,olga.marin8612@example.com,3515814623
8613,NATURAL,CC,1201987336,,05088,ACTIVO,2026-02-04,augusto.moreno8613@example.com,3909574741
8614,NATURAL,CC,1095781969,,76001,ACTIVO,2026-02-04,aura.ortiz8614@example.com,3644633573
8615,NATURAL,CC,1210880157,,11001,ACTIVO,2026-02-04,mercedes.ceron8615@example.com,3985162924
8616,NATURAL,CC,1234591905,,17001,ACTIVO,2026-02-05,nelsy.bejarano8616@example.com,3422330963
8617,NATURAL,CC,1069579625,,11001,ACTIVO,2026-02-05,martha.rodriguez8617@example.com,3660218565
8618,NATURAL,CC,1295216931,,05001,ACTIVO,2026-02-05,maria.ochoa8618@example.com,3127440542
8619,NATURAL,CC,1250273176,,76001,ACTIVO,2026-02-06,,3286010156
8620,NATURAL,CC,1240169101,,70001,ACTIVO,2026-02-06,karen.patino8620@example.com,3436831852
8621,JURIDICA,NIT,965565445,1,08758,ACTIVO,2026-02-06,contacto8621@example.com,3074566406
8622,NATURAL,CC,1153531399,,73001,ACTIVO,2026-02-06,fabiola.caro8622@example.com,3870196786
8623,NATURAL,CC,1221753334,,11001,ACTIVO,2026-02-07,jesus.restrepo8623@example.com,3186560837
8624,NATURAL,CC,1257306374,,11001,ACTIVO,2026-02-07,alberto.montes8624@example.com,3024703078
8625,NATURAL,CC,1182890404,,47001,ACTIVO,2026-02-07,,3673425632
8626,NATURAL,CC,1247813072,,76001,ACTIVO,2026-02-07,angel.gutierrez8626@example.com,3313076362
8627,NATURAL,CC,1163019493,,70001,ACTIVO,2026-02-07,luz.diaz8627@example.com,3537934508
8628,NATURAL,CC,1136228446,,11001,ACTIVO,2026-02-07,alexis.mantilla8628@example.com,3062031584
8629,NATURAL,CC,1104446854,,50001,ACTIVO,2026-02-07,lina.campo8629@example.com,3005980947
8630,NATURAL,CC,1272606732,,17001,ACTIVO,2026-02-09,javier.duque8630@example.com,3515310737
8631,NATURAL,CC,1209997768,,76001,ACTIVO,2026-02-09,sebastian.garcia8631@example.com,3063869106
8632,NATURAL,CC,1179740290,,11001,ACTIVO,2026-02-09,jose.meneses8632@example.com,3647227205
8633,NATURAL,CC,1254925423,,76520,ACTIVO,2026-02-09,farid.becerra8633@example.com,3414660409
8634,NATURAL,CC,1117787349,,08001,ACTIVO,2026-02-09,eduardo.lopez8634@example.com,3098785718
8635,NATURAL,CC,1145699287,,05088,ACTIVO,2026-02-09,wilder.torres8635@example.com,3891381113
8636,NATURAL,CC,1114031350,,11001,ACTIVO,2026-02-09,lucia.granados8636@example.com,3398071810
8637,NATURAL,CC,1275600043,,68001,ACTIVO,2026-02-09,manuel.correa8637@example.com,3046525881
8638,JURIDICA,NIT,967313208,7,47001,ACTIVO,2026-02-09,contacto8638@example.com,3826864575
8639,NATURAL,CC,1156298684,,25126,ACTIVO,2026-02-09,marco.carrillo8639@example.com,3038248694
8640,JURIDICA,NIT,963768981,0,76001,ACTIVO,2026-02-09,contacto8640@example.com,3493334181
8641,JURIDICA,NIT,971578645,4,66001,ACTIVO,2026-02-09,contacto8641@example.com,3502704889
8642,NATURAL,CC,1255808366,,66001,ACTIVO,2026-02-09,alexander.velasco8642@example.com,3901793197
8643,NATURAL,CC,1240355241,,05088,ACTIVO,2026-02-09,esperanza.garcia8643@example.com,3256389666
8644,NATURAL,CC,1251895749,,05001,ACTIVO,2026-02-10,andrea.molano8644@example.com,3086382178
8645,NATURAL,CC,1088585458,,05001,ACTIVO,2026-02-10,,3755479533
8646,NATURAL,CC,1221414452,,08758,ACTIVO,2026-02-10,fabio.martinez8646@example.com,3785559940
8647,JURIDICA,NIT,965396990,7,11001,ACTIVO,2026-02-10,contacto8647@example.com,3107391158
8648,NATURAL,CC,1004606953,,52001,ACTIVO,2026-02-11,john.correa8648@example.com,3162266522
8649,NATURAL,CC,1105235639,,73001,ACTIVO,2026-02-11,ivan.vargas8649@example.com,3555582348
8650,JURIDICA,NIT,971171828,7,11001,ACTIVO,2026-02-11,contacto8650@example.com,3970472135
8651,NATURAL,PPT,8426034,,86001,ACTIVO,2026-02-11,luis.garcia8651@example.com,3585143122
8652,NATURAL,CC,1014962739,,05001,ACTIVO,2026-02-11,diana.sanabria8652@example.com,3943422359
8653,NATURAL,CC,1232999731,,15001,ACTIVO,2026-02-12,paola.rojas8653@example.com,3273785774
8654,NATURAL,CC,1244624531,,11001,ACTIVO,2026-02-12,jimena.amaya8654@example.com,3026614134
8655,NATURAL,CC,1199951327,,05001,ACTIVO,2026-02-12,nancy.avila8655@example.com,3750385205
8656,NATURAL,CC,1004610392,,11001,ACTIVO,2026-02-12,cesar.gallego8656@example.com,3284212042
8657,NATURAL,CC,1118367399,,47001,ACTIVO,2026-02-12,edgar.mendoza8657@example.com,3307397929
8658,NATURAL,CC,1120191981,,17001,ACTIVO,2026-02-12,,3857453560
8659,NATURAL,PPT,5204899,,05001,ACTIVO,2026-02-12,teresa.bohorquez8659@example.com,3855982869
8660,JURIDICA,NIT,984680132,0,23001,ACTIVO,2026-02-12,contacto8660@example.com,3575044760
8661,NATURAL,CC,1027286421,,11001,ACTIVO,2026-02-12,elena.gonzalez8661@example.com,3679910255
8662,NATURAL,CC,1133549821,,05088,ACTIVO,2026-02-12,blanca.garcia8662@example.com,3371009638
8663,NATURAL,CC,1167417600,,08001,ACTIVO,2026-02-12,julio.rengifo8663@example.com,3108085071
8664,NATURAL,CE,227452,,52001,ACTIVO,2026-02-13,carlos.gomez8664@example.com,3246889447
8665,NATURAL,CC,1282633962,,70001,ACTIVO,2026-02-13,maria.buitrago8665@example.com,3927884004
8666,NATURAL,CC,1134159109,,11001,ACTIVO,2026-02-13,mary.forero8666@example.com,3558870012
8667,JURIDICA,NIT,985022770,1,41001,ACTIVO,2026-02-13,contacto8667@example.com,3861510072
8668,NATURAL,CC,1107925122,,11001,ACTIVO,2026-02-13,javier.mercado8668@example.com,3616037612
8669,NATURAL,CC,1119382532,,08001,ACTIVO,2026-02-13,,3381972999
8670,NATURAL,CC,1107181836,,76001,ACTIVO,2026-02-13,viviana.rios8670@example.com,3176630805
8671,NATURAL,CC,1230140009,,68001,ACTIVO,2026-02-13,katherine.erazo8671@example.com,3329810005
8672,NATURAL,CC,1013543977,,76001,ACTIVO,2026-02-13,marina.herrera8672@example.com,3608536257
8673,NATURAL,CC,1195210571,,11001,ACTIVO,2026-02-14,ximena.torres8673@example.com,3407605363
8674,NATURAL,CE,103378,,54001,ACTIVO,2026-02-14,,3331861234
8675,NATURAL,CC,1006418947,,11001,ACTIVO,2026-02-14,danilo.rincon8675@example.com,3880843069
8676,NATURAL,CC,1264566405,,11001,ACTIVO,2026-02-14,antonio.jimenez8676@example.com,3367095413
8677,NATURAL,CC,1236124089,,11001,ACTIVO,2026-02-14,jorge.rodriguez8677@example.com,3435958209
8678,NATURAL,CC,1172440618,,66170,ACTIVO,2026-02-14,luis.lopez8678@example.com,3135656728
8679,NATURAL,CC,1265844930,,11001,ACTIVO,2026-02-14,marina.ocampo8679@example.com,3965698729
8680,NATURAL,CC,1101361582,,76001,ACTIVO,2026-02-16,martha.andrade8680@example.com,3231012843
8681,NATURAL,CC,1107726916,,63001,ACTIVO,2026-02-16,jose.castro8681@example.com,3468468797
8682,NATURAL,CC,1139231394,,76001,ACTIVO,2026-02-16,ricardo.estrada8682@example.com,3662039321
8683,NATURAL,CC,1297776684,,13001,ACTIVO,2026-02-16,fredy.rios8683@example.com,3878674187
8684,NATURAL,CC,1147504763,,05360,ACTIVO,2026-02-16,john.gomez8684@example.com,3185073944
8685,NATURAL,CC,1226995481,,76001,ACTIVO,2026-02-16,alejandro.lopez8685@example.com,3139059057
8686,NATURAL,CC,1228904286,,76834,ACTIVO,2026-02-16,marcela.cordoba8686@example.com,3359391994
8687,JURIDICA,NIT,981988529,3,11001,ACTIVO,2026-02-16,contacto8687@example.com,3595570916
8688,NATURAL,CC,1197950339,,41001,ACTIVO,2026-02-16,marina.moreno8688@example.com,3282649506
8689,JURIDICA,NIT,971551686,9,54001,ACTIVO,2026-02-16,contacto8689@example.com,3095018684
8690,NATURAL,CC,1096158397,,44001,ACTIVO,2026-02-16,lucero.loaiza8690@example.com,3226827528
8691,NATURAL,CC,1116138321,,11001,ACTIVO,2026-02-16,tatiana.rodriguez8691@example.com,3590890113
8692,NATURAL,CC,1280722537,,11001,ACTIVO,2026-02-16,jean.pena8692@example.com,3258904977
8693,NATURAL,CC,1195520078,,11001,ACTIVO,2026-02-16,miguel.soto8693@example.com,3685353543
8694,NATURAL,CC,1072714564,,05001,ACTIVO,2026-02-16,amparo.mendoza8694@example.com,3934755551
8695,NATURAL,CC,1119023173,,68001,ACTIVO,2026-02-17,yohana.barragan8695@example.com,3516706867
8696,NATURAL,CC,1120770072,,08001,ACTIVO,2026-02-17,maria.morales8696@example.com,3580416904
8697,NATURAL,CC,1073966989,,11001,ACTIVO,2026-02-17,elena.romero8697@example.com,3425014715
8698,NATURAL,CC,1027299707,,11001,ACTIVO,2026-02-17,jair.rodriguez8698@example.com,3375159992
8699,NATURAL,CC,1057145452,,11001,ACTIVO,2026-02-18,maria.hernandez8699@example.com,3132883166
8700,JURIDICA,NIT,977918571,1,11001,ACTIVO,2026-02-18,contacto8700@example.com,3454348035
8701,NATURAL,CC,1088975034,,68001,ACTIVO,2026-02-18,marcela.garcia8701@example.com,3253402064
8702,NATURAL,CC,1204958863,,41001,ACTIVO,2026-02-18,,3759370340
8703,NATURAL,CC,1062018509,,13430,ACTIVO,2026-02-18,andrea.bautista8703@example.com,3168284600
8704,JURIDICA,NIT,973066194,4,97001,ACTIVO,2026-02-18,contacto8704@example.com,3253198670
8705,JURIDICA,NIT,978769368,4,76001,ACTIVO,2026-02-19,contacto8705@example.com,3617296428
8706,NATURAL,CC,1128303264,,05001,ACTIVO,2026-02-19,jose.montoya8706@example.com,3908711077
8707,NATURAL,CE,452931,,08758,ACTIVO,2026-02-19,eider.quintero8707@example.com,3009302758
8708,JURIDICA,NIT,960510321,0,11001,ACTIVO,2026-02-19,contacto8708@example.com,3478236613
8709,NATURAL,CC,1160081036,,05001,ACTIVO,2026-02-19,arbey.duran8709@example.com,3254340994
8710,NATURAL,CC,1286193580,,17001,ACTIVO,2026-02-19,jeison.herrera8710@example.com,3270869155
8711,NATURAL,CC,1253312470,,11001,ACTIVO,2026-02-19,alexandra.ruiz8711@example.com,3246713316
8712,NATURAL,CC,1017201324,,76001,ACTIVO,2026-02-19,andres.barbosa8712@example.com,3694556526
8713,NATURAL,CC,1148413918,,08001,ACTIVO,2026-02-19,maria.rodriguez8713@example.com,3755130759
8714,NATURAL,CC,1066258700,,05001,ACTIVO,2026-02-19,carlos.ramirez8714@example.com,3750200977
8715,NATURAL,CC,1038922834,,11001,ACTIVO,2026-02-20,jose.hernandez8715@example.com,3405085280
8716,NATURAL,CC,1125680568,,11001,ACTIVO,2026-02-20,marco.arevalo8716@example.com,3995872243
8717,NATURAL,CC,1230115879,,05001,ACTIVO,2026-02-20,yulieth.jaimes8717@example.com,3351842349
8718,NATURAL,CC,1202407390,,11001,ACTIVO,2026-02-20,carolina.gonzalez8718@example.com,3023512429
8719,NATURAL,CC,1210338879,,68001,ACTIVO,2026-02-20,guillermo.bautista8719@example.com,3067845693
8720,NATURAL,CC,1166656384,,11001,ACTIVO,2026-02-21,felipe.salas8720@example.com,3347952483
8721,NATURAL,CC,1277410373,,50001,ACTIVO,2026-02-21,rosalba.mejia8721@example.com,3411974760
8722,NATURAL,CC,1088067009,,20001,ACTIVO,2026-02-21,alberto.rodriguez8722@example.com,3920910766
8723,JURIDICA,NIT,975158844,6,13001,ACTIVO,2026-02-21,contacto8723@example.com,3062756982
8724,NATURAL,CC,1247203536,,11001,ACTIVO,2026-02-21,yesenia.corredor8724@example.com,3003194757
8725,NATURAL,CC,1044628939,,76001,ACTIVO,2026-02-21,rosa.caicedo8725@example.com,3166438649
8726,NATURAL,CE,741747,,11001,ACTIVO,2026-02-21,gustavo.torres8726@example.com,3753351959
8727,NATURAL,CC,1092502522,,20001,ACTIVO,2026-02-21,harold.monroy8727@example.com,3775667333
8728,NATURAL,CC,1080894414,,13001,ACTIVO,2026-02-23,bryan.sanchez8728@example.com,3285831578
8729,NATURAL,CC,1015651317,,41001,ACTIVO,2026-02-23,milena.alvarez8729@example.com,3371339324
8730,NATURAL,CC,1180818477,,20001,ACTIVO,2026-02-23,gregorio.guerra8730@example.com,3523943289
8731,NATURAL,CC,1063893909,,11001,ACTIVO,2026-02-23,oscar.pulido8731@example.com,3308076726
8732,NATURAL,CC,1266931414,,47001,ACTIVO,2026-02-23,rosa.acosta8732@example.com,3900061358
8733,NATURAL,CC,1197556171,,05001,ACTIVO,2026-02-23,lizeth.reyes8733@example.com,3171834277
8734,NATURAL,CC,1228556670,,11001,ACTIVO,2026-02-23,jose.rios8734@example.com,3990410449
8735,NATURAL,CC,1157428861,,11001,ACTIVO,2026-02-23,juan.ayala8735@example.com,3997714033
8736,NATURAL,CC,1151311806,,13001,ACTIVO,2026-02-23,ruben.rojas8736@example.com,3794349993
8737,NATURAL,CC,1288301150,,05360,ACTIVO,2026-02-23,william.londono8737@example.com,3747677246
8738,NATURAL,CC,1136212368,,11001,ACTIVO,2026-02-23,alexis.silva8738@example.com,3848488336
8739,NATURAL,CC,1111784384,,11001,ACTIVO,2026-02-23,,3352565953
8740,NATURAL,CC,1248211388,,11001,ACTIVO,2026-02-23,jose.cruz8740@example.com,3342378649
8741,NATURAL,CC,1104138472,,11001,ACTIVO,2026-02-23,patricia.rivera8741@example.com,3348658226
8742,NATURAL,CC,1077819270,,15238,ACTIVO,2026-02-23,javier.martinez8742@example.com,3767109208
8743,NATURAL,CC,1101418153,,05001,ACTIVO,2026-02-23,jhonatan.parra8743@example.com,3934994321
8744,NATURAL,CC,1062439305,,11001,ACTIVO,2026-02-23,javier.torres8744@example.com,3486594368
8745,NATURAL,CC,1272913834,,76001,ACTIVO,2026-02-23,erika.hernandez8745@example.com,3077895584
8746,NATURAL,CC,1021289188,,76001,ACTIVO,2026-02-24,carlos.luna8746@example.com,3646403102
8747,NATURAL,CC,1210526730,,11001,ACTIVO,2026-02-24,eder.ruiz8747@example.com,3155417891
8748,NATURAL,CC,1234259480,,19001,ACTIVO,2026-02-24,luis.caicedo8748@example.com,3800719228
8749,JURIDICA,NIT,986230072,4,11001,ACTIVO,2026-02-24,contacto8749@example.com,3848468004
8750,NATURAL,CC,1117891323,,52001,ACTIVO,2026-02-24,,3898229175
8751,JURIDICA,NIT,965087348,2,76834,ACTIVO,2026-02-25,contacto8751@example.com,3828538076
8752,NATURAL,CC,1031192168,,11001,ACTIVO,2026-02-25,elena.florez8752@example.com,3701337922
8753,NATURAL,CC,1079656316,,15001,ACTIVO,2026-02-25,monica.ceballos8753@example.com,3816951376
8754,NATURAL,CC,1076521319,,08001,ACTIVO,2026-02-25,claudia.mendoza8754@example.com,3127507370
8755,JURIDICA,NIT,988120072,1,13001,ACTIVO,2026-02-25,contacto8755@example.com,3242204388
8756,NATURAL,CC,1191068514,,70001,ACTIVO,2026-02-25,leidy.rojas8756@example.com,3229492940
8757,NATURAL,CC,1107138772,,76001,ACTIVO,2026-02-25,,3555173425
8758,NATURAL,CC,1150962170,,76001,ACTIVO,2026-02-25,andrea.gutierrez8758@example.com,3104631051
8759,JURIDICA,NIT,971578104,1,08001,ACTIVO,2026-02-26,contacto8759@example.com,3298248538
8760,NATURAL,CC,1027517621,,11001,ACTIVO,2026-02-26,david.zuluaga8760@example.com,3264500877
8761,NATURAL,CC,1124807938,,08001,ACTIVO,2026-02-26,rosalba.mendoza8761@example.com,3378715128
8762,NATURAL,CC,1277109471,,11001,ACTIVO,2026-02-27,jackeline.mendez8762@example.com,3530580094
8763,NATURAL,CC,1001710174,,11001,ACTIVO,2026-02-27,,3502415164
8764,NATURAL,PPT,9602868,,05001,ACTIVO,2026-02-27,paola.vera8764@example.com,3660524250
8765,NATURAL,CC,1229292385,,11001,ACTIVO,2026-02-27,alejandra.castaneda8765@example.com,3501891117
8766,NATURAL,CC,1057905525,,11001,ACTIVO,2026-02-27,elena.alarcon8766@example.com,3724663587
8767,NATURAL,CC,1129622289,,11001,ACTIVO,2026-02-27,daniel.gutierrez8767@example.com,3924744602
8768,NATURAL,CE,909229,,11001,ACTIVO,2026-02-27,maria.gallego8768@example.com,3477739903
8769,NATURAL,CC,1167950325,,23001,ACTIVO,2026-02-28,andrea.morales8769@example.com,3115655094
8770,NATURAL,PPT,6861563,,13001,ACTIVO,2026-02-28,miguel.gonzalez8770@example.com,3628680703
8771,JURIDICA,NIT,980547089,9,11001,ACTIVO,2026-02-28,contacto8771@example.com,3015761060
8772,NATURAL,CC,1144142485,,05001,ACTIVO,2026-03-02,emilse.ruiz8772@example.com,3136504204
8773,NATURAL,CC,1021183780,,11001,ACTIVO,2026-03-02,yohana.rico8773@example.com,3280703315
8774,NATURAL,CC,1204050143,,47001,ACTIVO,2026-03-02,leonor.molina8774@example.com,3986197294
8775,NATURAL,CC,1178920522,,47001,ACTIVO,2026-03-02,francisco.cruz8775@example.com,3400752010
8776,NATURAL,CC,1200959947,,05088,ACTIVO,2026-03-02,blanca.rojas8776@example.com,3576291109
8777,NATURAL,CC,1058470348,,11001,ACTIVO,2026-03-02,maria.caicedo8777@example.com,3109132864
8778,NATURAL,CC,1261472666,,68001,ACTIVO,2026-03-02,daniel.diaz8778@example.com,3570922854
8779,NATURAL,CC,1157853199,,76001,ACTIVO,2026-03-03,frank.pena8779@example.com,3611104844
8780,JURIDICA,NIT,983207245,4,76001,ACTIVO,2026-03-04,contacto8780@example.com,3207985280
8781,JURIDICA,NIT,971660571,8,11001,ACTIVO,2026-03-04,contacto8781@example.com,3934370886
8782,NATURAL,CC,1155856455,,41001,ACTIVO,2026-03-04,carlos.rodriguez8782@example.com,3944483023
8783,NATURAL,CC,1266137829,,11001,ACTIVO,2026-03-05,esther.cardona8783@example.com,3692587435
8784,NATURAL,CC,1109057742,,13001,ACTIVO,2026-03-05,yaneth.renteria8784@example.com,3692350984
8785,NATURAL,CC,1100734501,,13430,ACTIVO,2026-03-05,viviana.martinez8785@example.com,3300976214
8786,NATURAL,CC,1016154640,,05266,ACTIVO,2026-03-05,adriana.zuluaga8786@example.com,3025300645
8787,NATURAL,CC,1247603449,,11001,ACTIVO,2026-03-06,paola.camargo8787@example.com,3814438085
8788,NATURAL,CC,1099594552,,11001,ACTIVO,2026-03-06,gloria.paez8788@example.com,3609470337
8789,NATURAL,CC,1148553437,,85001,ACTIVO,2026-03-06,augusto.pulido8789@example.com,3491028551
8790,JURIDICA,NIT,980956474,6,76001,ACTIVO,2026-03-06,contacto8790@example.com,3061790519
8791,NATURAL,CC,1035271664,,54001,ACTIVO,2026-03-06,maria.mora8791@example.com,3333169944
8792,NATURAL,CC,1282005504,,66170,ACTIVO,2026-03-06,mauricio.garces8792@example.com,3514002275
8793,NATURAL,CC,1177935619,,76001,ACTIVO,2026-03-07,edisson.ocampo8793@example.com,3777349474
8794,JURIDICA,NIT,964205193,1,76520,ACTIVO,2026-03-07,contacto8794@example.com,3585008787
8795,NATURAL,CC,1194049804,,05088,ACTIVO,2026-03-07,ana.torres8795@example.com,3048308495
8796,NATURAL,CC,1022690411,,08758,ACTIVO,2026-03-09,marta.mora8796@example.com,3759761814
8797,NATURAL,CC,1183643863,,76001,ACTIVO,2026-03-09,david.duran8797@example.com,3614967429
8798,NATURAL,CC,1002053693,,11001,ACTIVO,2026-03-09,,3689339681
8799,NATURAL,CC,1222220600,,11001,ACTIVO,2026-03-09,juan.alzate8799@example.com,3730547597
8800,JURIDICA,NIT,969369355,1,08001,ACTIVO,2026-03-09,contacto8800@example.com,3282415795
8801,JURIDICA,NIT,960818231,1,05001,ACTIVO,2026-03-09,contacto8801@example.com,3912864051
8802,NATURAL,CC,1068043120,,11001,ACTIVO,2026-03-09,liliana.sarmiento8802@example.com,3212485025
8803,NATURAL,CC,1220484292,,52001,ACTIVO,2026-03-09,erika.perea8803@example.com,3770021569
8804,NATURAL,CC,1297600384,,25175,ACTIVO,2026-03-09,liliana.moreno8804@example.com,3206762282
8805,NATURAL,CC,1015944817,,76520,ACTIVO,2026-03-09,,3749383934
8806,NATURAL,CC,1007479873,,17174,ACTIVO,2026-03-09,paola.reyes8806@example.com,3354337057
8807,JURIDICA,NIT,989403345,4,15759,ACTIVO,2026-03-09,contacto8807@example.com,3806551121
8808,NATURAL,CC,1020477466,,11001,ACTIVO,2026-03-09,alicia.pineda8808@example.com,3564193663
8809,NATURAL,CC,1046339722,,54001,ACTIVO,2026-03-09,alba.calderon8809@example.com,3966190114
8810,NATURAL,CC,1067836945,,11001,ACTIVO,2026-03-09,valentina.sierra8810@example.com,3379801125
8811,NATURAL,CC,1221343639,,05088,ACTIVO,2026-03-09,elvira.nino8811@example.com,3440643113
8812,JURIDICA,NIT,969586463,7,76109,ACTIVO,2026-03-10,contacto8812@example.com,3203672046
8813,JURIDICA,NIT,967249876,3,08001,ACTIVO,2026-03-10,contacto8813@example.com,3259695463
8814,NATURAL,CC,1245728767,,66001,ACTIVO,2026-03-10,norma.arenas8814@example.com,3443932661
8815,NATURAL,CC,1154964950,,68001,ACTIVO,2026-03-10,ricardo.hernandez8815@example.com,3533645876
8816,NATURAL,CE,838180,,08001,ACTIVO,2026-03-10,alejandra.hernandez8816@example.com,3831330736
8817,JURIDICA,NIT,985441422,0,47001,ACTIVO,2026-03-10,contacto8817@example.com,3612519973
8818,NATURAL,CC,1037971491,,11001,ACTIVO,2026-03-11,silvia.martinez8818@example.com,3323535750
8819,NATURAL,CC,1096255319,,76001,ACTIVO,2026-03-11,victor.chaparro8819@example.com,3246249339
8820,NATURAL,CC,1222744762,,11001,ACTIVO,2026-03-11,dario.velasquez8820@example.com,3374052310
8821,NATURAL,CC,1031474604,,13001,ACTIVO,2026-03-11,diana.diaz8821@example.com,3380015482
8822,NATURAL,PA,GB1436008,,05001,ACTIVO,2026-03-12,fabiola.reyes8822@example.com,3257640304
8823,NATURAL,CC,1272490816,,47001,ACTIVO,2026-03-12,blanca.rios8823@example.com,3737954462
8824,JURIDICA,NIT,963703292,5,52001,ACTIVO,2026-03-12,contacto8824@example.com,3840498359
8825,JURIDICA,NIT,973273721,3,54001,ACTIVO,2026-03-12,contacto8825@example.com,3501435349
8826,JURIDICA,NIT,970791926,7,05001,ACTIVO,2026-03-12,contacto8826@example.com,3451797868
8827,NATURAL,PPT,4956952,,05001,ACTIVO,2026-03-13,orlando.acevedo8827@example.com,3995790341
8828,NATURAL,CC,1172061441,,66170,ACTIVO,2026-03-13,jhonatan.silva8828@example.com,3879882663
8829,NATURAL,CC,1113987856,,11001,ACTIVO,2026-03-13,stella.delgado8829@example.com,3198478579
8830,NATURAL,CC,1139855636,,76520,ACTIVO,2026-03-13,mariana.montoya8830@example.com,3682722374
8831,NATURAL,CC,1070478459,,11001,ACTIVO,2026-03-13,carmen.vargas8831@example.com,3047279258
8832,NATURAL,CC,1261104757,,05360,ACTIVO,2026-03-13,liseth.rodriguez8832@example.com,3598455377
8833,NATURAL,CC,1195793767,,20001,ACTIVO,2026-03-14,luisa.lozano8833@example.com,3354926699
8834,JURIDICA,NIT,966282533,8,11001,ACTIVO,2026-03-14,contacto8834@example.com,3180351732
8835,NATURAL,CE,871032,,76001,ACTIVO,2026-03-14,fernando.meza8835@example.com,3346851204
8836,JURIDICA,NIT,978867575,2,18001,ACTIVO,2026-03-16,contacto8836@example.com,3405778015
8837,NATURAL,CC,1218183834,,11001,ACTIVO,2026-03-16,flor.burgos8837@example.com,3336230458
8838,JURIDICA,NIT,986346450,4,25126,ACTIVO,2026-03-16,contacto8838@example.com,3567715536
8839,JURIDICA,NIT,974115134,7,05001,ACTIVO,2026-03-16,contacto8839@example.com,3008018585
8840,JURIDICA,NIT,976119882,3,11001,ACTIVO,2026-03-16,contacto8840@example.com,3518699323
8841,NATURAL,CC,1106902159,,11001,ACTIVO,2026-03-16,laura.guevara8841@example.com,3949931101
8842,NATURAL,CC,1052717685,,11001,ACTIVO,2026-03-16,shirley.alvarez8842@example.com,3465902404
8843,NATURAL,CC,1038662375,,11001,ACTIVO,2026-03-16,emilio.quintero8843@example.com,3310198391
8844,JURIDICA,NIT,977297853,5,25175,ACTIVO,2026-03-16,contacto8844@example.com,3150344101
8845,NATURAL,CC,1261559916,,11001,ACTIVO,2026-03-16,wilmer.zapata8845@example.com,3864020029
8846,NATURAL,CC,1141069889,,11001,ACTIVO,2026-03-16,jose.munoz8846@example.com,3245692593
8847,NATURAL,CC,1143934857,,11001,ACTIVO,2026-03-16,carlos.padilla8847@example.com,3778872428
8848,NATURAL,CC,1161044539,,73001,ACTIVO,2026-03-16,javier.orozco8848@example.com,3475686510
8849,NATURAL,CC,1006078599,,68001,ACTIVO,2026-03-16,,3462538520
8850,NATURAL,CC,1135200488,,11001,INACTIVO,2026-03-16,maria.marin8850@example.com,3755695182
8851,NATURAL,CC,1090078709,,11001,ACTIVO,2026-03-16,alexis.agudelo8851@example.com,3594139018
8852,NATURAL,CC,1231942525,,11001,ACTIVO,2026-03-16,manuel.munoz8852@example.com,3169295851
8853,NATURAL,CC,1244692748,,76001,ACTIVO,2026-03-16,edwin.rodriguez8853@example.com,3388020705
8854,NATURAL,CC,1290141696,,70001,ACTIVO,2026-03-16,manuela.zuluaga8854@example.com,3034918389
8855,NATURAL,CC,1117772740,,18001,ACTIVO,2026-03-16,maria.meza8855@example.com,3534309860
8856,NATURAL,CC,1189737252,,23001,ACTIVO,2026-03-16,maria.mesa8856@example.com,3854457743
8857,NATURAL,CC,1172616679,,15238,ACTIVO,2026-03-16,maria.guevara8857@example.com,3693458087
8858,NATURAL,CC,1049197216,,11001,ACTIVO,2026-03-17,johan.montes8858@example.com,3469347465
8859,NATURAL,CC,1079729199,,20001,ACTIVO,2026-03-17,judith.hernandez8859@example.com,3832559108
8860,NATURAL,CC,1225110884,,11001,ACTIVO,2026-03-17,omar.diaz8860@example.com,3629593749
8861,JURIDICA,NIT,985377795,9,11001,ACTIVO,2026-03-17,contacto8861@example.com,3774140009
8862,NATURAL,CC,1084908414,,76001,ACTIVO,2026-03-17,leonel.perez8862@example.com,3361624023
8863,NATURAL,CC,1292213277,,11001,ACTIVO,2026-03-17,fernando.gomez8863@example.com,3618755623
8864,NATURAL,CC,1079022410,,76001,ACTIVO,2026-03-17,fernanda.mercado8864@example.com,3598059893
8865,JURIDICA,NIT,981082155,3,11001,ACTIVO,2026-03-18,contacto8865@example.com,3575505388
8866,NATURAL,CC,1168389144,,68001,ACTIVO,2026-03-18,enrique.toro8866@example.com,3367254626
8867,NATURAL,CC,1178942232,,11001,ACTIVO,2026-03-18,arturo.nino8867@example.com,3337498711
8868,NATURAL,CC,1218939109,,13001,ACTIVO,2026-03-19,carmen.quintero8868@example.com,3670679101
8869,JURIDICA,NIT,967607786,5,05088,ACTIVO,2026-03-19,contacto8869@example.com,3699748834
8870,JURIDICA,NIT,970022714,4,11001,ACTIVO,2026-03-19,contacto8870@example.com,3178225139
8871,NATURAL,CC,1118598817,,76001,ACTIVO,2026-03-19,xiomara.hernandez8871@example.com,3218681771
8872,NATURAL,CC,1177258958,,05088,ACTIVO,2026-03-19,laura.gomez8872@example.com,3438026228
8873,JURIDICA,NIT,970647456,1,11001,ACTIVO,2026-03-19,contacto8873@example.com,3822511887
8874,NATURAL,CC,1093680014,,76109,ACTIVO,2026-03-20,francisco.leon8874@example.com,3320833759
8875,NATURAL,CC,1210514652,,25269,ACTIVO,2026-03-20,lilia.becerra8875@example.com,3591351484
8876,NATURAL,CC,1123144786,,08001,ACTIVO,2026-03-20,mateo.lozano8876@example.com,3729031726
8877,NATURAL,CC,1207254017,,54001,ACTIVO,2026-03-20,rocio.leon8877@example.com,3208806617
8878,NATURAL,CC,1210854131,,05001,ACTIVO,2026-03-20,juan.lopez8878@example.com,3125208963
8879,JURIDICA,NIT,984854053,5,50001,ACTIVO,2026-03-20,contacto8879@example.com,3992381002
8880,NATURAL,CC,1019628192,,11001,ACTIVO,2026-03-20,yaneth.herrera8880@example.com,3400845993
8881,NATURAL,CC,1105008293,,05088,ACTIVO,2026-03-21,andrea.valencia8881@example.com,3126007367
8882,NATURAL,CC,1224148479,,11001,ACTIVO,2026-03-21,miriam.navarro8882@example.com,3861955273
8883,NATURAL,CC,1098784061,,13001,ACTIVO,2026-03-21,aura.camargo8883@example.com,3889776407
8884,NATURAL,CC,1187263485,,08758,ACTIVO,2026-03-21,elvia.parra8884@example.com,3971956550
8885,NATURAL,CC,1214573140,,76109,ACTIVO,2026-03-21,luis.triana8885@example.com,3004810009
8886,NATURAL,CC,1169553152,,47001,ACTIVO,2026-03-21,alejandra.vega8886@example.com,3822768124
8887,NATURAL,CC,1155325861,,11001,ACTIVO,2026-03-21,karen.sanchez8887@example.com,3534761079
8888,NATURAL,CC,1062208698,,25269,ACTIVO,2026-03-21,juliana.diaz8888@example.com,3053568952
8889,NATURAL,CC,1122240903,,50001,ACTIVO,2026-03-21,,3306205978
8890,NATURAL,CC,1245126929,,76001,ACTIVO,2026-03-23,elizabeth.monsalve8890@example.com,3272566425
8891,NATURAL,CC,1264632801,,11001,ACTIVO,2026-03-23,fernando.jaimes8891@example.com,3372718488
8892,NATURAL,CC,1074523101,,11001,ACTIVO,2026-03-23,leonardo.orozco8892@example.com,3378371226
8893,NATURAL,CC,1282767711,,13001,ACTIVO,2026-03-23,tomas.vargas8893@example.com,3406180197
8894,NATURAL,CC,1271388899,,20001,ACTIVO,2026-03-23,miryam.padilla8894@example.com,3596148639
8895,NATURAL,CC,1030384972,,05001,ACTIVO,2026-03-23,rosa.delgado8895@example.com,3512209048
8896,NATURAL,CC,1200995533,,13430,ACTIVO,2026-03-23,johan.londono8896@example.com,3523184480
8897,NATURAL,CC,1191154728,,11001,ACTIVO,2026-03-23,andres.rodriguez8897@example.com,3453789535
8898,NATURAL,CC,1170519579,,05266,ACTIVO,2026-03-23,juan.diaz8898@example.com,3781193500
8899,JURIDICA,NIT,964157829,0,25269,ACTIVO,2026-03-23,contacto8899@example.com,3156992611
8900,NATURAL,CC,1175139207,,05001,ACTIVO,2026-03-23,ricardo.martinez8900@example.com,3420103364
8901,JURIDICA,NIT,987451618,7,11001,ACTIVO,2026-03-23,contacto8901@example.com,3339219568
8902,JURIDICA,NIT,964093226,3,11001,ACTIVO,2026-03-23,contacto8902@example.com,3504494964
8903,NATURAL,CC,1153995063,,11001,ACTIVO,2026-03-23,edinson.ortiz8903@example.com,3006355833
8904,NATURAL,CC,1122936294,,11001,ACTIVO,2026-03-24,rodrigo.cruz8904@example.com,3372578893
8905,NATURAL,CC,1170429130,,11001,ACTIVO,2026-03-24,milena.franco8905@example.com,3692680749
8906,NATURAL,CC,1136526151,,88001,ACTIVO,2026-03-24,isabel.ramirez8906@example.com,3645255207
8907,NATURAL,CC,1025001856,,11001,ACTIVO,2026-03-25,jackeline.pena8907@example.com,3478574691
8908,NATURAL,CC,1081705525,,66170,ACTIVO,2026-03-25,andres.perez8908@example.com,3824298606
8909,NATURAL,CC,1204440353,,63001,ACTIVO,2026-03-25,luis.jimenez8909@example.com,3715540647
8910,NATURAL,CC,1252438820,,08001,ACTIVO,2026-03-25,alejandro.sierra8910@example.com,3711022015
8911,NATURAL,CC,1282143093,,05001,ACTIVO,2026-03-26,patricia.serrano8911@example.com,3211283195
8912,NATURAL,CC,1094815301,,11001,ACTIVO,2026-03-26,gloria.lopez8912@example.com,3912185532
8913,NATURAL,CC,1128191486,,08001,ACTIVO,2026-03-26,eduardo.arias8913@example.com,3306060840
8914,NATURAL,CC,1126212142,,23001,ACTIVO,2026-03-26,beatriz.pulido8914@example.com,3254227920
8915,NATURAL,CC,1220979447,,11001,ACTIVO,2026-03-26,andres.garcia8915@example.com,3612249226
8916,NATURAL,CC,1248667317,,11001,ACTIVO,2026-03-26,sebastian.torres8916@example.com,3505150827
8917,NATURAL,CC,1246761744,,11001,ACTIVO,2026-03-26,fernando.figueroa8917@example.com,3308310106
8918,NATURAL,CC,1019554205,,11001,ACTIVO,2026-03-26,,3803138855
8919,NATURAL,CC,1242356864,,76520,ACTIVO,2026-03-27,nestor.valencia8919@example.com,3925343276
8920,NATURAL,CC,1185880292,,70001,ACTIVO,2026-03-27,augusto.cardona8920@example.com,3630559044
8921,NATURAL,CC,1237099200,,05001,ACTIVO,2026-03-27,patricia.pinzon8921@example.com,3440819769
8922,JURIDICA,NIT,966702972,1,11001,ACTIVO,2026-03-27,contacto8922@example.com,3431038340
8923,NATURAL,CC,1055018480,,76001,ACTIVO,2026-03-28,gregorio.ruiz8923@example.com,3014955546
8924,JURIDICA,NIT,982908748,1,08001,ACTIVO,2026-03-28,contacto8924@example.com,3388119783
8925,NATURAL,CC,1010023436,,66170,ACTIVO,2026-03-28,jorge.fuentes8925@example.com,3895181178
8926,NATURAL,CC,1229352352,,76001,ACTIVO,2026-03-28,maria.henao8926@example.com,3253857102
8927,NATURAL,CC,1004819183,,11001,ACTIVO,2026-03-28,enrique.fonseca8927@example.com,3854833851
8928,NATURAL,CC,1154939040,,70001,ACTIVO,2026-03-28,,3185996494
8929,NATURAL,CC,1208621382,,66001,ACTIVO,2026-03-28,pablo.gonzalez8929@example.com,3793400152
8930,NATURAL,CC,1275381380,,11001,ACTIVO,2026-03-28,alonso.sierra8930@example.com,3960105745
8931,NATURAL,CC,1218815631,,08001,ACTIVO,2026-03-28,yuliana.herrera8931@example.com,3012608341
8932,NATURAL,CC,1175917668,,41001,ACTIVO,2026-03-28,alexandra.molina8932@example.com,3601496320
8933,NATURAL,CC,1289333062,,11001,ACTIVO,2026-03-30,diego.vallejo8933@example.com,3752373303
8934,NATURAL,CC,1028263175,,05001,ACTIVO,2026-03-30,maria.ortiz8934@example.com,3113387122
8935,NATURAL,CC,1156447244,,11001,ACTIVO,2026-03-30,luisa.rivera8935@example.com,3401796211
8936,NATURAL,CC,1042608985,,17001,ACTIVO,2026-03-30,nataly.burgos8936@example.com,3385489343
8937,NATURAL,CC,1212952736,,20001,ACTIVO,2026-03-30,marina.miranda8937@example.com,3756379812
8938,NATURAL,CC,1287984341,,13001,ACTIVO,2026-03-30,ronald.toro8938@example.com,3748384647
8939,NATURAL,CC,1295264815,,15238,ACTIVO,2026-03-30,juan.quiroga8939@example.com,3899743822
8940,NATURAL,CC,1264818289,,47001,ACTIVO,2026-03-30,lida.molina8940@example.com,3502275350
8941,NATURAL,CC,1272195378,,11001,ACTIVO,2026-03-30,leidy.duarte8941@example.com,3356003808
8942,NATURAL,CC,1186085275,,05615,ACTIVO,2026-03-30,alexis.alzate8942@example.com,3058805881
8943,NATURAL,CC,1287402847,,85001,ACTIVO,2026-03-30,adriana.pineda8943@example.com,3806748656
8944,NATURAL,CC,1237257495,,11001,ACTIVO,2026-03-30,andrea.bonilla8944@example.com,3152607202
8945,NATURAL,CC,1167130795,,08001,ACTIVO,2026-03-31,david.torres8945@example.com,3383383175
8946,JURIDICA,NIT,985965742,1,05088,ACTIVO,2026-03-31,contacto8946@example.com,3698848631
8947,NATURAL,CC,1230131906,,08001,ACTIVO,2026-03-31,cecilia.parra8947@example.com,3430083120
8948,NATURAL,CC,1000532912,,11001,ACTIVO,2026-03-31,andres.ordonez8948@example.com,3022099312
8949,NATURAL,CC,1054170507,,05001,ACTIVO,2026-03-31,leidy.quiroga8949@example.com,3888631765
8950,NATURAL,CC,1096374506,,47001,ACTIVO,2026-03-31,dary.sierra8950@example.com,3714302484
8951,NATURAL,CC,1139987680,,76001,ACTIVO,2026-04-01,william.jimenez8951@example.com,3044315270
8952,NATURAL,CC,1175509699,,54001,ACTIVO,2026-04-01,eva.orozco8952@example.com,3646033176
8953,NATURAL,CC,1165060260,,54001,ACTIVO,2026-04-01,roberto.castro8953@example.com,3149947122
8954,NATURAL,CC,1290297763,,76834,ACTIVO,2026-04-01,teresa.giraldo8954@example.com,3972949784
8955,NATURAL,CC,1213258236,,11001,ACTIVO,2026-04-01,stiven.ochoa8955@example.com,3655925237
8956,JURIDICA,NIT,975106109,8,11001,ACTIVO,2026-04-02,contacto8956@example.com,3225977146
8957,NATURAL,CC,1019170595,,54001,ACTIVO,2026-04-02,dora.naranjo8957@example.com,3961620750
8958,NATURAL,CC,1076748426,,11001,ACTIVO,2026-04-02,blanca.diaz8958@example.com,3130245198
8959,NATURAL,CC,1258236903,,70001,ACTIVO,2026-04-02,ruby.diaz8959@example.com,3237725600
8960,NATURAL,CC,1149042562,,73001,ACTIVO,2026-04-02,,3413838399
8961,NATURAL,CC,1093107429,,05001,ACTIVO,2026-04-02,patricia.restrepo8961@example.com,3881667930
8962,NATURAL,CC,1255070305,,19001,ACTIVO,2026-04-02,,3555991446
8963,NATURAL,CC,1252719596,,70001,ACTIVO,2026-04-02,judith.florez8963@example.com,3864790964
8964,NATURAL,CC,1219105303,,11001,ACTIVO,2026-04-02,jaider.rivera8964@example.com,3560566167
8965,JURIDICA,NIT,967661224,7,13001,ACTIVO,2026-04-02,contacto8965@example.com,3205213761
8966,NATURAL,CC,1250337239,,54001,ACTIVO,2026-04-03,luz.vasquez8966@example.com,3702433024
8967,JURIDICA,NIT,968632176,1,76001,ACTIVO,2026-04-03,contacto8967@example.com,3372579288
8968,NATURAL,CC,1248864190,,76109,ACTIVO,2026-04-03,andres.diaz8968@example.com,3431136021
8969,NATURAL,CC,1280789515,,11001,ACTIVO,2026-04-03,diana.munoz8969@example.com,3454802813
8970,NATURAL,CC,1097791657,,76834,ACTIVO,2026-04-03,jesus.ceballos8970@example.com,3028141283
8971,NATURAL,CC,1249998250,,66001,ACTIVO,2026-04-04,,3210030270
8972,NATURAL,CC,1142328947,,68001,ACTIVO,2026-04-04,carolina.bohorquez8972@example.com,3025376209
8973,NATURAL,CC,1249322122,,63001,ACTIVO,2026-04-04,fernando.rodriguez8973@example.com,3501991877
8974,NATURAL,CC,1080632746,,47001,ACTIVO,2026-04-04,ricardo.caballero8974@example.com,3817197914
8975,NATURAL,CC,1177556029,,11001,ACTIVO,2026-04-04,esther.alvarez8975@example.com,3222883018
8976,JURIDICA,NIT,981085753,1,76109,ACTIVO,2026-04-04,contacto8976@example.com,3144425888
8977,JURIDICA,NIT,963115112,5,08001,ACTIVO,2026-04-04,contacto8977@example.com,3083622916
8978,NATURAL,CC,1058022574,,11001,ACTIVO,2026-04-04,pedro.gonzalez8978@example.com,3261897421
8979,NATURAL,PPT,4337974,,76001,ACTIVO,2026-04-04,carol.camacho8979@example.com,3384062004
8980,NATURAL,CC,1088387007,,05001,ACTIVO,2026-04-06,jaime.vargas8980@example.com,3043064313
8981,JURIDICA,NIT,967176533,8,50001,ACTIVO,2026-04-06,contacto8981@example.com,3014092256
8982,NATURAL,CE,167899,,11001,ACTIVO,2026-04-06,carlos.leon8982@example.com,3618674013
8983,NATURAL,CC,1147667513,,05360,ACTIVO,2026-04-06,leidy.rodriguez8983@example.com,3516405573
8984,NATURAL,PPT,6571593,,11001,ACTIVO,2026-04-06,viviana.castillo8984@example.com,3511773915
8985,NATURAL,CC,1065219136,,41001,ACTIVO,2026-04-06,carmen.vargas8985@example.com,3810730301
8986,NATURAL,CC,1048410430,,11001,ACTIVO,2026-04-06,antonio.londono8986@example.com,3132293621
8987,NATURAL,CC,1170844427,,11001,ACTIVO,2026-04-06,alexander.parra8987@example.com,3821139999
8988,NATURAL,CC,1160999555,,11001,ACTIVO,2026-04-06,andres.diaz8988@example.com,3982625794
8989,NATURAL,CC,1245970377,,76001,ACTIVO,2026-04-06,marlene.chaparro8989@example.com,3704954183
8990,NATURAL,CC,1211616920,,76834,ACTIVO,2026-04-06,enrique.yepes8990@example.com,3138632934
8991,NATURAL,CE,689108,,05088,ACTIVO,2026-04-06,fabio.perez8991@example.com,3837201771
8992,NATURAL,CC,1095615072,,11001,ACTIVO,2026-04-06,angel.guzman8992@example.com,3262427380
8993,NATURAL,CC,1000866119,,76001,ACTIVO,2026-04-06,esperanza.gonzalez8993@example.com,3759929835
8994,NATURAL,CC,1083769471,,11001,ACTIVO,2026-04-06,gabriel.perez8994@example.com,3051724017
8995,NATURAL,CC,1053916708,,76001,ACTIVO,2026-04-07,jimmy.sanchez8995@example.com,3943086734
8996,NATURAL,CC,1167945213,,05001,ACTIVO,2026-04-07,luz.villa8996@example.com,3790857831
8997,NATURAL,CC,1280571970,,05088,ACTIVO,2026-04-07,maritza.alvarez8997@example.com,3067049145
8998,JURIDICA,NIT,971604111,5,11001,ACTIVO,2026-04-07,contacto8998@example.com,3260287484
8999,NATURAL,CC,1247657591,,11001,ACTIVO,2026-04-08,aura.sanchez8999@example.com,3875377791
9000,NATURAL,CC,1247768743,,15238,ACTIVO,2026-04-08,betty.galeano9000@example.com,3778980864
9001,NATURAL,CC,1102464376,,05088,ACTIVO,2026-04-08,yaneth.gonzalez9001@example.com,3934860459
9002,NATURAL,CC,1066715812,,11001,ACTIVO,2026-04-08,carolina.perez9002@example.com,3298113647
9003,NATURAL,PPT,1179837,,05088,ACTIVO,2026-04-09,carlos.ospino9003@example.com,3482032163
9004,NATURAL,CC,1201852327,,76520,ACTIVO,2026-04-09,david.serrano9004@example.com,3085542972
9005,JURIDICA,NIT,981239050,5,13001,ACTIVO,2026-04-09,contacto9005@example.com,3568488773
9006,NATURAL,CC,1136149061,,81001,ACTIVO,2026-04-09,jhon.herrera9006@example.com,3300693026
9007,NATURAL,CC,1091432302,,08001,ACTIVO,2026-04-09,lucia.garcia9007@example.com,3317052161
9008,NATURAL,CC,1000264002,,05266,ACTIVO,2026-04-10,diana.meneses9008@example.com,3279612653
9009,NATURAL,CC,1181059574,,76001,ACTIVO,2026-04-10,andrea.moreno9009@example.com,3998302716
9010,NATURAL,CC,1288487598,,20001,ACTIVO,2026-04-10,nelly.reyes9010@example.com,3583307282
9011,NATURAL,CC,1034423885,,76109,ACTIVO,2026-04-10,,3561607280
9012,JURIDICA,NIT,961319977,8,68001,ACTIVO,2026-04-10,contacto9012@example.com,3074662374
9013,NATURAL,CC,1231928547,,76001,ACTIVO,2026-04-11,elena.lopez9013@example.com,3621696842
9014,NATURAL,CC,1067265489,,11001,ACTIVO,2026-04-11,gloria.guevara9014@example.com,3081020631
9015,JURIDICA,NIT,967757590,1,11001,ACTIVO,2026-04-11,contacto9015@example.com,3961071074
9016,JURIDICA,NIT,976018993,9,11001,ACTIVO,2026-04-11,contacto9016@example.com,3501454819
9017,NATURAL,CC,1155751140,,11001,ACTIVO,2026-04-11,,3990917106
9018,NATURAL,CC,1047598116,,13001,ACTIVO,2026-04-11,alberto.cordoba9018@example.com,3407084005
9019,NATURAL,CC,1211323142,,27001,ACTIVO,2026-04-11,wilmar.lopez9019@example.com,3688793621
9020,JURIDICA,NIT,986772163,1,11001,ACTIVO,2026-04-13,contacto9020@example.com,3896743390
9021,NATURAL,CC,1024899055,,76001,ACTIVO,2026-04-13,edwin.moreno9021@example.com,3852631407
9022,NATURAL,CE,250594,,44001,ACTIVO,2026-04-13,felipe.avila9022@example.com,3755226394
9023,NATURAL,CC,1126891252,,73001,ACTIVO,2026-04-13,,3963195157
9024,NATURAL,CC,1248048751,,76001,ACTIVO,2026-04-13,leonor.romero9024@example.com,3974362071
9025,JURIDICA,NIT,965094622,5,13001,ACTIVO,2026-04-13,contacto9025@example.com,3767364231
9026,NATURAL,CC,1086435972,,85001,ACTIVO,2026-04-13,angela.molina9026@example.com,3977202046
9027,NATURAL,CC,1145682796,,76001,INACTIVO,2026-04-13,andres.ibarra9027@example.com,3561371158
9028,NATURAL,CC,1115019586,,11001,ACTIVO,2026-04-13,aura.ceron9028@example.com,3980629050
9029,JURIDICA,NIT,981207799,5,81001,ACTIVO,2026-04-13,contacto9029@example.com,3991275364
9030,NATURAL,CC,1269019963,,97001,ACTIVO,2026-04-13,,3577825642
9031,NATURAL,CC,1150952143,,18001,ACTIVO,2026-04-14,esteban.ramirez9031@example.com,3970799880
9032,JURIDICA,NIT,985333552,7,11001,ACTIVO,2026-04-14,contacto9032@example.com,3779474328
9033,NATURAL,CC,1043776137,,54001,ACTIVO,2026-04-14,angie.arias9033@example.com,3709399999
9034,NATURAL,CC,1186501228,,11001,ACTIVO,2026-04-14,carmenza.rengifo9034@example.com,3724026691
9035,NATURAL,CC,1155142249,,50001,ACTIVO,2026-04-14,rosalba.galvis9035@example.com,3350651069
9036,NATURAL,CC,1127203175,,76001,ACTIVO,2026-04-15,monica.martinez9036@example.com,3231154959
9037,NATURAL,CC,1127138353,,08001,ACTIVO,2026-04-15,alexander.mena9037@example.com,3188718131
9038,NATURAL,CC,1004684619,,08758,ACTIVO,2026-04-15,clemencia.ocampo9038@example.com,3133800568
9039,NATURAL,CC,1019929963,,47001,ACTIVO,2026-04-15,luis.ortega9039@example.com,3901259854
9040,NATURAL,CC,1194225134,,25126,ACTIVO,2026-04-15,oscar.castillo9040@example.com,3967659745
9041,NATURAL,CC,1006433167,,05001,ACTIVO,2026-04-16,ingrid.munoz9041@example.com,3180080713
9042,JURIDICA,NIT,968445951,1,76001,ACTIVO,2026-04-16,contacto9042@example.com,3607833916
9043,NATURAL,CC,1242070655,,50001,ACTIVO,2026-04-16,maria.pena9043@example.com,3342366816
9044,NATURAL,CC,1047021506,,11001,ACTIVO,2026-04-16,rodrigo.lopez9044@example.com,3775989378
9045,JURIDICA,NIT,986203908,1,11001,ACTIVO,2026-04-17,contacto9045@example.com,3540240459
9046,NATURAL,CC,1000065016,,08758,ACTIVO,2026-04-17,felipe.martinez9046@example.com,3092771066
9047,NATURAL,CC,1212794459,,13001,ACTIVO,2026-04-17,alirio.cardozo9047@example.com,3045061846
9048,NATURAL,CC,1169182399,,11001,ACTIVO,2026-04-17,antonio.duran9048@example.com,3503753900
9049,NATURAL,CC,1093071481,,11001,ACTIVO,2026-04-17,gerardo.vargas9049@example.com,3803344676
9050,NATURAL,CC,1013935821,,76520,ACTIVO,2026-04-17,luis.roa9050@example.com,3289721801
9051,NATURAL,CC,1026016948,,08001,ACTIVO,2026-04-17,kevin.garcia9051@example.com,3773000344
9052,NATURAL,CC,1020298982,,44001,ACTIVO,2026-04-17,martha.patino9052@example.com,3389874312
9053,NATURAL,CC,1170728708,,66001,ACTIVO,2026-04-18,,3449909058
9054,NATURAL,CC,1205446932,,11001,ACTIVO,2026-04-18,carlos.garcia9054@example.com,3946560511
9055,NATURAL,CC,1271535045,,41001,ACTIVO,2026-04-18,manuela.monsalve9055@example.com,3348406538
9056,NATURAL,CC,1147498306,,27001,ACTIVO,2026-04-18,jose.benavides9056@example.com,3773521652
9057,NATURAL,CC,1247743204,,11001,ACTIVO,2026-04-18,,3001122711
9058,NATURAL,CC,1237930833,,05001,ACTIVO,2026-04-20,john.valencia9058@example.com,3251436313
9059,NATURAL,CC,1086986284,,76001,ACTIVO,2026-04-20,eugenia.campo9059@example.com,3605435934
9060,NATURAL,CC,1240795735,,44001,ACTIVO,2026-04-20,silvia.sierra9060@example.com,3420925287
9061,NATURAL,CC,1195089528,,11001,ACTIVO,2026-04-20,doris.munoz9061@example.com,3459815773
9062,JURIDICA,NIT,972595772,7,11001,ACTIVO,2026-04-20,contacto9062@example.com,3505999422
9063,NATURAL,CC,1155158191,,05001,ACTIVO,2026-04-20,nancy.galindo9063@example.com,3350406227
9064,NATURAL,CC,1147646436,,13430,ACTIVO,2026-04-20,lida.arango9064@example.com,3077943947
9065,NATURAL,CC,1226297131,,52001,ACTIVO,2026-04-20,fernanda.hernandez9065@example.com,3828888282
9066,NATURAL,CC,1014235079,,44001,ACTIVO,2026-04-20,milena.gomez9066@example.com,3825779904
9067,NATURAL,CC,1100253928,,08001,ACTIVO,2026-04-21,adriana.vargas9067@example.com,3304783222
9068,NATURAL,CC,1076955284,,11001,ACTIVO,2026-04-21,edinson.hernandez9068@example.com,3735443745
9069,NATURAL,CC,1267236197,,11001,ACTIVO,2026-04-21,ruth.guerrero9069@example.com,3939360917
9070,NATURAL,CC,1230083053,,05088,ACTIVO,2026-04-21,armando.contreras9070@example.com,3387799268
9071,NATURAL,CC,1274747377,,47001,ACTIVO,2026-04-21,magnolia.moreno9071@example.com,3302456384
9072,NATURAL,CC,1061987486,,52001,ACTIVO,2026-04-21,ana.torres9072@example.com,3939530199
9073,NATURAL,CC,1025747118,,11001,ACTIVO,2026-04-22,rafael.duque9073@example.com,3900507265
9074,NATURAL,CC,1089259964,,66170,ACTIVO,2026-04-22,angel.garcia9074@example.com,3066971147
9075,NATURAL,CC,1055487890,,13001,ACTIVO,2026-04-22,martha.narvaez9075@example.com,3250084290
9076,NATURAL,CC,1298112560,,23001,ACTIVO,2026-04-22,cecilia.alzate9076@example.com,3604117139
9077,NATURAL,CC,1115365022,,11001,ACTIVO,2026-04-22,lina.salcedo9077@example.com,3214344994
9078,NATURAL,CC,1282087273,,76001,ACTIVO,2026-04-22,martha.calderon9078@example.com,3607057705
9079,NATURAL,CC,1241128693,,25269,ACTIVO,2026-04-22,sergio.lozano9079@example.com,3446353014
9080,NATURAL,CC,1272810496,,41001,ACTIVO,2026-04-22,dairo.gonzalez9080@example.com,3190004781
9081,NATURAL,CC,1190305996,,13001,ACTIVO,2026-04-23,santiago.uribe9081@example.com,3476464400
9082,NATURAL,CC,1193486383,,13001,ACTIVO,2026-04-23,rocio.daza9082@example.com,3549079951
9083,NATURAL,CC,1080450265,,08001,ACTIVO,2026-04-23,lucia.maldonado9083@example.com,3174936320
9084,NATURAL,CC,1009897928,,08001,ACTIVO,2026-04-23,ivan.diaz9084@example.com,3778237418
9085,NATURAL,CE,939433,,11001,ACTIVO,2026-04-23,samir.bonilla9085@example.com,3348318543
9086,NATURAL,CC,1167376931,,11001,ACTIVO,2026-04-23,beatriz.mercado9086@example.com,3748733188
9087,NATURAL,CC,1030119295,,44001,ACTIVO,2026-04-23,mario.hurtado9087@example.com,3267551597
9088,NATURAL,CC,1038493595,,05360,ACTIVO,2026-04-24,mauricio.vasquez9088@example.com,3673014569
9089,NATURAL,CC,1209710026,,11001,ACTIVO,2026-04-24,doris.garcia9089@example.com,3938875396
9090,JURIDICA,NIT,961087245,8,11001,ACTIVO,2026-04-24,contacto9090@example.com,3687785760
9091,JURIDICA,NIT,972596503,7,11001,ACTIVO,2026-04-24,contacto9091@example.com,3621589376
9092,NATURAL,CC,1098441861,,44001,ACTIVO,2026-04-24,alejandro.bernal9092@example.com,3357796988
9093,NATURAL,CC,1052645456,,15238,ACTIVO,2026-04-24,carlos.acosta9093@example.com,3436130008
9094,JURIDICA,NIT,980301897,7,76001,ACTIVO,2026-04-24,contacto9094@example.com,3125750022
9095,NATURAL,CC,1143723333,,76001,ACTIVO,2026-04-25,helena.rodriguez9095@example.com,3768184965
9096,JURIDICA,NIT,967356615,6,05001,ACTIVO,2026-04-25,contacto9096@example.com,3964453998
9097,NATURAL,CC,1270409193,,76001,ACTIVO,2026-04-25,daniela.cardona9097@example.com,3453921712
9098,NATURAL,CC,1136456627,,11001,ACTIVO,2026-04-25,,3173183113
9099,NATURAL,CC,1051106796,,15238,ACTIVO,2026-04-27,amanda.carmona9099@example.com,3525776701
9100,NATURAL,CC,1017398964,,54001,ACTIVO,2026-04-27,miguel.pinzon9100@example.com,3869904864
9101,NATURAL,CC,1007478065,,66001,ACTIVO,2026-04-27,alonso.barrera9101@example.com,3090632257
9102,NATURAL,CC,1274661248,,11001,ACTIVO,2026-04-27,gloria.arrieta9102@example.com,3505897591
9103,NATURAL,CC,1220600693,,76109,ACTIVO,2026-04-27,patricia.benitez9103@example.com,3007237479
9104,JURIDICA,NIT,983185995,3,11001,ACTIVO,2026-04-27,contacto9104@example.com,3374792283
9105,NATURAL,CC,1119230157,,11001,ACTIVO,2026-04-27,patricia.mora9105@example.com,3600699353
9106,NATURAL,CC,1010309233,,76001,ACTIVO,2026-04-27,juan.salazar9106@example.com,3432266019
9107,NATURAL,CC,1251956460,,85001,ACTIVO,2026-04-27,liliana.londono9107@example.com,3755535534
9108,NATURAL,CC,1018191032,,73001,ACTIVO,2026-04-27,maria.diaz9108@example.com,3576730364
9109,NATURAL,CC,1049901270,,73001,ACTIVO,2026-04-27,jesus.perez9109@example.com,3861280678
9110,NATURAL,CC,1052615353,,13001,ACTIVO,2026-04-28,luis.ospina9110@example.com,3946019412
9111,NATURAL,CC,1020413229,,85001,ACTIVO,2026-04-28,jose.cruz9111@example.com,3911479087
9112,NATURAL,CC,1060969525,,11001,ACTIVO,2026-04-28,daniela.bravo9112@example.com,3376196394
9113,JURIDICA,NIT,973543782,1,54001,ACTIVO,2026-04-28,contacto9113@example.com,3936358058
9114,NATURAL,CC,1285298573,,11001,ACTIVO,2026-04-28,angela.sepulveda9114@example.com,3275116683
9115,NATURAL,CC,1233807523,,11001,ACTIVO,2026-04-29,ricardo.ocampo9115@example.com,3067917852
9116,NATURAL,CC,1126961230,,76001,ACTIVO,2026-04-29,german.gonzalez9116@example.com,3316121420
9117,JURIDICA,NIT,989117164,1,50001,ACTIVO,2026-04-29,contacto9117@example.com,3150393582
9118,NATURAL,CC,1135704729,,54001,ACTIVO,2026-04-29,andres.palacios9118@example.com,3706879166
9119,NATURAL,CC,1049333655,,11001,ACTIVO,2026-04-29,paola.cortes9119@example.com,3980631104
9120,NATURAL,CC,1172395752,,05088,ACTIVO,2026-04-29,edwin.lopez9120@example.com,3955729837
9121,NATURAL,CC,1227902689,,05001,ACTIVO,2026-04-29,sandra.bernal9121@example.com,3302031326
9122,JURIDICA,NIT,960452668,1,08758,ACTIVO,2026-04-29,contacto9122@example.com,3238515864
9123,NATURAL,CC,1124981886,,11001,ACTIVO,2026-04-29,antonio.villamizar9123@example.com,3829315182
9124,JURIDICA,NIT,973035040,6,18001,ACTIVO,2026-04-30,contacto9124@example.com,3556127608
9125,JURIDICA,NIT,984892609,1,17001,ACTIVO,2026-04-30,contacto9125@example.com,3828403383
9126,NATURAL,CC,1062338871,,76109,ACTIVO,2026-04-30,liliana.lopez9126@example.com,3338313036
9127,NATURAL,CC,1252162316,,76001,ACTIVO,2026-04-30,lucia.caballero9127@example.com,3768796930
9128,NATURAL,CC,1185027315,,11001,ACTIVO,2026-04-30,william.valencia9128@example.com,3920931497
9129,JURIDICA,NIT,971278033,1,76520,ACTIVO,2026-04-30,contacto9129@example.com,3380627683
9130,NATURAL,CC,1256924257,,11001,ACTIVO,2026-04-30,hilda.quintero9130@example.com,3686215131
9131,NATURAL,CC,1066539503,,70001,ACTIVO,2026-04-30,jorge.pineda9131@example.com,3648528010
9132,NATURAL,CC,1227937414,,76001,ACTIVO,2026-04-30,,3116325439
9133,JURIDICA,NIT,971164720,1,41001,ACTIVO,2026-04-30,contacto9133@example.com,3066829995
9134,NATURAL,CC,1058195214,,05001,ACTIVO,2026-05-01,jorge.cortes9134@example.com,3105015129
9135,NATURAL,CC,1057502006,,54001,ACTIVO,2026-05-01,ruth.gonzalez9135@example.com,3326457176
9136,NATURAL,CC,1211740417,,20001,ACTIVO,2026-05-01,miriam.munoz9136@example.com,3271261927
9137,NATURAL,CC,1024673113,,88001,ACTIVO,2026-05-01,mirian.beltran9137@example.com,3605737866
9138,NATURAL,CC,1164104212,,76001,ACTIVO,2026-05-01,jhoana.rueda9138@example.com,3214477922
9139,NATURAL,CC,1203192310,,11001,ACTIVO,2026-05-02,,3382314014
9140,NATURAL,CC,1096232443,,11001,ACTIVO,2026-05-02,alexander.palacio9140@example.com,3900221243
9141,NATURAL,CC,1074970295,,11001,ACTIVO,2026-05-02,carlos.pacheco9141@example.com,3291969711
9142,NATURAL,CC,1118562100,,11001,ACTIVO,2026-05-02,jose.guerrero9142@example.com,3863680951
9143,JURIDICA,NIT,979187729,5,11001,ACTIVO,2026-05-02,contacto9143@example.com,3479007586
9144,NATURAL,CC,1285259752,,11001,ACTIVO,2026-05-02,esperanza.giraldo9144@example.com,3356545986
9145,NATURAL,CC,1180595406,,05001,ACTIVO,2026-05-02,walter.ruiz9145@example.com,3190961685
9146,NATURAL,CC,1239688260,,11001,ACTIVO,2026-05-04,david.gomez9146@example.com,3043518793
9147,JURIDICA,NIT,982626323,4,76001,ACTIVO,2026-05-04,contacto9147@example.com,3711476272
9148,NATURAL,CC,1294754456,,11001,ACTIVO,2026-05-04,leonor.hernandez9148@example.com,3208367205
9149,NATURAL,CC,1208890146,,11001,ACTIVO,2026-05-04,julio.perea9149@example.com,3230748157
9150,JURIDICA,NIT,965926403,0,13001,ACTIVO,2026-05-04,contacto9150@example.com,3796269325
9151,JURIDICA,NIT,968066769,0,08001,ACTIVO,2026-05-04,contacto9151@example.com,3589626788
9152,NATURAL,CC,1257341328,,66170,ACTIVO,2026-05-04,daniel.martinez9152@example.com,3723422753
9153,NATURAL,CC,1046839487,,05001,ACTIVO,2026-05-04,john.arevalo9153@example.com,3316611826
9154,NATURAL,CC,1276657859,,76834,ACTIVO,2026-05-04,dario.garcia9154@example.com,3845544179
9155,NATURAL,CC,1081431723,,70001,ACTIVO,2026-05-04,judith.mendoza9155@example.com,3759924513
9156,NATURAL,CC,1240315567,,76001,ACTIVO,2026-05-04,manuel.palacios9156@example.com,3639772145
9157,JURIDICA,NIT,972526833,3,15238,ACTIVO,2026-05-04,contacto9157@example.com,3343814664
9158,NATURAL,CC,1232376393,,63001,ACTIVO,2026-05-04,arley.salazar9158@example.com,3533143320
9159,NATURAL,PPT,9314642,,05001,ACTIVO,2026-05-04,liseth.garcia9159@example.com,3189725260
9160,JURIDICA,NIT,960573015,1,08758,ACTIVO,2026-05-04,contacto9160@example.com,3233759131
9161,NATURAL,CC,1278729741,,08001,ACTIVO,2026-05-04,ana.padilla9161@example.com,3820016728
9162,NATURAL,CC,1265143734,,11001,ACTIVO,2026-05-05,jose.diaz9162@example.com,3878578530
9163,NATURAL,CC,1134932872,,52001,ACTIVO,2026-05-05,yamile.acosta9163@example.com,3786817745
9164,NATURAL,CC,1164947069,,08001,ACTIVO,2026-05-05,fabio.gomez9164@example.com,3347398646
9165,NATURAL,CC,1168016644,,76520,ACTIVO,2026-05-05,maria.valencia9165@example.com,3204716374
9166,NATURAL,CC,1159256719,,25126,ACTIVO,2026-05-05,teresa.anaya9166@example.com,3301773768
9167,NATURAL,CC,1197963916,,08001,ACTIVO,2026-05-06,ricardo.estrada9167@example.com,3091213998
9168,NATURAL,CC,1236045138,,20001,ACTIVO,2026-05-06,manuel.ramirez9168@example.com,3218166102
9169,NATURAL,CC,1283363611,,05001,ACTIVO,2026-05-06,orlando.fernandez9169@example.com,3600951243
9170,NATURAL,CC,1182896722,,54001,ACTIVO,2026-05-06,javier.gonzalez9170@example.com,3352744197
9171,NATURAL,CC,1072872213,,47001,ACTIVO,2026-05-06,carmen.zapata9171@example.com,3834172092
9172,NATURAL,CC,1112964615,,76001,ACTIVO,2026-05-06,kelly.luna9172@example.com,3230798227
9173,NATURAL,CC,1106362133,,13001,ACTIVO,2026-05-06,luz.orjuela9173@example.com,3038012012
9174,NATURAL,CC,1032756900,,11001,ACTIVO,2026-05-06,steven.alvarez9174@example.com,3865355767
9175,NATURAL,CC,1147607258,,41001,ACTIVO,2026-05-06,antonio.guerrero9175@example.com,3317317192
9176,NATURAL,CC,1120541333,,05001,ACTIVO,2026-05-06,,3178746997
9177,NATURAL,CC,1088798228,,11001,ACTIVO,2026-05-07,jose.garcia9177@example.com,3700041831
9178,NATURAL,CC,1045355640,,76001,ACTIVO,2026-05-07,jorge.paz9178@example.com,3714634355
9179,NATURAL,CC,1002809836,,66001,ACTIVO,2026-05-07,marcela.ardila9179@example.com,3801087059
9180,NATURAL,CC,1281123958,,52001,ACTIVO,2026-05-07,marcela.daza9180@example.com,3725496885
9181,NATURAL,CC,1169605462,,68276,ACTIVO,2026-05-07,jorge.murillo9181@example.com,3647155762
9182,JURIDICA,NIT,966298280,1,76001,ACTIVO,2026-05-08,contacto9182@example.com,3444167086
9183,NATURAL,CC,1047067449,,63001,ACTIVO,2026-05-08,valentina.londono9183@example.com,3659909382
9184,NATURAL,CC,1075723863,,11001,ACTIVO,2026-05-08,bibiana.barbosa9184@example.com,3683971697
9185,NATURAL,CC,1041162150,,54001,ACTIVO,2026-05-08,yolima.medina9185@example.com,3260943352
9186,NATURAL,CC,1073911708,,76109,ACTIVO,2026-05-08,rafael.castillo9186@example.com,3279781481
9187,NATURAL,CC,1008838429,,05001,ACTIVO,2026-05-08,carlos.mena9187@example.com,3843860880
9188,NATURAL,CC,1067444572,,66001,ACTIVO,2026-05-08,alfonso.jimenez9188@example.com,3862694921
9189,NATURAL,CC,1115586029,,76001,INACTIVO,2026-05-09,gladys.ramos9189@example.com,3142851658
9190,JURIDICA,NIT,967409861,0,15001,ACTIVO,2026-05-09,contacto9190@example.com,3743085549
9191,NATURAL,CC,1071118072,,05001,ACTIVO,2026-05-09,maria.ramirez9191@example.com,3449666508
9192,NATURAL,CE,919286,,05088,ACTIVO,2026-05-09,maria.molina9192@example.com,3903354231
9193,NATURAL,CC,1190247676,,05088,ACTIVO,2026-05-11,karen.arango9193@example.com,3808972243
9194,NATURAL,CC,1097218242,,54001,ACTIVO,2026-05-11,juan.caballero9194@example.com,3534053558
9195,NATURAL,CC,1208213834,,20001,ACTIVO,2026-05-11,margarita.mendez9195@example.com,3890716619
9196,NATURAL,CE,558078,,76001,ACTIVO,2026-05-11,fernando.mosquera9196@example.com,3567257633
9197,NATURAL,CC,1091118506,,15759,ACTIVO,2026-05-11,juan.villamizar9197@example.com,3301866956
9198,NATURAL,CC,1280006649,,13001,ACTIVO,2026-05-11,ines.perea9198@example.com,3681094602
9199,NATURAL,CC,1037494464,,11001,ACTIVO,2026-05-11,beatriz.jimenez9199@example.com,3192630024
9200,NATURAL,CC,1138488033,,11001,ACTIVO,2026-05-11,dario.arias9200@example.com,3088250031
9201,NATURAL,CC,1144534388,,11001,ACTIVO,2026-05-11,ines.pinto9201@example.com,3346206944
9202,NATURAL,CC,1132090266,,17001,ACTIVO,2026-05-11,,3336394377
9203,NATURAL,CC,1176444617,,08001,ACTIVO,2026-05-11,leonardo.duarte9203@example.com,3177507612
9204,NATURAL,CC,1016628779,,11001,ACTIVO,2026-05-11,james.munoz9204@example.com,3924834481
9205,NATURAL,CC,1178611613,,11001,ACTIVO,2026-05-11,fernando.rodriguez9205@example.com,3888244093
9206,NATURAL,CC,1070127114,,76520,ACTIVO,2026-05-11,aura.narvaez9206@example.com,3189930887
9207,JURIDICA,NIT,981611931,3,05001,ACTIVO,2026-05-11,contacto9207@example.com,3294650196
9208,NATURAL,CC,1231554259,,85001,ACTIVO,2026-05-11,brayan.vega9208@example.com,3171816698
9209,NATURAL,CC,1137530721,,63001,ACTIVO,2026-05-11,nestor.rivas9209@example.com,3954683106
9210,NATURAL,CC,1125414418,,11001,ACTIVO,2026-05-11,alexander.gomez9210@example.com,3437249613
9211,NATURAL,CC,1103872217,,52001,ACTIVO,2026-05-11,yessica.mantilla9211@example.com,3892894961
9212,NATURAL,PPT,4448354,,08001,ACTIVO,2026-05-12,nelly.sanchez9212@example.com,3444413149
9213,NATURAL,CC,1222191127,,08001,ACTIVO,2026-05-12,diana.gomez9213@example.com,3791533296
9214,NATURAL,CC,1257671677,,05088,ACTIVO,2026-05-12,carmen.gutierrez9214@example.com,3483945109
9215,NATURAL,CC,1175635798,,18001,ACTIVO,2026-05-12,pablo.nieto9215@example.com,3921140230
9216,NATURAL,CC,1194337548,,05266,ACTIVO,2026-05-12,emma.vargas9216@example.com,3770949257
9217,NATURAL,CC,1259283287,,05001,ACTIVO,2026-05-12,omaira.garzon9217@example.com,3472698200
9218,JURIDICA,NIT,976702067,7,15759,ACTIVO,2026-05-12,contacto9218@example.com,3287957035
9219,JURIDICA,NIT,982777948,4,05001,ACTIVO,2026-05-12,contacto9219@example.com,3223857138
9220,NATURAL,CC,1233355765,,08001,ACTIVO,2026-05-12,ana.gomez9220@example.com,3888272701
9221,JURIDICA,NIT,985014163,7,11001,ACTIVO,2026-05-12,contacto9221@example.com,3848556837
9222,JURIDICA,NIT,985857241,0,11001,ACTIVO,2026-05-13,contacto9222@example.com,3433829526
9223,NATURAL,CE,676039,,05001,ACTIVO,2026-05-13,neider.gil9223@example.com,3890815746
9224,NATURAL,CC,1230197502,,13001,ACTIVO,2026-05-13,jacqueline.herrera9224@example.com,3936326740
9225,NATURAL,CC,1253140300,,25269,ACTIVO,2026-05-13,lucila.gomez9225@example.com,3011745055
9226,NATURAL,CC,1293335188,,47001,ACTIVO,2026-05-14,lorena.angulo9226@example.com,3909962420
9227,NATURAL,CC,1122506230,,11001,ACTIVO,2026-05-14,ever.bermudez9227@example.com,3582687346
9228,NATURAL,CC,1144952275,,05001,ACTIVO,2026-05-14,diana.rivera9228@example.com,3280352835
9229,NATURAL,CC,1014520124,,11001,ACTIVO,2026-05-14,,3331455384
9230,NATURAL,CC,1089826228,,05088,ACTIVO,2026-05-14,camilo.caceres9230@example.com,3587667150
9231,NATURAL,CC,1075706908,,76109,ACTIVO,2026-05-14,camilo.jimenez9231@example.com,3767813873
9232,NATURAL,CE,478798,,68001,ACTIVO,2026-05-14,alejandro.ceron9232@example.com,3992910884
9233,NATURAL,CC,1134336357,,91001,ACTIVO,2026-05-14,rosa.garzon9233@example.com,3739332489
9234,NATURAL,CC,1274612114,,15238,ACTIVO,2026-05-14,stella.aguirre9234@example.com,3138412878
9235,NATURAL,CC,1125948435,,13430,ACTIVO,2026-05-14,antonio.alvarado9235@example.com,3951978410
9236,NATURAL,CC,1116305335,,68276,ACTIVO,2026-05-15,armando.gomez9236@example.com,3383822395
9237,JURIDICA,NIT,963861831,1,08001,ACTIVO,2026-05-15,contacto9237@example.com,3050394091
9238,NATURAL,CC,1060145390,,05360,ACTIVO,2026-05-15,,3079487192
9239,NATURAL,CC,1112255428,,63001,ACTIVO,2026-05-15,felipe.rueda9239@example.com,3477315770
9240,NATURAL,CC,1053223587,,05001,ACTIVO,2026-05-15,angel.rodriguez9240@example.com,3855842657
9241,NATURAL,CC,1200323445,,11001,ACTIVO,2026-05-15,maria.ramirez9241@example.com,3059901157
9242,NATURAL,CC,1192824492,,13001,ACTIVO,2026-05-15,veronica.herrera9242@example.com,3415265312
9243,NATURAL,CC,1090024647,,52001,ACTIVO,2026-05-15,maria.rodriguez9243@example.com,3787266932
9244,NATURAL,CC,1288832435,,05001,ACTIVO,2026-05-15,johan.murillo9244@example.com,3226360110
9245,JURIDICA,NIT,987977614,6,11001,ACTIVO,2026-05-16,contacto9245@example.com,3136503597
9246,NATURAL,CC,1152656709,,54001,ACTIVO,2026-05-16,maria.rendon9246@example.com,3324969529
9247,JURIDICA,NIT,989896712,9,11001,ACTIVO,2026-05-16,contacto9247@example.com,3632076883
9248,NATURAL,CC,1157324952,,05001,ACTIVO,2026-05-18,maria.perez9248@example.com,3391914762
9249,NATURAL,CC,1016733076,,05001,ACTIVO,2026-05-18,anderson.acevedo9249@example.com,3144692808
9250,NATURAL,CC,1291605260,,17001,ACTIVO,2026-05-18,jaider.gutierrez9250@example.com,3396657762
9251,NATURAL,CC,1067710492,,11001,ACTIVO,2026-05-18,patricia.granados9251@example.com,3985057334
9252,NATURAL,CC,1158503932,,13001,ACTIVO,2026-05-18,oscar.tamayo9252@example.com,3751427960
9253,NATURAL,CC,1059487510,,11001,ACTIVO,2026-05-18,jaider.murillo9253@example.com,3421682811
9254,NATURAL,CC,1222314876,,76520,ACTIVO,2026-05-18,ernesto.herrera9254@example.com,3524383495
9255,NATURAL,CC,1196014700,,18001,ACTIVO,2026-05-18,rosa.alvarez9255@example.com,3718436936
9256,JURIDICA,NIT,963390931,8,20001,ACTIVO,2026-05-18,contacto9256@example.com,3878634452
9257,NATURAL,CC,1017150412,,05088,ACTIVO,2026-05-18,liliana.martinez9257@example.com,3916138263
9258,NATURAL,CC,1054284865,,11001,ACTIVO,2026-05-19,pedro.galvis9258@example.com,3747918802
9259,JURIDICA,NIT,978952958,3,05001,ACTIVO,2026-05-19,contacto9259@example.com,3538659018
9260,NATURAL,CC,1218674688,,50001,ACTIVO,2026-05-19,brayan.pulido9260@example.com,3222136447
9261,NATURAL,CC,1069056878,,11001,ACTIVO,2026-05-19,alejandra.leon9261@example.com,3363216356
9262,NATURAL,CC,1200351975,,05001,ACTIVO,2026-05-19,nancy.gonzalez9262@example.com,3073217757
9263,NATURAL,CC,1116673037,,08001,ACTIVO,2026-05-19,dary.gonzalez9263@example.com,3882501163
9264,JURIDICA,NIT,963907788,2,18001,ACTIVO,2026-05-19,contacto9264@example.com,3498041689
9265,NATURAL,CC,1112404870,,50001,ACTIVO,2026-05-20,maria.oviedo9265@example.com,3434151650
9266,NATURAL,CC,1290302947,,05001,ACTIVO,2026-05-20,hector.triana9266@example.com,3505595144
9267,NATURAL,PA,VS5310464,,15238,ACTIVO,2026-05-20,cristina.cortes9267@example.com,3784183034
9268,NATURAL,CC,1263547934,,11001,ACTIVO,2026-05-20,enrique.salazar9268@example.com,3271589595
9269,NATURAL,CC,1144333470,,76001,ACTIVO,2026-05-20,cecilia.londono9269@example.com,3513313569
9270,JURIDICA,NIT,977681335,8,50001,ACTIVO,2026-05-20,contacto9270@example.com,3095802759
9271,NATURAL,CC,1017325202,,11001,ACTIVO,2026-05-21,jhon.galvis9271@example.com,3573349507
9272,NATURAL,CC,1166865954,,54001,ACTIVO,2026-05-21,victoria.mena9272@example.com,3128480759
9273,JURIDICA,NIT,982955736,3,54001,ACTIVO,2026-05-21,contacto9273@example.com,3062765330
9274,NATURAL,CC,1115984912,,76001,ACTIVO,2026-05-21,maria.ortiz9274@example.com,3417665716
9275,NATURAL,PA,DL1769444,,50001,ACTIVO,2026-05-21,beatriz.suarez9275@example.com,3563692936
9276,NATURAL,CC,1262509110,,11001,ACTIVO,2026-05-22,juan.guzman9276@example.com,3294997990
9277,NATURAL,CC,1256463129,,76834,ACTIVO,2026-05-22,ines.pinto9277@example.com,3940097108
9278,NATURAL,CC,1153863758,,05001,ACTIVO,2026-05-22,cristian.cano9278@example.com,3497402564
9279,NATURAL,CC,1192996882,,08758,ACTIVO,2026-05-22,cesar.guerrero9279@example.com,3556269259
9280,NATURAL,CC,1189630467,,08758,ACTIVO,2026-05-22,,3445954567
9281,JURIDICA,NIT,976857310,8,11001,ACTIVO,2026-05-22,contacto9281@example.com,3003172435
9282,NATURAL,CC,1261832032,,13001,ACTIVO,2026-05-22,andrea.orozco9282@example.com,3207845657
9283,NATURAL,CC,1149866139,,05266,ACTIVO,2026-05-22,maria.salazar9283@example.com,3352938678
9284,JURIDICA,NIT,970289800,6,76001,ACTIVO,2026-05-22,contacto9284@example.com,3510867342
9285,NATURAL,CC,1269101019,,11001,ACTIVO,2026-05-22,efrain.ramirez9285@example.com,3176808161
9286,NATURAL,CE,492400,,63001,ACTIVO,2026-05-22,jose.cruz9286@example.com,3155784381
9287,NATURAL,CC,1240346449,,11001,ACTIVO,2026-05-22,tomas.pardo9287@example.com,3588011027
9288,NATURAL,CC,1092079962,,73001,ACTIVO,2026-05-23,dario.alzate9288@example.com,3321529457
9289,NATURAL,CC,1184724577,,68001,ACTIVO,2026-05-23,,3670340257
9290,JURIDICA,NIT,981785510,2,76520,ACTIVO,2026-05-23,contacto9290@example.com,3812261736
9291,NATURAL,CC,1094204793,,11001,ACTIVO,2026-05-23,luis.torres9291@example.com,3553697423
9292,JURIDICA,NIT,968294703,2,25175,ACTIVO,2026-05-23,contacto9292@example.com,3622155817
9293,JURIDICA,NIT,964596970,4,76520,ACTIVO,2026-05-23,contacto9293@example.com,3080661083
9294,NATURAL,CC,1083534528,,05001,ACTIVO,2026-05-23,enrique.rincon9294@example.com,3860928482
9295,NATURAL,CC,1078627090,,11001,ACTIVO,2026-05-23,oscar.guerrero9295@example.com,3923363935
9296,NATURAL,CC,1068874189,,19001,ACTIVO,2026-05-23,ximena.arango9296@example.com,3350290652
9297,NATURAL,CC,1228707718,,11001,ACTIVO,2026-05-23,,3841406360
9298,NATURAL,CC,1199670610,,76109,ACTIVO,2026-05-25,mercedes.jimenez9298@example.com,3468473568
9299,NATURAL,CC,1070597878,,11001,ACTIVO,2026-05-25,maria.marin9299@example.com,3158874844
9300,NATURAL,CC,1065109353,,08001,ACTIVO,2026-05-25,adriana.duran9300@example.com,3013235915
9301,NATURAL,CC,1191656980,,11001,ACTIVO,2026-05-25,yaneth.jimenez9301@example.com,3289961409
9302,NATURAL,CC,1012994656,,66001,ACTIVO,2026-05-25,,3328087967
9303,NATURAL,CC,1118719809,,11001,ACTIVO,2026-05-25,alvaro.molina9303@example.com,3683158047
9304,NATURAL,CC,1268994075,,11001,ACTIVO,2026-05-25,fernando.ayala9304@example.com,3115718886
9305,NATURAL,CC,1274929851,,50001,INACTIVO,2026-05-25,fernanda.hoyos9305@example.com,3725193535
9306,NATURAL,CC,1023271413,,13001,ACTIVO,2026-05-25,guillermo.lopez9306@example.com,3031853942
9307,NATURAL,CC,1297948309,,47001,ACTIVO,2026-05-25,felipe.mercado9307@example.com,3994135133
9308,NATURAL,CC,1101239519,,11001,ACTIVO,2026-05-25,,3221826441
9309,NATURAL,CC,1155165541,,08758,ACTIVO,2026-05-25,juan.rodriguez9309@example.com,3544095637
9310,NATURAL,CC,1073832320,,11001,ACTIVO,2026-05-26,judith.ardila9310@example.com,3883856366
9311,JURIDICA,NIT,964118108,2,19001,ACTIVO,2026-05-26,contacto9311@example.com,3526527048
9312,JURIDICA,NIT,975640745,1,50001,ACTIVO,2026-05-26,contacto9312@example.com,3941211024
9313,NATURAL,CC,1231907606,,19001,ACTIVO,2026-05-26,,3531200996
9314,NATURAL,CC,1280026793,,20001,ACTIVO,2026-05-26,maria.pena9314@example.com,3385020602
9315,NATURAL,CC,1225494861,,11001,ACTIVO,2026-05-26,edwar.arias9315@example.com,3626537957
9316,NATURAL,CC,1044260002,,11001,ACTIVO,2026-05-26,maria.perdomo9316@example.com,3359262838
9317,NATURAL,CE,416972,,05001,ACTIVO,2026-05-26,,3645389247
9318,NATURAL,CC,1173635037,,76001,INACTIVO,2026-05-26,carlos.ruiz9318@example.com,3197654597
9319,NATURAL,CC,1027285726,,11001,ACTIVO,2026-05-26,,3411068476
9320,NATURAL,CC,1184849499,,66170,ACTIVO,2026-05-26,viviana.bermudez9320@example.com,3037914713
9321,NATURAL,CC,1125831358,,47001,ACTIVO,2026-05-26,constanza.marin9321@example.com,3926348821
9322,NATURAL,CC,1077871671,,76001,ACTIVO,2026-05-26,cecilia.marin9322@example.com,3492714548
9323,NATURAL,CC,1180836966,,11001,ACTIVO,2026-05-26,fernanda.benavides9323@example.com,3627728236
9324,NATURAL,CC,1116720354,,08758,ACTIVO,2026-05-26,carolina.caceres9324@example.com,3101552432
9325,NATURAL,CC,1110508509,,08001,ACTIVO,2026-05-26,mauricio.aguirre9325@example.com,3720017691
9326,NATURAL,CC,1203741712,,11001,ACTIVO,2026-05-26,gloria.caceres9326@example.com,3194397726
9327,NATURAL,CC,1289307888,,52001,ACTIVO,2026-05-26,javier.serna9327@example.com,3276326675
9328,NATURAL,CC,1113185590,,11001,ACTIVO,2026-05-26,gustavo.castro9328@example.com,3230706018
9329,NATURAL,CC,1235682778,,11001,ACTIVO,2026-05-26,jaime.gil9329@example.com,3415139928
9330,NATURAL,CC,1181554758,,08001,ACTIVO,2026-05-27,jaime.osorio9330@example.com,3743356075
9331,NATURAL,CC,1221631508,,11001,ACTIVO,2026-05-27,amparo.mosquera9331@example.com,3920981878
9332,NATURAL,CC,1250916850,,11001,ACTIVO,2026-05-27,diana.ardila9332@example.com,3407514445
9333,NATURAL,CC,1285492365,,11001,ACTIVO,2026-05-27,manuel.roa9333@example.com,3644736364
9334,JURIDICA,NIT,969305870,7,54001,ACTIVO,2026-05-27,contacto9334@example.com,3552864906
9335,NATURAL,CC,1270067561,,05088,ACTIVO,2026-05-27,,3982918226
9336,NATURAL,CC,1126055155,,05088,ACTIVO,2026-05-28,nubia.marin9336@example.com,3843340533
9337,NATURAL,CC,1212148791,,23001,ACTIVO,2026-05-28,juan.pedraza9337@example.com,3584549532
9338,JURIDICA,NIT,978020617,8,76109,ACTIVO,2026-05-28,contacto9338@example.com,3135898617
9339,NATURAL,CC,1278025103,,76001,ACTIVO,2026-05-28,dario.cruz9339@example.com,3355089384
9340,NATURAL,CC,1069468918,,44001,ACTIVO,2026-05-28,gustavo.delgado9340@example.com,3401628730
9341,NATURAL,CC,1209932395,,05001,ACTIVO,2026-05-28,milena.caicedo9341@example.com,3681840990
9342,NATURAL,CC,1111290480,,13001,ACTIVO,2026-05-29,isabel.bolanos9342@example.com,3952423056
9343,NATURAL,CC,1073449466,,11001,ACTIVO,2026-05-29,maria.lopez9343@example.com,3977183190
9344,NATURAL,CC,1178052670,,13001,ACTIVO,2026-05-29,alberto.ortiz9344@example.com,3590469005
9345,NATURAL,CC,1073833736,,68001,ACTIVO,2026-05-29,andres.valencia9345@example.com,3086391719
9346,JURIDICA,NIT,968231086,6,08001,ACTIVO,2026-05-29,contacto9346@example.com,3731594791
9347,NATURAL,CC,1025097565,,17174,ACTIVO,2026-05-29,tatiana.sanchez9347@example.com,3462868837
9348,NATURAL,CC,1229592019,,76001,ACTIVO,2026-05-30,nicolas.chacon9348@example.com,3431871851
9349,NATURAL,CC,1268380941,,08758,ACTIVO,2026-05-30,abelardo.morales9349@example.com,3696630409
9350,NATURAL,CC,1106820729,,54001,ACTIVO,2026-05-30,andrea.lara9350@example.com,3586866513
9351,NATURAL,CC,1224481529,,76001,ACTIVO,2026-05-30,fernanda.carvajal9351@example.com,3609814673
9352,NATURAL,CE,310184,,52001,ACTIVO,2026-05-30,armando.alvarez9352@example.com,3760581963
9353,NATURAL,CC,1055301835,,11001,ACTIVO,2026-05-30,stella.rincon9353@example.com,3437801043
9354,NATURAL,CC,1054517689,,20001,ACTIVO,2026-06-01,aura.ortega9354@example.com,3673961587
9355,NATURAL,CC,1169313622,,76001,ACTIVO,2026-06-01,,3592613792
9356,NATURAL,CC,1167094208,,47001,ACTIVO,2026-06-01,henry.vasquez9356@example.com,3940668389
9357,NATURAL,CC,1089877235,,66001,ACTIVO,2026-06-01,lucia.arias9357@example.com,3820097039
9358,NATURAL,CC,1187463216,,15001,ACTIVO,2026-06-01,sofia.bustos9358@example.com,3616047924
9359,JURIDICA,NIT,968883230,8,76001,ACTIVO,2026-06-01,contacto9359@example.com,3160293980
9360,NATURAL,CC,1068564491,,11001,ACTIVO,2026-06-01,cristian.moreno9360@example.com,3735875629
9361,NATURAL,CC,1264598906,,05001,ACTIVO,2026-06-01,,3473257059
9362,NATURAL,CC,1290691844,,15759,ACTIVO,2026-06-01,diana.velandia9362@example.com,3613727135
9363,NATURAL,CC,1062956106,,47001,ACTIVO,2026-06-01,gloria.arias9363@example.com,3967685227
9364,NATURAL,CC,1127786632,,76109,ACTIVO,2026-06-01,jose.suarez9364@example.com,3319394062
9365,JURIDICA,NIT,969190288,3,05001,ACTIVO,2026-06-02,contacto9365@example.com,3177788464
9366,NATURAL,CC,1232783600,,05001,ACTIVO,2026-06-02,sara.barrios9366@example.com,3442057306
9367,NATURAL,CC,1072192040,,11001,ACTIVO,2026-06-02,andres.granados9367@example.com,3462646881
9368,NATURAL,CC,1160412534,,11001,ACTIVO,2026-06-02,anderson.carrillo9368@example.com,3114785991
9369,NATURAL,CC,1185687670,,11001,ACTIVO,2026-06-02,felipe.lozano9369@example.com,3257950974
9370,NATURAL,CC,1168406429,,11001,ACTIVO,2026-06-02,deiby.barrera9370@example.com,3408315445
9371,NATURAL,PPT,7216013,,11001,ACTIVO,2026-06-02,erika.patino9371@example.com,3029222599
9372,NATURAL,CC,1109671541,,11001,ACTIVO,2026-06-02,diana.torres9372@example.com,3755111142
9373,NATURAL,CC,1104424089,,11001,ACTIVO,2026-06-02,carolina.duque9373@example.com,3373890756
9374,JURIDICA,NIT,982280305,4,11001,ACTIVO,2026-06-02,contacto9374@example.com,3516946272
9375,JURIDICA,NIT,962514434,1,11001,ACTIVO,2026-06-02,contacto9375@example.com,3335948064
9376,NATURAL,CC,1046225058,,66001,ACTIVO,2026-06-03,cesar.quintero9376@example.com,3242999123
9377,NATURAL,CC,1095050068,,13001,ACTIVO,2026-06-03,yasmin.lopez9377@example.com,3930114403
9378,NATURAL,CC,1157434818,,76109,ACTIVO,2026-06-03,carlos.barragan9378@example.com,3998542798
9379,NATURAL,CC,1162607704,,66001,ACTIVO,2026-06-03,,3306474740
9380,NATURAL,CC,1032213309,,11001,ACTIVO,2026-06-03,alfonso.giraldo9380@example.com,3252497843
9381,NATURAL,CC,1140264111,,66001,ACTIVO,2026-06-03,jean.rodriguez9381@example.com,3032247680
9382,NATURAL,CC,1013053786,,11001,ACTIVO,2026-06-03,,3626723589
9383,NATURAL,CC,1129214712,,76520,ACTIVO,2026-06-03,wendy.jaramillo9383@example.com,3395597763
9384,NATURAL,CC,1071978911,,76001,ACTIVO,2026-06-03,marcela.jaimes9384@example.com,3128025200
9385,NATURAL,CE,461531,,76001,ACTIVO,2026-06-04,gerardo.lozano9385@example.com,3605365899
9386,JURIDICA,NIT,984018327,2,17873,ACTIVO,2026-06-04,contacto9386@example.com,3661740820
9387,NATURAL,CC,1034243039,,05615,ACTIVO,2026-06-04,josefina.martinez9387@example.com,3510535462
9388,NATURAL,CC,1157080139,,05001,ACTIVO,2026-06-04,javier.ortiz9388@example.com,3823016176
9389,NATURAL,CE,155973,,11001,ACTIVO,2026-06-04,carlos.espinosa9389@example.com,3927768822
9390,NATURAL,CC,1281118785,,66001,ACTIVO,2026-06-04,fernando.ruiz9390@example.com,3886554598
9391,NATURAL,CC,1257074980,,11001,ACTIVO,2026-06-04,esther.garcia9391@example.com,3860579904
9392,JURIDICA,NIT,975554808,9,11001,ACTIVO,2026-06-04,contacto9392@example.com,3413989973
9393,NATURAL,CC,1231164870,,05001,ACTIVO,2026-06-04,carolina.perez9393@example.com,3953571618
9394,NATURAL,CC,1124025389,,54001,ACTIVO,2026-06-04,andres.marin9394@example.com,3830602679
9395,NATURAL,CC,1170074896,,76001,ACTIVO,2026-06-05,,3481237240
9396,NATURAL,CC,1149483644,,05001,ACTIVO,2026-06-05,mayra.osorio9396@example.com,3179995669
9397,JURIDICA,NIT,967458528,1,13001,ACTIVO,2026-06-05,contacto9397@example.com,3953229827
9398,NATURAL,CC,1241400125,,50001,ACTIVO,2026-06-05,oscar.torres9398@example.com,3170953789
9399,NATURAL,CC,1149279894,,13001,ACTIVO,2026-06-05,manuel.rico9399@example.com,3889452221
9400,NATURAL,CC,1222221080,,11001,ACTIVO,2026-06-06,natalia.rios9400@example.com,3879037589
9401,NATURAL,CC,1058540944,,05360,ACTIVO,2026-06-08,lorena.garcia9401@example.com,3752769970
9402,NATURAL,CC,1154095079,,66001,ACTIVO,2026-06-08,cecilia.rincon9402@example.com,3003926176
9403,NATURAL,CC,1283779888,,54001,ACTIVO,2026-06-08,gregorio.cortes9403@example.com,3995358198
9404,NATURAL,CC,1238349205,,11001,ACTIVO,2026-06-08,maria.vanegas9404@example.com,3557748577
9405,NATURAL,CC,1240612059,,66001,ACTIVO,2026-06-08,armando.romero9405@example.com,3128980063
9406,NATURAL,CC,1013952011,,05088,ACTIVO,2026-06-08,rosario.bermudez9406@example.com,3601470885
9407,NATURAL,CC,1074306638,,05360,ACTIVO,2026-06-08,jose.garcia9407@example.com,3715877826
9408,JURIDICA,NIT,967160773,9,44001,ACTIVO,2026-06-08,contacto9408@example.com,3437283443
9409,NATURAL,CC,1254030887,,47001,ACTIVO,2026-06-08,piedad.padilla9409@example.com,3605146954
9410,NATURAL,CC,1054746817,,13001,ACTIVO,2026-06-08,,3785760904
9411,NATURAL,CC,1144357948,,11001,ACTIVO,2026-06-08,ana.sanchez9411@example.com,3044953784
9412,NATURAL,CC,1156453834,,11001,ACTIVO,2026-06-08,felipe.fajardo9412@example.com,3653736179
9413,NATURAL,CC,1048601342,,08001,INACTIVO,2026-06-08,lucy.bolanos9413@example.com,3635529601
9414,NATURAL,CC,1261709120,,70001,ACTIVO,2026-06-08,yeison.rojas9414@example.com,3861231066
9415,NATURAL,CC,1278601731,,76001,ACTIVO,2026-06-08,,3627834497
9416,NATURAL,CC,1198173329,,81001,ACTIVO,2026-06-08,yeison.castrillon9416@example.com,3133878119
9417,NATURAL,CC,1165132844,,11001,ACTIVO,2026-06-08,cecilia.beltran9417@example.com,3110585321
9418,JURIDICA,NIT,961085547,8,08758,ACTIVO,2026-06-09,contacto9418@example.com,3026074351
9419,NATURAL,CC,1086149424,,70001,ACTIVO,2026-06-09,dora.arboleda9419@example.com,3299911000
9420,NATURAL,CC,1120984419,,54001,ACTIVO,2026-06-09,dora.camargo9420@example.com,3684969949
9421,NATURAL,CC,1025006907,,47001,ACTIVO,2026-06-09,brayan.lopez9421@example.com,3055393956
9422,NATURAL,CC,1276294656,,13001,ACTIVO,2026-06-09,maria.castro9422@example.com,3893204713
9423,NATURAL,CC,1003829602,,76001,ACTIVO,2026-06-09,dayana.gomez9423@example.com,3471558436
9424,NATURAL,CC,1117208780,,50001,ACTIVO,2026-06-09,ines.gomez9424@example.com,3730814569
9425,NATURAL,CC,1161461734,,11001,ACTIVO,2026-06-09,jesus.rodriguez9425@example.com,3383121929
9426,NATURAL,CC,1105827911,,76001,ACTIVO,2026-06-10,mario.murcia9426@example.com,3719580993
9427,NATURAL,CC,1048809686,,08758,ACTIVO,2026-06-10,mary.miranda9427@example.com,3364580692
9428,NATURAL,CC,1265078795,,66001,ACTIVO,2026-06-10,maria.arboleda9428@example.com,3279645966
9429,NATURAL,CC,1008521898,,11001,ACTIVO,2026-06-10,,3610429211
9430,NATURAL,CC,1051711891,,50001,ACTIVO,2026-06-11,,3078963964
9431,JURIDICA,NIT,981948654,5,11001,ACTIVO,2026-06-11,contacto9431@example.com,3654143872
9432,NATURAL,CC,1277929906,,68001,ACTIVO,2026-06-11,cielo.mendez9432@example.com,3979894333
9433,NATURAL,CC,1098907386,,08001,ACTIVO,2026-06-12,luisa.pabon9433@example.com,3011500319
9434,JURIDICA,NIT,962131552,6,76001,ACTIVO,2026-06-12,contacto9434@example.com,3974139618
9435,JURIDICA,NIT,963053961,4,13001,ACTIVO,2026-06-12,contacto9435@example.com,3131516578
9436,NATURAL,CC,1255822317,,66170,ACTIVO,2026-06-12,lorena.martinez9436@example.com,3115862009
9437,NATURAL,CE,470171,,05360,ACTIVO,2026-06-12,,3882930943
9438,NATURAL,CC,1223204297,,11001,ACTIVO,2026-06-12,cecilia.mosquera9438@example.com,3092597498
9439,NATURAL,CE,451063,,11001,ACTIVO,2026-06-12,antonio.andrade9439@example.com,3084571314
9440,JURIDICA,NIT,978957826,2,66170,ACTIVO,2026-06-12,contacto9440@example.com,3101212849
9441,NATURAL,CC,1029258394,,13001,ACTIVO,2026-06-12,,3339480559
9442,NATURAL,CC,1116048545,,11001,ACTIVO,2026-06-12,gabriela.ojeda9442@example.com,3557840011
9443,NATURAL,CC,1077309608,,91001,ACTIVO,2026-06-12,,3407380153
9444,JURIDICA,NIT,963603588,0,11001,ACTIVO,2026-06-12,contacto9444@example.com,3551492820
9445,NATURAL,CC,1245380399,,11001,ACTIVO,2026-06-12,alba.mosquera9445@example.com,3754034054
9446,NATURAL,CC,1097433754,,11001,ACTIVO,2026-06-13,mercedes.lopez9446@example.com,3178810094
9447,NATURAL,CC,1240607727,,50001,ACTIVO,2026-06-13,,3757429182
9448,NATURAL,CC,1292508196,,11001,ACTIVO,2026-06-13,claudia.ortiz9448@example.com,3562611273
9449,NATURAL,CC,1231115038,,54001,ACTIVO,2026-06-13,alfonso.rodriguez9449@example.com,3190649117
9450,NATURAL,CC,1284993665,,15759,ACTIVO,2026-06-13,ivonne.castro9450@example.com,3415656791
9451,NATURAL,CC,1123714653,,08001,ACTIVO,2026-06-13,jorge.ortega9451@example.com,3578841965
9452,JURIDICA,NIT,983511369,1,76001,ACTIVO,2026-06-13,contacto9452@example.com,3776902583
9453,NATURAL,CC,1005622702,,11001,ACTIVO,2026-06-13,maria.sepulveda9453@example.com,3936529034
9454,NATURAL,CC,1032422965,,11001,ACTIVO,2026-06-13,gabriel.mora9454@example.com,3780284319
9455,NATURAL,CC,1146796977,,54001,ACTIVO,2026-06-15,manuel.perez9455@example.com,3860846385
9456,NATURAL,CC,1236081552,,13001,ACTIVO,2026-06-15,luis.gomez9456@example.com,3471023352
9457,NATURAL,CC,1166376992,,11001,ACTIVO,2026-06-15,andrea.daza9457@example.com,3659146248
9458,NATURAL,CC,1290865566,,95001,ACTIVO,2026-06-15,lucia.rosero9458@example.com,3246457166
9459,NATURAL,CC,1271545433,,11001,ACTIVO,2026-06-15,fernanda.ardila9459@example.com,3274967499
9460,NATURAL,CC,1263380842,,11001,ACTIVO,2026-06-15,,3581365190
9461,NATURAL,CC,1063297873,,50001,ACTIVO,2026-06-15,laura.henao9461@example.com,3856528207
9462,NATURAL,CC,1214142832,,13430,ACTIVO,2026-06-15,eva.forero9462@example.com,3830092879
9463,NATURAL,CC,1198600056,,13001,ACTIVO,2026-06-15,alvaro.mosquera9463@example.com,3051941521
9464,NATURAL,CC,1031470722,,05001,ACTIVO,2026-06-15,kelly.villamizar9464@example.com,3049975286
9465,NATURAL,CC,1204055297,,11001,INACTIVO,2026-06-15,vanessa.vargas9465@example.com,3936989906
9466,NATURAL,CC,1162420101,,05001,ACTIVO,2026-06-15,edna.sanchez9466@example.com,3859890457
9467,NATURAL,CC,1128714442,,63001,ACTIVO,2026-06-15,,3130165058
9468,NATURAL,CC,1068758095,,17001,ACTIVO,2026-06-16,,3075863004
9469,NATURAL,CC,1181021925,,08001,ACTIVO,2026-06-16,elena.murillo9469@example.com,3670625894
9470,JURIDICA,NIT,986595760,1,08001,ACTIVO,2026-06-16,contacto9470@example.com,3749956798
9471,JURIDICA,NIT,967553544,6,76109,ACTIVO,2026-06-16,contacto9471@example.com,3072043248
9472,NATURAL,CC,1115148419,,91001,ACTIVO,2026-06-16,yineth.bravo9472@example.com,3155915534
9473,JURIDICA,NIT,975918325,7,76520,ACTIVO,2026-06-16,contacto9473@example.com,3979333206
9474,NATURAL,PA,LT8999061,,76001,ACTIVO,2026-06-16,ignacio.ruiz9474@example.com,3265059801
9475,NATURAL,CE,522211,,54001,ACTIVO,2026-06-16,esther.fonseca9475@example.com,3332414232
9476,JURIDICA,NIT,967068519,1,11001,ACTIVO,2026-06-17,contacto9476@example.com,3284888308
9477,NATURAL,CC,1033691442,,11001,ACTIVO,2026-06-17,elizabeth.florez9477@example.com,3749462024
9478,JURIDICA,NIT,981227078,9,08758,ACTIVO,2026-06-17,contacto9478@example.com,3801171901
9479,NATURAL,CC,1185351445,,05001,ACTIVO,2026-06-17,alfonso.sandoval9479@example.com,3847705338
9480,JURIDICA,NIT,964821717,2,05001,ACTIVO,2026-06-17,contacto9480@example.com,3959777123
9481,NATURAL,CE,981056,,20001,ACTIVO,2026-06-17,,3320547175
9482,NATURAL,CC,1133360595,,11001,ACTIVO,2026-06-17,leon.vargas9482@example.com,3881601116
9483,NATURAL,CC,1281784696,,11001,ACTIVO,2026-06-17,martha.torres9483@example.com,3202702910
9484,JURIDICA,NIT,975143479,5,76001,ACTIVO,2026-06-17,contacto9484@example.com,3388629793
9485,NATURAL,CC,1013475836,,11001,ACTIVO,2026-06-17,andres.diaz9485@example.com,3899159554
9486,NATURAL,CC,1194938379,,68276,ACTIVO,2026-06-18,john.guerra9486@example.com,3608636381
9487,NATURAL,CC,1234108637,,76001,ACTIVO,2026-06-18,rosalba.valencia9487@example.com,3744986181
9488,NATURAL,CC,1284186878,,54001,ACTIVO,2026-06-18,fernando.caballero9488@example.com,3286429728
9489,JURIDICA,NIT,961058403,1,15238,ACTIVO,2026-06-18,contacto9489@example.com,3045652055
9490,JURIDICA,NIT,969989228,2,15759,ACTIVO,2026-06-18,contacto9490@example.com,3222664804
9491,NATURAL,CC,1025184597,,17001,ACTIVO,2026-06-18,eduardo.gonzalez9491@example.com,3866635579
9492,NATURAL,CC,1188790866,,76520,ACTIVO,2026-06-18,julio.barrera9492@example.com,3068706814
9493,NATURAL,CC,1234886903,,11001,ACTIVO,2026-06-18,william.prieto9493@example.com,3491122712
9494,NATURAL,CC,1136466758,,11001,ACTIVO,2026-06-18,patricia.diaz9494@example.com,3195885439
9495,NATURAL,CC,1106160987,,66170,ACTIVO,2026-06-18,maria.contreras9495@example.com,3118661339
9496,NATURAL,CC,1136142872,,11001,ACTIVO,2026-06-18,claudia.diaz9496@example.com,3905129022
9497,JURIDICA,NIT,983229604,1,54001,ACTIVO,2026-06-19,contacto9497@example.com,3533340154
9498,NATURAL,CC,1079737535,,11001,ACTIVO,2026-06-19,fernando.jaramillo9498@example.com,3518165629
9499,NATURAL,CC,1232178018,,05001,ACTIVO,2026-06-19,estiven.torres9499@example.com,3747949442
9500,JURIDICA,NIT,960704628,1,52001,ACTIVO,2026-06-19,contacto9500@example.com,3937279909
9501,NATURAL,CC,1242715905,,47001,ACTIVO,2026-06-19,patricia.hernandez9501@example.com,3229047347
9502,NATURAL,CC,1288750470,,50001,ACTIVO,2026-06-20,angie.nunez9502@example.com,3948138670
9503,JURIDICA,NIT,961116011,7,08758,ACTIVO,2026-06-20,contacto9503@example.com,3763813477
9504,NATURAL,CC,1245543010,,11001,ACTIVO,2026-06-20,yeison.rodriguez9504@example.com,3718061591
9505,NATURAL,CC,1080278993,,11001,ACTIVO,2026-06-20,judith.garcia9505@example.com,3032619274
9506,JURIDICA,NIT,962238189,6,05001,ACTIVO,2026-06-20,contacto9506@example.com,3168567201
9507,NATURAL,CC,1299166976,,11001,ACTIVO,2026-06-20,,3406680635
9508,NATURAL,CC,1129495663,,25126,ACTIVO,2026-06-22,nancy.duran9508@example.com,3095191041
9509,NATURAL,CE,441205,,66001,ACTIVO,2026-06-22,esther.rojas9509@example.com,3771627029
9510,NATURAL,CC,1095049319,,54001,ACTIVO,2026-06-22,marlen.molina9510@example.com,3242356345
9511,NATURAL,CC,1138275834,,19001,ACTIVO,2026-06-22,gladys.quintero9511@example.com,3675717304
9512,NATURAL,CC,1050671029,,11001,ACTIVO,2026-06-22,,3418694731
9513,NATURAL,CC,1252193803,,13001,ACTIVO,2026-06-22,jose.murillo9513@example.com,3992194473
9514,NATURAL,CC,1020710696,,15238,ACTIVO,2026-06-22,horacio.gutierrez9514@example.com,3194069614
9515,NATURAL,CC,1189652254,,20001,ACTIVO,2026-06-22,daniel.gomez9515@example.com,3607565525
9516,NATURAL,CC,1289331424,,20001,ACTIVO,2026-06-22,andres.bolivar9516@example.com,3930685994
9517,NATURAL,CC,1174570027,,66170,ACTIVO,2026-06-22,camilo.barrera9517@example.com,3803334541
9518,NATURAL,CC,1156234983,,11001,ACTIVO,2026-06-22,ruben.ortiz9518@example.com,3678810112
9519,NATURAL,CC,1169795065,,68001,ACTIVO,2026-06-23,elena.castrillon9519@example.com,3734571696
9520,JURIDICA,NIT,981095396,8,68001,ACTIVO,2026-06-23,contacto9520@example.com,3197791401
9521,JURIDICA,NIT,967198636,2,11001,ACTIVO,2026-06-23,contacto9521@example.com,3099811170
9522,JURIDICA,NIT,989209844,7,13001,ACTIVO,2026-06-23,contacto9522@example.com,3059219965
9523,NATURAL,CC,1232420316,,11001,ACTIVO,2026-06-23,henry.ortega9523@example.com,3421703161
9524,NATURAL,CC,1230082148,,66001,ACTIVO,2026-06-24,cristina.lozano9524@example.com,3653653517
9525,NATURAL,CC,1197613510,,27001,ACTIVO,2026-06-24,carlos.barbosa9525@example.com,3206567257
9526,NATURAL,CC,1099563312,,08001,ACTIVO,2026-06-24,antonio.munoz9526@example.com,3256650701
9527,NATURAL,CC,1286849257,,11001,ACTIVO,2026-06-24,pedro.osorio9527@example.com,3384976532
9528,NATURAL,CC,1010699208,,05088,INACTIVO,2026-06-24,hector.perea9528@example.com,3627530339
9529,NATURAL,CC,1211261148,,11001,ACTIVO,2026-06-24,elisa.osorio9529@example.com,3726118821
9530,JURIDICA,NIT,962070541,2,08758,ACTIVO,2026-06-24,contacto9530@example.com,3009554082
9531,NATURAL,CC,1234567249,,11001,ACTIVO,2026-06-24,,3894385208
9532,NATURAL,CC,1264261922,,76001,ACTIVO,2026-06-24,mauricio.chaparro9532@example.com,3748717059
9533,NATURAL,CC,1079733969,,11001,ACTIVO,2026-06-25,elkin.zapata9533@example.com,3379782036
9534,NATURAL,CC,1197176699,,17001,ACTIVO,2026-06-25,margarita.morales9534@example.com,3963304900
9535,NATURAL,CC,1102386474,,05088,ACTIVO,2026-06-25,andrea.hernandez9535@example.com,3061478390
9536,NATURAL,CC,1158219849,,11001,ACTIVO,2026-06-25,milena.ramos9536@example.com,3027661863
9537,NATURAL,CC,1141569064,,08758,ACTIVO,2026-06-25,isabel.rodriguez9537@example.com,3609200721
9538,NATURAL,CC,1144439770,,08758,ACTIVO,2026-06-25,jose.giraldo9538@example.com,3916405971
9539,NATURAL,CE,208749,,11001,ACTIVO,2026-06-25,carlos.sanabria9539@example.com,3515321474
9540,NATURAL,CC,1263986458,,11001,ACTIVO,2026-06-25,yaneth.zuluaga9540@example.com,3662281754
9541,NATURAL,CC,1222652773,,68001,ACTIVO,2026-06-26,marcos.mendoza9541@example.com,3952579726
9542,NATURAL,CC,1038479848,,05001,ACTIVO,2026-06-26,rafael.maldonado9542@example.com,3583551084
9543,NATURAL,CC,1045697672,,11001,ACTIVO,2026-06-26,rosario.pena9543@example.com,3562172847
9544,NATURAL,CC,1248105408,,11001,ACTIVO,2026-06-26,isabel.vega9544@example.com,3059001986
9545,NATURAL,CC,1257273719,,05088,ACTIVO,2026-06-26,maria.acevedo9545@example.com,3222295431
9546,NATURAL,CC,1014020082,,25126,ACTIVO,2026-06-26,jose.betancur9546@example.com,3633158897
9547,NATURAL,CC,1052568121,,50001,INACTIVO,2026-06-26,ana.arias9547@example.com,3914731169
9548,NATURAL,CC,1146455776,,76001,ACTIVO,2026-06-26,juan.ramos9548@example.com,3541048772
9549,NATURAL,CC,1051935384,,70001,ACTIVO,2026-06-26,magda.murcia9549@example.com,3650891340
9550,JURIDICA,NIT,989834215,4,11001,ACTIVO,2026-06-26,contacto9550@example.com,3877358825
9551,JURIDICA,NIT,983974132,1,18001,ACTIVO,2026-06-26,contacto9551@example.com,3106209099
9552,NATURAL,CC,1009107576,,11001,ACTIVO,2026-06-26,felipe.montes9552@example.com,3546506025
9553,NATURAL,CC,1096778629,,05001,ACTIVO,2026-06-26,,3960338387
9554,NATURAL,CC,1016465829,,05001,ACTIVO,2026-06-27,jorge.ospino9554@example.com,3469002598
9555,NATURAL,CC,1106233889,,68276,ACTIVO,2026-06-27,gloria.benavides9555@example.com,3581621732
9556,JURIDICA,NIT,961401338,1,11001,ACTIVO,2026-06-27,contacto9556@example.com,3482331451
9557,JURIDICA,NIT,983668304,8,15759,ACTIVO,2026-06-27,contacto9557@example.com,3269002399
9558,NATURAL,CC,1297374400,,19001,ACTIVO,2026-06-29,fabio.rojas9558@example.com,3254297105
9559,JURIDICA,NIT,972124847,0,11001,ACTIVO,2026-06-29,contacto9559@example.com,3421024254
9560,NATURAL,CC,1146570552,,50001,ACTIVO,2026-06-29,johanna.vargas9560@example.com,3142870493
9561,JURIDICA,NIT,988983767,2,68276,ACTIVO,2026-06-29,contacto9561@example.com,3006719441
9562,NATURAL,CC,1184709003,,68001,ACTIVO,2026-06-29,janneth.marin9562@example.com,3539706519
9563,NATURAL,CC,1063854452,,11001,ACTIVO,2026-06-29,miguel.correa9563@example.com,3453648411
9564,NATURAL,CC,1147229627,,20001,ACTIVO,2026-06-29,edgar.quintero9564@example.com,3750413947
9565,NATURAL,CC,1059965463,,05001,ACTIVO,2026-06-29,tatiana.guerrero9565@example.com,3450847235
9566,NATURAL,CC,1227979868,,76001,ACTIVO,2026-06-29,carolina.marquez9566@example.com,3043083433
9567,JURIDICA,NIT,974439961,2,08001,ACTIVO,2026-06-29,contacto9567@example.com,3476490227
9568,NATURAL,CC,1278405818,,47001,ACTIVO,2026-06-29,maria.gonzalez9568@example.com,3860299713
9569,NATURAL,CC,1212524183,,47001,ACTIVO,2026-06-29,andres.marin9569@example.com,3245579375
9570,NATURAL,CE,542622,,23001,ACTIVO,2026-06-30,clara.rosero9570@example.com,3818729060
9571,NATURAL,CC,1185523620,,17001,ACTIVO,2026-06-30,marcela.mosquera9571@example.com,3665072048
9572,NATURAL,CC,1140924171,,08001,ACTIVO,2026-06-30,nelly.jaramillo9572@example.com,3850138408
9573,NATURAL,CC,1198726610,,68276,ACTIVO,2026-06-30,miller.gomez9573@example.com,3103503055
9574,NATURAL,CC,1198457259,,47001,ACTIVO,2026-06-30,maria.lopez9574@example.com,3665676907
9575,NATURAL,CC,1066752759,,11001,ACTIVO,2026-06-30,jhonny.estrada9575@example.com,3374266796
9576,NATURAL,CC,1233534010,,08758,ACTIVO,2026-06-30,maria.gonzalez9576@example.com,3939378732
9577,NATURAL,CC,1149725366,,11001,ACTIVO,2026-06-30,juan.gomez9577@example.com,3513706822
9578,NATURAL,CC,1185729783,,13001,ACTIVO,2026-07-01,patricia.ramirez9578@example.com,3415822560
9579,JURIDICA,NIT,961958361,2,11001,ACTIVO,2026-07-01,contacto9579@example.com,3297847921
9580,NATURAL,CC,1167947377,,76109,ACTIVO,2026-07-01,tatiana.amaya9580@example.com,3953884939
9581,NATURAL,CC,1272323582,,73001,ACTIVO,2026-07-01,juliana.molano9581@example.com,3837833909
9582,NATURAL,CC,1049780064,,66001,ACTIVO,2026-07-01,juan.ruiz9582@example.com,3581497239
9583,NATURAL,CC,1217419266,,05088,ACTIVO,2026-07-01,luz.manrique9583@example.com,3983586521
9584,JURIDICA,NIT,969842735,3,20001,ACTIVO,2026-07-01,contacto9584@example.com,3816037864
9585,NATURAL,CC,1004141187,,76109,ACTIVO,2026-07-01,maria.padilla9585@example.com,3037483298
9586,JURIDICA,NIT,963717420,2,11001,ACTIVO,2026-07-01,contacto9586@example.com,3502951489
9587,NATURAL,CC,1220839795,,11001,ACTIVO,2026-07-01,paola.garzon9587@example.com,3069342262
9588,NATURAL,CC,1019222680,,68001,ACTIVO,2026-07-01,leidy.pena9588@example.com,3591790036
9589,NATURAL,CC,1115912334,,76001,ACTIVO,2026-07-01,leonor.parra9589@example.com,3711513709
9590,JURIDICA,NIT,988189187,5,11001,ACTIVO,2026-07-01,contacto9590@example.com,3668513291
9591,NATURAL,CC,1112797520,,13001,ACTIVO,2026-07-01,tatiana.mercado9591@example.com,3990790383
9592,NATURAL,CC,1024957398,,11001,ACTIVO,2026-07-02,javier.gonzalez9592@example.com,3560094896
9593,NATURAL,CC,1152120861,,08758,ACTIVO,2026-07-02,antonio.leal9593@example.com,3121811294
9594,NATURAL,CC,1142334343,,20001,ACTIVO,2026-07-02,john.duque9594@example.com,3481782760
9595,NATURAL,CC,1077724940,,05001,ACTIVO,2026-07-02,mercedes.perez9595@example.com,3632658751
9596,NATURAL,CC,1000204276,,08001,ACTIVO,2026-07-02,,3486863575
9597,JURIDICA,NIT,965319635,9,11001,ACTIVO,2026-07-02,contacto9597@example.com,3891428860
9598,NATURAL,CC,1123114930,,76520,ACTIVO,2026-07-02,azucena.pena9598@example.com,3543324573
9599,NATURAL,CC,1294212264,,73001,ACTIVO,2026-07-02,edison.camacho9599@example.com,3100031730
9600,NATURAL,CC,1153795736,,52001,ACTIVO,2026-07-02,jhoan.rosero9600@example.com,3324597069
9601,NATURAL,CC,1123048701,,66001,ACTIVO,2026-07-02,andres.bustos9601@example.com,3907748403
9602,NATURAL,CC,1135130375,,11001,ACTIVO,2026-07-03,liliana.trujillo9602@example.com,3753577874
9603,JURIDICA,NIT,963477668,0,50001,ACTIVO,2026-07-03,contacto9603@example.com,3656496332
9604,NATURAL,CC,1107151297,,70001,ACTIVO,2026-07-03,orlando.vargas9604@example.com,3787435210
9605,NATURAL,CC,1286848902,,76001,ACTIVO,2026-07-03,,3309153205
9606,NATURAL,CC,1276633492,,50001,ACTIVO,2026-07-03,jairo.castillo9606@example.com,3319607231
9607,NATURAL,CC,1092631598,,76001,ACTIVO,2026-07-03,ernesto.marin9607@example.com,3494982104
9608,NATURAL,CC,1163532285,,05001,ACTIVO,2026-07-03,sandra.rodriguez9608@example.com,3372574426
9609,NATURAL,CC,1069638455,,66001,ACTIVO,2026-07-03,angie.gonzalez9609@example.com,3208645163
9610,JURIDICA,NIT,961861644,3,52001,ACTIVO,2026-07-03,contacto9610@example.com,3052086879
9611,NATURAL,CC,1052864791,,68001,ACTIVO,2026-07-03,daniela.palacios9611@example.com,3024322077
9612,NATURAL,CC,1109634511,,13001,ACTIVO,2026-07-04,johana.suarez9612@example.com,3616108133
9613,JURIDICA,NIT,987955939,1,66001,ACTIVO,2026-07-04,contacto9613@example.com,3099612865
9614,NATURAL,CC,1237836435,,23001,ACTIVO,2026-07-04,angel.londono9614@example.com,3224940910
9615,JURIDICA,NIT,986245292,3,13001,ACTIVO,2026-07-04,contacto9615@example.com,3527507163
9616,NATURAL,CC,1181784522,,11001,ACTIVO,2026-07-04,carmen.alvarado9616@example.com,3711366389
9617,NATURAL,CC,1277615705,,11001,ACTIVO,2026-07-04,,3102086041
9618,NATURAL,CC,1158695308,,05001,ACTIVO,2026-07-04,antonio.orozco9618@example.com,3867350563
9619,NATURAL,CC,1140965612,,66001,ACTIVO,2026-07-04,amanda.serna9619@example.com,3225410956
9620,NATURAL,CE,824557,,11001,ACTIVO,2026-07-04,enrique.gaitan9620@example.com,3153763022
9621,NATURAL,CC,1279121697,,13001,ACTIVO,2026-07-04,efren.quiroga9621@example.com,3060687982
9622,NATURAL,CC,1052556213,,08001,ACTIVO,2026-07-04,maria.gallego9622@example.com,3779718235
9623,NATURAL,CC,1251624469,,08758,ACTIVO,2026-07-04,cecilia.nino9623@example.com,3606145016
9624,NATURAL,CC,1137830526,,08001,ACTIVO,2026-07-06,carlos.alfonso9624@example.com,3011686381
9625,NATURAL,CC,1235691494,,11001,ACTIVO,2026-07-06,amparo.mantilla9625@example.com,3696703497
9626,NATURAL,PPT,7749174,,76001,ACTIVO,2026-07-06,ramon.martinez9626@example.com,3676318602
9627,JURIDICA,NIT,975848915,1,68001,ACTIVO,2026-07-06,contacto9627@example.com,3786644701
9628,NATURAL,CC,1298994052,,11001,ACTIVO,2026-07-06,,3888384541
9629,NATURAL,CC,1155224851,,11001,ACTIVO,2026-07-06,enrique.gomez9629@example.com,3820099526
9630,NATURAL,CC,1248335860,,85001,ACTIVO,2026-07-06,cecilia.gutierrez9630@example.com,3291861398
9631,NATURAL,CC,1292114963,,25175,ACTIVO,2026-07-06,claudia.munoz9631@example.com,3627184757
9632,NATURAL,CC,1249195843,,47001,ACTIVO,2026-07-07,andrea.salcedo9632@example.com,3859725531
9633,NATURAL,CC,1203664860,,08758,ACTIVO,2026-07-07,juan.perez9633@example.com,3430159465
9634,JURIDICA,NIT,984988051,6,05001,ACTIVO,2026-07-07,contacto9634@example.com,3455299541
9635,NATURAL,CC,1214433272,,11001,ACTIVO,2026-07-07,juan.pardo9635@example.com,3480663407
9636,NATURAL,CC,1268709753,,11001,ACTIVO,2026-07-07,alexander.ramirez9636@example.com,3542442922
9637,NATURAL,CC,1160342544,,41001,ACTIVO,2026-07-07,oliva.barrera9637@example.com,3070581732
9638,NATURAL,CC,1247669416,,68001,ACTIVO,2026-07-07,andrea.parra9638@example.com,3453748929
9639,NATURAL,CC,1058844227,,11001,ACTIVO,2026-07-08,andres.bautista9639@example.com,3838179404
9640,JURIDICA,NIT,987770991,8,54001,ACTIVO,2026-07-08,contacto9640@example.com,3536370363
9641,JURIDICA,NIT,982005786,6,13001,ACTIVO,2026-07-08,contacto9641@example.com,3583197400
9642,JURIDICA,NIT,971130149,9,76001,ACTIVO,2026-07-08,contacto9642@example.com,3710372433
9643,NATURAL,CC,1141177520,,47001,ACTIVO,2026-07-08,adriana.jimenez9643@example.com,3864997436
9644,NATURAL,CC,1238391820,,76001,ACTIVO,2026-07-08,,3949582224
9645,NATURAL,CC,1281099811,,08001,ACTIVO,2026-07-09,isabel.garcia9645@example.com,3807960308
9646,NATURAL,PPT,2049403,,11001,ACTIVO,2026-07-09,lorena.santos9646@example.com,3767923455
9647,NATURAL,CC,1268289202,,17001,ACTIVO,2026-07-09,sandra.bernal9647@example.com,3083960502
9648,NATURAL,CC,1119724889,,76001,ACTIVO,2026-07-09,tatiana.blanco9648@example.com,3073971118
9649,NATURAL,CC,1116999314,,66001,ACTIVO,2026-07-09,juan.meza9649@example.com,3330564439
9650,NATURAL,CC,1041415034,,76001,ACTIVO,2026-07-09,claudia.murillo9650@example.com,3209055133
9651,NATURAL,CC,1075753531,,11001,ACTIVO,2026-07-09,claudia.suarez9651@example.com,3860220776
9652,NATURAL,CC,1167584982,,11001,ACTIVO,2026-07-10,milena.monsalve9652@example.com,3716331618
9653,NATURAL,CC,1131742579,,76001,ACTIVO,2026-07-10,darwin.moreno9653@example.com,3554876705
9654,NATURAL,CC,1184488910,,11001,ACTIVO,2026-07-10,jenny.prada9654@example.com,3810487196
9655,NATURAL,PA,BW2457844,,11001,ACTIVO,2026-07-10,gloria.garces9655@example.com,3292772017
9656,NATURAL,CC,1087640330,,05088,ACTIVO,2026-07-10,leandro.carrillo9656@example.com,3177838138
9657,NATURAL,CC,1162273201,,11001,ACTIVO,2026-07-10,andres.carrillo9657@example.com,3740988868
9658,JURIDICA,NIT,974043001,6,76001,ACTIVO,2026-07-10,contacto9658@example.com,3841522719
9659,NATURAL,CC,1128921079,,19001,ACTIVO,2026-07-10,magaly.gonzalez9659@example.com,3577680382
9660,NATURAL,CC,1045727928,,25269,ACTIVO,2026-07-10,juan.guzman9660@example.com,3919562827
9661,NATURAL,CC,1047623849,,76109,ACTIVO,2026-07-10,ricardo.parra9661@example.com,3769845621
9662,NATURAL,CC,1015763878,,08001,ACTIVO,2026-07-11,natalia.sepulveda9662@example.com,3322232084
9663,NATURAL,CC,1074689959,,11001,ACTIVO,2026-07-11,diana.riascos9663@example.com,3675461986
9664,NATURAL,CC,1166377787,,76001,ACTIVO,2026-07-11,,3464011786
9665,NATURAL,CC,1222097836,,11001,ACTIVO,2026-07-11,,3925862945
9666,NATURAL,CE,855247,,11001,ACTIVO,2026-07-11,cristian.garcia9666@example.com,3494574102
9667,NATURAL,CC,1181795744,,13001,ACTIVO,2026-07-11,,3011468812
9668,NATURAL,CC,1054042891,,05001,ACTIVO,2026-07-13,andres.sanchez9668@example.com,3768230412
9669,NATURAL,CC,1234989257,,54001,ACTIVO,2026-07-13,gabriel.mosquera9669@example.com,3155427437
9670,NATURAL,CC,1009121994,,47001,ACTIVO,2026-07-13,gloria.martinez9670@example.com,3302391934
9671,NATURAL,CC,1218825498,,11001,ACTIVO,2026-07-13,johana.diaz9671@example.com,3444653448
9672,NATURAL,CC,1020184958,,17001,ACTIVO,2026-07-13,,3038714875
9673,NATURAL,CC,1168078615,,11001,ACTIVO,2026-07-13,diego.martinez9673@example.com,3799990258
9674,NATURAL,CC,1040849096,,11001,ACTIVO,2026-07-13,karina.rojas9674@example.com,3540189449
9675,NATURAL,CC,1030969368,,66170,ACTIVO,2026-07-13,david.moreno9675@example.com,3588328699
9676,NATURAL,CC,1167571044,,76834,ACTIVO,2026-07-13,manuel.herrera9676@example.com,3422306821
9677,NATURAL,CC,1021723789,,11001,ACTIVO,2026-07-13,miguel.vargas9677@example.com,3072700045
9678,JURIDICA,NIT,977408610,0,08001,ACTIVO,2026-07-13,contacto9678@example.com,3694847315
9679,NATURAL,CC,1292460409,,11001,ACTIVO,2026-07-13,,3627699258
9680,NATURAL,CC,1067622122,,05360,ACTIVO,2026-07-13,carlos.caro9680@example.com,3428292057
9681,NATURAL,CC,1285587230,,11001,ACTIVO,2026-07-13,,3295935923
9682,JURIDICA,NIT,980784302,9,41001,ACTIVO,2026-07-13,contacto9682@example.com,3761300572
9683,NATURAL,CC,1054781559,,11001,ACTIVO,2026-07-13,mauricio.cabrera9683@example.com,3489429248
9684,NATURAL,CC,1075624787,,76001,ACTIVO,2026-07-14,emilio.galindo9684@example.com,3532031573
9685,NATURAL,CC,1158789716,,76001,ACTIVO,2026-07-14,maria.guerra9685@example.com,3425499448
9686,NATURAL,CE,194080,,11001,ACTIVO,2026-07-14,liliana.castro9686@example.com,3628012256
9687,NATURAL,CC,1277264959,,11001,ACTIVO,2026-07-14,lorena.valencia9687@example.com,3005245033
9688,NATURAL,CC,1045476928,,11001,ACTIVO,2026-07-14,oscar.delgado9688@example.com,3366163876
9689,JURIDICA,NIT,982531544,6,76834,ACTIVO,2026-07-14,contacto9689@example.com,3813377044
9690,NATURAL,CC,1043725630,,11001,ACTIVO,2026-07-14,lucia.torres9690@example.com,3404005268
9691,NATURAL,CC,1089324030,,05266,ACTIVO,2026-07-14,angie.estrada9691@example.com,3529330550
9692,NATURAL,CC,1255255457,,11001,ACTIVO,2026-07-15,,3256092104
9693,NATURAL,CC,1203798851,,11001,ACTIVO,2026-07-15,diego.moreno9693@example.com,3299642106
9694,NATURAL,CC,1210308605,,66001,ACTIVO,2026-07-15,jorge.henao9694@example.com,3430812795
9695,NATURAL,CC,1151320351,,68276,ACTIVO,2026-07-15,carlos.jimenez9695@example.com,3202355240
9696,NATURAL,CC,1057621601,,05360,ACTIVO,2026-07-15,gustavo.galvis9696@example.com,3662734690
9697,NATURAL,CC,1035920402,,70001,ACTIVO,2026-07-16,,3814721187
9698,NATURAL,CC,1269771421,,05001,ACTIVO,2026-07-16,bibiana.sanchez9698@example.com,3003207264
9699,NATURAL,CC,1178605841,,70001,ACTIVO,2026-07-16,,3158799678
9700,JURIDICA,NIT,988971415,3,50001,ACTIVO,2026-07-16,contacto9700@example.com,3896353508
9701,NATURAL,CC,1060689508,,76001,ACTIVO,2026-07-16,ana.rojas9701@example.com,3041072868
9702,JURIDICA,NIT,987303977,2,08001,ACTIVO,2026-07-16,contacto9702@example.com,3819357167
9703,NATURAL,CC,1224690518,,76001,ACTIVO,2026-07-17,orlando.caballero9703@example.com,3383774559
9704,NATURAL,CC,1193521458,,76001,INACTIVO,2026-07-17,,3100991245
9705,NATURAL,CC,1067349931,,76520,ACTIVO,2026-07-17,patricia.molina9705@example.com,3571159586
9706,JURIDICA,NIT,961373613,1,86001,ACTIVO,2026-07-17,contacto9706@example.com,3669867345
9707,NATURAL,CC,1226630353,,76001,ACTIVO,2026-07-17,monica.rios9707@example.com,3181264022
9708,JURIDICA,NIT,969472747,3,13001,ACTIVO,2026-07-17,contacto9708@example.com,3428054629
9709,NATURAL,CC,1191205354,,52001,ACTIVO,2026-07-17,,3096308168
9710,NATURAL,CC,1094827991,,50001,ACTIVO,2026-07-17,hernando.valencia9710@example.com,3234830565
9711,NATURAL,CC,1080818532,,08758,ACTIVO,2026-07-18,alberto.munoz9711@example.com,3477227121
9712,NATURAL,CC,1287294512,,05360,ACTIVO,2026-07-18,leonel.corredor9712@example.com,3489605151
9713,NATURAL,CC,1215845047,,23001,ACTIVO,2026-07-18,,3645896257
9714,NATURAL,CC,1221394356,,76109,ACTIVO,2026-07-18,tatiana.munoz9714@example.com,3345495688
9715,NATURAL,CC,1240294214,,08758,ACTIVO,2026-07-20,rosa.leal9715@example.com,3135707370
9716,NATURAL,CC,1154804243,,15238,ACTIVO,2026-07-20,paola.santos9716@example.com,3387405896
9717,NATURAL,CC,1250878530,,05088,ACTIVO,2026-07-20,alexander.meneses9717@example.com,3271557252
9718,NATURAL,CC,1195276399,,54001,ACTIVO,2026-07-20,willian.toro9718@example.com,3803932420
9719,NATURAL,CC,1161085978,,47001,ACTIVO,2026-07-20,paola.valencia9719@example.com,3808150084
9720,NATURAL,CC,1282047942,,76520,ACTIVO,2026-07-20,carlos.betancur9720@example.com,3247636932
9721,NATURAL,CC,1120135283,,25126,ACTIVO,2026-07-20,laura.cardenas9721@example.com,3748574308
9722,NATURAL,CC,1285245566,,11001,ACTIVO,2026-07-20,andres.torres9722@example.com,3578851141
9723,NATURAL,CC,1196245426,,11001,ACTIVO,2026-07-20,olga.molano9723@example.com,3193111618
9724,NATURAL,CC,1073192693,,70001,ACTIVO,2026-07-20,ruby.mendez9724@example.com,3208496134
9725,NATURAL,CC,1256445500,,54001,ACTIVO,2026-07-20,,3242355021
9726,JURIDICA,NIT,976020093,1,05001,ACTIVO,2026-07-20,contacto9726@example.com,3815536666
9727,NATURAL,CC,1237284882,,08758,ACTIVO,2026-07-20,gladys.jimenez9727@example.com,3752916667
9728,JURIDICA,NIT,981574601,9,08001,ACTIVO,2026-07-20,contacto9728@example.com,3762284689
9729,NATURAL,CC,1034573730,,76834,ACTIVO,2026-07-20,rosalba.duarte9729@example.com,3388060873
9730,NATURAL,CC,1136609991,,11001,ACTIVO,2026-07-21,sofia.castaneda9730@example.com,3946455528
9731,NATURAL,CC,1057247256,,11001,ACTIVO,2026-07-21,armando.morales9731@example.com,3946630574
9732,NATURAL,CC,1048242193,,05001,ACTIVO,2026-07-21,armando.escobar9732@example.com,3045083720
9733,NATURAL,CC,1213545559,,11001,ACTIVO,2026-07-21,olga.polo9733@example.com,3427791409
9734,NATURAL,CC,1125392100,,73001,ACTIVO,2026-07-21,luis.giraldo9734@example.com,3772858725
9735,NATURAL,CC,1208951021,,76001,ACTIVO,2026-07-22,adela.marin9735@example.com,3375491048
9736,JURIDICA,NIT,981207671,1,68276,ACTIVO,2026-07-22,contacto9736@example.com,3045648954
9737,JURIDICA,NIT,966414175,2,76001,ACTIVO,2026-07-22,contacto9737@example.com,3736266515
9738,JURIDICA,NIT,982788073,2,20001,ACTIVO,2026-07-22,contacto9738@example.com,3141046273
9739,NATURAL,CC,1001663132,,20001,INACTIVO,2026-07-23,ines.martinez9739@example.com,3251309157
9740,JURIDICA,NIT,968477383,5,13001,ACTIVO,2026-07-23,contacto9740@example.com,3320133318
9741,NATURAL,CC,1119511376,,73001,ACTIVO,2026-07-23,helena.vallejo9741@example.com,3422986406
9742,NATURAL,CC,1299898436,,50001,ACTIVO,2026-07-23,lucia.martinez9742@example.com,3119745942
9743,NATURAL,CC,1176819165,,11001,ACTIVO,2026-07-23,esperanza.polo9743@example.com,3748830689
9744,NATURAL,CC,1118045629,,20001,ACTIVO,2026-07-23,lucia.castro9744@example.com,3659063771
9745,NATURAL,CC,1161672788,,73001,ACTIVO,2026-07-23,,3825877294
9746,NATURAL,CC,1252523716,,68001,ACTIVO,2026-07-23,ariel.valderrama9746@example.com,3646949681
9747,NATURAL,CC,1230924472,,05088,ACTIVO,2026-07-24,francisco.paez9747@example.com,3604043345
9748,NATURAL,CC,1080180657,,08758,ACTIVO,2026-07-24,luis.gomez9748@example.com,3013570964
9749,NATURAL,CC,1028379508,,11001,ACTIVO,2026-07-24,alexis.morales9749@example.com,3190246609
9750,JURIDICA,NIT,966976046,1,11001,ACTIVO,2026-07-24,contacto9750@example.com,3053695293
9751,NATURAL,CC,1129347225,,08001,ACTIVO,2026-07-24,diego.moreno9751@example.com,3345706291
9752,NATURAL,CC,1238764525,,11001,ACTIVO,2026-07-25,,3272713824
9753,NATURAL,CC,1015970049,,08001,INACTIVO,2026-07-25,jhon.gonzalez9753@example.com,3312546500
9754,NATURAL,CC,1060235178,,11001,ACTIVO,2026-07-25,yamile.salcedo9754@example.com,3433739830
9755,NATURAL,CC,1236330507,,11001,ACTIVO,2026-07-25,,3838441894
9756,NATURAL,CC,1051587723,,66170,ACTIVO,2026-07-25,jeison.moreno9756@example.com,3744390734
9757,JURIDICA,NIT,980587698,5,11001,ACTIVO,2026-07-25,contacto9757@example.com,3950036944
9758,JURIDICA,NIT,984577896,9,47001,ACTIVO,2026-07-27,contacto9758@example.com,3524808456
9759,JURIDICA,NIT,977852458,1,17001,ACTIVO,2026-07-27,contacto9759@example.com,3012015330
9760,NATURAL,CE,481191,,20001,ACTIVO,2026-07-27,,3274133535
9761,NATURAL,CC,1060955377,,27001,ACTIVO,2026-07-27,maria.forero9761@example.com,3036650440
9762,NATURAL,CC,1216714280,,11001,ACTIVO,2026-07-27,carolina.molina9762@example.com,3153242153
9763,NATURAL,CC,1231445895,,66001,ACTIVO,2026-07-27,ferney.rangel9763@example.com,3853041885
9764,NATURAL,CC,1044835895,,11001,ACTIVO,2026-07-27,vanessa.escobar9764@example.com,3164775915
9765,NATURAL,CC,1037018340,,11001,ACTIVO,2026-07-27,jose.prada9765@example.com,3453641902
9766,NATURAL,CC,1031813310,,73001,ACTIVO,2026-07-27,francy.mendoza9766@example.com,3453956226
9767,JURIDICA,NIT,978158284,2,11001,ACTIVO,2026-07-27,contacto9767@example.com,3010235701
9768,JURIDICA,NIT,972104590,8,08001,ACTIVO,2026-07-28,contacto9768@example.com,3644638127
9769,JURIDICA,NIT,980784108,6,68001,ACTIVO,2026-07-28,contacto9769@example.com,3538663149
9770,NATURAL,CC,1253610049,,11001,ACTIVO,2026-07-28,jesus.castellanos9770@example.com,3794552209
9771,NATURAL,CC,1019606334,,70001,ACTIVO,2026-07-28,martha.guerra9771@example.com,3040300087
9772,NATURAL,CC,1080252965,,66001,ACTIVO,2026-07-28,jorge.silva9772@example.com,3076981375
9773,NATURAL,CC,1002750610,,05001,ACTIVO,2026-07-29,deicy.mena9773@example.com,3423371124
9774,NATURAL,CC,1277647595,,54001,ACTIVO,2026-07-29,camilo.sandoval9774@example.com,3799057998
9775,NATURAL,CC,1090612371,,11001,ACTIVO,2026-07-29,josefina.mena9775@example.com,3499660478
9776,NATURAL,CC,1091530220,,11001,ACTIVO,2026-07-29,mariela.torres9776@example.com,3989121450
9777,NATURAL,CC,1297742081,,52001,ACTIVO,2026-07-30,fabian.ramirez9777@example.com,3538488935
9778,NATURAL,CC,1020677911,,11001,ACTIVO,2026-07-30,juan.bolanos9778@example.com,3895894987
9779,NATURAL,CC,1231432802,,13001,ACTIVO,2026-07-30,,3496664747
9780,JURIDICA,NIT,962496782,1,11001,ACTIVO,2026-07-31,contacto9780@example.com,3905083897
9781,NATURAL,PPT,2484526,,50001,ACTIVO,2026-07-31,erika.meneses9781@example.com,3950075481
9782,NATURAL,CC,1011549513,,11001,ACTIVO,2026-07-31,milena.fonseca9782@example.com,3611612403
9783,JURIDICA,NIT,972524968,1,52001,ACTIVO,2026-07-31,contacto9783@example.com,3636318108
9784,NATURAL,CC,1147955862,,23001,ACTIVO,2026-07-31,mauricio.tovar9784@example.com,3974076981
9785,NATURAL,CC,1048317556,,11001,ACTIVO,2026-07-31,antonio.gomez9785@example.com,3499449968
9786,NATURAL,CC,1191982217,,11001,ACTIVO,2026-07-31,alexander.mosquera9786@example.com,3984346744
9787,NATURAL,CC,1234782111,,08758,ACTIVO,2026-07-31,carolina.arias9787@example.com,3950664028
9788,NATURAL,CC,1040392841,,11001,ACTIVO,2026-08-01,jose.diaz9788@example.com,3413432073
9789,NATURAL,CC,1048024829,,47001,ACTIVO,2026-08-01,yenny.castrillon9789@example.com,3413381007
9790,NATURAL,CC,1053580633,,95001,ACTIVO,2026-08-01,janeth.hernandez9790@example.com,3111401867
9791,NATURAL,CC,1201612487,,05088,ACTIVO,2026-08-01,daniela.ruiz9791@example.com,3394618835
9792,NATURAL,CC,1203239332,,76001,ACTIVO,2026-08-01,carlos.rodriguez9792@example.com,3325508111
9793,NATURAL,CC,1152483330,,11001,ACTIVO,2026-08-01,paula.pabon9793@example.com,3294444427
9794,NATURAL,CC,1088376261,,05615,ACTIVO,2026-08-01,maribel.nino9794@example.com,3651466392
9795,NATURAL,CC,1012997404,,05001,ACTIVO,2026-08-03,lorena.acevedo9795@example.com,3270508324
9796,NATURAL,CC,1121481587,,17001,ACTIVO,2026-08-03,paola.barrios9796@example.com,3370489784
9797,NATURAL,CC,1081127018,,05360,ACTIVO,2026-08-03,sebastian.acevedo9797@example.com,3122515636
9798,NATURAL,CC,1073581944,,66001,ACTIVO,2026-08-03,alberto.osorio9798@example.com,3730825770
9799,NATURAL,CC,1213815703,,17174,ACTIVO,2026-08-03,ibeth.lopez9799@example.com,3114910707
9800,NATURAL,CC,1177747238,,08001,ACTIVO,2026-08-03,julian.rojas9800@example.com,3598332465
9801,JURIDICA,NIT,985625696,2,13001,ACTIVO,2026-08-03,contacto9801@example.com,3823046165
9802,NATURAL,CC,1110914743,,11001,ACTIVO,2026-08-03,libardo.arenas9802@example.com,3168151095
9803,NATURAL,CC,1215643419,,13001,ACTIVO,2026-08-03,,3975489619
9804,JURIDICA,NIT,961152872,4,11001,ACTIVO,2026-08-03,contacto9804@example.com,3566417529
9805,NATURAL,CC,1220135938,,73001,ACTIVO,2026-08-04,andrea.bermudez9805@example.com,3488218364
9806,JURIDICA,NIT,965218565,8,08001,ACTIVO,2026-08-04,contacto9806@example.com,3995924750
9807,NATURAL,CC,1067290552,,11001,ACTIVO,2026-08-04,,3413703767
9808,NATURAL,CC,1203291488,,05001,ACTIVO,2026-08-04,carolina.vega9808@example.com,3627190886
9809,JURIDICA,NIT,963140822,1,05001,ACTIVO,2026-08-04,contacto9809@example.com,3774480198
9810,NATURAL,CC,1143927857,,13001,ACTIVO,2026-08-04,,3472805381
9811,NATURAL,CC,1131280427,,11001,ACTIVO,2026-08-04,jesus.posada9811@example.com,3120365688
9812,NATURAL,CC,1004417610,,11001,ACTIVO,2026-08-04,edinson.sanchez9812@example.com,3868976632
9813,NATURAL,CC,1020170954,,05001,ACTIVO,2026-08-05,manuel.lopez9813@example.com,3684961862
9814,NATURAL,CC,1087389180,,25269,ACTIVO,2026-08-05,olga.daza9814@example.com,3671724604
9815,JURIDICA,NIT,974967540,1,68001,ACTIVO,2026-08-05,contacto9815@example.com,3326238510
9816,NATURAL,CC,1247855414,,47001,ACTIVO,2026-08-05,alexis.gonzalez9816@example.com,3894782644
9817,NATURAL,CC,1080558642,,18001,ACTIVO,2026-08-05,jorge.mosquera9817@example.com,3552591477
9818,NATURAL,CC,1123193747,,13001,ACTIVO,2026-08-05,luis.morales9818@example.com,3504597234
9819,NATURAL,CC,1243534142,,13001,ACTIVO,2026-08-05,sonia.martinez9819@example.com,3399719678
9820,NATURAL,CC,1075373200,,76001,ACTIVO,2026-08-05,armando.diaz9820@example.com,3697520175
9821,NATURAL,CC,1163331894,,11001,ACTIVO,2026-08-05,andres.londono9821@example.com,3923534594
9822,NATURAL,CC,1030752944,,76834,ACTIVO,2026-08-05,yenny.contreras9822@example.com,3302538654
9823,NATURAL,CC,1224261254,,11001,ACTIVO,2026-08-05,irma.suarez9823@example.com,3269177995
9824,NATURAL,CC,1270747262,,11001,ACTIVO,2026-08-05,henry.leon9824@example.com,3744267969
9825,NATURAL,CC,1238864781,,13001,ACTIVO,2026-08-05,irma.munoz9825@example.com,3145373217
9826,NATURAL,CC,1125918980,,20001,ACTIVO,2026-08-05,ivan.chacon9826@example.com,3565006196
9827,NATURAL,CC,1039427006,,47001,ACTIVO,2026-08-06,maria.munoz9827@example.com,3431025112
9828,NATURAL,CC,1083350989,,08001,ACTIVO,2026-08-06,maria.acosta9828@example.com,3071869245
9829,NATURAL,CC,1094673326,,05360,ACTIVO,2026-08-06,,3282155764
9830,NATURAL,CC,1283433527,,13001,ACTIVO,2026-08-06,,3166583429
9831,NATURAL,CC,1050142880,,05001,ACTIVO,2026-08-06,luis.rodriguez9831@example.com,3627987419
9832,NATURAL,CC,1260490468,,41001,ACTIVO,2026-08-06,danna.perea9832@example.com,3313677815
9833,NATURAL,CC,1075569786,,44001,ACTIVO,2026-08-07,carolina.garcia9833@example.com,3069837031
9834,NATURAL,CC,1085521623,,11001,ACTIVO,2026-08-07,felipe.melo9834@example.com,3000130487
9835,NATURAL,CC,1225541967,,11001,ACTIVO,2026-08-07,dayana.gonzalez9835@example.com,3266643029
9836,NATURAL,CE,342738,,13001,ACTIVO,2026-08-07,carlos.forero9836@example.com,3351174211
9837,NATURAL,CC,1059288508,,20001,ACTIVO,2026-08-07,,3683323880
9838,JURIDICA,NIT,965934588,8,08758,ACTIVO,2026-08-07,contacto9838@example.com,3977933342
9839,JURIDICA,NIT,975610843,7,86001,ACTIVO,2026-08-07,contacto9839@example.com,3162528548
9840,NATURAL,CC,1015925767,,19001,ACTIVO,2026-08-07,andrea.leal9840@example.com,3788651885
9841,NATURAL,CC,1192832112,,73001,ACTIVO,2026-08-07,,3605520177
9842,NATURAL,CC,1295378568,,08758,ACTIVO,2026-08-08,andres.medina9842@example.com,3136408610
9843,NATURAL,CC,1193868104,,17174,ACTIVO,2026-08-08,paola.rodriguez9843@example.com,3375585733
9844,NATURAL,CC,1248185825,,11001,ACTIVO,2026-08-08,mauricio.reyes9844@example.com,3968866625
9845,NATURAL,CC,1254720669,,11001,ACTIVO,2026-08-08,alfonso.alvarez9845@example.com,3327849969
9846,NATURAL,CC,1026601409,,05360,ACTIVO,2026-08-08,fernando.acevedo9846@example.com,3447215520
9847,JURIDICA,NIT,978913871,5,08758,ACTIVO,2026-08-08,contacto9847@example.com,3505623004
9848,NATURAL,CC,1021376282,,20001,ACTIVO,2026-08-08,jhon.gaviria9848@example.com,3052207558
9849,NATURAL,CC,1064850710,,08758,ACTIVO,2026-08-08,carmen.perez9849@example.com,3502426487
9850,JURIDICA,NIT,986638120,2,08001,ACTIVO,2026-08-08,contacto9850@example.com,3770318474
9851,NATURAL,CC,1116843509,,11001,ACTIVO,2026-08-08,lilia.bernal9851@example.com,3884892655
9852,NATURAL,CC,1267068271,,11001,ACTIVO,2026-08-10,nelsy.valderrama9852@example.com,3698835284
9853,NATURAL,CC,1257478178,,11001,ACTIVO,2026-08-10,,3515266059
9854,NATURAL,CC,1100808791,,76520,ACTIVO,2026-08-10,paola.moreno9854@example.com,3403697610
9855,JURIDICA,NIT,967027646,3,76001,ACTIVO,2026-08-10,contacto9855@example.com,3974071791
9856,NATURAL,CC,1294612047,,05001,ACTIVO,2026-08-10,paola.silva9856@example.com,3883989567
9857,NATURAL,CC,1130522638,,05001,ACTIVO,2026-08-10,esteban.hernandez9857@example.com,3821242233
9858,NATURAL,CC,1161260423,,08001,ACTIVO,2026-08-10,sebastian.munoz9858@example.com,3950307750
9859,NATURAL,CC,1121792440,,13001,ACTIVO,2026-08-10,andrea.martinez9859@example.com,3920180663
9860,NATURAL,CC,1269181217,,11001,ACTIVO,2026-08-10,luis.ospina9860@example.com,3141190505
9861,NATURAL,CC,1275492616,,11001,ACTIVO,2026-08-10,edgar.ortiz9861@example.com,3012924639
9862,JURIDICA,NIT,987130872,4,11001,ACTIVO,2026-08-10,contacto9862@example.com,3913600631
9863,NATURAL,CE,752427,,05001,ACTIVO,2026-08-10,claudia.campo9863@example.com,3178693893
9864,NATURAL,CC,1291533674,,25269,ACTIVO,2026-08-10,ernesto.padilla9864@example.com,3548630095
9865,NATURAL,CC,1234149675,,11001,ACTIVO,2026-08-10,fernando.valencia9865@example.com,3586319689
9866,NATURAL,CC,1071938250,,13430,ACTIVO,2026-08-10,eva.hurtado9866@example.com,3822788694
9867,NATURAL,CC,1257588469,,76109,ACTIVO,2026-08-10,eliana.gomez9867@example.com,3372520123
9868,NATURAL,CC,1156218291,,05001,ACTIVO,2026-08-10,oswaldo.hernandez9868@example.com,3037251999
9869,NATURAL,CC,1142244331,,05001,ACTIVO,2026-08-10,dario.parra9869@example.com,3579438273
9870,NATURAL,PPT,5558651,,44001,ACTIVO,2026-08-10,maria.munoz9870@example.com,3908262671
9871,NATURAL,CC,1039673061,,05001,ACTIVO,2026-08-10,manuela.barrios9871@example.com,3521825599
9872,NATURAL,CC,1218828028,,11001,ACTIVO,2026-08-10,,3138696230
9873,NATURAL,CC,1184300655,,76001,ACTIVO,2026-08-10,geovanny.gomez9873@example.com,3826780265
9874,JURIDICA,NIT,967805443,3,76109,ACTIVO,2026-08-10,contacto9874@example.com,3447985430
9875,NATURAL,CC,1174428715,,81001,ACTIVO,2026-08-10,maria.suarez9875@example.com,3604692281
9876,NATURAL,CC,1277208085,,11001,ACTIVO,2026-08-10,,3666825540
9877,NATURAL,CC,1181592241,,13001,ACTIVO,2026-08-10,maria.torres9877@example.com,3445871939
9878,NATURAL,CC,1013108424,,66001,ACTIVO,2026-08-11,fredy.ospina9878@example.com,3600987130
9879,NATURAL,CC,1056795162,,66170,ACTIVO,2026-08-11,amanda.patino9879@example.com,3704191995
9880,NATURAL,CC,1065126429,,66170,ACTIVO,2026-08-11,johana.sarmiento9880@example.com,3182466723
9881,NATURAL,CC,1242448370,,08001,ACTIVO,2026-08-11,amparo.suarez9881@example.com,3264266372
9882,NATURAL,CC,1232758582,,05001,ACTIVO,2026-08-12,,3882244178
9883,NATURAL,CC,1115951682,,08001,ACTIVO,2026-08-12,eugenia.gallego9883@example.com,3151882084
9884,NATURAL,CC,1228740049,,54001,ACTIVO,2026-08-12,elizabeth.cuesta9884@example.com,3069415304
9885,JURIDICA,NIT,964018157,4,11001,ACTIVO,2026-08-12,contacto9885@example.com,3834676194
9886,JURIDICA,NIT,962398932,8,05001,ACTIVO,2026-08-12,contacto9886@example.com,3026259231
9887,NATURAL,CC,1111293176,,25269,ACTIVO,2026-08-12,,3022606160
9888,NATURAL,CC,1118087896,,54001,ACTIVO,2026-08-12,dina.rodriguez9888@example.com,3706122427
9889,NATURAL,CC,1033681845,,11001,ACTIVO,2026-08-12,nestor.galeano9889@example.com,3244635380
9890,NATURAL,CC,1045864192,,11001,ACTIVO,2026-08-12,yulieth.alvarez9890@example.com,3020624055
9891,NATURAL,CC,1169354270,,11001,ACTIVO,2026-08-13,amanda.perez9891@example.com,3660989917
9892,NATURAL,CC,1052641476,,76001,ACTIVO,2026-08-13,johanna.marquez9892@example.com,3471659507
9893,NATURAL,CC,1136964866,,08758,ACTIVO,2026-08-13,esmeralda.luna9893@example.com,3922940733
9894,NATURAL,CC,1215783257,,68001,ACTIVO,2026-08-13,samuel.ruiz9894@example.com,3081171691
9895,NATURAL,CC,1237556086,,68276,ACTIVO,2026-08-13,ibeth.salcedo9895@example.com,3708807891
9896,NATURAL,CE,807541,,52001,ACTIVO,2026-08-13,,3264232089
9897,JURIDICA,NIT,982241656,8,11001,ACTIVO,2026-08-14,contacto9897@example.com,3007478190
9898,NATURAL,CC,1085279206,,68276,ACTIVO,2026-08-14,kelly.ariza9898@example.com,3397805480
9899,NATURAL,CC,1285381516,,11001,ACTIVO,2026-08-14,alexander.navarro9899@example.com,3887599516
9900,NATURAL,CC,1186078006,,13001,ACTIVO,2026-08-14,cesar.gonzalez9900@example.com,3057149695
9901,NATURAL,CC,1136785969,,05001,ACTIVO,2026-08-14,alberto.munoz9901@example.com,3440644711
9902,NATURAL,CC,1073104240,,76001,ACTIVO,2026-08-14,martha.buitrago9902@example.com,3726603263
9903,NATURAL,CC,1069365979,,76001,ACTIVO,2026-08-14,carolina.gonzalez9903@example.com,3727535041
9904,NATURAL,CC,1125599801,,05001,ACTIVO,2026-08-14,carlos.loaiza9904@example.com,3492314370
9905,NATURAL,CC,1253701129,,08758,ACTIVO,2026-08-15,alexander.rojas9905@example.com,3705161280
9906,JURIDICA,NIT,977937282,7,11001,ACTIVO,2026-08-15,contacto9906@example.com,3093290512
9907,NATURAL,CC,1024550610,,76001,ACTIVO,2026-08-15,,3646685968
9908,NATURAL,CC,1186439843,,08758,ACTIVO,2026-08-15,alfonso.gonzalez9908@example.com,3501147173
9909,NATURAL,CC,1203492872,,05001,ACTIVO,2026-08-15,andrea.padilla9909@example.com,3402993128
9910,NATURAL,CC,1167436319,,11001,ACTIVO,2026-08-15,emilse.corredor9910@example.com,3883728730
9911,NATURAL,CC,1038615331,,05360,ACTIVO,2026-08-15,david.patino9911@example.com,3444328225
9912,NATURAL,CC,1106428176,,05001,ACTIVO,2026-08-15,,3841237899
9913,NATURAL,CC,1289779230,,13001,ACTIVO,2026-08-15,jose.herrera9913@example.com,3629374682
9914,NATURAL,CC,1015349285,,11001,ACTIVO,2026-08-15,leonor.rodriguez9914@example.com,3670708776
9915,NATURAL,CC,1117073388,,47001,ACTIVO,2026-08-17,jacqueline.molina9915@example.com,3973906316
9916,NATURAL,CC,1090251111,,47001,ACTIVO,2026-08-17,carolina.lara9916@example.com,3202322163
9917,JURIDICA,NIT,964345355,8,08758,ACTIVO,2026-08-17,contacto9917@example.com,3349960434
9918,NATURAL,CC,1164329145,,44001,ACTIVO,2026-08-17,efrain.duarte9918@example.com,3827870417
9919,NATURAL,CC,1120552362,,68276,ACTIVO,2026-08-17,francisco.duran9919@example.com,3548637547
9920,NATURAL,CC,1246699946,,54001,ACTIVO,2026-08-17,alix.castellanos9920@example.com,3272025308
9921,NATURAL,CC,1214226562,,11001,ACTIVO,2026-08-17,fernanda.jaimes9921@example.com,3214110283
9922,JURIDICA,NIT,961570593,7,50001,ACTIVO,2026-08-17,contacto9922@example.com,3706621073
9923,NATURAL,CC,1062723097,,76001,ACTIVO,2026-08-17,,3872502417
9924,JURIDICA,NIT,981721251,5,54001,ACTIVO,2026-08-17,contacto9924@example.com,3812057580
9925,NATURAL,CC,1234450475,,05001,ACTIVO,2026-08-17,james.munoz9925@example.com,3319647004
9926,NATURAL,CC,1107763438,,08758,ACTIVO,2026-08-17,nury.morales9926@example.com,3884839473
9927,NATURAL,CC,1069121645,,05266,ACTIVO,2026-08-17,lizeth.arias9927@example.com,3251202717
9928,NATURAL,CC,1217917690,,11001,ACTIVO,2026-08-18,alexander.herrera9928@example.com,3717337400
9929,NATURAL,CC,1074138563,,13001,ACTIVO,2026-08-18,sandra.molina9929@example.com,3007901088
9930,JURIDICA,NIT,971087360,3,41001,ACTIVO,2026-08-18,contacto9930@example.com,3009996615
9931,NATURAL,CC,1191054770,,11001,ACTIVO,2026-08-18,,3673533982
9932,NATURAL,CC,1009348369,,05001,ACTIVO,2026-08-18,elkin.ortega9932@example.com,3790912649
9933,NATURAL,CC,1110219371,,76109,ACTIVO,2026-08-18,kelly.rodriguez9933@example.com,3475971717
9934,JURIDICA,NIT,978176595,4,11001,ACTIVO,2026-08-19,contacto9934@example.com,3651099708
9935,NATURAL,CC,1045522257,,76834,ACTIVO,2026-08-19,esmeralda.perez9935@example.com,3245619577
9936,NATURAL,CC,1266775388,,76001,ACTIVO,2026-08-20,claudia.gomez9936@example.com,3804778760
9937,NATURAL,CC,1132097486,,76001,ACTIVO,2026-08-20,juan.renteria9937@example.com,3418866531
9938,NATURAL,CC,1032288442,,11001,ACTIVO,2026-08-20,fernando.vega9938@example.com,3226260301
9939,NATURAL,CC,1243760604,,05001,ACTIVO,2026-08-20,carlos.ramos9939@example.com,3915736174
9940,NATURAL,CC,1203775645,,11001,ACTIVO,2026-08-21,ana.barbosa9940@example.com,3877750788
9941,JURIDICA,NIT,966709126,9,11001,ACTIVO,2026-08-21,contacto9941@example.com,3350527774
9942,NATURAL,CC,1298398900,,11001,ACTIVO,2026-08-21,lorena.barrera9942@example.com,3287009109
9943,NATURAL,CC,1126431074,,08758,ACTIVO,2026-08-21,janeth.morales9943@example.com,3940828264
9944,NATURAL,CC,1274835132,,20001,ACTIVO,2026-08-21,fabian.ochoa9944@example.com,3665035459
9945,NATURAL,CE,359197,,23001,ACTIVO,2026-08-21,juan.angarita9945@example.com,3725312233
9946,NATURAL,CC,1296265400,,05001,ACTIVO,2026-08-22,tatiana.pena9946@example.com,3597292882
9947,NATURAL,CC,1066256047,,54001,ACTIVO,2026-08-22,andres.morales9947@example.com,3559248416
9948,NATURAL,CC,1188951940,,05001,ACTIVO,2026-08-22,yair.torres9948@example.com,3799708489
9949,JURIDICA,NIT,988576318,3,23001,ACTIVO,2026-08-22,contacto9949@example.com,3389623112
9950,NATURAL,CC,1139040490,,05266,ACTIVO,2026-08-22,enrique.perez9950@example.com,3129910564
9951,NATURAL,CC,1163621078,,05001,ACTIVO,2026-08-24,,3586729162
9952,NATURAL,CC,1085792490,,47001,ACTIVO,2026-08-24,stiven.molina9952@example.com,3158943283
9953,NATURAL,CC,1160690783,,11001,ACTIVO,2026-08-24,alejandra.cordoba9953@example.com,3356793817
9954,NATURAL,CC,1254620315,,05001,ACTIVO,2026-08-24,albeiro.medina9954@example.com,3818903222
9955,NATURAL,CC,1213315337,,66001,ACTIVO,2026-08-24,alexandra.andrade9955@example.com,3551415589
9956,NATURAL,CC,1234196150,,11001,ACTIVO,2026-08-24,,3520068112
9957,NATURAL,CE,178861,,11001,ACTIVO,2026-08-24,fernando.ojeda9957@example.com,3216126538
9958,NATURAL,CC,1093258473,,11001,ACTIVO,2026-08-25,claudia.bedoya9958@example.com,3571544295
9959,JURIDICA,NIT,973493745,3,54001,ACTIVO,2026-08-25,contacto9959@example.com,3320212342
9960,NATURAL,CC,1228403229,,23001,ACTIVO,2026-08-25,giovanny.torres9960@example.com,3234816153
9961,JURIDICA,NIT,985692966,1,11001,ACTIVO,2026-08-25,contacto9961@example.com,3927864217
9962,NATURAL,CC,1231645612,,76001,ACTIVO,2026-08-26,ana.jaimes9962@example.com,3957111894
9963,NATURAL,CC,1151445487,,11001,ACTIVO,2026-08-26,lorena.sanabria9963@example.com,3207237528
9964,NATURAL,CC,1065134863,,11001,ACTIVO,2026-08-26,luis.arenas9964@example.com,3707185241
9965,NATURAL,CC,1213584575,,11001,ACTIVO,2026-08-26,,3774302837
9966,NATURAL,CC,1286602544,,05001,ACTIVO,2026-08-26,miriam.paez9966@example.com,3338837150
9967,NATURAL,CC,1090164685,,05001,ACTIVO,2026-08-26,maria.caballero9967@example.com,3407147171
9968,NATURAL,CC,1216398459,,23001,ACTIVO,2026-08-26,angel.parra9968@example.com,3454444694
9969,NATURAL,CC,1059489565,,76001,ACTIVO,2026-08-27,socorro.quintero9969@example.com,3438861274
9970,NATURAL,CC,1224499275,,11001,ACTIVO,2026-08-27,andrea.salazar9970@example.com,3329261713
9971,NATURAL,CC,1089956534,,11001,ACTIVO,2026-08-27,estefania.moreno9971@example.com,3403593236
9972,NATURAL,CC,1064977239,,11001,ACTIVO,2026-08-27,natalia.gaviria9972@example.com,3914906479
9973,NATURAL,CC,1081209502,,66001,ACTIVO,2026-08-28,nelson.rodriguez9973@example.com,3507654342
9974,NATURAL,CC,1068927169,,13001,ACTIVO,2026-08-28,luisa.salamanca9974@example.com,3560587050
9975,NATURAL,CC,1208116415,,13001,ACTIVO,2026-08-28,jorge.cortes9975@example.com,3162408265
9976,NATURAL,CC,1169041940,,50001,ACTIVO,2026-08-28,karina.cortes9976@example.com,3984130955
9977,NATURAL,CC,1010254346,,18001,ACTIVO,2026-08-28,jhon.caicedo9977@example.com,3669810472
9978,NATURAL,CC,1272728169,,13001,ACTIVO,2026-08-28,jose.arango9978@example.com,3497687758
9979,JURIDICA,NIT,975977361,4,73001,ACTIVO,2026-08-28,contacto9979@example.com,3434478325
9980,NATURAL,CC,1218158431,,05001,ACTIVO,2026-08-29,maria.delgado9980@example.com,3808688472
9981,JURIDICA,NIT,974257199,4,08001,ACTIVO,2026-08-29,contacto9981@example.com,3421491659
9982,NATURAL,CC,1145774621,,76001,ACTIVO,2026-08-29,jose.contreras9982@example.com,3877930611
9983,NATURAL,CE,410017,,20001,ACTIVO,2026-08-29,laura.paez9983@example.com,3851033651
9984,JURIDICA,NIT,962765854,6,76520,ACTIVO,2026-08-29,contacto9984@example.com,3707849277
9985,NATURAL,CC,1101501767,,20001,ACTIVO,2026-08-29,carlos.gonzalez9985@example.com,3173899172
9986,NATURAL,CC,1224911360,,13001,ACTIVO,2026-08-29,carlos.suarez9986@example.com,3971185439
9987,NATURAL,CC,1272390484,,05001,ACTIVO,2026-08-29,denis.jimenez9987@example.com,3468847266
9988,NATURAL,CC,1253359800,,11001,ACTIVO,2026-08-31,milena.perez9988@example.com,3704411223
9989,NATURAL,CC,1262045118,,11001,ACTIVO,2026-08-31,jhon.vanegas9989@example.com,3545249617
9990,NATURAL,CC,1036981788,,11001,ACTIVO,2026-08-31,luz.gonzales9990@example.com,3950466782
9991,NATURAL,CC,1021424787,,47001,ACTIVO,2026-08-31,carlos.martinez9991@example.com,3817494799
9992,NATURAL,CC,1238896837,,05088,ACTIVO,2026-08-31,fabian.alarcon9992@example.com,3975027030
9993,NATURAL,CC,1076343447,,11001,ACTIVO,2026-08-31,rafael.quintero9993@example.com,3277002652
9994,NATURAL,CC,1249036213,,11001,ACTIVO,2026-08-31,francisco.aguilar9994@example.com,3230488029
9995,NATURAL,CC,1292516117,,08001,ACTIVO,2026-08-31,carlos.morales9995@example.com,3947850293
9996,NATURAL,CC,1185525148,,76834,ACTIVO,2026-08-31,,3288076799
9997,NATURAL,CC,1018381928,,66001,ACTIVO,2026-08-31,orlando.mejia9997@example.com,3810527282
9998,NATURAL,CC,1080023231,,05001,ACTIVO,2026-08-31,luz.bautista9998@example.com,3508822126
9999,NATURAL,CC,1051815751,,11001,ACTIVO,2026-08-31,lucia.meza9999@example.com,3812035437
10000,NATURAL,CC,1174065447,,11001,ACTIVO,2026-08-31,carmen.bolivar10000@example.com,3683201546
