cliente_id,nombres,apellidos,fecha_nacimiento
1,Isabel,Londoño Hernández,1979-05-27
2,Andrés,Zapata Castellanos,1975-05-14
3,Antonio,Palacios Lozano,1980-11-01
7,Sebastián Luz,Alzate Morales,1986-08-14
8,Dario Humberto,Olaya González,1978-08-17
10,Alexander,Quintero Bedoya,1970-01-26
11,Mayra,Gallego Ortiz,1989-10-21
12,Luis,Barrios Ramos,1969-08-22
13,Luis,Sandoval Arrieta,1952-03-08
15,José,Manrique Guevara,1981-05-17
16,Yeison,Hernández Vélez,1979-01-15
17,Edith Álvaro,Rodríguez Henao,1971-12-25
18,Jairo Daniel,Sánchez Durán,1985-05-05
19,Martha,Rojas Ruiz,1946-01-13
20,Carlos,Barreto Castillo,1944-06-11
21,Enith Andrea,Caicedo Delgado,1973-09-06
22,Amalia Patricia,Galvis Hoyos,1989-05-04
23,Lina,Meza Guzmán,1975-02-27
25,Esther,Cardona Quintero,1943-04-26
26,Ángela,Ibarra Ramos,1993-06-02
27,Alejandra,Murillo Muñoz,1981-08-23
28,Adriana,Rodríguez Cárdenas,1977-05-30
30,Eduardo Vladimir,Ángel Bastidas,1988-11-29
31,Silvia Fernando,Hernández López,1967-02-05
32,Johana,Martínez Pérez,1956-05-08
33,Amelia Carolina,Díaz Becerra,1944-10-18
34,Dubán Estela,Serrano Caicedo,1971-12-24
36,Esperanza Edwin,Contreras Angulo,1943-07-04
37,Eduardo,Hernández Galvis,1954-09-12
38,María,González González,1968-01-18
39,Lorena Estela,Ramírez Cardona,1986-07-06
40,Sara Diana,Camargo Delgado,1972-06-22
41,Brayan Johan,Quintero García,1957-05-25
42,David Iván,Caicedo Ospina,1985-10-01
43,Jhon Yolanda,Sierra Martínez,1977-05-18
44,Luis Yecid,Pérez Arias,1957-02-18
45,Andrés,Fernández Gómez,1952-07-26
46,Susana Ana,Méndez Rodríguez,1985-12-03
47,Beatriz Enrique,Gómez Rojas,1953-02-05
48,José Augusto,Durán Ariza,1955-11-23
51,María,Jaimes González,1973-06-08
52,Fredy,Andrade Bonilla,1982-03-11
53,Norberto,Quintero Sánchez,1968-04-29
54,Carlos,Parra Ospina,1969-12-04
55,Dario,Ruiz López,1953-10-24
56,José,Martínez Morales,1946-02-07
57,Gabriela,Hoyos Pedraza,1974-07-18
58,Miryam,Ochoa López,1960-04-13
59,José,Daza Rodríguez,1965-08-08
60,Mario Óscar,Cruz Zuluaga,1975-07-24
61,Andrés,Hernández Daza,1976-04-23
62,Johan,Cantillo Rodríguez,1969-01-16
63,Yenny,Cárdenas Jaimes,1961-10-11
64,Manuel,Romero Monsalve,1962-11-08
65,María,Bernal Valencia,1983-11-22
66,Sofía Rafael,Quintero Beltrán,1965-01-05
67,Carmenza,Córdoba Barreto,1988-01-27
68,Marcela Sara,Fonseca Sánchez,1966-10-28
69,Jesús,Uribe Duarte,1957-01-15
70,Patricia,Beltrán Vera,1958-12-11
71,Gustavo Carmen,Quintero Burbano,1969-03-12
72,Patricia,Burgos Bonilla,1987-11-30
73,Jhon Yadira,Ayala Franco,1957-08-22
74,Elizabeth Fernando,Portilla Zuluaga,1988-03-20
75,Esther,Ruiz Castillo,1961-04-11
77,Adriana Ana,Ardila López,1992-01-29
78,Rosa,Cardona Hernández,1982-03-24
81,Daniela Dayana,Fajardo Méndez,1987-12-25
82,Fernanda Luz,Bonilla Villamizar,1949-04-24
84,Jader,Rojas Mendoza,1946-12-30
86,Beatriz,Guevara Portilla,1978-07-16
87,Beatriz Henry,Ibarra Contreras,1992-05-26
88,María Diego,Ospina Rosero,1993-10-25
89,Andrés José,Estrada López,1982-07-11
91,Ximena,Vargas Ávila,1968-01-24
92,Rodrigo León,Jaimes Ortiz,1974-08-28
94,Daniel,Orozco Alvarado,1966-01-15
95,Luz Andrés,Sandoval Padilla,1978-08-28
96,Edisson,Soto Guzmán,1981-09-17
98,Jhon,García Hernández,1989-04-02
99,Rodrigo Héctor,Murcia Torres,1952-06-11
100,Carlos,Romero Pineda,1964-12-02
101,Yolima Karol,Carrillo Giraldo,1982-05-23
102,Pablo Camilo,Escobar Gómez,1989-09-06
103,Elena Diana,Tamayo Acosta,1962-11-08
104,Inés Orlando,Díaz Martínez,1962-03-10
105,Leydi Elena,Calderón Rengifo,1981-12-01
106,Luis Diego,Jaimes Vargas,1952-04-10
107,Alexander,Jaramillo Gutiérrez,1986-01-13
108,María Carlos,López Bautista,1983-02-03
109,Erika,Hoyos Valencia,1968-07-09
110,Isabel Orlando,Fonseca Ríos,1964-09-10
111,Daniela,Villa Giraldo,1981-07-02
112,María,Velásquez Quiroz,1966-08-08
113,Lorena,Correa Gómez,1974-09-06
114,Augusto,Morales Manrique,1982-06-25
117,Héctor Alirio,Espinosa Villamizar,1984-07-17
119,Juan Fernando,Montes Rojas,1979-02-12
120,Fabián,Acevedo Márquez,1982-11-08
121,Lorena Álvaro,Vargas Bonilla,1982-11-06
122,Emilio,Vallejo Rosero,1976-04-28
124,Carlos,García Londoño,1978-12-10
125,María,López Galeano,1956-04-26
126,Patricia Estiven,Bautista Ramírez,1971-01-08
127,Luis John,Parra Caicedo,1965-05-23
128,Viviana,Acosta Contreras,1982-10-10
129,Alexandra,Cáceres Serna,1963-12-02
130,María Eugenio,Pineda Bolaños,1981-11-20
131,Danilo Paola,Gutiérrez Vega,1977-06-07
132,Carlos,Pineda Rubio,1978-12-26
133,Alexandra,Calderón Castañeda,1975-11-20
134,Julieth,Arrieta Álvarez,1970-03-10
135,Yenifer,Flórez Murcia,1963-03-27
137,Esther,Patiño Gómez,1991-01-18
138,Eugenia,Moreno Benavides,1953-11-03
140,Sandra Dagoberto,Garzón Durán,1987-07-26
141,Abelardo Estefanía,Romero Alvarado,1958-05-10
142,Rafael,Rodríguez Maldonado,1969-05-28
143,Daniel,López Moreno,1965-07-28
144,Marcela Olga,Acevedo Sánchez,1974-04-01
145,Elsa Amparo,Acosta Monsalve,1979-07-11
146,Andrea,Camargo García,1973-02-04
147,Viviana Daniel,Morales Ramírez,1943-01-16
148,Manuel,Sánchez Meza,1983-01-13
149,Álvaro,Ortiz Rodríguez,1975-08-21
150,Carmen Adolfo,Álvarez Arango,1965-12-17
151,Ricardo Patricia,Mora Quintero,1974-01-24
153,Nayibe,Obando Bernal,1975-03-20
154,Fabián,Ramírez Caro,1978-05-21
155,Leidy,Rico Correa,1984-05-18
156,Jonatan,Meza Cano,1981-08-15
157,Orlando,Gutiérrez Serna,1984-02-13
158,Alba,Medina Valencia,1986-12-05
159,Marcela,Ardila Pérez,1973-12-04
160,Jesús,Rodríguez García,1958-02-04
161,Andrés,Vega Gutiérrez,1954-05-07
162,Camilo,Paz Molina,1980-10-09
163,María,Pérez Martínez,1988-07-04
164,Wilson,Mejía Ardila,1976-06-06
165,Claudia Paula,Hernández Ramírez,1975-02-04
168,Carlos,Sánchez Duarte,1981-01-07
169,Diana,Cardozo Palacios,1984-04-02
172,Yury,Gutiérrez Pineda,1981-12-31
173,Janneth,Mejía Manrique,1945-08-03
174,Claudia Humberto,Díaz Gil,1956-05-17
175,Nubia,Murillo Sánchez,1948-12-25
176,Javier,Contreras Prieto,1975-04-28
177,Dayana,Figueroa Cano,1971-08-28
178,Diana,Gutiérrez Perea,1944-12-26
179,Andrés,Obando Narváez,1986-06-15
180,Marina,Mosquera Ceballos,1969-10-25
181,Armando,Toro González,1978-10-08
182,Carlos Edgar,Martínez Romero,1949-10-18
183,David Sebastián,Barragán Ospina,1995-09-22
184,Jairo Fabián,Meneses Trujillo,1953-02-13
185,Patricia,Mosquera Vargas,1977-07-14
186,Miguel,Mora Restrepo,1974-12-14
187,María,García Álvarez,1971-10-31
188,Ricardo,Castillo Moreno,1985-12-31
189,Nataly,Vega Suárez,1975-05-11
190,Luisa,Martínez Flórez,1977-10-03
192,Bayron,Ibarra Gómez,1984-06-23
193,Eduar Luis,Rodríguez Gómez,1989-07-16
194,Mirian,Ariza Ramos,1950-10-01
196,Javier,Torres Ramírez,1943-08-21
197,Margarita,Torres González,1972-03-24
198,Sandra Susana,Marín Gómez,1996-06-30
199,Jaime Daniela,Bernal Pérez,1981-12-11
200,María,Molina Hernández,1970-09-17
201,Hernán,Rodríguez Pineda,1987-02-01
202,María Rafael,Serna Jaramillo,1969-09-02
204,Jhon,Gonzáles Arias,1971-04-14
205,Irene,Murillo Sánchez,1954-09-06
206,Rubiela Luis,García Camargo,1989-04-18
207,Francisco María,Zambrano Narváez,1974-02-08
208,Edgar,Sánchez Pedraza,1983-06-14
210,Nubia,Gómez Rincón,1942-10-31
211,Patricia,Arrieta Hernández,1966-09-06
213,Fernando José,Salcedo Palacios,1952-06-01
214,Álvaro,Mercado Ruiz,1984-07-29
215,Janneth,Sarmiento Maldonado,1979-06-11
216,María Carmen,Beltrán Cárdenas,1958-06-15
217,Eugenia Ana,Pérez Domínguez,1960-12-08
218,Jhon,Meneses González,1984-12-06
219,Marcela David,Ospino Ríos,1993-01-27
220,Alexander Angie,Ramos Moreno,1968-10-06
222,Judith,Barrera Parra,1967-07-23
223,María,Bernal Burbano,1972-01-09
224,Ariel,Hernández Mosquera,1988-11-01
225,Hugo Jonathan,Rojas Cruz,1965-05-17
226,Diana,Rosero Cantillo,1942-07-31
227,Marcela Yineth,Muñoz Castro,1988-10-19
228,Gloria,Palacios Herrera,1974-12-23
229,Antonio,Gutiérrez Arenas,1984-02-02
230,Alberto Jairo,Velandia Mejía,1982-11-07
231,Marisol,Murcia Díaz,1975-08-20
232,Ruth,Sepúlveda Contreras,1958-06-02
233,Eugenia,Mejía Rodríguez,1961-04-30
237,Amalia,Cruz Camargo,1980-06-09
238,Iván,Forero Garzón,1984-10-01
239,Stiven,Arango Quintero,1978-07-31
240,Carlos,Pineda Patiño,1978-06-25
242,Jairo Ruth,Gutiérrez Ocampo,1965-01-13
243,Hugo,Sánchez Pulido,1966-10-04
244,Cecilia,González Patiño,1985-09-05
245,José,Gutiérrez Muñoz,1955-03-06
246,Steven,Soto Quiroga,1971-04-30
247,Jaime César,Pedraza Bolívar,1984-12-26
248,Doris María,Montes Mosquera,1992-09-19
249,Yanet César,Mesa Angulo,1979-11-24
250,Stella,Fernández Gómez,1979-06-27
251,Beatriz,Rojas Fernández,1963-05-05
253,Inés,Herrera Cárdenas,1987-03-23
254,José,Velandia Sánchez,1958-11-18
256,Mercedes Melissa,Arias Villamizar,1988-09-11
257,Vanessa Néstor,Espinosa Buitrago,1987-09-16
258,Yéssica Ana,Carmona Mora,1976-12-12
260,Guillermo Cristian,Orozco Quiroz,1972-02-17
261,Cecilia Esteban,Gómez Bonilla,1978-09-21
262,Milena,Granados Trujillo,1974-03-20
263,Isabel,Miranda Martínez,1952-10-16
264,Nathalia,Tamayo Sarmiento,1973-07-06
265,Jader Henry,Rodríguez Buitrago,1950-03-08
266,María Diana,López Andrade,1970-04-23
267,Alfonso,Moreno Estrada,1983-08-20
268,Miguel,Rosero Martínez,1957-03-20
269,Carlos Mariela,Burbano Moreno,1987-10-23
270,Jennifer Julio,Peña Burbano,1990-06-07
271,Yuliana,Arenas Bedoya,1973-04-20
272,Estela,Vargas Martínez,1979-09-04
273,Uriel,Cerón Marín,1986-05-25
275,Amparo Fernando,Muñoz Ramírez,1955-07-15
276,Enith,Sepúlveda Londoño,1949-07-09
277,Lizeth Claudia,Ortiz Zapata,1977-08-25
278,David,Sepúlveda Osorio,1975-07-11
279,Karen,Mosquera González,1981-01-23
280,Bryan,Naranjo Valencia,1975-02-05
281,Eduardo Alejandra,Martínez Sanabria,1964-05-27
282,Mónica Camilo,García Ramos,1970-11-22
283,Diego,Lozano Montenegro,1965-03-23
284,Fernando Lorena,Hernández Álvarez,1985-10-30
285,Vicente,Carvajal Murillo,1969-09-30
288,Gregorio,Acosta Martínez,1967-08-12
289,Nora,Vera Romero,1978-11-22
290,Socorro,Miranda López,1982-05-29
291,Henry Martha,Sánchez Vargas,1978-08-05
292,Mauricio,Rojas Gutiérrez,1980-01-27
293,Vicente Carmen,Rodríguez Osorio,1984-02-24
294,Flor Vanessa,Cuesta Navarro,1976-02-18
296,Marisol,Correa Rueda,1960-01-06
297,Marcela,Salas Barrera,1976-11-22
298,Julián,Herrera Rivera,1980-09-02
299,Martha Carlos,Pulido Prada,1974-05-26
300,Ximena,Marín Correa,1980-04-03
301,Libia,Ocampo Paz,1968-08-11
302,José,Sánchez Duarte,1963-05-21
303,Elsa Wilfredo,Giraldo Martínez,1962-10-18
304,Paola,Vergara Rodríguez,1986-11-16
305,Julián,Ramírez Triana,1984-09-01
306,Óscar Leydi,Sánchez Bautista,1984-02-24
307,Francisco Elena,Flórez Zapata,1982-10-10
308,Dario,Torres Pinzón,1982-03-27
309,Elena,Ruiz Álvarez,1963-09-24
310,David,Martínez Londoño,1980-03-05
311,Bernardo,Benavides Valencia,1987-09-01
313,David,Vargas Benítez,1967-01-06
314,Angélica,Blanco Sánchez,1945-03-06
315,Camilo,Peña Trujillo,1958-11-30
316,Bernardo Jhon,García Campo,1964-07-04
317,Johana Juan,López Rodríguez,1991-06-25
319,Lorena,Valderrama Gil,1975-02-09
320,Luz,Mosquera Valencia,1977-11-28
321,José José,Bautista Ortiz,1990-03-18
322,John José,Fuentes Bautista,1957-02-04
323,Alberto,Gil Luna,1995-10-13
324,Andrea,Méndez Giraldo,1945-02-21
325,Jimena Alejandro,Padilla Carmona,1969-04-11
326,Lucía,Gómez Martínez,1953-01-15
327,Paola,Becerra Castrillón,1964-09-17
328,Felipe,Quintero Aguilar,1964-05-04
329,Roger Liseth,Zapata Vanegas,1970-11-26
331,Melba,González Osorio,1956-01-29
332,Luis,Jiménez Riascos,1989-07-10
333,Isabel José,Triana Vera,1997-04-14
334,Augusto Camilo,Orozco Arévalo,1972-11-06
335,Sandra Enrique,Perdomo Puentes,1979-06-18
337,Cristian Alexandra,Rendón González,1990-04-25
338,Beatriz Fredy,Vargas Ramírez,1982-06-09
339,Leonor,Sánchez Jaimes,1974-06-21
340,Sergio,Álvarez Sánchez,1950-11-10
341,Juan Eduardo,Velásquez Ramírez,1981-09-07
342,Angie,Vásquez Meneses,1954-01-19
343,Alejandra,Medina Rojas,1979-06-10
344,Deiby María,Sánchez Solano,1981-08-28
345,Luz,Arias Vargas,1980-05-07
349,David Alberto,Villamizar Vásquez,1972-02-28
351,Luis Alirio,Gutiérrez Ávila,1973-05-06
352,Enrique,Agudelo Moreno,1956-01-01
354,Sandra,Castro Mena,1975-09-18
355,Jacqueline,Beltrán González,1951-08-12
357,Fernanda,Vargas Molina,1987-05-14
358,Olga,Daza Caicedo,1986-11-07
359,Dario Martha,Giraldo Arango,1981-07-12
360,Isabel,Murillo Toro,1946-04-09
364,Alejandra,Gómez Rodríguez,1943-11-14
365,Marino Andrea,Marín Espinosa,1995-05-26
366,Miryam Diana,Ramírez Reyes,1962-11-22
367,Juan,Contreras Ortiz,1968-07-29
369,Luis,Rodríguez Angulo,1960-10-13
370,Fernando Angélica,Pérez Velasco,1983-04-25
371,Richard Antonio,Fernández Daza,1988-10-05
373,Isabel Rocío,Márquez Herrera,1976-11-03
374,César Jesús,Guevara Romero,1990-01-20
375,Wilfredo,Ardila Bonilla,1983-11-14
376,María Juan,Vargas Palacios,1969-05-03
377,Nelson,Gutiérrez Serna,1982-01-16
378,Ricardo,Niño Moreno,1949-04-07
379,Julián,Herrera Pérez,1959-03-02
380,Angie Amparo,Mesa Saavedra,1988-08-07
383,Nelly,Pérez Contreras,1961-12-04
384,Mariela,Cárdenas Cano,1982-02-04
385,Luis Carol,Reyes Leal,1975-12-29
386,Elizabeth Fabián,Pérez López,1946-06-08
387,Elizabeth,Rojas Peña,1970-10-30
388,Alberto,Bermúdez Suárez,1988-03-07
389,Claudia,Valderrama Arrieta,1978-01-12
391,Luis Jhony,Giraldo Gallego,1971-03-10
392,Jhon Alberto,Ruiz Hoyos,1976-04-27
394,Leidy,Cruz Silva,1980-10-30
395,Martha,López Cortés,1976-05-03
397,Constanza Jorge,Ramírez Vélez,1965-12-25
398,Amparo Melissa,Pulido Osorio,1970-09-24
400,Carlos,Torres Moreno,1960-05-09
401,Rafael,Cáceres Torres,1983-10-28
403,Hernán Cristina,Alzate Daza,1975-03-22
404,Marcela Judith,Lozano Delgado,1954-10-05
405,Nury Hernando,Cardona Santos,1963-03-07
407,Mariana,Cortés Torres,1987-09-10
408,Andrés Gloria,Rodríguez Delgado,1976-08-24
409,Manuel Dario,Rodríguez Moreno,1991-01-09
410,Felipe Martha,Molina Mosquera,1964-02-13
411,María Nelly,Torres Giraldo,1960-11-25
412,Emilio,Valencia Gómez,1969-05-27
413,Edgar,Rodríguez Aguirre,1986-10-10
414,Constanza Nury,Reyes Méndez,1956-05-08
415,Fernando,Rodríguez Salazar,1973-06-23
416,Carolina,Roa Quintero,1988-01-11
417,Miguel Sergio,Ballesteros Chávez,1969-12-18
418,Derly,Vargas Sierra,1982-03-05
419,Marlene,Pérez Molina,1983-04-13
420,Fernando Jhon,Calderón González,1966-02-16
421,Leonardo Yesenia,Silva Espinosa,1982-03-05
422,José Jesús,Restrepo Rivas,1992-12-30
423,Alonso,Sánchez López,1963-10-10
424,Kelly,Romero Lozano,1986-06-09
425,Alejandro Javier,Duarte Arango,1956-03-23
426,James,Suárez Arango,1974-01-31
427,Jorge,Duarte Díaz,1951-10-09
428,Alexander Francisco,Rojas Pabón,1986-08-05
429,Hernando,Lara Rodríguez,1954-03-31
430,Cristian,Cardona Villamizar,1943-11-27
432,José,Rodríguez Mantilla,1970-08-21
433,Carlos,Salazar Díaz,1989-09-05
434,Paula María,Agudelo Vanegas,1957-10-06
435,Martín,Hernández Hernández,1991-04-06
436,Mercedes Julián,Gaitán Vega,1982-12-02
437,Luis María,Parra Fajardo,1990-03-10
438,Carmen,Sánchez Pérez,1946-08-09
439,Santos,Betancur García,1969-11-17
440,Ismael Esteban,Parra Romero,1988-11-25
443,Rocío Marina,Perdomo Molina,1967-01-15
444,Jeison Fabián,Benítez Ruiz,1992-03-05
445,Gerardo Antonio,Quiroga Velasco,1986-08-21
446,Luis Esperanza,Vega Zapata,1992-06-20
447,Camila,Ramos Saavedra,1967-06-21
448,María,Hernández Lozano,1994-07-25
449,Mary,Delgado Mantilla,1961-06-25
450,Carlos Gustavo,Espinosa Duque,1955-11-13
451,Ángel,Ramírez Mejía,1990-07-24
452,David,Caicedo Bernal,1978-08-24
453,Rosa Antonio,Vásquez Martínez,1949-07-24
454,Margarita Nelly,Arboleda Torres,1962-01-22
455,Joan,Caicedo Vásquez,1973-10-25
456,Yuli,Escobar Pérez,1979-07-29
457,Judith Luis,Medina García,1946-01-17
458,Anderson Sebastián,Castro Melo,1975-09-07
462,Gabriel,Becerra Ríos,1995-06-03
463,Andrés,Loaiza Martínez,1991-05-20
464,Antonio,Gamboa Monroy,1965-06-12
466,Elena,Acosta Navarro,1965-03-09
468,María,Castro Pedraza,1963-05-12
469,Richard Raúl,Salcedo Hernández,1977-02-06
470,Enrique Emilio,García Fuentes,1976-11-02
471,Karol,Gómez González,1989-06-28
472,Carlos,Moreno Uribe,1981-08-18
473,Laura Daniel,Vergara Pineda,1973-06-08
474,Matilde,Meneses López,1993-02-05
475,Juan,Rodríguez Torres,1968-06-11
476,Jhon,Gutiérrez Bravo,1996-06-24
477,Héctor María,Fernández Navarro,1962-07-15
478,Paola,Fonseca Calderón,1990-10-03
479,Lorena,Rico Mosquera,1981-03-08
480,Miryam María,Medina Bernal,1993-02-04
481,Adriana Cecilia,Córdoba Pacheco,1985-04-07
483,Iván,Hernández Martínez,1979-12-24
484,Nelly,Sánchez Montenegro,1973-11-11
485,Fernando Pedro,Núñez Pardo,1992-04-08
486,Alberto David,Gaviria Herrera,1937-04-29
487,Dario Dario,Rivera González,1996-04-15
488,Mauricio,Hernández Salazar,1970-03-24
489,Fabián,Sanabria Ramírez,1948-10-22
490,Paola Daniel,Carvajal Ordóñez,1968-03-19
491,Flor,Monroy Mantilla,1973-12-29
492,Maritza Leidy,Bedoya Figueroa,1989-02-07
493,Luis Lina,Hurtado Portilla,1955-06-15
494,Andrea,Osorio Velásquez,1970-12-21
495,Humberto,Rodríguez González,1948-02-29
496,Rosa José,Agudelo Gutiérrez,1976-04-18
497,Arturo Steven,Mora Jiménez,1945-04-10
498,Alberto Eder,Medina González,1974-02-07
499,David,Rincón Salazar,1957-11-17
500,Álvaro,Pérez Hernández,1987-06-16
501,Gustavo,López Naranjo,1987-02-09
502,José,Rodríguez Nieto,1989-06-15
503,Andrés Fernando,Ortiz Correa,1972-12-14
504,Amanda,Pinzón Martínez,1989-04-21
505,Socorro,Vásquez Escobar,1967-12-20
506,Cecilia,Mora Cifuentes,1964-05-28
508,Carlos,Cardozo Gómez,1966-07-17
509,William Dary,Mora Romero,1969-04-08
510,Cristian,López Torres,1984-05-27
511,Rafael,Correa Martínez,1958-04-24
512,Blanca Andrea,Ortiz Velandia,1977-09-27
513,Gloria,Blanco Arévalo,1980-11-12
514,Fredy Marina,Rojas Morales,1966-01-09
515,Ana Diana,Sánchez Romero,1987-04-23
516,Andrés,Alarcón Montoya,1986-09-05
517,Mary Teresa,Vásquez Hurtado,1976-04-22
519,Francisco Adrián,Cárdenas Martínez,1970-08-12
520,Francisco Elena,Garcés Alvarado,1991-04-29
521,José,López Parra,1968-02-03
522,Edwin,Vera Riascos,1978-09-25
523,David,González Guzmán,1993-05-21
524,Iván Liliana,Angarita Martínez,1963-12-07
525,Gladys Valeria,Loaiza Henao,1997-11-29
526,Angélica,Granados Ortiz,1985-02-16
527,Rocío,Pérez Fuentes,1958-09-13
528,Edinson Alexander,Romero López,1977-02-16
529,Aurelio,Vargas Morales,1984-12-02
531,Martha,Camacho Ruiz,1972-01-08
532,César Lorena,Arévalo Niño,1944-01-14
533,Isabel Fredy,Velásquez Loaiza,1954-12-01
534,Mauricio,Henao Guerrero,1984-06-20
535,Lorena,Valencia Gamboa,1982-12-12
536,Sonia Mauricio,Mejía Rojas,1952-02-03
537,Edwin Angélica,Rodríguez Amaya,1953-07-31
538,Gloria,Fernández Osorio,1976-11-07
540,Luz,Melo Ruiz,1980-02-13
541,Patricia,González Gómez,1984-05-03
542,Jhonny,Díaz Álvarez,1979-09-13
543,Alfonso,Quintero Díaz,1966-11-24
544,Dario Andrés,Rojas Orozco,1946-01-30
545,Daniela Luz,Sánchez Cardona,1982-07-30
546,María María,Rojas Ramos,1974-10-23
547,Gustavo,Pacheco Jaramillo,1978-09-12
548,Nataly Marlene,Mantilla Acevedo,1967-11-29
549,Ibeth Martha,Rodríguez Carvajal,1945-01-30
550,Fernanda,Solano Ramírez,1983-12-24
551,Camila,Jaramillo Camacho,1952-11-03
552,Nohora,Cruz Agudelo,1940-09-15
553,Paola José,Correa Rojas,1984-03-26
554,Jorge Catalina,Jiménez Sánchez,1940-10-21
555,Efrén,Ortiz Moreno,1968-03-21
556,Amparo Javier,Álvarez Blanco,1990-12-16
558,Sonia Martha,Santos Burgos,1967-06-21
559,Javier,Pinzón Rivera,1972-05-02
560,Natalia,Granados Sepúlveda,1979-08-08
561,José Enrique,Aguirre Vallejo,1976-02-04
563,Margarita,Leal Gaitán,1989-04-29
564,Milena,Espinosa Arboleda,1992-08-01
565,José,Vargas Núñez,1958-04-08
566,Luis,Rojas Torres,1953-04-10
567,Óscar,Gómez Espinosa,1950-08-08
568,María Leidy,Luna González,1984-06-17
569,Laura,Suárez Mosquera,1988-03-06
570,Janneth Adolfo,Torres Morales,1957-01-09
571,Jorge,Patiño Gómez,1983-05-15
572,Emilia,Posada Vásquez,1947-10-20
573,Nelly Javier,Pacheco Sánchez,1977-12-03
575,Maicol,Galvis Contreras,1949-05-11
576,María Diego,Alzate Quintero,1947-10-29
577,Laura Duván,Pérez López,1974-03-07
578,Jesús Valentina,Arango Mosquera,1988-07-26
579,María Alberto,Vásquez Velásquez,1955-12-16
580,Santiago,Salazar Villegas,1959-03-10
581,Elena Luis,León Vargas,1975-09-12
582,Luz,Torres Acevedo,1985-10-15
583,Luz Diana,Jiménez Díaz,1984-12-30
584,Irene Eliana,Hernández González,1984-11-17
585,Fernando,Castro Cárdenas,1986-01-20
586,Ana Fabián,Andrade Díaz,1985-04-22
587,Antonio,Suárez Orozco,1982-02-16
588,Teresa,García Rodríguez,1962-08-07
589,Alonso Daniel,Arroyo Ortiz,1948-04-05
590,Luis Martha,Barragán Lozano,1967-05-22
591,Jesús Julieth,Vanegas Torres,1956-07-13
592,José,Arias Pérez,1978-10-29
593,Aldemar Lucero,Ballesteros Ramírez,1988-11-02
594,Andrés Fidel,Pinzón Angulo,1980-03-06
595,María,Herrera García,1988-11-07
596,Laura Antonio,Gómez Cuéllar,1978-09-18
597,Agustín,Bustos Romero,1953-09-18
598,Germán,Ibarra Puentes,1979-01-26
599,Carolina,Suárez Monroy,1976-04-13
600,Orlando,Gutiérrez Duarte,1963-05-21
601,Julio,Torres Nieto,1964-12-27
602,Alberto Fredy,Ramos Soto,1978-10-05
604,María,Martínez González,1992-05-28
605,Verónica,Ortiz Rodríguez,1985-05-28
606,Mónica Andrés,Ramírez Martínez,1989-10-25
607,Alejandra,Vega Sánchez,1986-09-21
608,María Piedad,Vargas Franco,1949-09-27
611,John María,Medina Saavedra,1984-08-21
612,Jhonatan Julieth,Cortés Moreno,1978-02-05
613,Diana,Parada Vergara,1982-12-12
614,Valentina,González Sierra,1953-08-05
615,Patricia,Castillo Ortiz,1957-04-26
616,Yulieth Andrés,Vera Sánchez,1978-09-22
617,Richard Daniel,Díaz Ramírez,1976-09-19
618,Anderson Manuel,Ojeda Sierra,1970-05-11
619,Milena,Herrera Mora,1949-02-13
620,Marina,González Martínez,1983-03-01
621,Mercedes Laura,Caicedo Morales,1974-06-17
622,Xiomara,Ortiz Castañeda,1994-02-02
623,Mauricio,Sánchez Restrepo,1991-08-11
625,Antonio,Sánchez López,1971-01-03
626,Jean Andrea,Romero Castañeda,1980-04-25
627,Luis,Mercado Contreras,1980-08-14
628,Daniel Marina,Jaimes Zuluaga,1985-04-04
629,Paola,Amaya Montoya,1991-08-10
630,Franklin,Torres Durán,1962-01-05
631,Albeiro,Mejía Valencia,1988-01-21
632,Isabel,Guevara Pacheco,1980-05-14
633,Iván,Muñoz Romero,1977-09-28
634,Diana,Quintero Córdoba,1977-02-18
635,Carolina,Burgos Jiménez,1973-09-22
636,Cecilia Daniel,Medina Chaparro,1994-08-20
637,Mauricio,Sanabria Martínez,1977-10-04
638,Jorge,Roa Mejía,1989-05-02
640,César Jacqueline,Díaz Sierra,1960-03-12
641,Nubia,Sarmiento Torres,1990-03-26
642,Amparo Camila,Cardozo Cruz,1984-09-23
643,Sandra Marcela,Cárdenas Martínez,1954-04-29
644,Daniel José,Bravo García,1984-10-18
646,Luis,Angulo Sánchez,1970-11-10
647,Sandra,León Ramírez,1983-05-25
648,Rosa Jesús,Martínez Rodríguez,1962-07-04
649,Elena,Gaitán Giraldo,1957-11-17
651,Ligia Lilia,Mosquera Velásquez,1978-06-13
652,Patricia,Hernández Ruiz,1965-09-23
653,Daniel,Duarte Obando,1988-08-13
654,Derly Iván,Torres Bolaños,1977-10-26
655,Jesús,Zuluaga Díaz,1964-08-06
656,Nancy,López Soto,1986-08-20
658,Sofía Luis,Cabrera Rincón,1979-05-29
659,Jaime Marina,Muñoz Pinto,1971-01-03
660,Carlos Patricia,Meneses Díaz,1992-02-12
661,José Yesid,Ojeda Valencia,1985-07-29
662,Eugenia Ángela,Marín Díaz,1985-02-23
663,Marina,Herrera Murillo,1965-07-15
664,Carlos Rodolfo,Nieto Contreras,1947-05-10
665,Francisco,Ramírez Córdoba,1946-12-17
666,Ester,Hernández Velandia,1995-03-05
667,José Álvaro,Toro Londoño,1961-07-15
668,Nidia,Martínez Rojas,1968-01-02
670,Paula,Giraldo González,1979-03-05
671,Lucía Didier,Rodríguez Buitrago,1985-09-13
672,Rodrigo Carlos,Cárdenas Figueroa,1966-11-02
673,María Jesús,Sierra Ortiz,1989-05-14
674,José,Córdoba Cerón,1975-11-28
675,Antonio,Torres Castañeda,1980-09-09
677,Teresa,González Pacheco,1973-11-15
678,Viviana Andrés,Rengifo Castro,1993-02-08
679,María,Córdoba Rojas,1986-09-07
680,María,Gutiérrez Martínez,1985-12-26
681,Yohana,Giraldo Perea,1965-01-20
682,Luis,Muñoz Córdoba,1979-03-22
683,Diana,Hernández Hurtado,1994-05-06
684,Leidy Brayan,Barragán Becerra,1981-05-05
685,Rafael,Fuentes Castellanos,1988-05-25
686,Mauricio,Martínez Arias,1949-04-09
687,Carolina Ana,Valencia Ariza,1954-05-15
688,Marlon,Roa Daza,1977-07-26
689,Diego Javier,Martínez Torres,1979-11-16
690,Leidy,Jiménez Velásquez,1983-01-07
691,Lorenzo Brandon,Pabón Gómez,1989-08-01
692,Nelly,Andrade Méndez,1989-02-01
693,José,Salcedo Ramírez,1973-12-30
694,Manuel,Ibarra Padilla,1984-03-11
695,Johana,Rivas Vera,1973-01-03
696,Esperanza,Castro Vargas,1972-10-18
697,Jimmy Brayan,Camacho Ramos,1962-01-26
698,Javier,González Salazar,1973-10-25
699,Cecilia,García Sepúlveda,1960-07-16
700,Marcela,García Monroy,1972-04-22
701,Yolanda Esteban,Quintero Padilla,1982-09-18
703,Jhon,Carrillo Suárez,1985-02-16
705,Yeison,Fajardo Palacios,1975-10-03
706,Judith Carlos,Sánchez Pérez,1979-04-17
707,Michael Alejandro,Gutiérrez Trujillo,1963-06-21
708,Guillermo Germán,Castañeda Vargas,1960-01-26
709,Lorena,Gómez Bohórquez,1991-06-19
710,Fabián,Mora Torres,1987-09-08
712,Leandro,Rincón Fernández,1955-01-14
713,Oswaldo,Ortega Quintero,1948-08-01
714,Eduardo,Díaz Padilla,1954-10-02
716,Jhoana,García Ramos,1969-12-16
717,Rafael Aleida,López Muñoz,1968-04-29
718,Martha Brayan,Mendoza Rojas,1976-04-30
719,Diana,Montes Rojas,1943-05-19
720,Stella,Castro Galvis,1974-11-10
721,Mauricio,González Córdoba,1956-01-21
722,Candelaria,Ochoa Escobar,1983-01-11
723,Andrés,Osorio González,1965-05-10
724,Jhoana,Toro Torres,1981-04-04
727,Ester,Castro González,1964-06-05
728,Marco Diego,Ayala Morales,1985-04-18
730,Marcela,Romero López,1982-04-22
731,Nelson,Parra Caicedo,1971-01-30
732,Jorge María,Barbosa Vélez,1978-10-12
733,Fabián Patricia,Quintero Gómez,1979-06-05
734,Beatriz Rosario,Fonseca Mendoza,1975-01-04
735,Fabiola Manuel,Tovar Mendoza,1974-01-17
736,Luis,Ordóñez Orozco,1966-12-19
737,Francisco,Páez Gutiérrez,1979-11-25
738,Ángela,Pérez Ramos,1979-03-22
739,Jhony Eduardo,Ruiz Sandoval,1982-11-28
741,Hermes,Medina Castrillón,1990-11-30
742,Jorge,Acevedo Castro,1948-05-30
744,Cecilia Yesid,Rodríguez Gutiérrez,1972-12-09
745,Ernesto Liliana,Ceballos Hernández,1986-08-25
747,Antonio,Gutiérrez López,1966-07-17
748,Dahiana,García González,1982-01-13
749,Sandra Jesús,Arteaga Vega,1971-04-22
750,Pedro Ester,López García,1954-11-30
751,Javier,Pineda Escobar,1962-06-28
752,Sandra,Correa Campo,1983-11-02
753,Yeison Diana,Ávila Hernández,1987-12-03
754,Juan,Quintero López,1963-07-02
755,Fernando Natalia,Martínez Forero,1993-12-18
756,María Orlando,Rubio Gaitán,1983-02-20
757,María Luz,Palacios Rojas,1985-09-12
758,Luis,Uribe Oviedo,1950-09-02
759,David,Sánchez Gómez,1976-06-01
760,Isabel,Loaiza Marín,1975-06-11
761,Rosa Alexandra,Ángel Hernández,1983-02-01
762,María,Carrillo Galindo,1996-01-04
763,Gladys Elena,Soto Mena,1957-06-15
766,Diana,Medina Villamizar,1964-07-01
767,Sandra,Pineda Barrios,1959-06-29
768,José Eliana,Gutiérrez Vélez,1983-12-19
769,Camila Amparo,Rueda Gil,1987-12-13
771,Amparo Luisa,Niño Ramírez,1972-12-18
772,Sergio,Vargas López,1964-05-24
774,Richard Enrique,Delgado Páez,1971-12-18
775,Camilo,Molina Quintero,1994-08-17
776,Alejandra,Espinosa Torres,1982-03-08
778,Alejandro,Trujillo Parra,1990-07-11
779,Edith,Hernández Lozano,1968-09-16
780,Stiven Julieth,Prada González,1976-02-11
781,Alex Cecilia,Navarro Sánchez,1953-08-20
783,Edward,Díaz Arias,1965-10-21
784,Julieth,Acosta Castro,1990-08-26
786,María Rocío,Pérez Ramírez,1985-02-21
787,Edith,López Gómez,1956-06-24
788,Jair Nayibe,Zapata Moreno,1993-07-06
789,Francisco,Murillo Ospina,1985-08-18
790,Jimmy,Pérez Londoño,1994-10-01
791,Catalina,Muñoz Ramírez,1998-11-25
792,Ángel,Jaramillo Velandia,1975-05-06
793,Teresa Gloria,Henao Barrios,1977-06-25
794,César,Miranda Pinto,1965-11-12
795,Fredy,Camacho Chaparro,1997-01-02
796,Luis,Castro Franco,1989-07-11
797,Felipe,Bravo Lozano,1963-10-07
799,Juan Eduar,Guerra Barrios,1983-02-26
800,Angélica,Franco Quintero,1974-07-27
801,Vilma,Cortés Álvarez,1986-08-16
802,Edgar John,Ortiz Díaz,1955-02-09
803,Estella Jaime,Orozco Espinosa,1971-04-14
804,Sandra,Vargas Calderón,1967-05-15
805,Ricardo,García Arias,1989-11-23
806,José,Pérez Gutiérrez,1986-08-06
810,Olga Isabel,Alvarado Lozano,1975-07-15
811,Juan,Sánchez Monroy,1991-06-20
812,José Olga,Lozano Martínez,1973-07-10
813,María Rafael,Caicedo Valencia,1955-08-02
814,María,Rodríguez Salazar,1986-02-05
815,Wendy,Acevedo Bustamante,1965-08-28
817,Josefina,Ordóñez Camargo,1978-07-20
818,Esperanza,Estrada Delgado,1964-01-17
819,William,Martínez Suárez,1987-12-26
820,Ana Jhon,Ortiz González,1977-12-16
821,Eugenia,Correa Mejía,1964-07-18
822,Esteban,Jaramillo Mena,1970-04-01
823,Andrés Gladys,Mendoza Barbosa,1973-01-08
824,Alberto Ana,Chávez García,1963-01-16
825,Manuel,Díaz Pérez,1982-04-07
826,Carlos,Bejarano Mejía,1990-02-13
827,John Nidia,Acosta Vélez,1990-01-08
828,Andrés,Gutiérrez Zuluaga,1983-04-27
829,Joaquín,Muñoz Arrieta,1951-08-11
830,Cristina Vanessa,Martínez García,1988-04-03
831,Jorge,Palacios Acosta,1977-12-06
832,Jessica,Torres Herrera,1987-01-29
835,Magda Tomás,Duque Erazo,1992-10-20
837,Franco,Palacios Ortega,1985-08-24
838,Arturo,Mejía Hernández,1985-01-21
839,Luis Dora,Salazar Palacio,1946-01-28
840,Jenny,Ramírez Gómez,1968-08-04
841,Ricardo Cindy,Gómez Molina,1984-04-13
844,Ángel Johana,Palacio Montoya,1983-09-17
845,Yeny David,Sierra Ospino,1969-05-13
846,Yesid Eliana,Pérez Ramírez,1976-03-28
847,Martha,Zambrano Solano,1973-10-22
848,Janeth María,Morales Obando,1987-10-27
849,Luz,Pinto Rivera,1981-08-16
850,Adriana,Mosquera Murillo,1980-04-18
851,Elena,Reyes Correa,1971-05-09
852,Milena,Mercado Páez,1945-08-04
853,Álvaro,Torres Monroy,1957-10-16
854,Alberto,Herrera Gómez,1973-07-21
855,Wilder,Benavides Roa,1978-06-26
856,Miguel,Roa Ríos,1986-06-20
857,Liliana Liliana,Restrepo Suárez,1980-07-28
858,Ingrid Mercedes,Manrique Guerrero,1984-06-08
859,Nel Omar,Ríos Vargas,1981-06-28
860,María María,Ramos Solano,1984-05-21
861,Alonso Ana,Cifuentes Cano,1978-09-18
862,Estella Ariel,Ruiz Cárdenas,1969-08-29
863,David,García Gómez,1972-01-27
864,Eliana,García Sepúlveda,1970-04-03
865,Elsa,Muñoz Carrillo,1984-07-21
866,Eugenia,Ríos García,1984-07-08
867,Julia,Gómez Cuesta,1962-02-15
868,Sandra Carlos,Bernal Gutiérrez,1979-04-19
869,Antonio,Osorio Sánchez,1982-07-10
870,Andrés,Martínez Parra,1965-01-25
871,Andrés Carlos,Suárez Villa,1968-10-27
872,Farid Aura,Vargas Gómez,1949-06-06
873,Eliana Javier,Sánchez Jaramillo,1960-05-02
874,Luis,Ortiz Cabrera,1969-10-11
875,Arturo Yuliana,Henao Gamboa,1969-07-19
876,César Carlos,Orjuela Perea,1979-04-22
878,David,Rivera Ávila,1956-11-11
879,Luz,Sierra Jiménez,1988-11-26
880,Elmer Carolina,Martínez Mena,1986-01-28
881,Rita,Carvajal Suárez,1954-09-09
882,Dario,González Osorio,1972-09-06
883,Jair Liliana,Quintero Escobar,1954-12-10
884,Alejandra,Gutiérrez Bravo,1960-12-12
885,Alberto,Ceballos Barragán,1992-04-08
887,Rosario,Santos Villamil,1985-07-07
889,José Liseth,Bastidas Medina,1969-02-10
890,Diego William,Meneses Lara,1959-07-29
891,Leonor,Herrera Buitrago,1994-11-05
893,Edilson,Morales Lozano,1950-03-09
894,Brayan Hernán,Sánchez Palacios,1969-08-16
895,Marina,Zambrano Castillo,1987-09-04
896,Adriana,Ortiz Velásquez,1985-01-18
897,Elver Nelcy,Morales Cortés,1958-03-20
898,José,Castañeda Bejarano,1957-02-18
899,José,Moreno Herrera,1957-07-30
900,Alirio Nancy,Sarmiento González,1967-03-11
901,Jairo Enrique,Pinzón Murillo,1978-07-31
902,Rosa,Ramírez Palacios,1971-08-05
903,Diana,Mora Ospina,1969-04-05
904,María Jorge,Roa Torres,1981-07-14
905,Maira Mario,Villa Ortiz,1970-02-12
906,Clemencia Sara,Prieto Rivera,1975-07-28
907,Iván María,Jiménez Chacón,1978-01-01
908,Carlos,Fuentes Fernández,1949-03-31
909,Maritza,Franco Durán,1941-12-01
910,Milena,Gómez Lozano,1994-10-06
911,Pedro,Contreras Giraldo,1963-12-18
912,Adrián David,Paz Hernández,1981-02-01
913,Alexis Rocío,Medina Gil,1971-09-16
914,Milton Alejandra,Escobar Barrera,1986-03-30
915,María Sindy,Romero Gaitán,1977-07-19
917,María,Gonzáles Salamanca,1982-05-24
918,Juan,Rodríguez Fonseca,1949-02-03
919,John Estela,Cano Orozco,1962-02-19
920,Rodrigo Milena,Mora Silva,1972-09-07
921,Carmen Ángel,Muñoz Rincón,1962-07-21
922,Rodrigo,Moreno Montoya,1985-12-22
923,María Ángel,Rodríguez García,1968-02-22
924,Cecilia,Oviedo Gómez,1969-05-17
925,Carlos Gustavo,Durán Monsalve,1995-06-20
926,Consuelo,Meza Restrepo,1975-10-28
929,Cristian Jennifer,Hernández Cantillo,1943-12-14
930,Mary,Sánchez Bustos,1979-11-26
931,Marisol,Torres Villegas,1969-08-18
932,Jaime Eduardo,Cruz Agudelo,1964-06-29
933,Eduardo,Martínez Duque,1981-06-30
934,Juan Laura,Martínez Amaya,1981-04-23
935,Sara Fernanda,Martínez Ocampo,1970-12-18
936,Martha,González Aguilar,1981-09-28
937,Sandra,Martínez Ospina,1956-05-06
939,Margarita,Jaramillo Ramírez,1973-01-02
940,Carlos,Silva León,1992-08-08
941,Karol,Bautista Roa,1975-04-10
942,José,Gómez Arroyo,1964-01-31
943,Inés Martha,Rodríguez Valencia,1975-03-21
944,Edith,Rodríguez Arenas,1992-07-31
945,José Andrés,Castro Sepúlveda,1943-09-10
946,César,Benavides Delgado,1980-12-17
947,Patricia,Sánchez Rojas,1986-10-16
949,Andrés,Cabrera Duque,1991-09-20
951,Juan Jorge,Guevara Suárez,1952-12-14
952,Gilberto,Leal Galindo,1964-01-25
953,Cecilia Margarita,Molano Palacio,1948-04-30
954,Dayana Clara,Ramírez Pérez,1990-06-17
955,Miguel,Rojas Beltrán,1987-12-31
956,Harold Diego,Cárdenas Ocampo,1951-09-17
957,Alicia Dairo,Páez Ortega,1954-10-07
958,Víctor,López Ortiz,1977-01-24
959,Pilar,Nieto Hernández,1970-06-12
960,Vilma Rodrigo,Pinzón Molina,1985-01-10
961,Camilo Ana,Sánchez Caicedo,1962-03-07
962,Rafael,Rivas Gómez,1957-10-29
963,Doris,Silva Londoño,1988-12-23
966,Stiven,Rosero González,1986-12-03
967,Elmer Víctor,Camargo Castillo,1974-02-23
968,Jaime,Toro Gómez,1984-08-08
969,Javier,Rodríguez Córdoba,1982-04-11
970,Rosa,Ortiz Escobar,1983-11-26
971,Isabel José,Caballero Quiroz,1970-01-24
972,María,Martínez Rojas,1952-02-20
973,Alejandra Mario,Reyes Jiménez,1985-01-24
974,Luis Patricia,Rincón Rentería,1976-12-14
975,Edith,Osorio Mena,1974-06-30
976,Nubia,Rivas Gómez,1945-06-09
977,Álvaro Daniel,Beltrán Romero,1988-05-09
978,Guillermo,Cárdenas Hernández,1994-12-13
979,Inés,Durán Chávez,1988-06-01
980,Alba,Cortés Garcés,1989-12-18
981,Edwar,Palacio Ortiz,1985-06-02
982,Daniela Sandra,Pérez García,1984-03-04
983,Julio,Rivera León,1979-12-23
984,Rosa,Fernández Rodríguez,1958-06-25
985,Arturo,Ramírez Salamanca,1990-07-29
986,Elizabeth,Guerra Alzate,1964-04-28
988,Juan,Rico Sánchez,1956-09-17
989,Dany Mauricio,Duque Gallego,1956-02-10
990,María Julio,Valencia García,1979-01-06
992,Paula Jorge,Calderón Morales,1977-02-26
993,Alfredo,Villamil Melo,1947-07-05
994,Ana,Vélez González,1959-10-30
995,Luis Pedro,Salazar Benítez,1968-12-22
996,Yohana Karol,Díaz Domínguez,1939-03-19
997,Ramón María,Monroy Ávila,1979-11-23
998,Rocío Jhoan,Rosero Estrada,1975-04-21
999,Olga,Caicedo Rodríguez,1964-06-01
1000,Lucía,Ramírez Blanco,1952-03-23
1001,Orlando,Medina Castro,1972-12-01
1002,Francisco,Correa Jiménez,1975-10-11
1003,Oswaldo Liliana,Sánchez Parra,1985-01-28
1004,Orlando,Cano Jaimes,1987-11-27
1005,Luis,Bonilla Cabrera,1990-12-28
1007,Cristina Alberto,Delgado Angarita,1973-12-24
1008,Daniel,Gaviria Sánchez,1982-01-01
1009,Libia,Acosta Cruz,1970-03-29
1011,Laura,Torres Cardona,1975-11-07
1012,Guillermo,Ramírez Castaño,1976-06-01
1013,Armando,Rodríguez Ocampo,1981-11-11
1014,Catalina,Molina Pedraza,1975-04-26
1015,Miguel Sofía,Ayala Moreno,1976-03-25
1016,Andrea,Ibarra Romero,1963-08-23
1017,Alexandra,Padilla Mora,1982-02-15
1018,Fernanda Gregorio,Osorio Rodríguez,1959-07-25
1019,Óscar,Pérez Acosta,1977-04-15
1020,Bibiana,Márquez López,1982-10-19
1021,Roberto,López Meza,1986-04-07
1023,Adriana,García Gaitán,1957-02-19
1024,Inés,Sandoval Melo,1996-11-28
1025,Luz Jhon,Sierra Mosquera,1953-09-30
1026,Samir,Sánchez López,1969-06-14
1027,Viviana,Guzmán Pabón,1957-09-21
1028,María,Vera Jiménez,1985-07-17
1029,Iván Alexandra,Mejía Zapata,1990-06-25
1030,Rosario,Muñoz Gaitán,1964-06-08
1031,Emiro,Hernández Vargas,1990-07-19
1032,Rosa,Rosero Galvis,1966-03-11
1033,Ángela,Muñoz Quintero,1952-01-17
1035,Juan,Cárdenas Estrada,1986-07-04
1036,Julián,Flórez Londoño,1977-11-22
1038,Edith Campo,García Díaz,1985-09-07
1039,Ruby,Ángel Gómez,1943-04-25
1040,Mercedes,Calderón Narváez,1992-08-14
1041,Daniel Diana,Guerrero Gómez,1956-01-04
1043,Margarita,Muñoz Cano,1982-09-16
1044,Salvador,Duarte Fernández,1944-03-05
1045,María,Peña Mejía,1945-12-27
1046,Enrique Rubén,Jaimes Sierra,1975-02-24
1048,Henry,Martínez Guerrero,1983-05-09
1050,Nelly,Pinto Díaz,1989-11-16
1051,Yamile,Bernal Gutiérrez,1968-12-02
1053,Eliana Juan,Ospina Rodríguez,1985-04-12
1054,Wilman,Bustamante Ardila,1948-08-07
1055,Jhon,Bohórquez Díaz,1988-06-03
1056,Clara,Luna Ortiz,1977-09-20
1057,Marco Johana,Sierra Perdomo,1981-08-15
1058,Carmen,Torres Hernández,1974-05-22
1059,Mario,Henao Suárez,1952-08-12
1060,Víctor Orlando,Galeano Arteaga,1980-09-10
1061,Fernanda José,Caro Vargas,1972-05-02
1062,María Yenny,Rodríguez Quintero,1974-09-27
1063,William Alberto,Rojas Cardona,1983-12-05
1064,Amparo,Mejía Rojas,1970-03-19
1065,Gisela,Castrillón Delgado,1981-12-02
1066,Alejandra Nubia,Duque Fonseca,1979-05-12
1067,José Cecilia,Ospina García,1965-11-19
1069,Fernando,Medina Rueda,1966-09-16
1070,Jesús Adalberto,Barragán Ocampo,1984-02-06
1071,Andrés,Muñoz Murillo,1951-05-02
1072,Ana,Mena Gómez,1967-01-05
1073,José,Arango Carmona,1968-03-09
1074,Luz Cristina,Bravo Guerrero,1965-06-11
1075,Guillermo,Córdoba Córdoba,1973-06-01
1076,María,Espinosa Sánchez,1981-06-04
1078,Manuel,Bautista Barreto,1985-09-05
1079,Edith,Bautista Flórez,1958-01-29
1080,Jesús Rocío,Vargas Méndez,1994-01-17
1081,Freddy,Guevara Cruz,1980-05-30
1082,Gloria,Gaviria Gómez,1984-09-01
1083,Sergio,Castillo Hernández,1974-11-29
1084,Andrés,Castañeda Palacios,1960-10-06
1086,Luz,Fonseca Daza,1992-02-10
1088,Fredy,Molina Castro,1975-05-03
1089,Carlos,Pineda Rivera,1973-03-28
1090,Gladys Diana,Obando Contreras,1956-07-12
1091,Osvaldo,Contreras Córdoba,1974-01-02
1092,Andrea,Salazar González,1986-03-28
1094,Daniela,León Castro,1991-12-30
1095,Laura,Ardila Medina,1989-01-07
1096,José Diego,Jiménez Álvarez,1963-12-08
1097,Carolina,González Rodríguez,1950-08-20
1098,Isabel,Arenas Ramírez,1948-08-03
1099,Lorena,Marín Lozano,1972-06-20
1100,José,Polo López,1973-06-28
1101,Enrique,Miranda Díaz,1987-05-30
1102,Adriana,Restrepo Mercado,1989-06-12
1103,Alba Victoria,Orozco Barrios,1989-01-27
1104,Liliana,Castro Silva,1990-03-01
1105,Leonor Vanessa,Gómez Cano,1989-08-07
1106,Wilson Mercedes,Escobar Arango,1959-10-31
1107,Alicia Milena,Uribe Sierra,1980-07-03
1108,Alberto,Londoño Mercado,1982-08-30
1109,Lida,Valencia Castro,1951-06-05
1110,Miguel,González Velásquez,1978-04-12
1111,Santiago,Narváez Sierra,1983-12-12
1112,Fernando,Gutiérrez Camacho,1987-05-05
1113,Héctor,Miranda Mosquera,1987-09-30
1114,Hilda Luis,Barrios Marín,1982-06-17
1115,Mariana Alexander,Sánchez Martínez,1981-09-30
1116,Paola,Moreno Gutiérrez,1974-11-21
1117,Nicolás,Martínez Gamboa,1975-08-08
1118,María,Rosero Arias,1992-08-27
1119,José,López Vargas,1992-10-25
1121,Andrea Jesús,Jiménez Jaramillo,1981-12-02
1122,Jaime Alex,Moreno Rodríguez,1978-06-07
1123,Jesús Carlos,Navarro Molina,1966-07-28
1125,Katerine,Sandoval Martínez,1950-01-15
1126,Elena,Aguirre Aguirre,1982-03-23
1127,Yecid Nubia,Giraldo López,1982-05-24
1128,Lorenzo,Arias Manrique,1965-04-13
1131,Marina Jhon,García Rincón,1980-07-20
1132,Johan,Caballero Triana,1977-06-16
1133,María,Villegas Sánchez,1985-09-02
1134,Kevin,Figueroa Pacheco,1990-03-04
1135,Emerson Juan,Castillo Arias,1960-08-04
1136,Luis,Córdoba Gonzáles,1978-08-25
1137,Lorenzo,Ordóñez Padilla,1969-01-30
1138,Carolina Ignacio,Vega Silva,1965-05-07
1139,Rosa José,Hernández Gómez,1971-10-27
1141,Omaira Fernando,Mesa Arango,1971-09-24
1143,Augusto,Angulo Gómez,1949-09-24
1144,Laura,Jiménez Ochoa,1965-02-15
1145,Milena,Galvis Correa,1977-05-24
1146,José,Calderón González,1981-02-28
1147,Edith,Pérez Ortiz,1964-12-26
1148,Tatiana,Arenas Castro,1970-11-29
1149,María Martha,Cárdenas Pérez,1951-03-12
1150,Eliecer,Molina Arévalo,1957-02-11
1151,Ana Paula,Narváez Gómez,1971-05-04
1152,Carlos María,Jiménez Gutiérrez,1961-04-14
1154,Amparo,Santos Acosta,1979-03-10
1155,Luz Héctor,Muñoz Sanabria,1990-02-19
1156,Rafael,Salas Díaz,1989-06-15
1157,José,Trujillo Rentería,1956-06-27
1161,María Miguel,Pinzón Obando,1983-12-21
1162,Margarita,Quiroga González,1984-09-05
1165,Yolanda,Rodríguez Galvis,1989-12-30
1166,Shirley,Bastidas Parra,1967-05-21
1167,Marisol Enrique,Duarte Tovar,1977-09-27
1168,Julia Yazmín,Castro Bedoya,1984-10-04
1169,Johan María,Cano Medina,1990-03-28
1170,Mercedes,Montoya Amaya,1970-11-04
1171,Carmen,Castro Flórez,1976-07-21
1172,Rubén,Jaramillo Gallego,1975-01-03
1174,María,Parada Silva,1971-07-03
1177,Jazmín Alexander,Romero Díaz,1971-11-17
1178,Magaly,Serrano Contreras,1964-05-11
1179,Yaneth,Nieto Sánchez,1953-08-13
1181,Carlos,Silva Monroy,1962-08-10
1182,Andrés,González Sierra,1988-06-15
1184,Humberto,Romero Hurtado,1950-12-02
1187,Mary,Moreno Ortiz,1986-03-03
1188,Sebastián,Aguilar Rodríguez,1989-10-21
1189,Lorena,Romero Fernández,1967-05-17
1191,Federico,Daza Montes,1989-05-14
1192,Teresa,Valderrama Velásquez,1989-09-02
1193,Juan Jesús,Pacheco Castellanos,1956-09-21
1196,Ana Carlos,Hernández Gil,1986-12-03
1197,Andrés,Chávez Carvajal,1946-04-05
1198,Cristian,Gutiérrez Narváez,1958-07-19
1199,Luz Fernando,Duque Rojas,1983-01-05
1200,Alberto,Toro Mosquera,1953-02-11
1201,Gerardo Manuel,Fernández Espitia,1951-10-30
1202,Gloria,Luna Díaz,1980-09-08
1203,Margarita Mercedes,Burgos Guerrero,1957-11-11
1204,Manuela,Lozano Ramírez,1976-06-28
1205,Cristina,Velásquez Granados,1948-12-04
1206,Rosa,Romero Rojas,1982-10-16
1207,Luis Paola,Mejía Peña,1943-05-17
1208,Dubán Gregorio,Caicedo Mejía,1946-06-25
1210,María,Vargas Ortega,1965-04-10
1211,Raúl,Cortés Córdoba,1953-11-30
1213,Elena,Guerrero Rodríguez,1955-09-20
1214,Germán Esmeralda,Vélez Aguirre,1985-01-29
1215,Gonzalo,Rincón Bedoya,1961-11-20
1216,Ana,Escobar Londoño,1993-02-12
1217,Arturo Ingrid,Palacio Velandia,1981-03-28
1218,Paola,Melo Rodríguez,1991-08-09
1219,Ramón,Escobar Muñoz,1989-09-07
1220,Rosa Julia,Méndez Flórez,1988-03-04
1221,Enrique,Jaramillo Salazar,1974-01-05
1222,Martha,Vallejo Martínez,1976-09-05
1223,Milena,Beltrán Pérez,1980-11-14
1224,Ana,Suárez Sanabria,1996-02-10
1225,Doris,Morales Gómez,1947-10-08
1226,Luz,Hernández Ortega,1986-08-28
1227,Esmeralda,Ortega Vanegas,1984-09-19
1228,Mary,Cardona Cortés,1993-01-18
1229,Fernanda Alba,Reyes Vásquez,1982-12-19
1230,Jorge Sandra,Sánchez Suárez,1962-04-12
1231,Julián,López Álvarez,1993-01-24
1232,Johan,Hoyos Loaiza,1983-03-09
1233,Alfonso,Rincón Ibarra,1973-11-18
1234,Luis,Gamboa Gaviria,1975-10-12
1235,Alberto,Ordóñez Sánchez,1978-10-23
1236,Elizabeth,Torres López,1981-10-15
1237,Adalberto,Alzate Suárez,1974-11-17
1239,Miguel,Rojas Valderrama,1954-01-15
1240,Marina,Rojas Londoño,1962-05-09
1241,Paola Edison,Rodríguez Sandoval,1979-06-16
1242,Alejandro Alejandro,López Solano,1963-10-31
1243,Judith,Trujillo Vélez,1980-07-10
1244,Diego,Vergara Méndez,1981-12-16
1245,Andrés Raúl,Posada Guzmán,1964-04-11
1246,Lucía,Quintero Páez,1959-02-24
1247,Felipe,Navarro García,1955-02-26
1248,Cristina Beatriz,Rincón Jaimes,1978-12-14
1249,Graciela Cristina,Mendoza Chávez,1995-10-30
1250,Teresa,Pérez Jiménez,1997-07-14
1252,Marina,Sánchez Pérez,1982-01-21
1253,Inés Augusto,Parra Valencia,1977-09-21
1256,Sonia Martha,Manrique Chávez,1985-08-20
1257,Adolfo José,García Torres,1983-01-14
1258,Hernando Yenny,Rojas Rodríguez,1981-08-12
1259,Edgar,Torres Vásquez,1985-09-27
1260,Alexis,Pérez Osorio,1981-05-08
1261,María Francisco,Mejía Osorio,1993-02-09
1262,Carmen,Escobar Valderrama,1995-06-10
1263,María,Martínez Meneses,1967-07-04
1265,Yulieth,Álvarez Moreno,1956-05-27
1266,Karen,Hernández Salgado,1964-01-10
1267,Luz Margarita,Hernández Pabón,1945-03-13
1268,Diana,Meneses Sierra,1960-04-18
1269,Vanessa,Martínez Portilla,1951-12-15
1270,Johana,Arévalo Acevedo,1986-01-04
1271,Patricia,Restrepo Silva,1989-09-19
1272,Lida,Ramírez Quiroz,1965-10-10
1273,Manuel Arturo,Cortés Gómez,1969-07-14
1274,Diego Francisco,Villamil Ramírez,1960-10-20
1275,María,Restrepo Gómez,1988-02-13
1276,Jairo,Vera Valderrama,1964-08-03
1277,Mariela,Londoño Valencia,1989-06-03
1278,Cristina,Castro Gómez,1989-07-17
1279,Lucía Blanca,Sánchez Ardila,1964-01-08
1280,Erick Patricia,Galvis Acosta,1964-09-16
1281,Yanet,Pedraza Vargas,1957-10-13
1282,Doris Yenny,Palacios Valencia,1983-09-30
1284,Ana Alba,Ospino Salazar,1997-03-30
1285,María Milena,Perea Escobar,1956-02-13
1286,Jorge,Ramírez Muñoz,1964-06-23
1287,Kelly,Rodríguez Rodríguez,1964-05-22
1288,Fernanda,Espitia Moreno,1991-11-25
1290,Orlando,Barrios Jaimes,1993-11-01
1291,Orlando,Fuentes Moreno,1960-08-22
1292,Julián Eduardo,Polo Buitrago,1951-10-10
1295,Sandra Juan,Hurtado Rodríguez,1991-04-30
1296,Fabián Diana,López Barrios,1983-04-13
1297,Stella César,Córdoba Castrillón,1983-02-03
1298,Diego,Torres Ramos,1985-11-08
1299,Mery Pedro,Vera Alfonso,1976-09-16
1300,Irma,Torres Rosero,1987-05-20
1302,Mary,Arboleda Parra,1974-07-09
1303,Andrea,Maldonado Arango,1968-07-09
1304,Patricia,Calderón Díaz,1985-06-10
1305,Adriana María,Naranjo Villa,1971-12-02
1306,Arbey,Pérez Bernal,1975-07-12
1308,José Patricia,Velásquez Herrera,1974-06-26
1309,Daniel,Bohórquez Mendoza,1989-11-17
1310,Javier,Guerra Arias,1990-06-22
1311,María,Figueroa Gómez,1981-05-26
1312,Nelson,Peña Zuluaga,1974-10-28
1313,José Judith,Chávez Hernández,1949-05-24
1314,Paulo,Contreras Medina,1951-09-17
1315,Miriam Orlando,Bustos Contreras,1981-05-04
1316,Claudia Camilo,Orozco Pinto,1965-12-26
1317,Julieth,Hernández Gómez,1998-02-04
1318,Alonso,Mosquera Saavedra,1969-12-02
1319,Rosa Amparo,Mendoza Valencia,1956-04-15
1320,Fabiola Dora,Ojeda Gutiérrez,1981-08-31
1322,Andrés,Angulo Díaz,1987-03-22
1323,Jesús,Jaimes Gómez,1971-10-15
1324,Astrid,Molina Pérez,1978-08-19
1325,Patricia Alexis,Guzmán Marín,1991-04-05
1326,Maricela,Barrios Gil,1974-06-12
1327,Manuel,Padilla Cáceres,1974-11-21
1328,Yolima,Gómez Gómez,1981-09-25
1329,Luz,Morales Álvarez,1985-04-16
1330,Wilmer,González Agudelo,1991-06-16
1331,Viviana,Palacios Álvarez,1989-05-17
1332,Juan,Rivera Gaitán,1968-09-09
1333,Omar Yaneth,Valencia Ortiz,1962-06-15
1334,Wilfrido María,Sepúlveda Muñoz,1992-12-18
1336,Augusto Sebastián,Perdomo Durán,1976-04-17
1337,Luis,Fernández Bejarano,1989-02-11
1338,Anyi,Torres Meneses,1958-06-24
1339,Daniel,Londoño Saavedra,1982-03-12
1340,Yaneth,Castro Fernández,1987-10-31
1341,Antonio,Ballesteros Delgado,1986-02-04
1342,Nelson,Quintero López,1959-04-11
1343,Andrea,Rodríguez Castillo,1954-02-21
1344,Luis,Cruz Cortés,1979-06-18
1345,Daniel,Patiño López,1987-06-06
1346,Rosalba,Ojeda Ruiz,1987-04-14
1347,María Rosa,Solano Torres,1953-09-14
1348,María,Torres Montoya,1965-12-27
1349,Ligia,Posada Castillo,1983-02-10
1350,David,Rodríguez Escobar,1982-11-01
1351,Amparo,Durán Martínez,1966-09-07
1352,Lorena,García Rodríguez,1946-06-04
1353,Mary Edwin,Niño Flórez,1983-10-16
1354,Alfonso Lucy,Vargas Cantillo,1947-03-18
1355,Johana,Rodríguez Bermúdez,1979-02-21
1356,Emilio Hernando,Calderón Delgado,1955-08-09
1357,Gloria,Caicedo Herrera,1981-02-04
1358,Jaime Julio,Hernández Gil,1978-07-05
1359,Martha,Guerrero Zapata,1994-05-15
1360,Ruth,Agudelo Hernández,1986-08-30
1361,Carlos Javier,Castillo Hurtado,1957-05-02
1362,Milton,Tamayo Martínez,1984-10-19
1363,David,González Bonilla,1984-11-23
1365,Yeison,Montenegro Castañeda,1969-06-15
1366,David Fabio,Vásquez García,1996-08-02
1368,Juan,Posada Sánchez,1986-08-14
1369,Carlos,Rodríguez Gutiérrez,1952-08-23
1370,John Juan,Pedraza Narváez,1991-01-31
1371,Andrés Marly,Meneses Ríos,1977-06-12
1372,Alberto,Peña Vásquez,1948-07-14
1373,Arnulfo,Palacios Gaviria,1988-12-28
1374,Elizabeth,Gómez Uribe,1980-12-28
1375,Lorena Roberto,Torres Vargas,1996-06-26
1376,Luz,Hernández León,1995-03-19
1377,Harold,Jiménez López,1966-07-19
1378,Yesid Lilia,Marín Salazar,1978-04-11
1379,Sandra,Gómez Lara,1972-04-09
1380,William,Giraldo Escobar,1974-01-25
1381,Juan,Jiménez Campo,1987-10-31
1382,Luz Eliana,Angulo Padilla,1968-08-18
1383,Angélica Juan,Ardila Zapata,1953-12-06
1384,Patricia,Rodríguez Cifuentes,1968-09-13
1386,Yolanda Antonio,Torres Burbano,1980-12-21
1387,Cecilia,Suárez Sarmiento,1963-10-19
1388,Lorena,Gómez Giraldo,1964-03-26
1389,Miriam Jhoan,Arroyo Torres,1985-09-01
1390,David,Bernal Rosero,1973-10-14
1392,Astrid Fabián,Díaz Serna,1982-02-11
1394,Fabián,Méndez Suárez,1980-02-06
1395,Luz Samir,Hoyos Beltrán,1965-07-05
1397,María,Méndez Mercado,1980-12-15
1398,Mayerly,Arias Acosta,1989-04-27
1399,Luisa,García Rodríguez,1973-12-11
1400,Gilberto,Guevara Cantillo,1982-04-18
1401,María,Martínez Rodríguez,1982-03-07
1402,Esperanza Iván,García Cabrera,1981-06-28
1404,Darwin,Sandoval García,1962-12-19
1406,Luz Paola,Serrano López,1973-07-18
1407,Fanny Marco,González Romero,1966-06-23
1408,Gloria,Villamizar Mendoza,1969-04-11
1409,Paola,Restrepo Obando,1959-01-16
1410,Miller,Ceballos Gómez,1987-01-13
1411,Carolina,Zuluaga Flórez,1986-10-05
1412,María Steven,Gómez López,1979-06-10
1413,Isabel Fabiola,Ramos Luna,1964-01-26
1414,Blanca,Polo Reyes,1951-03-03
1416,Edna Ferney,Mantilla Núñez,1983-05-06
1418,Nelson Gustavo,Sánchez Sánchez,1964-12-19
1419,Isabel,Meneses Silva,1966-01-30
1420,Néstor,Salgado Rodríguez,1950-02-22
1422,Yasmín Sebastián,Hernández Pérez,1985-06-12
1423,Anderson,Osorio Martínez,1958-10-15
1424,Álvaro Deisy,Bautista Pérez,1966-07-02
1425,Carlos Carlos,Mosquera Reyes,1989-01-31
1426,Andrés,Salazar Ramírez,1961-07-20
1429,Sergio Aida,Moreno Escobar,1974-08-24
1430,Fernando,Gutiérrez Ibarra,1963-02-26
1431,Felipe Estiven,Morales Carvajal,1975-09-09
1432,Jairo,Díaz Ramírez,1998-01-21
1433,Dairo Saúl,Murillo Uribe,1982-04-28
1434,David,Ruiz Correa,1960-08-26
1435,Luz Miguel,Beltrán Castillo,1995-01-31
1436,Jazmín Cristian,Rodríguez Salas,1980-07-03
1437,José Cristian,Rodríguez Gómez,2000-07-30
1438,Elena,Muñoz Ospina,1955-04-13
1439,Alejandra,Daza Camacho,1979-03-30
1441,César Eduardo,García Pérez,1950-07-03
1442,Johana,Rodríguez Velásquez,1975-11-30
1443,Mercedes María,Morales Villamil,1973-12-11
1444,Vanesa,Bohórquez Corredor,1987-09-19
1445,Mary,Escobar Bastidas,1957-01-23
1446,Segundo,Cárdenas Díaz,1987-05-12
1448,David Luis,Sánchez Vélez,1974-02-26
1449,Román,Sánchez Pineda,1989-06-06
1450,Marlon Camilo,Díaz Ardila,1966-08-06
1451,Flor Pedro,Martínez Montenegro,1971-08-24
1452,Consuelo Jhonatan,Vargas García,1977-01-30
1453,Edward Álvaro,Cortés Alzate,1997-08-08
1454,Omaira,Ariza Pardo,1993-02-09
1455,Graciela Eliecer,Rodríguez Serna,1959-12-24
1456,Jairo,Ríos Romero,1996-07-01
1457,Juan,Sarmiento Montenegro,1978-01-17
1458,Aura,Vargas Castillo,1972-12-22
1459,María María,López Duque,1984-01-11
1460,Yasmín,Reyes Sánchez,1983-01-03
1461,Jennifer,Blanco López,1958-01-12
1462,Irene,Meneses Rodríguez,1973-05-19
1463,Sara,Calderón Morales,1980-09-03
1464,Ángela,Forero López,1985-08-04
1465,Yésica Luz,Rivera Bonilla,1964-07-29
1466,María,González Naranjo,1950-07-27
1467,Marta,Lozano Arrieta,1977-11-19
1468,Carolina Juan,Cruz Buitrago,1984-07-06
1469,Sebastián,Ortega Pineda,1976-07-30
1470,Óscar Luz,Gutiérrez Rodríguez,2000-08-21
1471,Ana,Uribe Ramos,1967-03-09
1472,Julián,Pérez Granados,1971-11-19
1473,Ricardo Judith,López Ortega,1989-10-03
1474,Alberto,Cáceres González,1974-02-22
1475,Camila Ana,Osorio Herrera,1968-07-26
1476,Nancy Mónica,Ortiz Gómez,1980-08-15
1478,Dubán,Marín Ceballos,1975-10-31
1479,Gustavo,Bravo Reyes,1975-03-23
1480,Esther Alexis,Restrepo Hernández,1966-03-17
1481,Juan,Moreno Romero,1982-08-27
1482,Manuel,Escobar Flórez,1964-09-14
1484,Vanessa Mercedes,Escobar Zapata,1972-01-22
1485,Fredy Gallego,Garzón Palacios,1984-05-08
1487,Carmen Jesús,Betancur Mejía,1993-10-29
1488,Rosa Óscar,Martínez García,1985-06-30
1489,Luis Carlos,Rodríguez González,1990-06-26
1490,Ramón,Rojas López,1958-08-25
1491,Alejandra,Ramos Rivera,1980-09-12
1492,Antonio,Martínez Valencia,1973-10-19
1493,Claudia,Mendoza Osorio,1972-08-10
1494,Jesús,Burgos Correa,1964-09-28
1495,Luz Iris,Mejía Gaitán,1983-11-10
1496,Sofía,Peña Vega,1960-08-11
1497,Alexander,Bustamante Pineda,1987-09-12
1498,Eva,Delgado Ordóñez,1972-08-29
1499,Luis Yaneth,Correa López,1974-06-21
1500,David Carlos,Pérez Montoya,1943-05-16
1501,Felipe,Osorio Vanegas,1958-04-20
1502,Sebastián,González Parra,1988-02-14
1503,Alejandro,Hernández Córdoba,1985-10-15
1504,Augusto Martha,Gaviria Cárdenas,1982-08-23
1505,Daniel David,Muñoz Hernández,1958-08-18
1506,Elsa Alfonso,Franco Jaramillo,1979-11-02
1507,Fredy,Pulido Duque,1953-02-19
1510,Antonio María,Mejía Sierra,1998-07-15
1511,Jorge Iván,Barrios Quiroga,1945-07-28
1512,Gabriel,Restrepo Díaz,1986-01-24
1515,Alba Olga,Montes Fajardo,1981-10-28
1516,Luz Rafael,Pérez Rincón,1958-12-16
1517,Carlos Adriana,Rojas Rueda,1964-01-15
1518,José Jesús,González Benavides,1988-07-20
1519,Paula,Sandoval Gutiérrez,1983-01-21
1520,Alexandra,Valencia Ojeda,1966-11-20
1521,Brayan,López Amaya,1977-05-19
1522,Ricardo Enrique,Nieto Caicedo,1982-12-27
1523,Humberto,Salazar Marín,1957-11-23
1524,Lucía Alberto,Gil Fuentes,1965-09-24
1525,Dayana,Ayala Ceballos,1991-01-02
1526,Valentina José,Salcedo Gómez,1975-01-21
1527,Martín,Mena Cárdenas,1979-08-23
1528,Liceth,Páez Bustos,1986-06-19
1530,Edilma,Trujillo Ayala,1983-06-23
1531,Sandra,Rodríguez López,1973-02-22
1533,Pedro,Rincón Vargas,1971-10-13
1534,Carlos,Velasco Salas,1973-07-07
1535,Jessica,Alzate Sierra,1974-10-09
1538,Ángela María,Ballesteros Arboleda,1991-10-22
1539,Karen,Torres Sánchez,1980-09-27
1540,Andrés,Hernández Rodríguez,1980-10-05
1541,Nelson,Sandoval Vargas,1942-12-28
1542,Yuliana,Hernández Gómez,1985-09-29
1544,Rosa,Sánchez Sierra,1969-12-31
1545,Vanesa,Rojas Hernández,1986-09-03
1546,Omar,Mosquera Torres,1966-05-02
1547,Inés,Correa Soto,1960-07-02
1549,Alexandra,Contreras Fernández,1961-07-03
1550,Elena,Benavides Barreto,1981-11-04
1551,Enrique,Londoño Acosta,1972-07-23
1552,Javier,Arboleda Ochoa,1968-05-16
1553,Alexander,Reyes Mosquera,1990-02-28
1554,Jesús,Ruiz Pineda,1985-08-11
1555,José,Gómez Gamboa,1993-02-02
1556,Ángel,Montoya Niño,1982-11-21
1557,Lucía Danilo,Delgado Castillo,1978-12-18
1558,Patricia Marta,Cardona Cortés,1983-01-20
1559,Daniela,Pulido Martínez,1960-12-16
1561,Cecilia,López Pérez,1969-12-04
1562,Felipe,Álvarez Perea,1960-02-07
1564,Adriana,Pardo Castillo,1979-04-08
1565,Leonor,Villegas Mora,1984-08-17
1566,José,Duque Rodríguez,1974-11-12
1567,Sofía Camilo,Franco Giraldo,1987-06-29
1568,Manuel,Restrepo Ortiz,1963-12-06
1569,Emilse Daniel,Vargas Rivera,1983-12-12
1570,Mauricio,Osorio Aguirre,1985-08-08
1571,Antonio,Moreno Palacios,1989-04-13
1572,Manuel,Ortega Torres,1986-06-19
1574,Abraham,Martínez Rojas,1961-12-22
1576,Catalina,González Silva,1991-01-06
1577,Juan,López González,1967-05-19
1579,Yaneth Judith,Moreno Palacios,1960-10-30
1580,Enrique,Jiménez Hernández,1971-03-16
1581,Eduardo,Chacón Beltrán,1942-11-25
1582,Luis,Agudelo Salazar,1984-08-10
1583,Patricia,Burbano Mora,1982-07-02
1584,María,Meneses Quiroz,1981-01-26
1586,Isabel Juliana,Meneses Carrillo,1993-01-30
1587,Johanna Omar,Buitrago Quintero,1988-03-10
1588,Clemencia,Rodríguez Torres,1993-02-12
1590,Carmenza,Ángel López,1985-08-11
1591,Diego,Arroyo Portilla,1977-05-10
1592,Luis,Rojas Bermúdez,1968-10-03
1593,María,Martínez Espitia,1960-05-02
1594,Alfonso,Soto Narváez,1977-02-11
1595,Mirian,Arias Cardona,1955-10-27
1596,Claudia,Portilla Alfonso,1959-05-06
1597,Nataly Isabel,Camacho Gómez,1986-07-15
1598,Tatiana Jhony,Torres Osorio,1969-09-06
1599,Alba Patricia,Díaz Montoya,1983-04-02
1601,Andrés Leidy,Maldonado Méndez,1969-07-07
1602,Roberto,Cárdenas Torres,1980-08-24
1603,Libia Claudia,Molina Salazar,1952-12-09
1604,Antonio,Toro Vásquez,1974-03-07
1606,Margarita Yolanda,Mejía Sánchez,1977-04-28
1608,Erika Jaime,López Cantillo,1972-09-26
1609,Luz Tatiana,Díaz Forero,1957-01-03
1610,Armando,Toro Camargo,1951-01-18
1611,Alejandra,Londoño Cáceres,1976-01-29
1612,Milena Abel,Ortiz Martínez,1972-12-26
1613,Alejandra,Alvarado Aguilar,1994-03-13
1615,Laura Patricia,Guevara Mora,1987-09-24
1616,Ana,Páez Rodríguez,1953-09-17
1618,Emiro Miguel,Hernández Martínez,1973-12-19
1620,Alexander,Rojas Delgado,1982-05-22
1621,Margarita,Pabón Pérez,1949-10-22
1622,David Carmen,Gómez Quiroga,1988-03-09
1623,Jhon,Andrade Navarro,1941-10-20
1624,Paola,Guerrero Martínez,1969-03-28
1625,José María,Valencia Muñoz,1969-04-07
1626,Alonso,García Peña,1984-05-17
1627,Patricia Hernán,Arrieta Monsalve,1984-08-31
1632,Yenny Beatriz,Bonilla Muñoz,1966-01-10
1633,Andrea,González Ávila,1969-07-15
1634,Verónica Eliana,Jiménez Galvis,1945-06-21
1635,Leidy Mary,Moreno Toro,1989-01-08
1636,Juan Martha,Contreras Arteaga,1960-06-23
1637,Libardo,Beltrán Ariza,1986-09-13
1638,Rocío María,Triana Suárez,1970-11-15
1639,Jefferson,Barrera Ortega,1985-08-25
1640,Cristobal,Escobar Toro,1971-07-06
1641,Tatiana,Rodríguez Naranjo,1962-11-21
1642,Rafael,Acevedo Gómez,1965-12-15
1643,Martha Marleny,Fernández Narváez,1981-02-20
1644,Jenny Lizeth,Barrera Restrepo,1961-11-05
1645,Mónica,Rodríguez Rangel,1996-01-29
1646,Sandra Oliva,Tamayo Murcia,1987-11-24
1648,Eduardo,Páez Rosero,1968-06-24
1649,María,Jiménez Mosquera,1960-10-08
1651,Manuel,Ardila Moreno,1984-12-06
1652,Jesús,Acosta Martínez,1973-11-23
1653,Vanessa Manuel,Calderón López,1974-09-09
1654,Sandra Piedad,Orozco Ortiz,2000-12-03
1655,Nayibe Carmen,Vega Pérez,1972-12-03
1656,Esther Blanca,Díaz Restrepo,1994-09-07
1657,Gladys,Peña Villegas,1981-08-02
1658,Nelly,Betancur Betancur,1998-12-13
1659,Irene Isabel,Valencia Arias,1980-04-03
1660,Ana,Castro Suárez,1980-06-30
1661,Nelson,Gómez Velásquez,1975-07-24
1662,Leonardo Mónica,López Bedoya,1980-11-04
1663,Lucy William,García Rojas,1983-09-01
1664,María Mónica,Triana Valencia,1940-06-12
1665,Cristian,Agudelo Ruiz,1982-11-14
1666,Patricia,Espitia Londoño,1995-06-26
1667,Juan,Marín Castellanos,1970-09-18
1668,Margarita,García Herrera,1986-10-27
1669,Carolina Natalia,Erazo Gutiérrez,1947-03-13
1671,Marcela María,Perdomo Bernal,1968-10-25
1673,Elisa Rosalba,Moreno Montoya,1972-04-07
1674,Andrés Yeferson,Cuéllar Villa,1969-09-10
1675,Andrés Jhon,López Moreno,1978-09-11
1676,José,Martínez Reyes,1967-07-03
1678,Tania Segundo,Bermúdez Domínguez,1972-06-27
1679,Arnulfo Jean,Pardo Benítez,1980-08-27
1680,Eugenia,García Rodríguez,1982-03-17
1681,Jhoana,Acevedo Vélez,1987-06-26
1682,Alfonso,Muñoz Rangel,1970-04-21
1683,Julián,López Lara,1989-09-29
1685,Juan,Quiroga Herrera,1968-01-26
1686,Walter,Carmona López,1994-07-01
1687,Alejandra Adriana,Bedoya Solano,1986-06-06
1688,Libia Daniela,Correa Díaz,1972-04-24
1689,Alexander,Ruiz Camargo,1983-05-23
1690,Martha,López Vargas,1968-06-28
1693,Luis,Betancur Palacios,1969-12-25
1694,Miguel Carmen,Pérez Hernández,1979-03-29
1695,José,Molina Romero,1952-03-26
1696,Johanna Edgar,Tovar Vergara,1984-03-22
1698,Manuel,Acevedo Garcés,1971-10-26
1699,Carmen,Acevedo Álvarez,1993-11-24
1700,Aura Antonio,Hernández Mantilla,1965-02-22
1701,Junior,Sánchez Murillo,1965-10-04
1702,Edinson,Castillo Mena,1987-11-14
1703,Luis Nelson,Rojas Arteaga,1988-02-14
1704,Stiven,Carvajal Cardozo,1970-10-13
1705,Patricia,Perea Jiménez,1942-06-15
1706,Yaneth,Rincón Silva,1960-01-14
1707,Santiago,Gómez Giraldo,1982-08-12
1708,Santiago María,Vásquez Guerrero,1974-07-29
1709,Katherine,Valencia Salazar,1991-04-23
1710,Felipe Alexander,Ortiz García,1991-12-15
1711,Alberto,González Fuentes,1988-08-09
1712,Adriana,García Mosquera,1956-08-21
1713,Felipe,Ramírez Ríos,1973-05-01
1714,Maritza,Ríos Hernández,1980-10-27
1716,Andrés,Rico Rodríguez,1988-12-31
1717,Emilce Yaneth,Ospina Velásquez,1963-12-23
1718,Leticia Jhonny,Silva Arias,1966-12-14
1719,Luisa Marcela,Caballero Jaramillo,1968-10-30
1720,Carlos Alonso,Córdoba Vásquez,1981-09-13
1721,Eduardo Gerardo,Fonseca Rubio,1965-12-02
1722,Adriana,Martínez Mosquera,1994-06-21
1724,Alfonso Angélica,González Ramírez,1969-06-25
1725,David Dary,Castro Garzón,1973-10-04
1726,Omar Juan,Ramírez Aguirre,1943-08-21
1727,Josefa,Marín Moreno,1955-09-06
1728,Augusto Santiago,Díaz Restrepo,1987-09-05
1729,Hernán Elizabeth,Marín Uribe,1950-12-28
1730,Marco,Gutiérrez Reyes,1989-08-06
1731,Yeison Stella,Cáceres Pinto,1947-04-22
1732,Alejandro,Castro Ochoa,1978-03-16
1733,Iván,Amaya Luna,1957-04-06
1734,María,Paz Guerrero,1961-10-03
1735,Fabián,Bohórquez Gómez,1990-10-05
1736,David Alexandra,Parra Ruiz,1983-07-11
1737,Pilar,Cardona Rodríguez,1973-06-30
1738,Alexander,Prieto Gaviria,1952-01-03
1739,Juan,Quintero Peña,1970-11-06
1740,Edinson,Ortega Cardona,1968-03-22
1741,Brayan,Ortega Mora,1988-10-01
1742,Pilar,Ríos García,1983-07-22
1743,Cecilia,Ardila Roa,1991-03-24
1744,Carmen Antonio,Villegas Burgos,1971-03-23
1746,Jhan,García Rodríguez,1979-08-16
1747,Mauricio,Guerrero González,1967-07-30
1748,Luz Duván,Pérez Carmona,1973-08-27
1750,Luis Inés,Daza Hernández,1970-06-21
1751,Martha,Ruiz Moreno,1984-12-22
1753,Andrés,García Alfonso,1983-12-31
1754,Eduardo,Vanegas López,1988-07-16
1755,Javier,Martínez Camargo,1985-11-16
1756,Armando,Ayala Ríos,1971-10-04
1757,Carlos,Fernández Burgos,1980-07-08
1758,Miguel Hernán,Salazar Trujillo,1986-03-25
1759,Gustavo,Guerra Salazar,1983-10-28
1760,Luz Miguel,Gutiérrez Mejía,1985-12-18
1761,Enrique Augusto,Medina Moreno,1993-05-20
1762,Rosa,Espinosa López,1956-12-19
1763,Jhon,Arango Ortiz,1995-03-08
1766,Fredy,Rodríguez Jiménez,1966-10-14
1767,José Patricia,Gutiérrez Garcés,1948-05-17
1768,Carlos,Gamboa Torres,1997-05-25
1769,Mercedes,Valderrama Rodríguez,1992-12-06
1772,Mauricio,Giraldo Ramos,1994-10-01
1773,Samuel Daniel,Hernández Mendoza,1989-04-18
1774,Jesús,Molina García,1978-09-28
1775,Edgardo,Sánchez Díaz,1947-11-30
1776,María,Ortiz Barragán,1974-04-18
1777,María,Rendón Ospina,1951-05-06
1778,Aura,Pérez Montes,1965-07-20
1779,Juan,Bedoya Hurtado,1992-06-22
1780,Geraldine,Romero Torres,1976-03-22
1781,Olga Milena,Vargas Rodríguez,1964-04-04
1782,Magdalena,Restrepo Jaramillo,1967-09-05
1784,Laura,Pérez Rodríguez,1964-10-23
1785,Liliana,Arboleda Ramírez,1983-08-07
1786,Elisa Eder,Durán Flórez,1978-08-01
1787,Mabel Elcy,Estrada Orozco,1983-03-18
1788,Jairo,Buitrago Salas,1988-08-07
1789,Esteban Jair,Molano Cortés,1957-12-17
1790,Gladys,Murillo Giraldo,1970-03-30
1792,Jhon,Orjuela Blanco,1980-03-17
1795,Humberto,Gaitán Gutiérrez,1969-10-18
1797,Gustavo,Parra Ramírez,1980-05-30
1798,Efrén Cecilia,Sierra Rodríguez,1952-11-14
1799,Carlos Fernando,Ramírez Mercado,1995-10-29
1800,Marina Dayana,Salcedo Molina,1963-08-29
1801,Yaneth,Acosta Vega,1988-02-28
1802,Darío,Romero López,1984-10-21
1803,Andrés,Acevedo Prada,1981-12-06
1804,Juana Alexander,Cabrera Trujillo,1967-10-21
1806,Natalia,Sarmiento Salazar,1994-12-25
1807,Edinson,Prada Delgado,1984-11-20
1808,Judith Luz,Rodríguez Pacheco,1976-03-15
1809,Marcela,Mesa Barbosa,1986-06-09
1811,Xiomara Jhon,Díaz Ruiz,1982-12-30
1812,Cristian,Ospina Arango,1958-08-26
1813,Geraldine Lizeth,Vanegas Restrepo,1978-06-06
1814,Víctor Daniel,Arias Londoño,1996-06-19
1815,Carlos Oswaldo,Campo Torres,1977-10-25
1816,Luz,Rodríguez Forero,2000-01-26
1818,Edwin,Ruiz Bautista,1987-03-02
1819,Marina,Ochoa Valencia,1982-01-09
1820,Luis,Reyes Mosquera,1962-05-04
1821,Marlén,García Ortiz,1989-06-16
1822,Silvia,Álvarez Pérez,1962-06-29
1823,José Enrique,Restrepo Ruiz,1989-01-10
1824,Luis,Ávila Gutiérrez,1988-11-11
1825,Armando,Díaz Peña,1953-04-30
1826,Michel,Herrera Acevedo,1986-03-22
1827,Isaac Eider,Palacio Medina,1984-09-22
1828,Miguel,Cuéllar Barbosa,1972-10-08
1829,Jhon María,Portilla Cantillo,1950-01-03
1830,Alexander Jorge,Ardila Álvarez,1988-10-02
1831,Juan Augusto,Rivera González,1964-11-27
1832,Alejandro,Álvarez Zambrano,1973-05-01
1833,Néstor,Amaya Cáceres,1982-02-26
1834,Mónica,Maldonado Mena,1967-12-30
1836,René Rubén,Vargas Pérez,1971-01-13
1837,Jaime,Suárez Gómez,1974-02-28
1838,Fernando,Ortiz Mejía,1997-12-21
1839,Teresa,Monsalve Caicedo,1967-01-22
1840,María Johana,Carvajal Murillo,1991-07-28
1841,Johan,Galvis Hernández,1989-10-19
1842,Luis,Silva Gutiérrez,1987-02-12
1843,César,Rivas Gutiérrez,1969-04-14
1844,Leonardo Carlos,Blanco Herrera,1944-02-09
1846,Alejandro Diego,Martínez Martínez,1985-12-22
1847,Viviana,Palacio Caballero,1991-11-07
1848,Andrés,Delgado Gutiérrez,1967-07-13
1850,Lucía Luz,Cifuentes Carrillo,1981-08-02
1851,Andrés,Bravo Gil,1943-01-10
1852,Gustavo,Suárez López,1973-02-21
1853,Catalina,Ochoa Gamboa,1974-06-27
1854,Isabel,Muñoz Sánchez,1951-09-30
1855,José,Muñoz Polo,1999-09-09
1857,Raúl Xiomara,Mejía Calderón,2000-04-01
1858,Miguel Martha,Molina Toro,1964-03-14
1859,Consuelo,Salazar Valencia,1969-10-27
1860,Michael,Hernández Barragán,1998-02-21
1861,Marina Mario,González Gil,1997-04-19
1862,Gloria Luz,Rojas Rojas,1989-06-01
1863,Fernando,Gómez Orozco,1976-07-28
1864,Mery,Cardona Carvajal,1958-11-23
1865,Juan,Palacios Blanco,1975-06-12
1866,Estiven Carlos,Mosquera Rojas,1977-10-03
1869,Juan Lina,Gil Cárdenas,1988-04-16
1870,Inés,Rengifo Vélez,1960-09-13
1871,Alfonso Marcela,Hernández Castellanos,1985-08-23
1872,Víctor,Narváez Ordóñez,1963-05-17
1873,Mateo Rosa,Bermúdez Pacheco,1973-02-09
1874,Óscar,Muñoz Restrepo,1960-10-03
1875,Antonio,Herrera Jiménez,1990-02-19
1876,Marco Jair,Sánchez Cárdenas,1959-12-24
1880,María Andrés,Valencia Riascos,1962-11-13
1881,Rosa Hernán,Camacho Benavides,1970-01-15
1883,Camila,Castro Vargas,1961-03-07
1884,Elena,Valencia Ramírez,1979-07-11
1885,Luz,Villegas López,1987-10-26
1886,Julián,Betancur Moreno,1987-09-07
1887,Juan,Monsalve Carvajal,1989-11-11
1888,Roberto,Barrera Beltrán,1993-07-08
1891,Juan,González Marín,1971-05-20
1892,José,Castañeda Arango,1971-11-17
1893,Fabiola,Bastidas Reyes,1989-07-21
1894,Cecilia Diego,Sánchez Soto,1967-02-15
1895,Daniel,Tovar Barragán,1988-06-01
1896,Santiago Eugenia,Romero Velasco,1962-09-20
1897,Patricia,Bustamante Contreras,1996-09-01
1898,María,Ramírez Hoyos,1972-06-08
1899,Claudia Marcela,Bolívar Perea,1978-06-25
1900,Camilo Tatiana,González Fernández,1980-09-28
1901,Alonso,Parada Caro,1993-12-04
1902,Álvaro,López Rincón,1959-06-15
1903,Carlos,Muñoz Sánchez,1987-04-07
1904,Consuelo,Castellanos Sierra,1962-11-08
1905,Jorge,Quintero Torres,1992-04-29
1906,Carlos,Alfonso González,1982-03-31
1907,Rosalba Ernesto,Rojas Ochoa,1957-06-26
1909,Pilar,Torres Bolívar,1993-01-29
1911,Gloria,Silva Guzmán,1988-08-18
1912,Sandra,Herrera Mora,1985-07-08
1913,Camilo,Arrieta Ibarra,1960-08-27
1914,Alexandra Sebastián,Bedoya Hernández,1987-04-18
1915,Marina,Melo García,1970-03-11
1916,Carlos Manuel,Reyes Gaviria,1975-02-20
1917,John Jorge,Pérez Palacio,1984-08-13
1918,Adriana,Giraldo Sánchez,1957-06-15
1919,Alejandra,Delgado Sánchez,1997-04-23
1920,Mary,Galindo Rodríguez,1974-06-02
1921,Xiomara,Benavides Quintero,1976-06-26
1923,Carlos,Niño Vargas,1984-07-09
1924,Elkin,Bernal Espinosa,1989-02-16
1925,Mery,Rodríguez García,1974-03-01
1926,José Sandra,Valencia Aguilar,1968-08-12
1927,Patricia Alberto,Montoya Monsalve,1976-04-11
1930,Rodolfo,Nieto Vega,1958-06-03
1931,Sandra Ana,Ramírez Cabrera,1959-05-23
1932,María,López Carvajal,1974-06-28
1933,Carlos Andrés,Ariza Correa,1957-03-07
1934,Ana Raúl,Martínez Osorio,1949-05-27
1935,Mauricio Esther,Cabrera Daza,1977-05-27
1937,Juan,Becerra Sánchez,1956-06-04
1941,Elvira Juan,Ortiz Ortiz,1986-08-13
1942,Esteban,Navarro Gómez,1972-04-16
1943,Luis,Gómez Sánchez,1998-05-14
1944,Natalia Andrés,Zapata Sánchez,1956-04-18
1945,Ingrid,Rodríguez Zapata,1961-01-24
1946,Luis,Camargo Herrera,1966-08-24
1947,Arturo,Rodríguez Galvis,1969-08-14
1948,Alejandro,Vargas Rincón,1995-07-06
1949,Elizabeth,Romero Rivera,1987-12-23
1950,Ernesto Fredy,López Mendoza,1964-08-29
1951,Lucía,Salgado Vera,1975-11-15
1952,Iván,Castillo Bastidas,1959-12-17
1953,Ana,Buitrago Gutiérrez,1983-10-05
1954,Karen,Camargo Perea,1960-07-24
1955,Alexander Walter,Sandoval Maldonado,1977-01-25
1956,Claudia Xiomara,Barbosa Martínez,1971-10-12
1958,Alberto Leidy,Hernández Pérez,1992-08-15
1959,Leonel,Blanco Torres,1962-07-11
1960,Vicente Maribel,Barreto Rodríguez,1970-03-06
1961,Ángela,Campo Ruiz,1957-07-19
1962,Fabián Yair,Beltrán Hernández,1984-08-20
1963,Andrés,Rodríguez Vega,1965-03-28
1965,Sonia,Rangel Caicedo,1949-12-05
1966,Viviana Leidy,Rojas Salgado,1979-06-28
1967,Johnny,Gómez Velandia,1982-02-10
1968,José Luz,Vargas Jaimes,1960-03-10
1971,Emiro Adriana,Anaya Quintero,1974-10-12
1972,Miguel Sofía,Delgado Martínez,1973-11-08
1973,Ruth Nora,Vargas Vanegas,1995-09-24
1974,Daniel José,Vásquez Velásquez,1957-01-27
1975,Eugenia,Salazar Medina,1967-06-09
1977,Edna,Ruiz Barrios,1981-03-14
1978,Teresa,Díaz Muñoz,1973-10-07
1979,Diana,Blanco González,1956-01-16
1980,Sandra Elsa,Manrique Cifuentes,1992-07-26
1981,Diego,Gutiérrez López,1996-12-03
1983,Elizabeth,Orozco Osorio,1960-11-26
1984,José,Gómez Toro,1959-11-28
1986,Martha,Rivera Jaimes,1985-04-23
1988,Paola,Camargo Márquez,1991-05-31
1989,Humberto,Molina Meza,1980-02-06
1990,Paola Lina,Sánchez Sánchez,1966-09-28
1993,Consuelo Francisco,Rincón Serna,1992-02-06
1995,Piedad David,Rincón Herrera,1952-05-01
1996,Uriel Andrés,Anaya Quintero,1967-11-06
1997,Marcela Leonor,Fuentes Rodríguez,1997-02-09
1998,Jonathan Diana,Montoya Rivera,1960-12-20
1999,Nelson,Torres Sánchez,1957-01-07
2000,Marcela Samuel,Acevedo Puentes,1951-06-02
2001,Nelly Yéssica,Díaz Flórez,1993-10-10
2003,Dayana,Bautista Uribe,1944-09-18
2004,Sandra Camilo,Rodríguez Guzmán,1996-01-06
2005,Dahiana,Rodríguez Medina,1976-08-22
2007,María,Hoyos Quintero,1950-06-10
2008,Lucy,Jiménez Salas,1985-06-27
2009,Fabiola María,Rodríguez Cardona,1976-05-10
2010,Eliana,Rodríguez Martínez,1967-04-09
2011,Daniel,Bejarano Cárdenas,1974-03-02
2012,Diana Libardo,Molano Mejía,1997-10-26
2013,Norma Ronald,Palacios León,1964-01-21
2014,Manuel,Molina Alarcón,1987-11-20
2015,Felipe,Molina Henao,1993-06-04
2017,Daniela Juan,Gómez Rodríguez,1997-01-09
2018,Ingrid,Duarte González,1964-04-08
2020,Rocío,Garzón Alzate,1957-08-23
2021,María,Osorio Serrano,1959-03-24
2022,Sebastián,Quintero Martínez,1986-11-08
2023,Martha,González Rodríguez,1972-01-17
2025,Aida,Caro Parra,1977-07-29
2027,Isabel,Garzón Guzmán,1988-04-16
2028,Cecilia Marta,Gómez Cárdenas,1980-04-03
2029,Yesid,Londoño Sepúlveda,1971-02-17
2030,William,Melo Cano,1969-07-02
2031,Álvaro Andrés,Ángel Vargas,1965-03-04
2032,Dolores,Aguirre Contreras,1984-01-17
2033,Carmen,Burgos García,1986-03-09
2035,Alberto,Duarte Carvajal,1985-01-26
2037,Esther,Fonseca Jaramillo,1964-06-15
2038,Consuelo Octavio,Galeano García,1982-07-10
2039,Mery,Rodríguez Jaimes,1980-04-05
2040,Nelsy Yésica,Velásquez Díaz,1975-09-18
2042,Martha Elsy,Rodríguez Herrera,1983-08-17
2043,Eugenia,Murillo Castro,1972-11-27
2044,Elvira,Salas Moreno,1993-09-05
2046,José,Ortega Pérez,1945-10-27
2048,Isabel,López Hurtado,1974-10-31
2049,David Tulio,Torres Escobar,1966-02-02
2050,Diego,Henao Vásquez,1989-08-23
2051,James Enrique,Orozco Ruiz,1972-06-28
2052,Guillermo,Cárdenas Rincón,1950-08-24
2053,Tatiana Rubén,Valencia Cano,1973-08-31
2054,Alexander Ana,Mercado Ospino,1981-05-18
2057,Blanca,Romero Yepes,1962-09-27
2058,Fabián Katherin,Castaño Martínez,1974-03-16
2060,Yolanda Jorge,Aguirre Bravo,1985-07-18
2061,Carmen Yeison,Rodríguez Gonzáles,1983-09-08
2063,Lucía,González Barrios,1952-09-28
2064,Fernando,Ángel Duque,1956-04-01
2067,Wilfredo,Rodríguez Salazar,1999-02-22
2068,Daniela,Pineda Hernández,1945-03-09
2069,Martín Jeisson,Bedoya Sanabria,1977-04-10
2070,Mauricio Marisol,Cardona Salazar,1989-12-17
2071,Jhon Cristian,Gómez Gil,1997-11-12
2072,Socorro,Camacho Barreto,1956-02-07
2073,Bibiana,Hernández Romero,1977-12-20
2074,Aura Oswaldo,García Córdoba,1969-06-16
2075,Beatriz Fredy,Arrieta Vera,1957-04-27
2076,Doris,Duarte Reyes,1966-04-09
2077,Rosalba,Leal Cruz,1970-01-02
2078,Alejandro,Vásquez Martínez,1981-03-02
2079,Hernando Sergio,Cruz Cabrera,1955-06-14
2080,Esther Elvira,Trujillo García,1967-12-25
2081,Óscar Samir,Hernández Gaviria,1971-01-22
2083,Orlando Luis,Quintero López,1958-03-17
2084,Aldair,Zapata Sepúlveda,1993-02-28
2085,Juan Astrid,Jiménez González,1968-07-19
2086,Hernán Luz,Patiño Sanabria,1974-09-30
2087,Luis,Rodríguez Cruz,1969-09-12
2089,Andrea Ángela,Fonseca Cortés,1983-02-26
2090,Anyi,Ramos Sánchez,1973-11-21
2091,Alexander,López Gaviria,1965-06-21
2092,Carlos Ana,López Mena,1967-04-15
2093,Óscar Juan,Franco Álvarez,1982-10-24
2094,Lizeth José,Quintero Angulo,1998-09-11
2095,Antonio Marisol,Ayala Jaramillo,1948-05-26
2096,Jesús,Moreno Vallejo,1971-08-03
2097,Felipe Luz,Ortiz Vargas,1984-06-30
2098,Álvaro Jorge,Pineda González,1988-06-05
2099,Yina César,Gómez González,1977-07-20
2101,Anderson,Escobar Romero,1994-11-29
2102,Arturo,Salazar Pardo,1976-11-20
2103,Pedro Elisa,Villamizar Murillo,1987-04-29
2104,Olga Andrés,Solano Guevara,1977-01-13
2105,Luz,Quintero Restrepo,1977-04-06
2106,Estela,Rodríguez Pinto,1983-08-11
2108,Miguel,Amaya Narváez,1967-08-19
2109,Stiven,Martínez Cárdenas,1993-02-06
2110,Mary Martha,Vélez Zapata,1984-02-08
2111,Sandra,Martínez Morales,1969-12-04
2112,Fabiola Jesús,Niño Hernández,1988-11-07
2113,Rocío,Acevedo Gil,1982-10-17
2114,Héctor Reinel,Flórez Jiménez,1974-03-03
2116,Marina,Salgado Sepúlveda,1992-12-04
2117,Iván,Córdoba Agudelo,1978-03-29
2118,Piedad,Montoya Bermúdez,1965-02-20
2119,Diana Carlos,Montes Gutiérrez,1987-04-16
2120,Efrain María,Hurtado González,1977-10-06
2121,Yenny,Torres García,1979-09-07
2122,Marcela Luis,Jaramillo Acosta,1981-01-04
2123,Jesús,Bermúdez Díaz,1956-07-10
2124,Candelaria,Rodríguez Jaimes,1950-05-15
2126,Mary,Villamizar Polo,1972-02-21
2128,Hernando,Flórez Serrano,1977-04-03
2129,Mónica Fabián,Martínez Cardona,1995-08-09
2130,Alfonso,Ríos Andrade,1995-04-23
2131,Anderson,Soto Carvajal,1978-09-14
2132,Guillermo Yeison,Jiménez Pérez,1981-02-15
2133,Rodrigo Edwin,Espinosa Peña,1972-12-08
2134,Amparo,González Sánchez,1983-11-05
2135,Eduardo,Castillo Suárez,1949-04-23
2136,Edwar,Gutiérrez Ortiz,1989-12-29
2137,Marcela Carlos,Vega Barrera,1989-10-09
2138,Juliana,Hernández Galvis,1987-06-08
2139,Jorge,Jaramillo Suárez,1969-10-07
2140,Liliana Diana,Díaz Aguirre,1966-09-19
2141,Patricia,Delgado Reyes,1990-03-15
2142,Stiven,Restrepo Luna,1974-11-03
2144,Eva,Castro Fajardo,1974-01-23
2145,Luz Dahiana,Castillo Guevara,1961-06-22
2146,Augusto,Páez Niño,1972-05-11
2147,Juan,Díaz Trujillo,1971-04-12
2149,Mauricio Sneider,Fajardo Roa,1993-07-30
2150,Sandra,Reyes Osorio,1990-09-14
2151,Farid,Molina Montoya,1988-07-26
2152,Andrés Luis,Ríos Ruiz,1976-04-14
2153,Víctor María,Flórez Franco,1958-03-10
2154,Yenny,Vargas Montoya,1977-04-15
2155,Yeison,Correa Fajardo,1976-01-17
2156,Laura,Morales Ariza,1973-03-12
2157,David Alirio,Hernández Martínez,1962-06-19
2158,Carmen Gladys,Villegas García,1966-08-27
2159,Mauricio María,López Quintero,1962-07-28
2160,Marco Carlos,Garzón Navarro,1981-10-21
2161,Maribel,Bedoya Quintero,1967-12-22
2163,Laura,Montoya Márquez,1988-01-02
2164,Luz,Sánchez Rincón,1957-08-18
2165,Andrés,Espitia Moreno,1976-10-22
2166,Ximena José,Chaparro Gómez,1952-03-16
2167,Danna Camila,González Sánchez,1986-03-04
2169,Josefina Yazmín,Velásquez Sánchez,1972-11-20
2170,Rodolfo,Gómez Pérez,1971-11-21
2171,Vanesa,Serna Romero,1993-03-15
2172,Lorena,Pedraza Escobar,1973-06-22
2175,Luz,Peña Manrique,1974-03-07
2176,María Stella,Pulido Ramírez,1993-01-21
2177,Hernando,Pacheco Torres,1985-11-05
2178,Juan Luisa,Calderón Arrieta,1974-03-24
2179,Magda,Cruz Torres,1986-11-26
2181,Fredy,Bolívar Figueroa,1956-05-08
2182,Diana,Naranjo Quintero,1987-08-24
2183,Rolando Laura,Prieto Agudelo,1948-03-27
2184,María,Ríos Ramírez,1970-10-01
2185,Carmen Kelly,Mosquera Salazar,1952-11-11
2186,Alex,Naranjo Rentería,1986-10-24
2187,Jairo,García Arias,1997-07-10
2188,Ingrid,Carrillo Rojas,1979-05-25
2189,Luz,Pérez Pérez,1948-11-18
2190,Adriana Esther,Castrillón Parra,1942-01-21
2191,Edgar Gustavo,Flórez Silva,1987-12-22
2192,Jonathan Graciela,Medina García,1996-09-06
2193,Juan Julieth,Vásquez Aguilar,1995-02-05
2194,Patricia,Sánchez Pardo,1972-07-03
2195,Óscar,Pérez Muñoz,1968-06-29
2196,Verónica,Roa Herrera,1973-01-11
2197,Alexandra Augusto,Ángel Mejía,1946-08-24
2198,Juan,Rojas Ayala,1957-06-17
2200,Luz,Márquez Gómez,1988-03-13
2201,Julio,Burbano Pulido,1967-07-08
2202,David,Zapata Ríos,1991-01-30
2203,Carlos María,Alzate Agudelo,1987-12-07
2204,Rafael María,Molina López,1967-03-31
2205,Johanna Albeiro,Galvis Romero,1950-04-18
2206,María Luz,Rodríguez Castillo,1974-10-09
2207,Ruth,Díaz Triana,1973-06-16
2209,Rubén,Rivas Londoño,1981-03-27
2210,Luz Astrid,Morales Franco,1981-12-27
2211,María Mónica,Tamayo Martínez,1998-03-11
2212,Rafael,Caicedo Romero,1957-09-22
2214,Alejandro María,García Fernández,1984-08-02
2215,Francy María,Ballesteros Sierra,1988-03-18
2216,Camilo,Bautista Medina,1994-11-02
2218,Astrid Jorge,Chávez Murcia,1949-03-10
2219,José Jaime,Orozco Gómez,1985-03-05
2220,Rosa,Arévalo Camacho,1982-03-01
2221,Maritza,Lozano Villamil,1967-11-21
2223,Isabel Robinson,González Villa,1981-12-01
2224,Carlos Yaneth,Delgado Palacios,1949-01-21
2225,Alfredo Libardo,Medina Beltrán,1976-09-22
2227,José,Calderón Solano,1990-01-13
2228,Luis,Escobar Suárez,1977-11-07
2229,Beatriz Mariela,Montoya Murillo,1976-03-31
2230,Enrique José,González Jiménez,1988-05-29
2231,Aurora,Vega Zapata,1985-07-09
2233,Nubia Ricardo,Pérez Jiménez,1977-08-06
2234,Sandra Dary,Sánchez Hernández,1954-12-30
2236,Lorena,Castro Escobar,1974-02-20
2237,Denis,Villamil Ochoa,1967-12-11
2238,Karen Tatiana,Orjuela Rojas,1993-06-26
2239,Ofelia,Rodríguez Ayala,1975-11-26
2240,Fredy María,Burgos Rojas,1964-10-28
2241,David,Gaitán López,1984-11-13
2242,Juan María,Cardona Vargas,1959-04-16
2243,Manuel Estefanía,Martínez Orozco,1964-09-22
2244,Arturo Margarita,Pérez Cruz,1985-12-16
2245,Ferney Junior,Jaramillo Suárez,1973-03-22
2246,Antonio José,Perea Palacio,1982-08-27
2247,Edwin,Sánchez Montenegro,1963-05-23
2248,Andrés,Suárez Acosta,1995-09-25
2249,Hernando,Vargas Sánchez,1989-08-22
2251,Héctor Arturo,Ortega Marín,1991-12-12
2252,José Alexander,Gutiérrez González,1946-03-05
2253,Amparo,Gonzáles Fuentes,1985-09-19
2255,Yadira Jhon,López Mendoza,1946-12-21
2257,Daniela,Valderrama Vera,1985-03-26
2258,María,Cortés García,1973-03-21
2259,Erika,Acosta Carvajal,1983-05-22
2260,Clara,Escobar García,1968-03-24
2261,Dario,Herrera Alvarado,1968-07-31
2262,Julián,Rueda Arias,1985-09-12
2263,Michael Cecilia,García Pinzón,1946-01-01
2264,Antonio,Escobar Pacheco,1959-01-15
2265,Mariana,García Ortiz,1994-12-04
2266,Uriel Milena,Ortiz Trujillo,1992-02-03
2268,Alonso,Torres Sepúlveda,1970-07-08
2269,Javier Esteban,Rico Mosquera,1980-10-31
2270,Olga,Rodríguez Flórez,1967-06-23
2271,Luis,Díaz Maldonado,1973-07-31
2272,Diego,Hernández Jiménez,1951-05-02
2273,Iván,Ramírez Castro,1978-05-11
2274,Mario Mireya,Moreno López,1941-03-04
2275,Elsy,López Ortiz,1995-01-30
2276,Jesús Yaneth,Martínez Barbosa,1987-07-28
2277,Manuel,Barragán Jaimes,1983-02-23
2279,Kevin,Cruz Córdoba,1991-04-16
2281,Edward Yuri,Buitrago Giraldo,1967-04-19
2282,Ligia,Paz Lozano,1992-01-27
2284,José,Velasco Galeano,1976-11-12
2285,Samuel,Moreno Rodríguez,1991-09-24
2286,Liliana,Sánchez Valencia,1994-08-29
2287,Fernando,Gómez Ramírez,1995-09-06
2288,Ivonne,Gómez Triana,1990-08-10
2289,Esther,Castro Zambrano,1975-07-30
2290,Manuel,González Murcia,1981-10-28
2291,María Nohora,Rodríguez Ruiz,1984-07-27
2292,Fernanda,Beltrán Correa,1998-12-21
2293,Lorena,Duarte Polo,1999-03-25
2295,Milena Stella,González Córdoba,1983-10-03
2296,Alejandra Jorge,León García,1965-09-05
2297,Alexander,Díaz Ríos,1987-08-12
2298,Dahiana,Díaz Romero,1946-03-19
2299,José,Patiño Barrios,1963-10-19
2300,Carolina,Barrios Ramírez,1975-01-05
2302,José Luz,Lara Guzmán,1948-01-14
2303,Alfredo Martha,Osorio Angarita,1973-10-05
2304,Liliana Andrea,Hurtado Padilla,1984-09-19
2306,Yesid María,Castillo Díaz,1985-03-29
2308,David,Murcia Rojas,1962-05-22
2309,Juan Carmen,Caballero Suárez,1983-12-31
2310,Carlos,Gutiérrez Vásquez,1980-04-02
2312,Fernando,Chávez Sanabria,1989-11-29
2316,Alexis,Giraldo Rodríguez,1985-08-26
2317,Jesús Jaider,Vanegas Benavides,1990-05-22
2319,Yulieth,Trujillo Díaz,1976-05-07
2321,Carmen,Muñoz Marín,1993-07-29
2322,María,Peña Galvis,1972-08-20
2323,Verónica,Garzón Osorio,1946-01-06
2325,Pedro Jorge,Delgado Páez,1968-08-14
2326,Gloria Lina,Zapata Suárez,1971-02-10
2327,Edwin Camilo,Delgado Riascos,1980-05-21
2328,Juan Patricia,Ruiz Vargas,1995-10-19
2329,Edilberto Margarita,Blanco Moreno,1971-07-29
2330,Mercedes,Pérez Ortiz,1965-08-20
2331,Rodrigo,Aguirre Benítez,1993-01-20
2332,Danilo Martín,Reyes Correa,1974-07-19
2333,Alonso,Aguilar Ariza,1990-07-29
2334,Tatiana Stella,Bedoya Buitrago,1989-12-11
2335,Alejandro,Vargas González,1989-02-03
2336,Judith,Posada Luna,1981-03-22
2337,José,Romero Perea,1987-07-19
2338,José José,Rengifo García,1967-07-21
2339,Lorena María,Bernal González,1964-10-31
2340,Horacio Carolina,Rojas Arboleda,1970-12-13
2341,Miguel,Gómez Suárez,1969-11-27
2342,Carolina Robinson,Gómez Molina,1966-08-11
2343,Jhon Yohana,Reyes Mejía,1993-05-23
2344,María,Rosero Pérez,1989-10-20
2346,Franklin Mauricio,García Rosero,1999-08-10
2347,Andrés,Rentería Martínez,1960-07-27
2350,Alfonso,Sánchez Herrera,1990-01-06
2351,María Lucía,Carvajal Moreno,1979-02-20
2352,Ernesto Luis,Salgado Cortés,1969-12-16
2353,Melissa Johana,Ángel Ramos,1985-11-01
2354,Luz,Suárez Ojeda,1981-02-23
2355,Ruth Aura,Angarita Vargas,1948-01-13
2356,Elvia Yenny,Cárdenas Londoño,1955-05-01
2357,Mario,Ochoa Rodríguez,1977-07-19
2358,Diego,Alzate Duarte,1994-03-23
2359,Hugo,Franco Erazo,1975-10-14
2360,David,Méndez Ramírez,1975-08-02
2361,Fernanda Sandra,Franco Rodríguez,1982-07-06
2362,Francisco,Rojas Rojas,1983-05-08
2363,Yulieth Enith,Londoño Alarcón,1953-09-01
2364,Dahiana,Díaz Murillo,1990-06-22
2365,Stella,Hoyos Ayala,1953-01-25
2366,Alba Mery,Benítez Romero,1992-10-11
2367,Carlos,Becerra Durán,1971-08-12
2368,José,Gutiérrez Trujillo,1983-10-08
2369,Jairo Armando,Díaz Calderón,1997-03-14
2370,María Margoth,Alzate Acosta,1984-06-05
2371,Alejandra,López Sepúlveda,1952-09-07
2372,Ángela,Meneses Forero,1994-06-24
2373,Edwin,Sánchez Bolaños,1978-09-11
2374,Henry,Sierra Ruiz,1988-05-03
2375,Alexander Margarita,Sierra Rosero,1993-09-19
2376,Jorge Luis,Mosquera Pérez,1980-07-14
2378,Juan,Martínez Márquez,1967-07-21
2379,Esteban,Zuluaga Díaz,1962-05-01
2382,Patricia Cristian,Ortiz Gómez,1962-01-05
2383,Lucía,Vargas Bedoya,1968-07-22
2384,Claudia,Valencia Ospino,1989-09-24
2385,Guillermo Armando,Pérez Vargas,1962-12-15
2386,Stella,Suárez Sánchez,1983-10-16
2387,Luis Jesús,Erazo Oviedo,1974-02-05
2388,Mercedes,Sánchez Ruiz,1962-04-21
2389,Johana Yadira,López Hernández,1990-12-27
2390,Iván Ester,Perdomo Trujillo,1973-11-21
2392,Carlos,Medina Montenegro,1959-06-02
2393,Richard Mery,Padilla Herrera,1987-12-29
2394,María,Luna Mora,1982-05-10
2395,Mario Manuel,Vargas González,1968-05-29
2396,Ángela,Rodríguez Pérez,1960-06-01
2397,Jefferson,Mora Muñoz,1990-06-25
2398,Nubia,Muñoz Salcedo,1990-07-20
2399,Heriberto,González Arenas,1995-10-10
2400,Andrea Catalina,Sánchez Díaz,1979-05-09
2401,Catalina,Quintero Rodríguez,1965-10-01
2402,Ignacio,Díaz Ortega,1968-06-14
2403,Inés,Mendoza Giraldo,1968-05-27
2404,Luisa,Correa Caro,1967-06-03
2405,Ignacio,Valencia Campo,1973-11-01
2406,Aura,Pérez López,1982-11-27
2408,Mónica,López Medina,1988-08-16
2410,Adriana Roger,Contreras Alfonso,1956-11-01
2411,Luz Franklin,Torres López,1967-03-02
2412,Óscar Sandra,Ruiz Bonilla,1961-11-08
2413,Rocío,Álvarez Hernández,1992-03-12
2414,Liliana,Romero Ramos,1991-03-17
2415,Martha,González Hernández,1974-10-08
2416,Néstor,Acosta García,1972-04-29
2417,Germán,Betancur Jiménez,1973-07-01
2418,Doris Johana,Castillo Moreno,1970-10-21
2420,Alberto,Duque Sánchez,1974-08-05
2421,Fernanda,Fernández Ibarra,1993-11-04
2422,Luis Jairo,Giraldo Escobar,1978-12-30
2423,Angie María,Nieto Sánchez,1955-02-16
2424,Camilo,Herrera Nieto,1954-02-20
2425,Efrén Orlando,Díaz Cortés,1970-08-06
2426,Jesús,Navarro Alarcón,1977-10-18
2427,Cristina,Salcedo Rico,1989-12-23
2428,Paola,González Valencia,1975-05-10
2429,Carolina Nelsy,Montoya Medina,1994-11-15
2430,Julieth Víctor,Rivera Murillo,1999-08-28
2432,Marcela,Buitrago Mosquera,1979-11-06
2434,Jenny Wilman,Martínez Cabrera,1981-01-16
2436,María,Reyes Ortega,1992-07-30
2437,Wilmer,Bernal Castro,1993-10-27
2438,Cristina,Gómez Suárez,1962-06-07
2439,Alberto,Jaramillo Ojeda,1954-12-19
2440,Teresa María,Herrera Aguilar,1996-01-11
2441,Rosa,Hurtado Arrieta,1977-07-21
2442,Isabel Wendy,Restrepo Rojas,1984-05-09
2443,Enrique Óscar,Torres Serna,1981-03-20
2446,María,Salas Castellanos,1988-09-17
2447,Martha,Barrios Fajardo,1987-04-03
2448,María,Hernández Reyes,1993-07-08
2450,Elizabeth,Burbano Murillo,1951-07-16
2451,Javier David,Hurtado Sánchez,1974-01-16
2452,Valentina Jesús,Melo Ortiz,1976-05-09
2453,Daniela,Hernández Díaz,1981-02-13
2454,Luis,Camacho Becerra,1997-08-07
2455,Héctor Jorge,Vallejo Zambrano,1959-10-25
2457,Yéssica Alberto,Pinzón Benítez,1948-10-16
2458,Juan,Cabrera Hernández,1974-04-12
2459,Mario,Arias Martínez,1981-05-19
2460,Stella,Castro Rojas,1985-01-15
2461,Shirley,Gómez Sánchez,1965-09-29
2462,Alejandro,Rueda Saavedra,1998-11-16
2463,Diana,Mosquera Suárez,1982-08-05
2464,Antonio,Loaiza Ramos,1956-05-17
2465,María,Sepúlveda Sánchez,1961-12-16
2466,María Augusto,Bernal Cortés,1961-05-15
2467,Marcela Yesid,Cardozo Burgos,1981-01-16
2468,Elena,Martínez Mendoza,1962-11-07
2469,Esperanza Karina,Gómez Meneses,1951-12-14
2470,José,Sandoval Ruiz,1966-05-13
2471,Fernando Diego,Díaz Domínguez,1959-01-11
2472,Hernán,Morales Mendoza,1974-04-16
2473,Luis,Ballesteros Ariza,1982-04-29
2474,Marcela,Pérez Campo,1997-02-18
2477,Katerine,Díaz Vargas,1989-08-26
2479,Antonio Jhonny,Chávez Garzón,1979-05-28
2480,Arturo,Quintero Mejía,1983-06-07
2481,Ingrid,Daza Silva,1971-12-07
2482,Mónica Álvaro,Bejarano Vera,1987-11-06
2483,Blanca,Castillo Ramírez,1994-06-04
2484,Claudia,Forero Ibarra,1988-06-20
2485,Andrés,Molina López,1978-09-17
2486,Jenny,Santos Sánchez,1971-08-25
2487,Edwin,López Patiño,1982-12-17
2488,Rosalba Nelson,Santos Zuluaga,1948-10-28
2489,Julio,Suárez Hernández,1990-05-23
2490,Mabel,Camacho Álvarez,1954-02-07
2491,Kelly,Rodríguez Mesa,1991-06-16
2492,Daniela,Suárez Gutiérrez,1948-05-10
2493,María Marcela,Suárez Rodríguez,1982-10-18
2494,Patricia,Vargas Muñoz,1985-10-15
2496,Inés Yeimy,Agudelo Gonzáles,1979-01-21
2497,Luis Antonio,Meza Fernández,1976-03-06
2498,Aura,Espitia Guevara,1990-01-16
2499,Erika,Patiño Rodríguez,1989-05-01
2500,Gloria María,Díaz Zambrano,1974-12-11
2501,Elías Beatriz,García García,1993-08-12
2502,Carmen Marina,Salazar Salas,1985-11-19
2503,Nubia Manuel,Bautista Duarte,1992-03-05
2504,Alonso,Rodríguez Peña,1984-06-28
2505,Lida,Amaya Silva,1980-05-28
2508,Óscar,Castro Mendoza,1973-05-21
2509,Andrea Hernán,Ochoa Morales,1987-06-02
2510,Fernando,Gil Gutiérrez,1991-09-30
2512,Alfredo,Romero Díaz,1978-10-29
2513,María,Ramírez Aguilar,1986-11-15
2514,Iván Mario,Peña Pedraza,1979-05-20
2515,María,Guerra Bernal,1994-05-02
2516,Diego Jairo,Zapata Zuluaga,1946-12-31
2517,John,Suárez Serna,1991-10-06
2518,Víctor Gonzalo,Prada Guerra,2000-02-01
2519,Carlos,Martínez Martínez,1975-06-10
2520,Esperanza Rosa,Torres Giraldo,1985-03-25
2521,Luisa,Henao Garcés,1982-12-21
2522,Antonio,Jiménez Pérez,1957-07-19
2523,Myriam Rocío,Díaz Mosquera,1984-06-19
2524,Carmen,Parra Muñoz,1999-04-27
2525,Luis,Loaiza Tamayo,1968-03-17
2526,Alicia Dora,Garzón Caicedo,1958-07-08
2528,Manuel,Giraldo Sepúlveda,1951-08-05
2529,Carlos,Polo Contreras,1989-09-02
2530,Milena Elena,Narváez Ruiz,1991-01-01
2531,Erika,Guerrero Espinosa,1975-06-26
2533,James,Arteaga Ariza,1964-05-24
2534,Francy Juan,Ospina Duque,1960-11-01
2535,Andrés,Ariza Niño,1989-08-03
2538,David José,Vásquez Narváez,1980-05-26
2539,Isabel,Castro Rosero,1983-10-22
2540,Edilma,Peña Toro,1985-05-10
2541,Javier,Gutiérrez Torres,1968-10-10
2544,Marcela,Ramírez Pérez,1951-02-26
2545,Eliecer William,Pulido Sánchez,1979-09-21
2546,Ángela Wilson,Suárez Ramírez,1987-08-23
2548,Lucía,Vargas Palacios,1966-06-25
2549,Doris,Trujillo Romero,1967-04-22
2550,Luz,Sánchez Blanco,1947-07-17
2551,Daniel,Cruz Moreno,1991-06-26
2553,Jesús,Carrillo Velasco,1978-12-25
2554,Vanesa,Hernández Duque,1987-07-05
2556,Jairo,Guerra Torres,1966-09-07
2557,Camila María,Castellanos Calderón,1973-09-11
2559,Javier,Arias López,1973-07-29
2560,Jorge Francisco,Ruiz Murillo,1968-10-13
2564,Mónica,Murcia Hernández,1989-07-23
2565,Junior,Vallejo Vera,1976-01-13
2566,Aura,Pineda Guerrero,1970-09-24
2567,Diego,Rodríguez Espitia,1963-09-09
2568,Margarita Cecilia,Serna Bonilla,1973-01-10
2569,Natalia,Moreno Barrera,1968-09-22
2570,Fabiola,Jaimes Gómez,1980-11-20
2572,Ariel Juan,Torres Navarro,1969-09-24
2573,Carlos Gilberto,Castaño Restrepo,1980-02-10
2574,Jairo Leonardo,Ariza Villamil,1986-12-19
2575,Augusto,Ávila Triana,1986-03-11
2577,Yasmín Claudia,Castillo López,1986-02-25
2578,Andrés,Córdoba Ardila,1981-07-07
2579,Yohana Andrés,López Guerrero,1958-12-18
2580,Luis Alexandra,García Monroy,1965-05-22
2581,Alexander Cecilia,Romero Mantilla,1983-01-27
2582,Vicente Luis,Angulo Vera,1956-08-01
2583,Katerine,Gómez Pérez,1985-02-23
2585,Julián Anderson,Díaz Sepúlveda,1960-07-05
2586,Myriam,Vásquez Blanco,1983-03-12
2587,Mary,Narváez Correa,1997-10-08
2588,Alexandra Jhon,Ruiz García,1989-08-01
2589,Fernanda Sebastián,Rojas Bonilla,1983-12-05
2590,William,Palacios Estrada,1965-06-27
2591,Dina,Ramos Martínez,1976-10-11
2593,Valentina Maira,Sierra Cárdenas,1995-02-14
2594,Olga,Medina Caro,1983-08-10
2595,Luz Gilberto,Rodríguez Rengifo,1969-01-22
2596,Andrés Sandra,Gallego López,1958-06-30
2597,Yadira Patricia,González Castro,1960-08-05
2599,Rodolfo Alexander,Lozano Jaramillo,1972-06-05
2600,Isabel,Fuentes López,1960-04-08
2601,Andrea Nelly,Muñoz Guzmán,1982-03-17
2602,Óscar,Castro Guerrero,1980-04-18
2603,Mary María,González Restrepo,1953-06-16
2604,Víctor,Garzón Ramírez,1987-07-13
2605,Gloria,Cantillo Montoya,1988-01-28
2607,Leonardo Alexander,Martínez Bohórquez,1977-06-02
2608,Mauricio Consuelo,Betancur Vargas,1985-06-03
2609,Tatiana José,Trujillo Pinzón,1985-10-26
2610,Flor Jennifer,Guzmán Acevedo,1992-11-07
2611,Luis Andrea,Ángel Sánchez,1976-05-31
2612,Fernando,Silva Mosquera,1959-02-24
2613,Armando María,Gómez Flórez,1973-05-13
2614,Luz,Meneses Lozano,1956-11-07
2615,Hugo,Rojas Domínguez,1983-06-13
2616,Yamile,Acosta Gómez,1988-09-30
2617,Leonel,Barrera Ramírez,1979-04-19
2618,Diego,Espitia Gutiérrez,1971-02-22
2619,Fabián Fabián,Suárez Castillo,1951-03-08
2620,Leonor,Sepúlveda Serrano,1959-12-16
2622,Dayana,Ávila Delgado,1969-03-26
2624,Brayan,Moreno Ramírez,1968-09-24
2625,Robinson David,Hernández Ariza,1974-02-03
2626,Isaac,Hernández Gómez,1990-03-03
2627,Leider,Carvajal Salas,1980-07-26
2628,María,Torres Sarmiento,1977-10-29
2629,Daniel Nelly,Martínez Rojas,1985-10-12
2630,María,Maldonado Perdomo,1981-03-04
2631,Ana,Ríos Medina,1978-01-27
2632,Adolfo,Marín Cardona,1964-03-15
2633,Juan,Hernández Marín,1997-03-02
2634,Wilson,González Vargas,1991-11-12
2635,Luz,Cardona Fuentes,1979-12-17
2636,Elena,Cárdenas Pérez,1981-12-25
2638,Fernando Alfonso,López Rodríguez,1964-06-03
2639,Wilson Ester,Meneses Villegas,1981-04-23
2640,Edwar Danilo,Díaz Salazar,1947-10-08
2641,Daniela Gustavo,Agudelo Guerrero,1984-12-08
2642,Alejandro,Ramírez Vargas,1986-03-04
2644,Angie,Vásquez Mena,1986-12-06
2645,Gerardo,Cortés Fernández,1956-09-01
2646,Alejandra,Navarro Garcés,1987-12-26
2647,Rosa,Mejía Torres,1947-04-21
2648,Esteban Luz,Niño Jaramillo,1960-05-08
2649,Lilia José,Torres Méndez,1958-10-05
2651,Alberto Giovanny,Cruz Salazar,1956-02-18
2652,Amanda,Álvarez Jiménez,1978-03-21
2653,Inés,Sierra Parada,1969-05-17
2654,Rafael,Beltrán Ramírez,1989-06-27
2655,Julio,Bastidas Narváez,1982-10-07
2656,Diego Adriana,Ariza Reyes,1972-04-24
2657,Lidia,Mercado Padilla,1971-03-03
2658,Federico,Beltrán Trujillo,1985-09-12
2661,Sebastián,Serrano Mora,1971-06-09
2663,Paula,Cortés Páez,1990-08-10
2664,María,Jaimes García,1984-05-06
2665,Mary,Rodríguez Rincón,1987-05-31
2666,Adriana,Mosquera Padilla,2000-11-28
2667,Efrain Luz,Melo Salamanca,1970-01-09
2668,Emilio,Rosero Ardila,1992-11-30
2669,Mónica,Moreno Ríos,1986-06-12
2670,Andrea,Sánchez Rangel,1990-01-18
2671,Dolly,Ramírez Daza,1978-11-01
2672,Fernando Juan,Correa Rodríguez,1997-09-04
2673,Patricia,Cruz Ávila,1990-02-05
2674,Orlando,Manrique Rojas,1966-05-05
2675,Rosa,Ospina Tamayo,1990-09-08
2676,Julio,Medina Melo,1980-11-04
2678,Marcela,Bohórquez Gómez,1989-02-10
2679,José,Quintero Patiño,1975-10-07
2680,Ofelia,Escobar Franco,1991-01-24
2681,Alberto René,Méndez Gaviria,1973-02-08
2682,Rocío,Gómez Martínez,1968-12-04
2683,Maritza Gerardo,Patiño Vanegas,1980-05-08
2684,José Martha,Rodríguez Hoyos,1986-01-10
2685,Jenny,Arias Lara,1977-11-06
2686,Amanda,Benítez Rodríguez,1948-02-28
2687,Héctor,Mosquera Galindo,1952-09-28
2688,Delia,Rojas Ramírez,1984-06-24
2689,Edith Gabriela,Caicedo Ortiz,1984-11-15
2690,Elkin,Arango Ojeda,1951-11-08
2691,Amanda,Salamanca Aguirre,1988-07-02
2692,Sandra,Pérez López,1976-11-16
2693,Laura Eva,Rodríguez Rojas,1979-07-14
2694,Andrés,Rodríguez Arévalo,1979-04-26
2695,Óscar,Camargo Muñoz,1958-05-25
2696,Valentina Melissa,Orozco Roa,1973-03-20
2699,Jesús,Ortega Figueroa,1966-08-18
2700,Luis,Rodríguez Sánchez,1961-04-02
2701,Mery,Palacios Salamanca,1979-03-11
2704,Carlos Carlos,Zambrano Ramírez,1988-07-24
2706,Alberto Humberto,Loaiza Benítez,1979-11-26
2707,Juan,Montoya Martínez,1959-08-28
2708,Rosa,Rodríguez García,1969-07-16
2709,Jimmy,Mejía Bohórquez,1991-07-19
2710,Bertha Jader,López López,1987-10-29
2711,Elvia Luis,Campo Suárez,1959-01-02
2712,Alexis Orlando,Camargo Ortiz,1983-03-17
2713,José,Rojas Galvis,1992-08-14
2714,Carlos,Vargas Mosquera,1984-04-21
2715,Francy José,Suárez Díaz,1962-06-11
2716,Enrique,Vargas Zapata,1945-10-28
2717,Miguel,Barrios Suárez,1965-10-03
2718,Antonio Luisa,Rojas Gil,1987-03-23
2719,David Luis,González Mosquera,1988-12-11
2720,Nelly María,Blanco García,1990-02-07
2721,Rosa,Torres Sánchez,1985-05-25
2722,Alejandro,González Zambrano,1992-11-08
2723,Fredy,Melo Arteaga,1962-02-11
2724,Judith,Morales Prada,1998-05-25
2725,José,Ortega Silva,1992-02-21
2726,María Adrián,Ojeda Sierra,1956-09-28
2727,Segundo,Ortiz Rubio,1992-10-05
2728,Gabriel,Rincón Rojas,1967-01-25
2729,David,Molina Gaviria,1981-03-20
2730,Lilia Amparo,Martínez Orozco,1976-11-29
2731,Miguel Enrique,Martínez Guerrero,1987-08-23
2732,Carlos,Monroy Hernández,1975-08-30
2733,Fernando,Gómez Gallego,1979-03-08
2734,María,Medina Ballesteros,1977-04-20
2735,Alejandra María,Hernández Flórez,1976-11-27
2737,Andrés,Romero Ríos,1985-10-24
2738,Marina,Mora Lara,1960-05-12
2739,Luis Henry,Ruiz Gómez,1971-05-18
2740,Karen Fabián,Suárez Bustos,1978-10-01
2741,Yuri,Meneses Rojas,1989-01-02
2742,Laura Marcela,Sanabria Narváez,1970-05-02
2743,Betty Carlos,Gómez Sánchez,1959-09-02
2744,Elizabeth Leonardo,García Betancur,1989-05-28
2745,Mauricio,Nieto Torres,1998-01-27
2746,Mario Jhon,Méndez López,1980-01-25
2748,Augusto,González Romero,1956-04-08
2750,Yolanda,Moreno Quintero,1985-05-07
2751,María,Ruiz Guzmán,1983-03-09
2752,María,Montoya Torres,1988-12-16
2753,José Jorge,González Cuéllar,1964-12-17
2754,Leider David,Castillo Rodríguez,1974-12-16
2755,Edith Armando,Peña Rueda,1982-07-04
2756,María,Flórez Barrera,1971-09-16
2758,Sofía,Bermúdez Sánchez,1975-01-26
2759,Marina Mariela,Torres Mesa,1967-05-04
2760,Rosa,Ortiz Vargas,1982-06-12
2761,Jairo Dolores,Molina Gómez,1995-08-02
2762,Gabriel Antonio,Hoyos Valencia,1985-04-03
2763,Luz,Hoyos Osorio,1971-04-04
2765,Vanessa Milena,Jiménez Aguilar,1971-05-20
2766,Daniel,Silva Valencia,1991-06-11
2767,David,Lozano González,1990-10-16
2768,Patricia,Bejarano Castellanos,1981-10-14
2769,Esperanza,Cáceres Quintero,1993-02-14
2771,César,Gómez Gómez,1962-10-07
2772,Marisol,Triana Becerra,1964-07-08
2773,Luis,Díaz Núñez,1968-05-16
2774,Lucía,Narváez Loaiza,1985-08-09
2775,Elizabeth,Riascos Jaramillo,1979-11-04
2776,Javier,Ruiz Triana,1976-01-21
2777,Manuel,Barrera Marín,1943-12-10
2778,Catalina,Giraldo Muñoz,1977-01-22
2779,Rocío,Morales Méndez,1952-02-04
2780,Juan Dario,Ocampo Bravo,1964-01-16
2781,Magnolia,Molina Álvarez,1968-06-05
2783,Arley,Pedraza Angulo,1990-01-19
2784,Consuelo,Giraldo Córdoba,1981-07-29
2785,Fabiola,Castro Ariza,1954-11-14
2786,Cristian Jennifer,Ramírez Miranda,1986-03-25
2788,David,Díaz Ortiz,1956-11-20
2789,Fabián,Torres Mantilla,1984-04-04
2791,Karina,Garcés Murcia,1974-05-28
2792,Olga,López Valencia,1964-03-14
2793,Leidy,Cano Torres,1989-11-04
2795,Daniel,Santos Osorio,1961-02-01
2796,Marleny,Garcés Rangel,1985-12-29
2797,Alberto Estella,Arias Castro,1981-01-26
2798,Marina Alex,Mejía García,1971-02-10
2799,Felipe,Burbano Muñoz,1990-11-01
2800,Cristina Angie,Correa Rubio,1983-01-20
2801,Alba,Castillo Bedoya,1966-03-13
2802,Eder,Ávila Galindo,1981-04-05
2803,Judith,Rico Ramírez,1989-12-05
2804,Rafael,Hernández Vergara,1969-06-15
2806,Vicente,García Montoya,1967-12-12
2807,Lida,Sánchez Londoño,1989-01-15
2808,Betty,Ardila Carrillo,1966-06-29
2809,Joel,Torres Caicedo,1976-06-05
2810,Angie Andrés,Polo Ramos,1988-12-23
2811,Lizeth,Perea Calderón,1980-07-19
2812,Esteban,Ortega Agudelo,1961-02-27
2813,María,Salcedo Mejía,1964-12-16
2814,Miriam María,Ramírez Bolívar,1984-05-17
2817,Jorge,Acosta Duarte,1957-03-20
2818,Valentina Leonardo,Londoño Orozco,1976-07-24
2819,Beatriz Juan,Castro Quintero,1956-12-12
2820,Estela Ana,Gaviria Mosquera,1988-04-03
2821,Jesús,López Restrepo,1994-02-15
2822,Candelaria Fabián,Gómez López,1999-08-24
2823,Marlon,Correa Jiménez,1957-01-25
2827,José,Santos Gaitán,1968-08-04
2829,Edith,García Rojas,1959-12-18
2830,Carlos Jonathan,Salas García,1970-09-08
2831,María Andrea,Cruz Rojas,1964-04-21
2832,Elías,Meza Giraldo,1959-09-19
2833,Luisa,López Montoya,1986-02-16
2836,Antonio César,Rodríguez Rentería,1984-05-27
2837,Marcela,Martínez Cano,1953-12-27
2838,Nancy María,González Orozco,1984-11-16
2839,Johan Karina,Buitrago Bustamante,1947-03-23
2840,Karen Edgardo,Medina Rodríguez,1984-04-18
2841,Diego,Valencia Leal,1991-12-06
2842,Marina David,Henao Sandoval,1949-03-02
2843,Diana,Díaz Sánchez,1990-05-20
2844,Beatriz,Jaimes Hernández,1990-01-02
2845,Jaider,Ariza Padilla,1973-05-27
2846,Liliana,Betancur Espinosa,1960-11-28
2847,Luz,Guzmán Betancur,1977-12-26
2848,Andrea Ramón,Cortés Montes,1950-02-08
2849,Sonia Inés,Ariza Ramírez,1981-06-29
2850,Antonio Nicolás,Rosero Díaz,1981-05-28
2851,María,Sánchez Alvarado,1993-06-06
2852,Enrique,Romero Pinzón,1985-06-28
2853,Tomás,Castaño Campo,1992-10-02
2854,María,Cárdenas Bastidas,1973-05-11
2855,Javier Mónica,Quintero Hernández,1982-11-10
2856,Rubiela,Arévalo Caicedo,1982-08-14
2857,María Ana,Salazar García,1978-03-30
2858,Mauricio,Gutiérrez Serrano,1967-01-05
2859,Lady Daniela,Henao Carmona,2001-10-07
2861,Alexandra Fernando,Niño Rodríguez,1974-12-18
2862,Ana,López Ayala,1989-06-29
2863,Rosalba,Medina Contreras,1970-11-08
2865,Fernando Francisco,López Martínez,1981-09-20
2866,José,Ramos Cárdenas,1988-12-18
2867,Patricia,Ortega Velásquez,1963-01-03
2868,James Antonio,Pacheco Díaz,1965-08-10
2869,Yesid,Durán Valencia,1950-07-30
2870,María,Sánchez Bolívar,1988-05-20
2871,Giovanni Mauricio,Rojas Ruiz,1996-12-03
2872,Alba,Ospina Pérez,1976-03-13
2873,Antonio José,Morales Zapata,1966-03-11
2875,Juan Nelson,Portilla Ruiz,1956-11-09
2876,Juan,Prieto Hurtado,1983-08-27
2877,Mayra,Medina Toro,1968-03-26
2878,Eduard,Zapata Herrera,1975-06-16
2880,Nancy Julio,Molina Díaz,1984-09-23
2881,Ximena Angélica,Sánchez González,1977-12-18
2883,María Ricardo,Córdoba Romero,1958-05-03
2884,Jimmy,Herrera Pérez,1980-04-17
2886,Hernando Rodrigo,Cuéllar Ramírez,1961-09-26
2887,Martha Fabián,Salcedo Cárdenas,1980-11-20
2888,Olga Henry,Cantillo Torres,1988-09-12
2889,Andrés Juan,Rojas Acevedo,1973-07-24
2890,Margarita Juan,Montenegro Pineda,1966-01-19
2891,José,Uribe Cortés,1971-11-25
2893,Óscar,Campo Andrade,1973-01-08
2894,David,Rosero Solano,1983-12-12
2895,Yeny,Contreras Henao,1961-09-01
2896,Luisa,García Morales,1971-01-25
2897,Yenny,Escobar Cuesta,1989-06-20
2898,Gustavo,Narváez Orozco,1980-04-02
2899,Enrique,Ramírez Ramírez,1982-01-18
2900,Jairo Alfonso,Sierra Lozano,1995-02-12
2901,Gregorio,Jaramillo Pineda,1947-09-25
2902,Carlos Germán,Ramírez Navarro,1976-07-10
2903,Luis,Arrieta Hernández,1960-09-06
2904,Marta,Ruiz Vargas,1986-05-25
2905,Pablo,Calderón Rivera,1972-12-18
2906,Martha,Cardona Molina,1968-04-26
2907,Sebastián,Jiménez López,1963-06-05
2908,Fabiola Antonio,Mercado Mendoza,1974-10-23
2909,Esperanza Daniela,Vásquez Vega,1978-06-28
2911,Fredy,Castro Hoyos,1973-10-30
2913,Augusto,Sánchez Santos,1946-04-27
2915,María Elizabeth,Ortega Perdomo,1964-09-06
2918,Patricia David,Barreto Contreras,1980-02-20
2919,Margoth Patricia,Lozano Osorio,1982-04-11
2920,Rosa,Guerrero Ortiz,1949-11-19
2921,Esther,Rojas Perdomo,1956-01-28
2922,Carlos,Muñoz Beltrán,1974-10-19
2923,José Rosa,Muñoz Cortés,1978-07-21
2924,Ángela,Sandoval Ospino,1977-01-05
2927,Patricia María,Molina Mora,1968-04-30
2928,Martha,Ramírez Suárez,1996-06-13
2929,Beatriz Angélica,Zapata Morales,1972-12-17
2930,Alberto Diana,Aguilar Mendoza,1974-08-03
2931,Yenny Sonia,González Acosta,1993-07-17
2932,Marleny María,González Ortiz,1979-09-15
2933,Miryam,Zapata Gómez,1993-11-05
2934,Rodrigo Franklin,González Díaz,1978-12-31
2935,Abel Jhon,Torres Carvajal,1977-09-23
2936,Enrique Alfredo,Quintero Aguirre,1969-09-17
2937,Alberto Néstor,Benavides Hernández,1975-03-11
2938,Dario,Sandoval Díaz,1960-04-13
2939,Carlos,Uribe Pérez,1983-09-26
2940,Diana,Monroy Guerra,1983-01-20
2941,Francisco,Contreras Fernández,1998-06-25
2943,John Maicol,Vargas Cuéllar,1959-01-21
2944,Antonio,Ceballos Quintero,1992-04-06
2946,Edgar,Martínez Sandoval,1953-04-03
2947,Fernanda César,Barbosa Ortiz,1989-03-17
2948,Julieth Ruth,Aguilar Silva,1965-06-01
2949,Franklin,Bolívar Anaya,1984-11-30
2950,Rosa Leidy,Muñoz Leal,1976-10-21
2951,Daniela,Valencia Cano,1951-08-21
2952,Jorge,Hernández Pacheco,1946-04-26
2953,Juliana Lucía,Gaitán Rojas,1960-06-10
2955,Tatiana Deisy,Duarte Salazar,1994-04-23
2956,Edith Armando,Medina Gómez,1978-01-16
2957,Edwin,Sánchez Gutiérrez,1980-08-01
2958,Carlos,Hernández Oviedo,1973-12-06
2959,Carmenza,Caballero Rengifo,1975-03-11
2960,Silvia Eduardo,Vargas Bernal,1991-05-30
2961,Gloria,Pedraza Herrera,1976-08-21
2964,Eduardo,Díaz Torres,1978-05-25
2966,Eduardo David,Alzate Murillo,1962-05-20
2967,Catalina,Valencia Lozano,1960-10-22
2968,Carlos Mercedes,Jaramillo Castro,1981-08-13
2969,Jackeline,Cortés García,1975-03-08
2970,Luz,Rodríguez Castillo,1971-04-21
2972,Maribel Claudia,Ríos García,1958-12-14
2973,Alex,Uribe Ballesteros,1953-02-25
2974,Jairo,Ayala Pardo,1969-02-27
2976,Javier,Núñez Romero,1967-05-23
2977,Jorge,García Benavides,1962-12-03
2978,Elena Johanna,Rangel Rodríguez,1986-12-22
2979,Amparo,Gómez Gómez,1984-02-07
2981,Elkin,Camacho Vargas,1960-06-08
2983,Miriam,Mora Bonilla,1993-09-02
2985,David Andrés,Muñoz Romero,1993-07-15
2986,Pedro,Rodríguez Castro,1993-02-04
2987,María,Fernández Villegas,1982-11-04
2988,Javier Yuliana,Garzón Escobar,1991-03-08
2990,Yolanda,León García,1979-12-07
2992,Ernesto,Bolívar Herrera,1988-08-24
2994,Lorena Henry,Méndez Pardo,1956-01-03
2995,Marleny Dora,Espinosa Martínez,1963-03-10
2996,Dario,Sanabria Quiroz,1976-12-24
2997,Beatriz Margarita,Rojas González,1973-02-04
2998,Alexander,García Fajardo,1972-05-10
2999,Lorena,Rodríguez Gutiérrez,1963-05-10
3000,Carolina,Martínez Palacios,1957-07-16
3001,Juan,Benítez Muñoz,1976-02-17
3002,Jairo Melissa,Jiménez Romero,1984-10-29
3003,Nubia,Bustamante García,1975-01-17
3004,Luz,Camargo Espinosa,1962-07-28
3007,Rubiela,Loaiza Pérez,1991-04-06
3008,Lady Rafael,Ávila Rodríguez,1984-06-02
3009,Elizabeth,Castillo Martínez,1960-07-10
3011,Gladys,Barbosa Castañeda,1953-08-07
3014,Luz Katherine,Álvarez Puentes,1962-09-17
3015,María,Arias Espinosa,1995-05-16
3017,Robert,Serna Sandoval,1992-03-30
3018,Luz Hugo,Vallejo Bautista,1987-12-24
3019,Rubiela,Vargas Sánchez,1981-07-10
3020,Lucy,Ariza Oviedo,1957-12-11
3022,Javier Alexander,Niño Benítez,1966-08-02
3023,Zoraida,Martínez Díaz,1952-06-01
3024,Lucero,Moreno Castro,1997-01-13
3025,Richard Angie,Sánchez Díaz,1969-09-04
3026,Roberto,Marín Moreno,1979-01-23
3028,Patricia María,Morales Angarita,1969-05-16
3030,Sandra,Medina Camargo,1951-09-29
3031,Angélica,González Contreras,1974-11-13
3032,Constanza,Guzmán Zambrano,1990-06-14
3035,Carmen Diana,Becerra Ochoa,1973-04-05
3036,Maribel Jhoan,Carrillo Molina,1988-10-06
3038,Ever Ferney,Moreno Mendoza,1987-10-11
3039,Carlos,Castañeda Jaramillo,1964-09-19
3040,Lorena,Jiménez Daza,1955-08-19
3042,Jairo,Miranda Rodríguez,1990-07-10
3043,Luisa Camilo,Ruiz Jiménez,1964-03-02
3044,Eider,Sánchez Mendoza,1953-05-11
3045,Patricia,Hernández Moreno,1976-11-11
3046,Karen Lucila,Uribe Valencia,1985-11-12
3047,Nicolás,Rodríguez Hernández,1950-05-19
3048,Patricia,Peña Ramírez,1958-02-01
3049,Robinson,Valderrama Salazar,1971-09-29
3050,Misael Alirio,Fonseca Vera,1987-11-09
3051,Andrea,Gaitán Pérez,1999-03-19
3053,Elvis Fabián,Gutiérrez Hernández,1983-06-11
3054,Edwin,Orozco Ramírez,2002-05-13
3056,Miguel,Ortega Martínez,1989-04-20
3057,Aurelio,González Oviedo,1957-03-14
3058,Víctor,Zapata García,1987-05-02
3059,Diana,Estrada Estrada,1984-05-14
3061,Yolanda,García Ardila,1972-01-20
3062,Manuel,Benavides Ochoa,1976-06-25
3063,Jairo,Vega Nieto,1972-07-01
3064,Lina,Ruiz Corredor,1957-09-21
3067,Gustavo Vanessa,Ardila Morales,1988-05-27
3068,Liliana,Rodríguez Padilla,1974-07-30
3069,Kevin,Guevara Acosta,1973-01-30
3070,Héctor,Ballesteros Díaz,1982-01-23
3071,Luis,Galindo Rangel,1960-12-25
3072,Manuel,Castro Gómez,1996-12-12
3073,David Patricia,Muñoz Velásquez,1988-01-12
3074,Yolanda,Álvarez Sierra,1993-01-10
3075,Ferney,Gómez Castrillón,1962-04-27
3076,Rosa Carlos,Sánchez Mosquera,1979-06-02
3077,Patricia,Jiménez Córdoba,1996-12-02
3080,Martín,Carvajal Arias,1991-04-21
3081,Carolina Rubiela,Zapata Navarro,1989-12-22
3082,Inés Gustavo,Pineda Lozano,1967-11-19
3083,Francy Alejandra,Muñoz Martínez,1993-10-30
3084,Marlén Beatriz,Salazar Ibarra,1948-12-08
3085,Mauricio,Montenegro Romero,1989-01-24
3086,Jorge Estefanía,Trujillo Castro,1978-04-21
3089,Johan,Agudelo Mosquera,1989-01-24
3090,Carlos,Barbosa Duque,1963-07-19
3091,Olga,Cruz Uribe,1988-07-16
3092,María,Ramírez Tovar,1966-01-07
3095,Enrique Alicia,Calderón Jaramillo,1985-02-09
3096,Luis,Henao Molina,1964-04-29
3097,Andrés Milena,Mosquera Gómez,1971-10-21
3100,Juana,Mercado Cárdenas,1955-08-20
3101,Andrés,Pinzón Acosta,1995-04-30
3102,Ricardo,Londoño Zapata,1968-10-06
3103,Alberto,Pabón Gómez,1988-05-30
3104,Jhon,Martínez Carmona,1980-03-23
3105,Mateo Yamile,Ruiz Rojas,1985-03-12
3106,Andrés,Palacios Rojas,1955-05-12
3108,Rigoberto,Álvarez Daza,1990-06-23
3109,Karen Stella,Gómez Pérez,1962-01-11
3110,Armando Javier,Vega Osorio,1969-03-30
3111,Alexander,Rodríguez Cárdenas,1979-01-08
3114,Marcela Marly,Arias Alvarado,1945-07-22
3115,Augusto,Díaz Mesa,1963-04-22
3116,Hugo,Vargas Reyes,1978-08-27
3117,Inés,Rengifo Martínez,1977-09-07
3118,Leidy,Jaramillo Pérez,1977-09-22
3119,Liliana,Sánchez Pérez,1993-06-30
3120,Alexandra Ruth,Henao Sánchez,1978-06-13
3121,Fredy,Sánchez Martínez,1991-04-17
3122,Yesid,González Ortega,1990-08-05
3123,Valentina Javier,Giraldo Gaitán,1974-12-06
3124,Andrés Dario,Cruz Ordóñez,1958-07-12
3125,Leonardo César,Rojas Torres,1978-05-21
3126,Yina Patricia,Suárez Pardo,1994-05-16
3127,Eliana,Vargas Correa,1986-09-17
3128,Juan,Pineda Núñez,1960-12-21
3129,Fabián,Castellanos Paz,1986-04-28
3131,Juan Martha,Hernández Peña,1980-07-22
3132,María,Moreno Cárdenas,1967-02-12
3133,Alejandra,Restrepo Mendoza,1972-08-26
3134,Omar Luz,Jiménez Cárdenas,1961-06-24
3136,Iván,González Gallego,1964-11-17
3137,Tatiana Sara,Cárdenas Quintero,1973-12-27
3138,Gloria David,Franco Torres,1971-12-31
3139,Viviana Andrea,Gómez Vargas,1979-09-19
3140,Lucy,Sánchez Pacheco,1996-03-21
3141,Patricia,Rojas Ordóñez,1968-12-06
3142,Doris,Vera Bolaños,1961-06-18
3143,Jesús,Arévalo García,1957-06-26
3144,Juan William,Gil Páez,1953-11-09
3146,Ana Isaac,Pérez Torres,1997-10-10
3147,Patricia Fernanda,Pedraza Vega,1963-09-28
3148,Alejandro Eduardo,Burbano Jaramillo,1991-01-18
3149,Alberto,Palacios Bedoya,1980-02-23
3150,Nayibe,Rincón Peña,1987-04-21
3151,Daniel Fernando,Jiménez Ochoa,1969-08-23
3154,María,Osorio Osorio,1976-04-24
3155,Adriana,Moreno Camargo,1954-03-05
3156,Cristian,Agudelo Londoño,1980-08-25
3157,Patricia,Castillo Osorio,1989-02-05
3158,Alejandro,Tamayo Rodríguez,2001-07-19
3159,Alejandra Sebastián,Álvarez Castellanos,1969-09-24
3160,Oswaldo,Sierra Ramírez,1982-09-02
3161,María Katherine,Díaz Barrera,1954-06-29
3162,Edwin,Escobar Gallego,1984-02-04
3163,Fredy,Molina Pacheco,1983-10-30
3164,José Paulina,Perdomo Durán,1980-07-08
3165,José Dario,Murcia Romero,1972-05-27
3167,Isabel Socorro,Bedoya Sandoval,1992-10-09
3168,Fredy,Arias Martínez,1987-03-18
3170,Alejandra,Bonilla Maldonado,1967-12-20
3171,César Alba,Osorio Muñoz,1960-06-25
3172,Camilo,Guzmán Contreras,1949-11-29
3175,Ferney Marcela,Barreto Osorio,1969-01-17
3176,Manuel Jair,Rodríguez Alvarado,1984-10-14
3178,César Rafael,Mejía Quiroga,1976-09-27
3179,Diana Marleny,Castaño Londoño,1981-04-09
3180,Andrés,Zapata Zuluaga,1970-05-10
3181,Esther Marina,Parra García,1973-05-02
3182,Inés,Blanco Ballesteros,1995-06-16
3183,Eduardo Karen,Martínez Meza,1993-06-14
3184,Adrián,Galeano Córdoba,2001-05-25
3185,Stella Harol,Toro Vargas,1971-04-14
3186,Natalia Robinson,Suárez Gómez,1956-05-18
3187,Yurani,Carvajal Ortiz,1992-09-26
3188,Emilio Ernesto,Cardona Carrillo,1978-09-06
3189,Patricia,González Rangel,1979-08-31
3190,Patricia William,Arenas Bonilla,1955-06-13
3191,Yamile Alexandra,Torres Narváez,1947-09-19
3192,María Alexander,González Gómez,1967-07-13
3193,Eduardo,Ortiz Ramos,1994-11-09
3194,Yeison,Zapata Gutiérrez,1958-04-09
3195,Jorge,Calderón Reyes,1985-08-02
3197,María,Barrios Gómez,1987-05-13
3198,Marlene José,Zapata Parra,1978-11-13
3199,Tatiana,Rodríguez Vergara,1969-04-13
3200,Henry,Castañeda Guzmán,1969-12-03
3201,Enrique,Ramos Pedraza,1989-10-27
3202,Marcela,Sánchez Vega,1980-12-14
3203,Milton Diego,Valencia Rodríguez,1986-09-21
3204,Juan,Martínez Arias,1992-04-01
3205,Milena,Meza Niño,1967-12-07
3206,Daniel Jorge,Acosta Domínguez,1957-02-24
3207,Manuel,Fernández Serna,1961-01-07
3208,Marcela,Barbosa González,1992-07-08
3210,Cecilia,Díaz Mora,1988-06-27
3211,Jenny María,Suárez Rodríguez,1965-12-23
3212,Anderson Daniela,Gutiérrez Pérez,1979-08-23
3213,Jhon,Ballesteros Maldonado,1981-05-22
3214,Alfonso,Martínez Arévalo,1980-11-08
3215,Eduardo,Vega Torres,1986-09-24
3216,Karen Ingrid,Peña Ortiz,1973-10-23
3217,Camilo,Naranjo Parra,1982-02-09
3218,Sandra,López Chávez,1988-07-22
3219,Ibeth,Pérez Calderón,1955-10-13
3220,Enrique,Bustamante Murillo,1995-07-20
3221,Carlos Raquel,Rendón Ortega,2000-01-30
3222,Guillermo Alejandra,Guerrero Camacho,1977-04-29
3223,Eduardo,Cruz Ardila,1964-12-14
3224,Ana,Torres Camacho,1984-08-28
3225,María,Ayala Castro,1998-09-20
3226,Abel Luz,Gómez Duque,1989-01-15
3227,Jhonatan Betty,Pérez Jiménez,1964-08-01
3228,Mario,Londoño Giraldo,1988-05-11
3229,Cristina,Figueroa González,1999-03-07
3230,Kelly,Parra Erazo,1988-07-30
3231,Milena,Jiménez Vergara,1970-08-23
3232,Jorge Jhon,Gutiérrez Vanegas,1991-07-04
3233,Carlos Farid,Rodríguez Díaz,1989-03-04
3235,Dora Mauricio,Castillo Pérez,1968-12-05
3236,Patricia Orlando,Torres Vásquez,1984-11-25
3237,Isabel Natalia,Rodríguez Espinosa,1987-04-30
3238,Esther Guillermo,Campo Pineda,1994-11-14
3239,Jean Carlos,Acosta Ramírez,1992-06-22
3240,Yuli,Ayala Sarmiento,1954-01-19
3241,Isabel José,Ávila Londoño,1982-07-26
3242,Wilber,Ibarra Alzate,1988-04-21
3243,Jonathan Dora,Cardona Rivas,1989-08-09
3244,Adriana,Zambrano Lozano,1981-05-11
3245,Carmen,Figueroa Méndez,1977-08-24
3246,David,Ramírez Cardona,1988-10-28
3247,Jorge,Ortiz Jaramillo,1978-09-29
3248,Alexander Alejandra,Ángel Salas,1993-04-24
3249,Beatriz,Castillo Uribe,1997-09-04
3250,Dario,Mendoza Jiménez,1990-12-03
3252,María Edwar,Córdoba Jaimes,1980-12-01
3253,Carolina,Fernández Rivera,1990-02-24
3254,Esther,Romero Rivas,1985-11-23
3255,Enrique Álvaro,Ariza Durán,1962-01-09
3256,Jairo,Lara Pineda,1992-04-03
3257,Edison Wilson,Franco Ayala,1988-05-30
3258,Luz,Serna Murillo,1954-02-15
3259,Edilson David,Cifuentes Osorio,2001-09-10
3260,José José,Mejía Ruiz,1975-12-20
3261,Ángela Vanessa,Duque Duque,1954-07-19
3262,Ariel,Arias Silva,1954-03-12
3263,Edgar,Sánchez Correa,1977-10-29
3264,Amparo María,Sandoval Salas,1983-04-24
3265,Andrés,Morales Sánchez,1993-11-15
3266,Michael,Castaño Cuéllar,1967-12-13
3267,Flor,Rentería Salazar,1995-01-01
3268,Doris Néstor,Pérez Ortiz,1976-04-16
3270,Carmenza Giovanni,Rodríguez Parada,1971-12-18
3271,Ivonne,Rodríguez Rodríguez,1962-09-07
3272,María,Moreno Sánchez,1996-12-02
3273,Mauricio,Escobar Álvarez,1968-04-06
3274,Luis Julia,Álvarez Peña,1971-07-04
3275,Juan Ignacio,Fajardo Gómez,1992-12-18
3276,Diana,Díaz Muñoz,1980-12-03
3277,Ana,Londoño Arias,1992-04-28
3278,Cristina David,Sánchez Quintero,1955-06-17
3279,David Martha,Ramírez Padilla,1973-10-03
3280,John María,Castaño Forero,1973-05-23
3281,Ocampo,Rangel Gómez,1995-07-08
3282,Yolima Julián,Figueroa Orjuela,1959-12-23
3283,Luz Viviana,Herrera Muñoz,1988-03-16
3284,Nancy,Quintero Peña,1989-05-21
3285,María Marcela,Méndez Escobar,1964-12-21
3286,Franco,Parra Gutiérrez,1984-08-12
3287,Judith,Velasco Castillo,1991-03-03
3288,Luz,López Flórez,1952-10-26
3289,Angélica,Riascos Narváez,1989-04-13
3291,Mirian,Rodríguez Cabrera,1964-06-09
3292,Leonardo Luz,Salamanca Ochoa,1987-08-26
3293,Hernán,Velásquez Quintero,1990-04-04
3294,Carolina Blanca,Blanco Castro,1990-09-19
3295,Marcela,Castillo Romero,1968-03-23
3296,Rocío,Parra Parra,1971-11-28
3297,Doris Leidy,Vallejo Sánchez,1950-02-26
3298,Fabián Cecilia,Luna Ruiz,1956-06-09
3299,Sandra,Mosquera Correa,1994-10-19
3300,Isidro,Jiménez Chacón,1987-09-15
3301,Marina Laura,Beltrán Sánchez,1987-10-05
3302,Andrés,Ávila Montes,1987-10-30
3303,Sandra Carolina,Medina Vargas,1958-06-15
3304,María,Mosquera Reyes,1978-03-14
3305,Cecilia,Castaño Barrera,1977-01-02
3306,Ana,Moreno Alzate,1957-01-23
3307,Rafael Esther,Rivera Angarita,1984-11-10
3309,María,Rosero Tamayo,1948-05-24
3310,Nicolás Carlos,Velásquez Blanco,1992-06-13
3311,Mary,Valencia Ruiz,1962-08-04
3312,John,Villegas Rivera,1956-03-18
3313,Albeiro,Vallejo Narváez,1973-06-11
3314,Lucía Aleida,Medina García,1976-03-18
3315,Alexander Delia,Salgado Álvarez,1986-08-02
3316,Victoria Carlos,Beltrán Salazar,1975-11-06
3318,Ángela,Díaz Cruz,1981-01-09
3319,Jaime,Barrios Marín,1990-03-19
3320,Óscar Lilian,Jiménez Ruiz,1974-06-09
3321,Viviana,Bejarano Guerrero,1969-03-28
3322,Yulieth,Suárez Navarro,1993-01-07
3323,Marco Leonardo,García Henao,1974-04-18
3324,Eugenia,Silva López,1970-10-04
3325,Julieth,Murillo Bohórquez,1956-06-30
3326,Manuel,Guerra Vargas,1980-09-03
3327,Daniel,Muñoz Rojas,1996-12-29
3328,Juan Dayana,Velasco Jaimes,1976-01-31
3329,Arley Miriam,León Cardona,1990-01-19
3330,Luis Tulio,Marín Romero,1977-11-07
3331,Daniel Elena,Ariza Pabón,1979-11-14
3332,Sebastián Óscar,Sandoval Flórez,1986-08-09
3333,María,Martínez Martínez,1953-09-02
3335,Ernesto,Martínez Castillo,1978-11-09
3336,Claudia,Alzate Buitrago,1979-05-19
3337,Ana Andrés,Escobar Díaz,1958-12-03
3339,Stiven,Restrepo Santos,1987-01-21
3340,José,Pérez Córdoba,1993-06-29
3342,Nohora,Cortés Silva,1969-05-12
3344,María Yudy,Ortiz Medina,1964-12-18
3345,Antonio,García Arroyo,1997-10-10
3346,Jhonatan,Giraldo González,1967-09-24
3347,Manuel Luis,Orozco Montoya,1996-10-05
3348,Martha,Barrios Martínez,1990-05-26
3350,Claudia Yulieth,Hernández Villamizar,1977-05-08
3351,Marco,Andrade Rivera,1998-05-23
3352,José,Camargo Ardila,1943-04-04
3353,Pedro Norbey,Peña Murillo,1995-07-23
3354,Andrea,Hernández Jaimes,1965-08-04
3355,Shirley,González Arango,1980-07-17
3356,Ruby José,Agudelo Arrieta,1988-03-03
3357,Marina,Hurtado Mora,1989-05-13
3360,Nicolás Jhon,Benavides Espinosa,1965-04-27
3361,Mario,Cárdenas Zapata,1957-06-09
3362,Manuel Inés,Camacho Buitrago,1971-07-04
3363,Rosa,Delgado Martínez,1979-05-19
3364,Germán,Rodríguez Franco,1956-02-23
3365,Oswaldo Teresa,Angarita Cárdenas,1974-03-02
3366,Jennifer,Osorio Díaz,1972-12-24
3367,Teresa Carlos,Cardona Ochoa,1985-07-06
3368,Carmen,Vélez González,1983-10-25
3369,Luz Luz,Vega Cruz,1990-01-07
3370,Carmen Eduardo,Castro Rentería,1990-03-05
3371,Miguel,López Hernández,1967-05-01
3372,María,Contreras Ramírez,1954-08-05
3373,Mery Fidel,Díaz Zapata,1960-08-25
3374,Alberto Elcy,Loaiza Silva,2000-08-08
3375,Helena Leidy,Mercado Gómez,1974-07-22
3376,Emilse Ricardo,Gómez Restrepo,1988-07-11
3377,Nidia María,Gil Estrada,1983-11-15
3378,Manuel Luis,Lozano Suárez,1993-03-25
3380,Carolina María,Rueda Martínez,1995-10-05
3381,Ana,Martínez Álvarez,1973-12-19
3382,Katerine,Sepúlveda Córdoba,1992-06-12
3383,Carlos Felipe,Zuluaga Flórez,1983-07-17
3384,Ignacio Mercedes,Morales Pacheco,1986-07-26
3385,Edith,Romero Hernández,1962-11-08
3386,Alexandra Felipe,Martínez Bolaños,1985-07-30
3387,Laura Socorro,Bernal Morales,1987-09-02
3388,Edwin María,Correa Sánchez,1981-07-23
3389,Liliana Ana,Narváez Pinzón,1983-05-29
3390,Mercedes,Calderón Torres,1980-01-08
3391,Janneth,Álvarez González,1964-09-04
3392,Daniela,Murcia Salas,1985-03-31
3393,Víctor Isabel,Castro Correa,1990-08-08
3394,Mónica,Uribe García,1987-05-31
3395,Leonel,López Mercado,1987-07-05
3396,Rolando,Aguilar Vega,1998-05-16
3397,Domingo,Quiroz Cárdenas,1972-02-09
3399,Beatriz,Pardo Rincón,1989-01-13
3400,Francisco Fernando,Salazar Perea,1961-12-17
3401,Mónica,Contreras Amaya,1989-08-02
3402,Antonio Jairo,Torres Valencia,1974-07-06
3403,Shirley,Morales Ramírez,1982-11-14
3404,Guillermo,Montes Salazar,1974-12-31
3405,Alicia,Zambrano Carrillo,1959-07-16
3406,Mayra,Sánchez Ortega,1968-10-01
3407,Héctor Adriana,Arango Lara,1992-06-25
3408,José,Silva Pérez,1989-01-10
3409,Cristina Alonso,Oviedo Molina,1947-06-30
3411,Anyi,Cruz Rojas,1976-10-11
3412,Vicente,Córdoba Salazar,1942-10-30
3413,Carmen,Gómez Miranda,1989-01-20
3414,Ángela,Santos Arias,1976-08-24
3415,Alexandra,Guevara Parada,1985-02-18
3416,Jhon Mauricio,Rodríguez Montenegro,1987-04-30
3417,Natalia,Molina Hoyos,1981-09-08
3418,Néstor Alberto,Ruiz Bastidas,1982-11-06
3419,Luis Ronal,Mejía Díaz,1979-07-15
3420,Jesús Martha,Acevedo Bedoya,1973-08-29
3421,Olga Wendy,Barragán Pérez,1971-07-16
3424,Deicy Diana,Ramírez Ramírez,1994-10-06
3426,Jorge Cecilia,Soto Barbosa,1961-05-23
3427,Cristian,Zapata Mena,1991-08-14
3428,David,Amaya Corredor,1991-05-15
3429,Diana,Suárez Villamizar,1990-09-06
3430,Bryan,Caicedo Mendoza,1963-06-10
3432,Martha Carlos,Restrepo Bastidas,1965-05-12
3434,María Fernando,Barrera González,1988-04-29
3435,Javier,Camacho Ospina,1964-01-24
3436,Cecilia Rodrigo,Agudelo Ortiz,1980-02-26
3437,Jorge,Ballesteros López,1963-10-30
3438,Enrique Claudia,Cerón Vargas,1979-11-17
3439,Eduardo,Guerra Muñoz,1962-06-27
3440,Alberto,Camacho Morales,1961-05-23
3441,Augusto,García González,1964-08-12
3442,Yazmín,Muñoz Carvajal,1987-10-31
3443,Luis,Leal Campo,1980-05-15
3444,Nelly,Bravo Martínez,1977-03-05
3445,Jorge Sandra,Rubio Pérez,1988-03-25
3446,Junior,Leal Rodríguez,1989-10-07
3447,Luz,Paz López,1972-02-04
3448,Diana Ana,Hernández Velásquez,1994-03-31
3449,Marcela Héctor,Benavides Sarmiento,1952-06-11
3450,Hernán,Barrera Herrera,1994-07-13
3451,Leidy,Carvajal Muñoz,1996-05-03
3452,Andrea,Cifuentes Silva,1977-10-17
3453,Jonathan Jesús,Correa Herrera,1981-07-21
3454,Camilo,Quintero Benavides,1967-08-02
3455,Juan Yaneth,Muñoz Mendoza,1968-12-27
3456,Luz,Moreno Arias,1972-06-11
3457,Johana,Serna Sánchez,1977-01-27
3458,Jhon,Álvarez Hurtado,1972-06-11
3459,Santiago Yuli,Reyes Camargo,1991-07-09
3460,Jennifer Alba,Muñoz Castillo,1952-02-23
3461,Denis,Guerra Palacio,1965-02-09
3462,Jenny,Ardila Vanegas,1989-09-11
3463,Martha,Espinosa Correa,1954-03-16
3464,María Carlos,Londoño Torres,1970-09-07
3465,Edwin Marcela,Saavedra Orozco,1973-11-07
3466,Santiago Leidy,Jiménez Torres,1964-07-19
3467,Martha,Vargas Castro,1965-01-17
3470,Wilson Carmen,Vera Ospina,1957-01-09
3471,Alberto Aida,Serna Ramírez,1987-09-01
3473,Julio,Pineda Mejía,1987-05-09
3474,Lisbeth Pedro,Gaitán Arango,1989-08-10
3475,Alfonso,Soto Sánchez,1986-08-10
3476,David,Díaz Durán,1992-02-29
3477,Myriam Astrid,Garcés Ordóñez,1983-10-25
3478,Blanca,Forero Pulido,1985-05-23
3479,Camilo Ruth,Ortega Restrepo,1979-03-26
3480,Alexis,Ramírez Pérez,1985-04-23
3482,Erika Mauricio,Guerrero Moreno,1991-10-09
3483,Patricia Ana,Saavedra Niño,1970-11-01
3484,Jonathan Jairo,Sánchez Muñoz,1977-11-19
3485,Jesús,Murillo Bedoya,1991-04-29
3486,Julieth Fernando,Pérez Sierra,1990-12-10
3487,Martha Pedro,Aguilar Rodríguez,1997-06-27
3489,Paola Blanca,Romero Jiménez,1985-04-09
3490,Carmen Martha,Muñoz Lara,1988-04-27
3491,Edna,Castro Muñoz,1986-05-13
3492,Mercedes Sandra,Vásquez Valencia,1969-05-31
3493,Francisco,Hurtado Camargo,1992-04-25
3494,Valentina,Sepúlveda Montoya,1972-11-16
3495,Jonathan,Rodríguez Bravo,1994-09-07
3496,Javier Enrique,Castillo Medina,1972-10-17
3497,Jhon Johana,Sierra Gutiérrez,1972-11-20
3499,Fabián,Blanco Caballero,1995-04-25
3500,Jorge,Ortiz Martínez,1993-07-27
3501,Jesús,Rodríguez López,1984-06-18
3502,Carolina,Ospino Rodríguez,1981-07-04
3505,Liliana,Gómez Pérez,1964-10-17
3506,Juan,Palacios Osorio,1952-03-14
3507,Dora,Saavedra Mena,1961-08-29
3508,Enrique,García García,1964-11-04
3509,Rafael,Castro Orozco,1983-06-30
3510,Daniela,Loaiza Herrera,1990-04-10
3511,Augusto,Bolívar Valencia,1992-11-16
3512,Alberto,Ortega Cardona,1965-08-04
3513,Daniela Álvaro,Moreno Cabrera,1985-02-04
3514,Sandra Rosario,Riascos Arévalo,1970-10-06
3515,Yulieth,Ángel Mejía,1990-04-18
3517,Diego,Galeano Flórez,1984-01-14
3518,Carlos,Bernal Lara,1974-11-10
3519,Diana,Hernández Díaz,1994-03-10
3520,Luz Karol,Castellanos Burbano,1996-03-14
3521,Nubia Jaime,Ochoa Pardo,1971-08-09
3522,Dario,Sepúlveda Acosta,1987-03-15
3523,Tulio Antonio,González Benavides,1985-12-09
3524,Yamile,García Díaz,1973-03-30
3525,Shirley Tatiana,Bernal Muñoz,1998-06-17
3526,José,Arias Gil,1982-05-02
3527,Dora,Molina Jaramillo,2001-07-01
3528,Marcos Mario,Torres Pérez,1979-12-21
3529,Amparo,Ospina Parra,1975-03-30
3530,Gonzalo,Cruz Parra,1984-05-25
3532,Alexandra Armando,Gallego Osorio,1982-12-13
3533,Patricia,Cruz Rodríguez,1989-11-05
3534,Juan,Pérez Serrano,1962-08-14
3535,Sandra Fredy,Páez Escobar,1982-11-28
3536,Alberto,Díaz Reyes,1966-11-03
3537,Jorge Eliana,Gómez Velandia,1967-08-14
3538,Henry,Sierra Rojas,1984-01-10
3539,Yaneth,Torres González,1953-03-28
3542,Edgar,Mesa Bermúdez,1969-06-06
3543,Lizeth,Bedoya Caicedo,1992-07-17
3544,Emilio Hugo,Contreras Valencia,1987-10-03
3545,Luis,Angarita Hurtado,1975-10-07
3546,Orlando Ernesto,Villamil Valencia,1958-07-23
3548,Alveiro Beatriz,Ospina Rodríguez,1985-09-30
3549,Paola Doris,Gómez Salcedo,1966-03-02
3552,Edgar,Arias Díaz,1998-06-09
3553,Luis Milena,López Castillo,1975-03-18
3554,Fredy,Marín Álvarez,1978-01-02
3555,Juan,Giraldo Ruiz,1997-12-07
3556,Damaris,Castillo Mercado,1966-12-26
3557,Gustavo Luis,Montoya Reyes,1992-02-23
3559,Ciro,Caro Suárez,1971-03-14
3560,Miriam,Pulido Sánchez,1991-04-01
3561,Alejandra Hermes,Guerrero Erazo,1985-08-07
3562,Edgar,Quintero Moreno,1982-03-20
3564,Cristian Armando,González Gutiérrez,1988-07-10
3565,Mayra Patricia,Muñoz Chaparro,1959-11-05
3566,Yésica Diana,Zapata Mosquera,1964-09-29
3567,Isabel,Flórez Silva,1993-01-04
3568,Julieth Isabel,Villamizar Gil,1975-09-20
3569,Camilo,Ávila Mena,1983-11-20
3570,Yaneth,Giraldo Barrera,1988-12-25
3571,Orlando,Acosta Bautista,1980-05-24
3572,Luz Stella,Rodríguez Rodríguez,1956-09-13
3573,Alfonso David,Forero Londoño,1988-05-22
3574,Marcela,Mendoza Rodríguez,1988-10-28
3575,Milena,Morales Hoyos,1972-12-11
3578,Yamile,Bonilla Herrera,1976-03-30
3579,María,Gil Cortés,1970-03-18
3580,Rita Eduardo,Durán Gómez,1987-08-10
3581,Luis,Ortiz Montoya,1986-02-28
3582,Eduardo,Lara Mejía,1978-09-19
3583,Evelio,Suárez Rodríguez,1981-01-06
3584,Olga Hugo,Ramírez Gómez,1960-09-19
3585,Linda,Torres López,1957-08-28
3586,Rubén Martha,Torres Mantilla,1982-02-15
3587,Edwin,Mejía Toro,1980-09-25
3588,Marcela,Vélez Fuentes,1974-12-18
3589,Carolina Felix,Moreno Pulido,1993-02-05
3590,Rodrigo,Suárez Gamboa,1997-08-27
3591,Lorena Sebastián,Luna Vélez,1993-03-04
3592,Santiago,Mora Cortés,1982-11-04
3593,Humberto,Hernández Benavides,1983-10-15
3594,Johanna Luz,Rivera García,1973-07-20
3595,Milton Lida,Díaz Calderón,1972-07-31
3596,Valeria,Ramírez Suárez,1994-06-23
3597,Andrés Tatiana,Caicedo Mendoza,2000-08-02
3598,Dayana Rosa,Rengifo Riascos,1950-03-19
3599,Yaneth,Rodríguez Muñoz,1977-07-09
3600,Nubia John,Forero Carrillo,1995-11-19
3601,Maribel Yenny,Gómez Martínez,1961-08-17
3602,Juan,Gonzáles Rojas,1955-03-25
3604,Alonso,Mejía Guerrero,1988-10-04
3605,Rocío,Peña López,1982-01-06
3606,Daniel Alberto,Ruiz Bernal,1993-06-09
3607,Henry,Bonilla Fajardo,1990-06-23
3608,Javier,Olaya Mosquera,1983-06-11
3610,Lorena,Cárdenas Torres,1981-03-19
3611,María,Mercado Gómez,1976-02-15
3612,Misael,Alvarado Arias,1965-05-28
3613,Andrés,Martínez Miranda,1954-03-04
3614,Andrés,Quintero Rodríguez,1980-10-09
3615,Dora,Mosquera Mendoza,1995-06-03
3616,Luis,Fuentes Rivas,2001-03-18
3617,Julieth,Ramírez Cárdenas,1987-04-18
3618,Alexander Rosa,Fernández Ortiz,1979-03-28
3619,Blanca,Salazar Ramírez,1975-06-25
3620,Carmen,Ríos Herrera,1965-02-03
3621,Andrés Jimmy,Londoño Bustos,1992-04-17
3622,Jhon,Peña Rodríguez,1977-01-10
3624,Rosalba Alberto,Rivera Gómez,1974-08-25
3625,Marlén,Herrera Delgado,1993-09-10
3628,Diana Carolina,Sánchez García,1981-08-13
3630,Camilo,Fajardo Montes,1998-01-30
3631,Carolina,Herrera Castaño,1992-03-27
3632,Albeiro Camila,Duque Mena,1982-06-28
3633,Libardo Doris,Sarmiento Rueda,1979-12-18
3634,Christian Enrique,Giraldo Vargas,1993-02-17
3635,Gabriel Francisco,Moreno Carrillo,1971-07-08
3636,David,Muñoz Vargas,1965-11-21
3638,Alba,Ruiz Gómez,1976-09-13
3639,Arturo Blanca,Gutiérrez Rosero,1965-04-18
3640,Omaira Elvira,Olaya Tovar,1968-07-10
3641,Astrid Francisco,Romero Jiménez,1959-08-11
3642,Carlos Rafael,Morales Parra,1985-10-11
3643,David,Bustos Salgado,1987-11-18
3644,Leonardo Esperanza,Gómez Pérez,1982-11-05
3645,Luz Luis,León Jaimes,1981-03-04
3646,Luz,Ochoa Pardo,1994-04-28
3647,Augusto Nury,Bermúdez Acosta,1979-07-25
3648,Luis,Moreno Suárez,1999-10-20
3650,Estela Esteban,Pérez Moreno,1967-03-16
3651,Lucía Francy,Gómez Márquez,1983-07-25
3653,Fernando Enrique,Pedraza Granados,1957-09-29
3654,Martín,Burbano Martínez,1979-03-13
3655,Javier,Rodríguez Aguirre,1983-12-04
3656,Ligia Catalina,Alzate Valencia,1965-08-02
3657,Gloria Rosa,Buitrago Reyes,1950-11-27
3658,Andrea José,Giraldo García,1981-09-05
3659,Maira,Sandoval Mejía,1980-06-11
3660,Inés,Arias Gutiérrez,1983-03-23
3661,Diego,Gómez Gaitán,1957-10-03
3662,María Sofía,Rengifo Chacón,1968-05-31
3663,Cristian Martha,Guerrero Amaya,1979-01-26
3664,José,Prieto Zambrano,1978-12-15
3666,Jhonatan,Lozano Mora,1971-05-17
3667,Paola Javier,Guevara Gaviria,1993-11-24
3668,Paola Elvia,Rojas Benavides,1979-10-16
3670,José Andrés,Roa Sánchez,1973-12-26
3671,Ariel,Arrieta Oviedo,1984-07-24
3672,Luis Felipe,Torres Herrera,1981-09-24
3673,Alejandro,Romero Barbosa,1985-12-21
3674,José,Torres Delgado,1995-07-16
3675,Inés María,Arias Reyes,1976-03-01
3677,Jaime Luis,Caballero Londoño,1944-04-20
3679,Jorge Johan,Ardila Navarro,1990-10-15
3681,Martha Gilberto,Cifuentes Muñoz,1974-01-19
3682,Jairo Yuli,Lozano Valencia,1979-01-12
3684,Amparo,Rodríguez Morales,1986-02-02
3685,Edgar Alejandra,Vásquez Ramírez,1979-12-31
3686,Andrés,Pérez Calderón,1966-07-22
3687,José Mercedes,Cortés Pacheco,1986-02-21
3688,Paola,Jaramillo Sánchez,1977-06-09
3689,Aura Andrés,Sánchez López,1978-10-27
3690,Alejandro,Betancur Salazar,1994-06-03
3691,Nilson Rodrigo,Angulo Murillo,1967-08-28
3693,Ferney,Salgado Quiroga,1992-04-09
3694,Javier,López Páez,1987-12-22
3695,Leonardo,Rodríguez Hurtado,1967-09-05
3696,David Juan,Castañeda Guerra,1984-08-13
3697,Lizeth,Díaz Hernández,1985-03-07
3698,Felipe Jesús,Cardona Soto,1999-08-07
3699,Dary,Sierra Correa,1978-08-03
3700,Andrés María,Ruiz Montoya,1975-01-19
3701,Gustavo,Fuentes Silva,1995-06-24
3702,Pablo Nubia,Velasco Trujillo,1987-02-18
3703,José,Rojas Ariza,1982-12-26
3704,Andrés,Duarte Ramos,1972-05-15
3708,María,Suárez Carmona,1955-06-14
3709,Anyi Nohora,Correa Fuentes,1990-01-06
3711,Juana Andrés,Salgado Saavedra,1998-09-14
3712,Andrea Fernanda,Díaz Marín,1984-08-09
3713,Carlos Smith,Velásquez Chaparro,1994-01-13
3714,Vanessa,González Cruz,1992-03-15
3715,Alexandra Deicy,Rincón Fernández,1972-04-13
3716,Sofía,Camacho Zambrano,1975-12-08
3717,Edna,Cáceres Carmona,1997-06-05
3719,Gloria,Suárez Serrano,1981-07-17
3720,Bibiana,Valencia Ospino,1985-10-04
3721,Jhon,Pardo Ospino,1991-03-13
3722,Milena,López Oviedo,1953-06-06
3723,Claudia,Ortega Castillo,1989-07-01
3724,Mario Luz,Gómez Arboleda,1956-04-29
3725,Diego Luz,Moreno Arango,1956-10-13
3726,Andrés,Torres Silva,1983-06-13
3727,Ana,Rodríguez Mesa,1989-07-06
3728,Jorge,Muñoz Tamayo,1950-05-20
3729,Eduardo Jesús,Barrera Aguilar,1988-12-28
3730,Andrés,Perea Trujillo,1987-01-25
3731,Sebastián,Montes Castro,1976-10-16
3732,Gloria María,Hernández Vargas,1981-04-28
3733,Milena Andrea,Cabrera Mejía,1989-04-09
3734,Paula Sebastián,Flórez Arias,1985-06-13
3735,Inés,Muñoz Herrera,1990-05-31
3736,Cristhian,Morales Giraldo,1955-03-12
3738,Franco Arley,Herrera Sánchez,1978-10-14
3739,Marisol,Moreno Gamboa,1964-05-31
3740,Elvira,Pérez Rojas,1963-08-21
3741,Leonor,López Muñoz,1991-06-16
3742,Jairo,Buitrago Vargas,1967-11-09
3744,Dayana Yeferson,Marín Perdomo,1965-12-26
3746,Isabel Juan,Pérez López,1973-10-16
3747,Bladimir Ángela,Díaz García,1973-05-02
3748,Lucila,López Medina,1997-08-30
3749,Fabián,Flórez Castillo,1976-06-04
3750,Álvaro Enrique,Reyes Zuluaga,1988-12-05
3751,Adolfo,Méndez Torres,1973-08-06
3754,Fanny Margarita,Obando Martínez,1978-11-16
3755,Karol José,Flórez Montes,1994-04-10
3756,Rosa,Meneses Camacho,1981-11-04
3757,Kevin Elvia,Garcés Álvarez,1987-06-30
3758,Diana,Mendoza Osorio,1969-08-17
3759,Danilo,Mosquera Hernández,1996-09-10
3760,Blanca Liliana,Torres Agudelo,1974-09-07
3761,Margarita,Serrano Muñoz,1977-07-16
3762,Yesid Dary,Pinto Escobar,1982-01-28
3763,Antonio María,Palacio Toro,1978-01-30
3764,Alexandra,Díaz Ocampo,1967-02-27
3765,Magaly Luis,López Vergara,1983-01-16
3766,Néstor,Camacho Salas,1969-04-24
3767,Geraldine Elena,Martínez Gómez,1980-05-19
3768,Elena,Ruiz Mendoza,1972-02-02
3770,Dary,Oviedo Moreno,1959-11-09
3771,Enrique Jesús,Rodríguez Marín,1979-07-08
3773,Luz Laura,Franco Hernández,1965-06-14
3774,Jorge,López Martínez,2001-08-30
3775,Libia,Peña Padilla,1945-10-16
3776,Omar,Mantilla García,1963-09-18
3777,Luisa,Rojas Calderón,1981-08-09
3778,Nidia,Vásquez Meza,1965-12-10
3779,David,Rivera Jiménez,1994-09-14
3780,Juan,Martínez Cárdenas,1989-02-15
3781,Fredy Mabel,Guerrero Pulido,1987-12-13
3782,Albeiro,Flórez Martínez,1963-08-19
3783,Didier Gloria,Sandoval Bedoya,1988-07-04
3784,Luz,Márquez Calderón,1996-09-16
3785,Edna,Bedoya Palacios,1981-12-27
3787,Enrique,Sandoval Vásquez,1985-06-22
3788,Javier,Beltrán Pinzón,1992-03-30
3790,Maritza Camilo,Agudelo Villamil,1984-01-22
3791,Fidel Andrés,Galvis Anaya,1993-10-17
3792,Luis Luis,Orozco Gutiérrez,1996-04-02
3793,Lorena Cristian,Bejarano Gómez,1996-03-22
3794,Jaime,Palacios Prada,1990-07-24
3795,José,Castaño Paz,1977-01-06
3796,Felipe,Rodríguez Becerra,1947-06-04
3797,Magnolia,Suárez Meza,1963-09-21
3799,María Yaneth,Rojas Torres,1991-09-20
3800,Andrea,Roa Chávez,1974-05-05
3802,María,Muñoz Aguilar,1956-04-22
3805,Fernando,Paz Sánchez,1967-12-14
3806,Claudia,Sierra Amaya,1969-05-21
3807,Nury Guillermo,Reyes Pérez,1961-07-19
3808,Camilo Ronal,Jaramillo Rodríguez,2001-05-26
3809,Stella Eduardo,Mosquera Suárez,1981-09-15
3810,Andrea,Gil González,1990-03-21
3811,Manuela,Niño Parra,1970-11-25
3812,Victoria,Ospina Vargas,1951-02-28
3813,Marcela Jaime,Castillo Agudelo,1989-08-18
3814,Lorena Lucía,Parra Parra,1977-03-07
3815,Erika Nilson,Torres Quintero,1980-12-23
3816,Paola,Ortiz Barrera,1989-03-22
3817,Iván,Gamboa Cruz,1990-08-14
3818,María,Corredor Herrera,1991-12-13
3819,Carolina María,Pérez Muñoz,1988-12-20
3820,María,Pérez Sánchez,1984-12-11
3821,Leidy,Torres Bolaños,1972-01-21
3823,Fernando,Martínez Chávez,1956-04-10
3824,Vanessa,León Fuentes,1985-06-13
3826,Luis Helena,Velasco Ardila,1967-05-15
3827,Alejandra Luz,Arias Marín,1979-02-08
3828,Wilmer José,Martínez Vásquez,1972-06-30
3830,Yuri,Beltrán Melo,1974-09-07
3832,Ángela Fernanda,Vélez Díaz,1962-09-10
3833,Guillermo,Morales Vargas,1966-09-03
3834,María María,López Ojeda,1998-01-16
3835,Néstor,Rueda Parra,1966-10-19
3836,Miguel Marcela,Gaitán Zambrano,1986-04-27
3837,Alejandro Mauricio,Romero Silva,1983-11-14
3838,Andrea Katherine,Carrillo Pérez,1988-01-31
3839,Lizeth,Muñoz Rivas,1974-07-25
3840,Julio,Cortés Vargas,1975-05-08
3841,Adriana,Agudelo Monroy,2000-10-23
3842,Constanza,Morales Monsalve,1975-12-10
3843,Wilson,Torres Camargo,1973-08-09
3844,Julio,Ruiz González,1985-08-28
3846,María Gabriela,Rodríguez Molina,1973-05-29
3847,David Edward,Ramírez García,1959-02-15
3848,Yenny,Ruiz Triana,1983-12-04
3849,Angie,Moreno Jiménez,1979-10-29
3850,Fernanda Wilson,Ortiz Riascos,1983-04-05
3851,Fredy,Restrepo Forero,1981-09-16
3853,Beatriz,Valencia Torres,1973-07-20
3854,María Aura,Buitrago Díaz,1987-06-03
3857,Nohora,Alvarado Peña,1997-05-06
3858,Alberto,Murcia Corredor,1990-03-07
3859,Sindy Isabel,Valencia Rojas,1971-06-28
3860,María Juan,Tamayo Gaviria,1956-04-04
3861,Germán,Fernández Mendoza,1989-01-03
3862,Albeiro,Martínez Fonseca,1971-01-11
3863,Lina,Rangel Vargas,1972-05-31
3865,Claudia,Hernández Hernández,1987-10-06
3866,Diana,Castañeda Velásquez,1972-11-17
3867,Carlos,Acosta Rodríguez,1982-09-25
3868,Patricia Marlon,Cáceres Martínez,1956-11-16
3869,Geovanny,Rivas González,1973-03-30
3870,Jhon Juan,Blanco Arias,1975-08-08
3873,Yury Johan,Figueroa Restrepo,1976-03-21
3874,Maribel Edith,Suárez Morales,1975-03-24
3875,Laura,Rodríguez Vargas,1963-01-14
3876,Nubia,Martínez Hernández,1975-06-12
3877,Antonio Ernesto,Alvarado Escobar,1969-07-29
3878,Yaneth,Martínez Navarro,1998-12-05
3879,José Dario,Díaz Palacios,1982-10-26
3880,Alexander Martha,Naranjo Zapata,1987-04-23
3881,María,Suárez Galindo,1988-06-19
3882,Josué Juan,Gómez García,1991-04-08
3884,Mariana Dayana,Ramírez Torres,1993-06-02
3886,Beatriz,Perea Calderón,1980-09-16
3887,Cristina,Cruz Montenegro,1989-10-12
3888,Manuel,Velandia Fernández,1989-05-16
3889,Nubia,Bustamante Martínez,1989-03-30
3891,José,Bonilla Ochoa,1971-09-24
3892,Lucía,Mosquera Gaitán,1995-12-18
3894,Jonathan,Carrillo Caicedo,1983-08-23
3895,Viviana,Quintero González,1991-03-23
3896,José,Hernández Parra,1984-11-17
3897,Álvaro,Cifuentes Pedraza,1977-07-13
3898,Arturo,Camacho Murcia,1990-02-27
3899,Alfonso,Arias López,1992-01-11
3900,Marcela Alfonso,Martínez Lozano,1970-10-14
3901,Jessica Cristina,Rivera Pérez,1961-01-01
3902,Alfonso Carlos,Guzmán Rojas,1987-04-17
3904,Adriana,Villamizar Durán,1990-05-26
3905,Eduar,Arrieta Cárdenas,1995-08-28
3908,Milena,García Torres,1974-01-24
3909,Angie,Pardo Peña,1989-08-26
3910,Miguel Ronald,Velásquez Gómez,1987-09-19
3911,Jacqueline Yulieth,Cáceres Fernández,1989-01-07
3912,Yaneth,Álvarez Arias,1953-03-15
3913,Lucy,Sarmiento Monroy,1960-07-04
3914,Alejandra,Moreno Velasco,1982-10-26
3915,Lucía,Martínez Martínez,1953-04-04
3916,Shirley Eduardo,Arenas Londoño,1979-07-24
3917,Julio María,Pabón Becerra,1994-04-20
3918,Lina Mauricio,Rodríguez Mendoza,1953-08-04
3919,Fernando Fernando,Vargas Gómez,1970-10-06
3920,Elena Luis,Mosquera Gómez,1965-08-21
3921,Gisela,Pérez Moreno,1986-11-05
3922,Jesús,Espinosa Meneses,1983-12-15
3924,Patricia John,Torres Zapata,1965-07-26
3925,Brayan,López Bravo,1978-03-17
3926,Alejandra Janeth,Delgado González,1983-04-25
3927,María,Valencia Alvarado,1971-01-28
3928,Marisol,González López,1966-05-12
3929,Tania Edinson,Torres Marín,1980-12-17
3930,Laura,Herrera Orozco,1983-11-09
3931,Andrea Jesús,Ortiz Herrera,1993-09-16
3932,Luis Martha,Ospina Rojas,1973-06-02
3934,Pilar,Carmona Calderón,1989-09-03
3936,Omar Enrique,Garcés Fernández,1973-02-15
3937,Yesenia,Hurtado Gamboa,2001-08-05
3938,Gladys Julio,Chaparro García,1960-07-29
3939,Andrea,Cruz Campo,1986-06-19
3940,José Alfredo,Rodríguez Ayala,1989-05-06
3941,Norma,Salazar Cortés,1989-04-30
3942,Alejandro Luz,Restrepo Montoya,1980-10-01
3943,León César,Solano Amaya,1991-01-30
3944,Gloria,Álvarez Ariza,1976-12-07
3945,Carmen Andrea,Medina Gallego,1959-12-24
3946,Fernando,Castro Rodríguez,1992-04-21
3947,Diego Andrés,López Méndez,1986-11-21
3948,Augusto,Pulido Soto,2001-05-12
3950,Isaías,Pérez González,1986-08-28
3951,Carlos Libardo,Jaimes Blanco,1968-04-14
3953,Alberto,Rodríguez Maldonado,1962-12-30
3954,Manuel Alonso,Pinzón Rendón,1977-05-16
3955,Daniel,Restrepo Álvarez,1978-08-02
3956,Marleny Elena,Gómez Escobar,1971-06-27
3957,Mercedes Oswaldo,Lara Pulido,1981-02-12
3958,David Ruth,Parra Beltrán,1995-01-31
3959,Ruth Mariela,Ávila Rodríguez,1964-02-17
3960,Miguel María,Rodríguez Suárez,1990-03-15
3961,Nancy,Hernández Ramírez,1958-08-17
3962,Carlos,Beltrán Ayala,1972-06-19
3963,Liliana,Vargas Suárez,1981-07-02
3964,Pedro Karen,Gutiérrez Rojas,1974-12-22
3965,José,Benavides Méndez,1997-02-09
3966,María Edna,Guerra Zambrano,1973-09-05
3967,Kelly,Vargas Fajardo,1975-07-19
3970,Óscar Andrea,Arenas Martínez,1990-06-12
3971,Adolfo,Martínez Ruiz,2000-02-07
3972,Carmen,Contreras Uribe,1990-09-09
3973,Rosa,Torres Santos,1993-01-21
3974,Socorro,Gómez García,1976-04-09
3976,Marcela Yaneth,López Arias,1956-08-25
3977,William Mayra,Pérez Hernández,1961-02-25
3978,Miguel Alix,López Erazo,1989-12-05
3979,Lucía,Bonilla López,1977-01-02
3980,Freddy,Bernal Ortiz,1946-03-05
3981,Jorge,Salcedo Yepes,1972-11-04
3982,José María,Restrepo Díaz,1991-03-28
3983,Jessica,Mendoza Rodríguez,1989-10-03
3984,Aníbal Ruth,Vergara García,1989-05-23
3986,Wilmer,Correa Díaz,1951-04-14
3987,Alberto Jair,Gutiérrez Ardila,1999-11-16
3988,Edgar,Bustamante Murcia,1967-01-30
3989,María Paola,González Pérez,1970-04-27
3990,Camilo,Bolaños Peña,1992-09-15
3991,Darwin Dary,Arango Parada,1972-08-01
3992,Stella Gerardo,Parra Contreras,1993-09-16
3994,Marlene,Zuluaga Pineda,1981-03-03
3996,Enrique,Londoño Gómez,1993-09-17
3997,Marcela María,Jaimes Ardila,1996-03-08
3998,Deiby,Palacios Melo,1953-01-23
3999,Ricardo,Díaz Gómez,1969-10-17
4000,Edwin,Sierra Valencia,1987-02-16
4001,Marisol Jaime,Gallego García,1984-06-15
4002,Camilo John,Anaya Cardona,1952-02-21
4003,Laura,González Estrada,1981-08-11
4005,Beatriz,Ramos Carrillo,1996-12-12
4006,Adrián John,Álvarez Sánchez,1996-03-02
4008,Álvaro,Cardona Gaitán,1965-02-14
4009,Patricia,Ruiz Prieto,1983-12-02
4010,Daniela,Vargas Rojas,1994-12-16
4012,Juan,Parada Ruiz,1992-06-05
4013,Luis,Rincón Martínez,1974-06-06
4014,Paola,Zuluaga Perea,1976-12-17
4015,Michel Patricia,Padilla Rojas,1992-04-17
4016,Martha María,Hernández Moreno,1962-10-02
4017,Samuel Leonel,Vargas Murillo,1976-07-07
4018,María,Pérez Montoya,1963-09-15
4019,Elías Carlos,Arteaga Moreno,1972-12-20
4020,Santiago,Camargo Díaz,1970-09-30
4021,Diana,Montoya Gómez,1966-08-27
4022,Derly,Acosta Cabrera,1960-11-09
4023,Bernardo Camilo,García Muñoz,1982-07-08
4024,Josefa Tatiana,Navarro Bonilla,1971-10-27
4025,Alejandra Jessica,Cerón Delgado,1979-03-09
4026,Estela Ángel,López Córdoba,1970-11-12
4028,Luz,Cardona Álvarez,1988-01-02
4029,Johana Carolina,Cardona Hernández,1964-11-02
4030,Andrés,Ospina Vega,1996-04-04
4031,Elizabeth,León León,1953-07-07
4032,Tatiana Patricia,Marín Martínez,1981-01-26
4033,Olga,Agudelo Flórez,1970-05-01
4034,Yaneth,Sánchez González,1978-04-07
4035,Cristian,Naranjo Muñoz,1976-03-16
4036,Ángela Wilson,Pérez Muñoz,1992-06-30
4037,Diego Ricardo,Jaramillo Escobar,1977-10-07
4038,María,Pineda Rojas,1969-06-20
4039,Patricia,Monsalve Arteaga,1996-09-13
4040,Katerine María,Aguilar Jiménez,1971-09-06
4041,José,Morales Gómez,1980-02-20
4042,Helena Diana,Mejía Pérez,1968-05-16
4043,Jhoan Estiven,López Bolívar,1988-01-06
4044,María Gloria,Camacho Rodríguez,1945-11-10
4045,Natalia Rafael,Gómez Hernández,1971-08-26
4046,Daniel,Hurtado Quiroga,1982-02-19
4047,Eliana,Cárdenas Bonilla,1964-07-08
4048,Juan Astrid,Caro Correa,1973-07-28
4049,Angie Bertha,Barrera Rodríguez,1987-11-18
4050,Teresa,Vega Ortiz,1955-12-17
4051,Nathalia,Rodríguez Serna,1989-12-02
4052,Janeth,Vergara Ríos,1953-02-16
4053,Yuliana Hugo,Vásquez López,1983-10-03
4054,Fernanda,Espitia Cortés,1993-03-21
4055,Henry José,Patiño Martínez,1975-09-27
4056,Juan Lizeth,López Arenas,1954-06-06
4057,Martha Betty,Oviedo Peña,2002-06-11
4058,Ruth,Blanco Mejía,2002-10-06
4059,César Mercedes,Mendoza Álvarez,1966-08-20
4061,Hernando,Díaz Córdoba,1949-11-18
4062,Armando Marcela,Mejía Angarita,1994-06-19
4063,Ángela Leonardo,Romero Correa,1982-12-02
4064,Camilo Víctor,García Torres,1999-02-06
4065,Jorge,Ortiz Ochoa,1969-04-26
4066,Enrique,Caicedo Vergara,1982-09-13
4067,Maritza Laura,Peña Monroy,1976-11-07
4068,Marina,Márquez Gómez,1990-07-27
4069,Manuel Alejandro,Pérez Ariza,1969-06-28
4070,Javier Alexander,Guerrero Vallejo,1986-08-10
4071,Esther,Restrepo Mora,1947-05-03
4072,José Luz,Palacios Daza,1953-08-10
4073,Luis,Chávez Martínez,1957-08-07
4074,Lucía,Ariza Ávila,1975-07-23
4075,Deicy,Jiménez Jiménez,1983-10-13
4076,Jesús Alberto,Ramírez Vargas,1952-08-21
4077,Alexandra,Castro Gómez,1983-09-17
4078,Fernando,Álvarez Aguilar,1955-08-28
4079,Fanny,Ávila Méndez,1978-10-17
4080,Yerson Jean,García Prieto,1979-10-19
4081,Emilio,Solano Gutiérrez,1990-05-04
4082,María,Agudelo Ruiz,1992-01-19
4083,Marcela,González Vargas,1989-09-18
4085,Gildardo,Rosero Rodríguez,1987-06-21
4086,Mariela,Ortiz Ceballos,1987-07-20
4087,Luis,Marín Marín,1970-07-19
4088,Enrique Derly,Castellanos Cardona,1989-11-10
4091,Andrés Karen,Pacheco Castillo,1960-10-12
4093,John,Meneses García,1985-03-07
4094,Wilmer Amparo,Palacio Mosquera,1977-02-25
4095,José Camilo,Murillo Rivera,1981-11-29
4096,Rolando Carmen,Buitrago Zapata,1992-07-14
4097,Julián Alejandro,Burbano Ramírez,1970-05-14
4098,Andrea Augusto,Martínez Jaramillo,1967-01-13
4099,Cecilia,Osorio Sánchez,1996-02-14
4100,Diana Mauricio,Ramírez Fuentes,1987-03-08
4101,Gloria Mauricio,Granados Valencia,1968-01-14
4102,Mauricio,Arias Narváez,1970-01-11
4103,Lucía Fernando,Martínez Vargas,1951-06-26
4104,María,Flórez Mantilla,1990-04-25
4105,Tania,Ospina Gómez,1963-10-31
4106,Alfredo,Gómez Manrique,1971-09-25
4107,Lina,Díaz Delgado,1968-07-11
4108,Esther Álvaro,Rueda Martínez,1947-08-21
4110,Olga,Castillo Rodríguez,1981-06-29
4111,Luis,Rodríguez Gómez,1984-01-28
4113,Nancy,Roa Morales,1993-02-27
4114,José José,Delgado García,1978-04-22
4115,Mercedes,Romero Martínez,1961-07-01
4116,Andrés Patricia,Burbano Acosta,1949-09-29
4117,Iván,Vega Jiménez,1952-10-11
4119,Alberto,Silva Carmona,1959-09-17
4120,Andrés,Ramírez Ramírez,1983-12-19
4121,Fabiola,Benavides Ortega,1962-09-26
4122,Juan Diana,Romero Sánchez,1978-09-20
4123,Alfonso Sebastián,Mora Rengifo,1983-08-02
4124,María Daniel,García Figueroa,1987-11-20
4126,Manuel,Durán Ríos,1974-02-04
4127,Martha,Mosquera Martínez,1971-11-27
4128,Juan,Parra Mosquera,1964-12-10
4129,Viviana Elena,Sarmiento Vargas,1984-11-19
4130,Luis Danna,Duarte Melo,1987-04-22
4131,David,López Ortiz,1982-06-08
4132,Enrique,Álvarez Mantilla,1968-09-09
4133,Helena,Gómez Ortiz,1992-02-12
4134,Esmeralda Olga,Acosta Sierra,1974-03-05
4135,Nelly,Trujillo Giraldo,1994-07-26
4136,María Orlando,Jiménez Zapata,1958-10-24
4137,Wendy,Prieto González,1977-12-11
4138,Myriam Santiago,Trujillo Camacho,1966-06-08
4139,Luz Albert,Giraldo Duque,1970-02-27
4141,Miguel,Forero Bravo,1977-05-23
4142,José Diego,Meneses Velásquez,1995-04-23
4143,Erika Danna,León Cardona,1981-02-11
4144,Ana,Ospino Roa,1956-04-13
4145,Marina Nancy,Vanegas Cano,1984-03-22
4147,María,Pérez Bravo,1980-11-12
4150,Michael,Valencia Arroyo,1990-05-14
4151,Luisa,Ospina Luna,1971-05-21
4152,María,Salas Flórez,1974-03-10
4153,Tatiana,Barrios González,1950-01-25
4154,Piedad,Rodríguez Fuentes,1975-07-09
4155,Eduardo Yohana,Vallejo Cárdenas,1999-11-18
4156,Rosalba,Ramírez Rubio,1959-02-21
4157,James,Rojas Cantillo,1970-07-19
4158,Alexis,Cárdenas Chávez,1995-11-03
4159,Julián,Fuentes González,1991-03-24
4162,Sonia María,Díaz Vargas,1964-08-31
4163,Alberto,Rojas López,1990-03-30
4164,José Liseth,Díaz López,1968-07-29
4165,Antonio,Franco Olaya,1962-02-09
4166,Cristian,Gómez Rubio,1974-11-19
4167,Leonardo Antonio,Polo Rodríguez,1981-11-14
4168,Rosa,Burbano Mantilla,1992-01-11
4169,Alexander Rolando,Sánchez Mejía,1989-05-13
4170,Norma Alonso,Contreras Castro,1985-08-18
4171,Patricia Stiven,Villegas Martínez,1978-04-24
4172,Álvaro,González Cardona,2000-08-21
4173,Rafael,Jiménez Arenas,1974-09-10
4174,José,García Medina,1971-10-18
4175,Ruth Alonso,Barreto González,1963-07-27
4176,William,Vargas Tovar,1968-02-03
4177,Andrés,Romero León,1965-03-07
4178,Luz Elizabeth,Palacio Ramírez,1966-06-03
4179,Beatriz,Giraldo Bustamante,1992-05-22
4180,David Arturo,Ochoa Valencia,1969-12-10
4181,Luz,López Vásquez,1996-12-29
4182,Patricia,Ruiz Benítez,1961-09-20
4183,Wilson Anderson,Monroy Torres,1980-12-31
4184,Jhon,Caicedo Chávez,1993-03-23
4185,Fernando,Niño Jaramillo,1991-01-17
4186,Juan Alexander,González Peña,1975-11-01
4187,Mary,Mejía Parra,1979-09-16
4188,Paola Luis,Cantillo Castillo,1977-01-08
4189,Paula,Murillo Jiménez,1996-11-09
4190,Johanna Cristina,Sánchez Cuéllar,1973-11-19
4191,Humberto Fabio,Rincón Trujillo,1984-03-01
4192,Aura,García Herrera,1984-10-17
4193,Carlos,Suárez Villamizar,1991-06-08
4196,Armando César,Martínez Orozco,1987-10-17
4197,Orlando,Escobar Salazar,1980-08-26
4198,Patricia Jorge,Fernández Ortega,1987-09-09
4199,Mauricio Albeiro,Padilla Cortés,1996-11-01
4200,Doris,González Serrano,1986-01-05
4201,Victoria Doris,Loaiza Cardona,1987-02-13
4202,Karina Fabián,Acevedo Rojas,1980-08-20
4203,Lucía Emerson,Fonseca Osorio,1956-06-04
4204,Germán Luis,Bedoya Mendoza,1974-04-12
4205,Esther Elsa,Ordóñez Méndez,1949-07-05
4208,José José,Naranjo Agudelo,1987-08-12
4209,Lilia,Salazar Hernández,2001-09-27
4212,Saúl,Díaz Durán,1982-09-05
4214,Laura,García Reyes,1964-01-15
4215,Carlos Ana,Ramos Calderón,1985-05-04
4216,Ariel,Ramírez Rojas,1998-02-21
4217,Mónica Andrés,Orozco Rincón,1976-11-30
4218,Fernando,Miranda Acevedo,1984-01-28
4219,Juan,Angulo Vergara,1972-03-05
4220,María,Nieto Vanegas,1966-02-28
4221,Edwin,Osorio Rosero,1985-02-13
4222,Marcela,Patiño Zapata,1962-10-29
4223,Octavio,Rivas Suárez,1996-03-10
4224,Alfonso,Sánchez Arévalo,1969-10-25
4226,Vicente,Ortega Meza,1963-08-12
4227,Kelly,Martínez Gonzáles,1978-07-29
4229,Óscar,Estrada Acosta,1962-07-01
4230,Alicia,Calderón Cortés,1987-03-02
4231,Ignacio,Camargo López,1990-10-12
4232,Alberto,Martínez Cortés,1985-09-15
4233,Eva Elsa,Meza Restrepo,1997-09-11
4234,Fernanda Antonio,Jaramillo Mesa,1983-08-23
4235,Jhonny Elena,Ibarra Gómez,1960-05-19
4237,Ana,Hernández Buitrago,1994-11-28
4238,Carlos Fernando,Ruiz López,1964-06-14
4239,Enrique Luis,Valderrama Hernández,1965-11-03
4240,Amanda Cecilia,Miranda Gil,1973-04-08
4242,Sofía,Arango Márquez,1978-12-04
4243,Arturo,Becerra Silva,1959-10-04
4245,César,Vargas Castillo,1965-06-20
4246,Claudia Nelson,Cortés Soto,2001-11-25
4247,Olga,López Henao,1995-10-27
4248,Andrés Sandra,Vargas Fernández,1954-06-22
4249,Ángela,Ramírez Rincón,1963-03-23
4250,Lucía María,Gamboa López,1970-02-24
4251,Victoria Lorenzo,Carmona Alarcón,1947-06-11
4253,Diana,Ávila Jiménez,1989-05-20
4254,Elizabeth Sandra,Zambrano Martínez,1994-01-16
4255,María,Mendoza Rojas,1953-05-27
4256,Héctor,Valencia Pinzón,1968-06-28
4258,Brayan Lizeth,Martínez Caicedo,1983-03-03
4259,Bibiana,Álvarez Franco,1975-01-14
4260,Manuel,Arango Ibarra,1989-07-18
4263,Carlos Patricia,Cuesta García,1986-08-29
4264,Francisco Mario,Vargas Barragán,1953-03-31
4265,Juan Fabián,Escobar Cardona,1972-11-01
4266,Sebastián Martha,Posada Rojas,1992-10-22
4267,José,Bautista Ballesteros,1985-10-25
4268,Patricia,Bravo Mena,1998-10-27
4269,Jhonatan,Quintero Serna,1986-08-28
4271,Lucía Alejandro,Olaya Flórez,1964-07-07
4274,Daniel Stella,Salazar Muñoz,1964-01-30
4275,Isaac,Marín Blanco,1983-12-22
4276,Patricia,Salcedo Padilla,1976-07-19
4277,Hernán,Orozco Rodríguez,1959-12-15
4278,Francisco Ricardo,Muñoz Correa,1973-11-12
4279,María Cecilia,Ortiz López,1983-05-07
4280,Diana,Gutiérrez Núñez,1979-02-04
4281,Diego Álvaro,Valencia Ospina,1993-02-26
4282,Erika,Mendoza Carrillo,1994-03-13
4283,Damaris,Sánchez Gonzáles,2001-05-26
4284,Omar,Cuesta Jaimes,1996-08-12
4285,Diana,Ortega Ramos,1975-04-21
4288,Camilo,Duque Ortiz,1990-04-05
4289,José,Díaz Beltrán,1986-08-02
4290,Fernando Dario,Vega Sandoval,1963-11-15
4291,Andrés,Álvarez Osorio,1982-07-14
4292,José César,Jiménez Jiménez,1978-12-05
4293,Valentina Julián,Rodríguez Gutiérrez,1988-10-07
4294,Marina,Herrera Córdoba,1969-09-16
4297,José Danilo,Rincón Cabrera,1994-10-14
4300,Óscar,Mora Osorio,1971-11-30
4301,Sofía Ronald,García Gutiérrez,1971-10-06
4302,Alexandra Amparo,Ruiz Bermúdez,1989-01-12
4303,Camilo,Gómez Rojas,1974-02-20
4304,Juan Luz,Ceballos Benítez,1966-04-14
4306,Carlos,Suárez León,1995-12-26
4307,Fernando Gustavo,Castro Pacheco,1985-09-08
4308,Jeison,Gutiérrez Bastidas,1982-06-17
4309,Karen Martín,Restrepo Mosquera,1993-08-18
4310,Beatriz,Ramírez Vega,1972-04-07
4311,Jesús Alfonso,Salamanca Vergara,1993-09-06
4312,Andrés Elena,Guerrero Romero,1969-10-11
4313,Johana Jaime,González Cárdenas,1976-10-28
4315,Emerson,Arévalo Díaz,1974-08-04
4317,Paola,Ríos Mosquera,1990-11-10
4318,Cristhian Luz,Díaz Mosquera,1981-08-15
4319,José,Osorio Silva,1957-08-08
4320,Luis,Ríos Arrieta,1990-03-23
4322,Anderson,Salazar Torres,1978-02-06
4323,Luisa,Gaviria Zuluaga,1967-02-26
4324,Daniela María,González Molina,2003-09-15
4326,Pedro,Flórez Marín,1954-03-02
4327,Javier Mario,Flórez Villamizar,1965-11-20
4328,Luz,Sánchez Arroyo,1972-05-22
4329,Ángel Isabel,Bonilla Chávez,1991-05-08
4330,Eugenia,Delgado López,1958-08-14
4332,Laura Amelia,Ramírez Valencia,1978-03-15
4333,Wilson Mariana,Benavides Acevedo,1984-05-30
4334,Claudia Yéssica,Vargas Sánchez,1969-05-23
4335,Doris Alejandra,Cantillo Garzón,1985-04-13
4336,Nelly Angélica,Barrera Cardozo,1983-02-04
4337,Dora,Monsalve Sánchez,1983-09-06
4339,Graciela María,Arango Castro,1980-06-13
4340,Marleny,Flórez Quintero,1987-08-05
4341,Liceth,Martínez Guzmán,1999-10-06
4342,Luis Hernán,Restrepo Rubio,1969-12-11
4343,Teresa,Andrade Torres,1973-06-23
4344,Leidy,Perea Vargas,1990-08-11
4345,Elkin,Mendoza Mosquera,1980-11-10
4346,Ángel Milena,Ardila Valderrama,1987-04-13
4347,Raúl Hernando,Reyes Ortiz,1978-06-11
4348,Lucila,López Pedraza,1999-12-27
4349,Jairo,Moreno Chávez,1981-12-31
4350,Cecilia,Reyes Díaz,1955-06-28
4352,José,Guerrero Gutiérrez,1960-07-01
4354,Marina,López García,1962-04-26
4356,Adriana,Patiño Rivera,1972-10-24
4357,Estella Jairo,Flórez Salgado,1985-07-28
4358,Luz,Ortega Núñez,1957-07-11
4359,Carlos,Reyes Cortés,1946-06-17
4360,Carlos,Rincón Hernández,1970-01-30
4361,Roger,Cáceres Cruz,1977-01-04
4362,Deisy,Castañeda Prieto,1954-02-01
4363,William Luis,Amaya Zapata,1957-03-06
4364,María,Contreras Salas,1987-06-26
4366,Álvaro,Fernández Ayala,1956-03-16
4368,Adriana,Martínez Toro,1989-08-31
4369,Óscar Nora,Sánchez Agudelo,1986-10-31
4370,Yadira,Estrada Orozco,1965-10-04
4371,Dolly,Rodríguez García,1997-01-19
4372,María,Guzmán Álvarez,1961-03-25
4373,Patricia,Salamanca Vargas,1987-05-31
4374,Yohana,Trujillo Patiño,1980-07-23
4375,Cristina Erick,Delgado Aguirre,1974-03-09
4376,Eliana Yazmín,Castrillón Vélez,1987-12-13
4377,Jairo Katherine,Contreras Bedoya,1990-10-04
4378,Libardo,Guerra Ávila,1985-06-07
4379,José,Rojas Ramírez,1991-04-08
4380,Richard,Carmona Arias,1981-11-14
4381,Yesid,Correa Angulo,1965-12-13
4382,Óscar,Cuesta Pardo,1988-07-24
4383,Germán,Domínguez García,1985-12-12
4384,John,Fajardo Bolaños,1960-04-07
4385,Elizabeth Luz,Rodríguez Guerrero,1990-10-16
4386,Andrés Ricardo,Murcia Jiménez,1990-12-20
4387,Felipe Edwin,Quintero Arias,1978-06-24
4388,José,Ramírez Muñoz,1987-06-29
4389,Mery Cindy,Pulido Castañeda,1975-06-28
4390,Luis,Prieto Pérez,1994-01-30
4391,Beatriz Denis,Pérez Guevara,1990-06-10
4393,Smith Leonardo,Rincón González,2002-01-24
4394,María Eduardo,Ríos García,1991-12-06
4396,Ana Betty,Arenas Herrera,1976-04-13
4397,Paola,Ríos Martínez,1946-07-05
4398,Luz,Bautista Pérez,1996-10-03
4400,Carlos,Rosero Castellanos,1993-02-24
4401,Claudia,Cifuentes Rojas,1989-01-25
4402,Sonia Felipe,Delgado Gómez,1982-10-22
4403,Wilmer Ruth,Gutiérrez Leal,1967-11-25
4404,Diana,Díaz López,1967-04-30
4405,Juan,Perea Mosquera,1972-10-07
4406,Javier,Barragán Mejía,1972-02-18
4407,Pedro,Henao García,1990-04-06
4408,Eliana,Morales Ruiz,1992-10-29
4409,Viviana Brandon,Rosero Martínez,1981-03-14
4410,Alicia Nubia,Narváez Córdoba,1961-11-27
4411,Nelson,Calderón Quintero,1992-11-26
4412,Nelly,González Calderón,1998-01-08
4413,Marco,Velandia Rodríguez,1963-10-27
4415,Emiro Ana,Escobar Osorio,1989-06-18
4416,Edilson,Torres Guzmán,1957-07-27
4417,Paula,Torres Camargo,1983-03-31
4418,Camilo,Ruiz Morales,1962-03-10
4419,Julieth Brayan,Parra Gutiérrez,1969-01-01
4420,Humberto Flor,Mejía Rubio,1981-02-21
4421,Edilma Ángel,Jaimes Sánchez,1996-12-29
4422,Francisco,Villegas Parada,1958-09-30
4424,Mariela Carlos,Navarro Miranda,1989-11-17
4426,Angélica Carlos,Torres Rojas,1994-10-26
4427,Alejandra Ximena,Ortega Carvajal,1977-10-14
4428,Ana Marlén,Torres Ramos,1972-02-08
4430,Ronald Cecilia,Pérez Vásquez,1990-02-23
4431,Gerardo,Sierra Bernal,1977-09-25
4432,Angie Hugo,Fonseca Alzate,1960-12-05
4433,Cecilia,Cardona Cerón,1970-07-02
4434,Elkin,Moreno Rojas,1952-02-07
4435,Esmeralda Carmen,Zambrano Vásquez,1963-12-19
4436,Jairo,Pacheco Ríos,1987-09-08
4437,Daniel,Sandoval Navarro,1967-11-02
4438,Fernando Elena,Amaya Peña,1951-04-21
4439,Didier,Salcedo Martínez,1977-02-06
4440,Mauricio Jairo,Valencia Moreno,1977-03-24
4441,Luis Paola,Puentes Figueroa,1984-04-24
4442,Juan Edilberto,Díaz Castaño,1956-07-05
4443,Mauricio Bernardo,Garzón Rodríguez,1996-05-08
4444,Óscar Laura,Salazar Villamizar,1954-11-26
4445,Marta Patricia,Quiroga Flórez,1965-05-14
4446,Luis,Jiménez Mendoza,1990-03-14
4447,Luis Ángel,Giraldo Vásquez,1974-11-07
4451,Margarita,Zuluaga Vega,1990-01-18
4452,Hernán Álvaro,Suárez Benítez,1995-03-07
4453,Mary Patricia,Franco Torres,1959-04-13
4454,Santiago,Salazar Chávez,1979-12-15
4455,Esteban,García Hernández,1965-03-02
4456,Diego,Castro Moreno,1992-12-12
4457,Alfonso,Cano Vargas,1974-09-12
4459,Ana,Restrepo Álvarez,1986-11-28
4461,Ricardo,Cárdenas Álvarez,1971-08-18
4463,Esther,Navarro Rojas,1977-07-10
4464,Fernanda,Rodríguez Hernández,1967-02-20
4466,Olga José,Mendoza Bustos,1993-02-04
4469,Rafael,Gutiérrez Peña,1970-01-03
4471,Dina Angie,López González,1988-03-26
4472,Patricia Valentina,Hernández Salcedo,2003-03-25
4473,Luz Alberto,Moreno Villamizar,1994-11-22
4474,Wilder,Meneses Forero,1959-09-18
4476,Tatiana,Obando García,1966-01-16
4477,Sebastián Jhon,Mesa Ibarra,1987-02-17
4478,Laura,González Palacio,1993-03-02
4479,María,Niño Correa,1982-08-20
4480,Hernán Mayerly,Pulido Jiménez,1981-10-14
4482,Segundo,Martínez Ibarra,1972-09-29
4483,Olga José,Moreno Agudelo,1957-02-01
4485,Andrés Zoraida,Arango Gómez,1949-11-25
4486,Rafael María,Ortiz Perea,1979-10-27
4487,Milena,Reyes Tamayo,1974-01-28
4488,Humberto Andrés,Lara Benavides,1969-06-02
4489,Stella Carlos,Castillo Fajardo,1992-11-16
4490,Luz María,Perea Cardozo,1990-07-06
4491,Andrés,Murillo Lara,1983-05-17
4492,Enrique Luisa,Melo Fajardo,1990-03-20
4493,Inés,García Rincón,1990-09-20
4494,Carlos,Prada Villa,1956-02-20
4495,José,Rivera Martínez,1987-03-24
4496,María,Pérez Torres,1972-10-25
4497,Kevin,Toro Caballero,1980-09-28
4498,Manuel,Carvajal Duque,1958-07-08
4499,María,Pérez Pérez,1977-05-14
4500,Paola,Páez Salcedo,1976-11-09
4502,Alexander,Maldonado Olaya,1988-01-19
4504,Rosario,Castañeda Córdoba,1984-02-08
4506,Alfonso Adriana,Rodríguez Estrada,1991-04-07
4507,Juan,Guerra López,1985-07-09
4509,José,Castillo Arenas,1993-07-20
4510,Luz Carlos,Montoya Osorio,1970-02-01
4511,Carlos Katherine,Carrillo Rojas,1959-06-23
4512,Nancy Rafael,Gómez Arévalo,1963-11-04
4513,Constanza,Rivas Rodríguez,1967-02-14
4514,Isabel,Flórez Mejía,1977-09-24
4515,Andrea Manuel,López Garzón,1982-04-11
4518,Diana Doris,Melo Marín,1966-05-22
4520,Julia,Trujillo González,1996-02-15
4521,Viviana Bernardo,Ortiz Muñoz,1966-11-08
4522,Alirio Felix,Palacio Torres,1948-06-19
4523,Edwin Josefina,Ortiz González,1964-09-13
4524,Adriana,Franco Marín,1972-02-23
4525,Luis,Ramírez Ariza,1986-04-20
4526,Claudia,Rivas Hernández,1962-11-18
4527,María,López Benítez,1980-05-25
4528,Jorge,Castillo Acosta,1975-10-10
4529,Juan,Prada Torres,1991-12-27
4530,Ángela,Mejía González,1953-11-14
4531,Lina Elvira,Gómez Jaramillo,1990-01-01
4532,Amparo,Álvarez Medina,1961-11-09
4533,Alberto Flor,Polo Mejía,1960-11-14
4534,Sofía Javier,Herrera Martínez,1994-07-15
4535,Nelcy,Gómez Ramírez,1978-04-23
4536,Ricardo,Cortés Medina,2002-05-02
4537,José Mauricio,Pérez Gómez,1983-09-25
4538,Patricia,Castillo Martínez,1990-09-17
4539,Margarita Mary,Vargas Calderón,1961-01-26
4540,Armando Kelly,Herrera Jaramillo,1953-02-15
4543,José Arbey,Osorio Ruiz,1984-09-08
4544,Manuel Eliana,Cárdenas Díaz,1978-03-16
4545,David Lucía,Acevedo Cruz,1969-07-24
4546,Jesús Jhonatan,Álvarez Acosta,1994-04-07
4547,María Wilson,Ruiz Quintero,1986-01-11
4548,Edison,Vargas Castro,1958-08-05
4549,Flor Antonio,Rojas Hernández,1962-12-13
4550,Lady,Castellanos Beltrán,1971-11-24
4552,Hernando,Ruiz Sánchez,1956-04-17
4553,Edison Andrea,Salazar Hernández,1988-03-04
4554,Luis Josefina,Serna Rodríguez,1979-09-27
4555,Blanca Fabián,Quintero Romero,1992-11-14
4556,Edison Rubiela,Velasco Pérez,1981-11-05
4557,Elena,Hernández Marín,1990-08-18
4558,Alexander,Vásquez Ramos,1967-09-30
4559,Wilfrido Ana,Garcés García,1991-01-19
4560,María,Cardona González,1969-12-23
4561,Jairo Consuelo,Rodríguez Vallejo,1983-12-06
4562,Jesús María,González Arias,1987-04-05
4563,Héctor Myriam,Zapata López,2000-12-20
4564,Johana,Sierra Cruz,1988-03-19
4565,Edwin Alberto,Rojas Perea,1976-07-03
4567,Alejandro Paola,Carrillo Rodríguez,1975-07-09
4568,Inés Mireya,García Valencia,1986-07-29
4569,Andrés,Rodríguez Rojas,1992-09-24
4570,María Guillermo,Alvarado Rodríguez,1988-04-28
4571,Flor,Henao González,1999-10-15
4573,Margarita,Palacios Vera,1986-09-11
4575,Amalia Luis,Ruiz Díaz,1984-04-14
4576,Luis,Ávila Meneses,1948-11-19
4577,César,Pérez Cano,1973-08-11
4578,Jairo Manuel,González Ospino,1983-04-20
4579,Andrea Carmen,Rojas Mora,1982-05-07
4580,Andrea,Ballesteros Romero,1984-06-27
4582,Leider Adriana,Garzón Morales,1977-05-07
4584,Juan María,López Navarro,1968-08-26
4585,Esteban,Cardona Caicedo,1992-08-23
4586,María,López Ocampo,1993-01-03
4587,Luz,Lozano Ortiz,1969-08-18
4588,Alicia,Caro Franco,1971-11-26
4589,Juliana,Garzón Méndez,1988-07-24
4590,Ignacio,Bernal Navarro,1990-10-06
4591,Andrea,Ramírez Escobar,1975-10-09
4592,Jhon,Ortiz Sánchez,1985-04-08
4594,Andrés,Muñoz Hernández,1985-01-31
4595,Eder,Rivas Pinto,1985-05-28
4596,Jhon Karina,Giraldo Ariza,1973-08-09
4597,Carlos Antonio,Rodríguez Díaz,1986-08-26
4598,Martha,Arboleda Ortiz,1964-08-10
4601,León Juan,Pérez Bedoya,1985-01-04
4602,Esteban,Zapata González,1951-07-07
4603,Víctor Mónica,García Meza,1986-08-24
4604,Camila,Buitrago González,1955-07-18
4605,Álvaro Augusto,Hoyos Forero,1999-01-09
4606,Mireya Eugenia,Cuesta Medina,1983-03-23
4607,Adriana,Sandoval Meneses,1981-02-21
4609,Luis,Romero Rodríguez,1956-08-23
4610,Oswaldo Nancy,Peña Buitrago,1958-04-02
4611,María Erika,Arango Duque,1989-09-19
4612,Luis Patricia,Peña Padilla,2000-01-23
4613,María,Blanco Hernández,1992-01-22
4614,Andrés Olga,Ortega Castrillón,1984-10-31
4615,Alexander Francia,Ardila Muñoz,1990-03-17
4617,Luz Carolina,Pedraza Polo,1988-05-17
4618,María,Muñoz Moreno,1991-04-22
4619,Eduardo Andrés,Orozco González,1988-07-14
4620,Manuel,Orozco Sierra,2002-01-21
4623,Marcela Lidia,Valencia Bonilla,1989-08-24
4624,Adriana Patricia,García Muñoz,1985-08-01
4626,Antonio,Gil Mosquera,1990-07-01
4627,Damaris,Ortega Muñoz,1985-08-10
4628,Sofía,Montoya Vega,1992-12-27
4629,Elsy,León Gutiérrez,1978-05-27
4630,Francy Ofelia,Sierra Molina,1981-10-30
4631,María,Naranjo Beltrán,1967-05-26
4633,Marisol,Londoño Molina,1993-04-04
4634,Sonia Luis,Márquez Mora,1990-10-15
4637,José,Ospina Leal,1997-01-18
4638,Gerardo Miguel,Fernández Durán,1983-12-07
4639,Andrés Orlando,Ortega Martínez,1985-08-12
4640,Yeferson Camila,Fonseca Ortiz,1964-09-04
4641,Flor Luis,Acevedo Jiménez,1971-11-19
4642,Julio,Bermúdez Cruz,1988-03-20
4643,Carlos,Vergara Meza,1954-09-03
4644,Rodolfo Christian,Muñoz Martínez,1993-10-06
4645,Sandra Fanny,Guerrero Moreno,1980-03-19
4646,Lorena,Monsalve Suárez,1960-03-27
4647,Socorro,Gómez Díaz,1993-12-31
4648,Diana,López Romero,1995-12-08
4649,Jorge Esperanza,Mejía Niño,1984-06-27
4650,Dora,Orozco Suárez,1971-05-11
4651,Hugo,Valencia Romero,1946-01-03
4652,Ciro,Reyes Rojas,1977-05-13
4653,Julio,Castellanos Vásquez,1969-11-28
4654,Freddy,Mosquera Velásquez,1980-05-08
4655,Claudia,Cardona Parra,1990-11-24
4656,María Jaime,Díaz Rojas,1966-07-27
4657,Valentina,Trujillo Vargas,1987-08-05
4658,Nancy,Mejía García,1995-09-12
4660,Angélica,Rodríguez Delgado,1999-10-19
4661,César Andrea,Escobar Bonilla,1994-12-12
4662,Damaris Sofía,Ramírez Martínez,1987-05-29
4663,Luis,Rodríguez Chaparro,1964-06-06
4664,Luz,Barreto Vásquez,1981-02-03
4666,Paola,Contreras López,1983-01-11
4667,Katherine Luz,Quintero Cardona,1980-12-30
4668,Luz,Herrera Gómez,1977-12-25
4669,Hermes,Guzmán Vargas,1979-01-16
4670,Gerardo Fanny,Medina Salgado,1977-01-04
4671,José,Sánchez Torres,1957-02-19
4673,Amparo Nancy,Sierra Espitia,1969-03-02
4674,Luz María,Suárez Galindo,1981-09-11
4675,Leidy,Gutiérrez Valderrama,1984-01-28
4676,Felix,Sánchez Pacheco,1978-02-21
4677,Carlos,Sánchez Cardona,1995-10-24
4678,Jesús,Camacho Ospina,1989-06-21
4679,Paola,Cabrera Orozco,1987-10-11
4680,José,Beltrán Pinzón,1989-10-29
4681,Dolly,Barbosa Parra,1958-08-09
4682,Lucero,Guevara Villegas,1951-04-14
4683,Gabriel,Rincón Parra,1992-02-02
4684,Milena,Serrano Naranjo,1978-11-27
4685,Fredy,Ortiz Giraldo,1955-10-10
4686,Carlos Sandra,Gómez Jaimes,1967-04-29
4687,María,López Herrera,1972-04-26
4688,José Elsa,Silva Castañeda,1960-08-29
4689,Doris Jairo,Álvarez García,1968-09-12
4690,Stiven,Ospina Salazar,1976-07-05
4691,Norma,Maldonado Cruz,1987-12-26
4692,Rosa Pilar,Salazar García,1972-05-30
4693,Cecilia Liliana,Luna Correa,1970-04-08
4694,Emiro,Rangel Córdoba,1984-07-02
4695,Alonso,Martínez Gómez,1968-01-10
4697,Walter,Rodríguez Díaz,1990-10-11
4698,Augusto,Rodríguez Sánchez,1982-11-02
4699,Jimena,Beltrán Ramírez,1989-12-01
4701,Dario,Pardo González,2001-12-27
4702,Bernardo,Pineda Arias,1973-02-13
4703,Isabel Carolina,Suárez Solano,1961-05-27
4704,Alexander,Giraldo Franco,1973-07-27
4705,Mercedes,Calderón Escobar,1972-01-12
4706,Vicente Valentina,Reyes Mosquera,1955-12-19
4708,Alfonso,Pulido Becerra,1957-07-17
4709,Wilson Leonardo,Correa Perea,1980-07-23
4710,Inés,Rodríguez Villamizar,1975-07-12
4711,Diana Cristina,Osorio Pineda,1983-11-12
4712,Patricia,Benavides Bautista,1995-09-10
4713,Lucía Daniel,González Quiroga,1963-03-28
4714,Enrique Francisco,Cano Lozano,1974-10-07
4716,Diana,Amaya Gómez,1972-12-05
4717,Francisco,Ballesteros Ruiz,1975-10-26
4718,Mario,Moreno Ruiz,1984-01-13
4719,Lidia,Silva Murillo,1996-12-05
4720,José,Sánchez Pinto,1978-02-09
4721,Luis Marina,Guzmán Pérez,1977-01-13
4722,Luz,Perea Torres,1987-09-27
4723,Luis,Cuesta Vargas,1993-05-03
4724,Samuel Edgar,Pérez Rojas,1961-05-02
4726,Jorge Fredy,López Ocampo,1995-04-15
4727,Nelson Andrés,Martínez Polo,1977-05-21
4728,Danny,Cabrera Ruiz,1973-07-25
4729,Jairo Isabel,Martínez Rincón,1985-03-13
4731,José Yeny,Acosta Ramos,1967-05-18
4733,Antonio,Mercado Arteaga,1974-10-16
4734,Roberto Felipe,Villamizar Pinto,1995-01-26
4735,Jesús,Ordóñez Hernández,1958-01-22
4736,Mauricio,Cantillo Bravo,1975-09-07
4737,Humberto,Pinzón Henao,1980-01-15
4738,Rosa Rocío,Restrepo Ramírez,1955-03-26
4739,Camilo,Palacios Buitrago,1992-07-15
4740,Edith Joel,Vargas Gómez,1975-07-07
4741,Rosa,Sánchez Sarmiento,1966-10-07
4742,Vanesa,González Amaya,1994-08-07
4743,Flor,Mendoza Vélez,1979-02-01
4745,Tania Anyi,Álvarez Flórez,1969-10-12
4746,Iván Paula,Orozco Marín,1987-10-02
4748,Adolfo Fernando,Navarro Cáceres,1997-02-05
4749,Jairo,Parra Hernández,1962-11-26
4750,Patricia,López Ramos,1986-10-14
4753,Amparo Gloria,Gutiérrez Ardila,1999-06-14
4754,Giovanny Cielo,Hoyos Álvarez,1957-04-08
4755,Yaneth Rodrigo,Guzmán Castillo,1966-07-03
4756,Elena Ana,Espinosa Rivera,1974-04-27
4758,Edgar Jorge,López Mercado,1961-03-30
4759,Javier,Andrade Mendoza,1990-11-10
4760,Camilo,Acosta Molano,1962-09-08
4761,William,Ardila Reyes,1976-08-04
4762,Franklin Marcela,Córdoba Moreno,1992-09-18
4763,Luz Claudia,Castro Muñoz,1991-08-30
4764,Álvaro Liliana,Arrieta Bedoya,1986-07-27
4765,James,Giraldo Gómez,1967-10-04
4767,Enrique,Martínez Palacios,1985-07-01
4768,Carlos,Montoya González,1963-07-25
4769,Yolanda,Orozco Quintero,1962-01-19
4770,Leonor,Rodríguez Figueroa,1974-04-20
4771,Gloria María,Hurtado Navarro,1980-06-15
4772,Nelcy,Medina Escobar,1998-12-31
4773,Rafael José,Flórez Cárdenas,1996-06-16
4774,Eliecer,Muñoz Sánchez,1974-09-24
4776,Juan,Bonilla Valencia,1982-03-12
4777,Jennifer Juan,Pérez Torres,1988-12-23
4779,Nancy,Gómez Díaz,1985-09-16
4780,Amelia Camilo,Ávila Fernández,1978-10-23
4781,David,Restrepo Jaramillo,2000-03-17
4782,María Isabel,Rodríguez Gallego,1989-01-04
4783,Yaneth Edward,Montoya González,1994-12-09
4784,Claudia,Morales Rodríguez,1974-10-21
4785,Andrea,Lozano Morales,1987-09-10
4786,Luisa,Silva Buitrago,1995-07-21
4787,Arturo,Gaviria Díaz,1985-05-26
4788,Lina,Medina López,1968-11-30
4789,Andrés,Herrera Jaramillo,1951-03-03
4790,Mireya,Sánchez Vargas,1991-05-22
4791,Janeth,Cuéllar Aguirre,2002-12-13
4793,Leonor,Bejarano Rodríguez,1974-06-03
4794,Laura Nohora,Rendón González,1949-06-27
4795,Mario,Ortiz García,1981-01-17
4797,Clara,Díaz Hurtado,1996-04-16
4799,Pilar,Pinto Díaz,1997-10-17
4800,Eduardo,Muñoz Silva,1994-01-18
4801,Judith,Bravo Cuesta,1990-02-19
4802,Diego,Toro Vallejo,1978-05-20
4803,Tatiana Dora,Ortega López,1972-11-11
4805,Juan,Salas Velasco,1989-11-06
4806,Alberto Andrés,Alvarado Díaz,1957-07-14
4807,Juan,Gómez Montoya,1980-09-22
4808,Graciela,Rodríguez Muñoz,1961-07-10
4809,Diana,Garcés Martínez,1986-03-30
4810,Rafael Eduard,Murillo Rodríguez,1997-07-17
4811,Patricia,Correa Acosta,1983-10-24
4812,Rosa,Caro Portilla,1972-02-12
4813,Julián,Sánchez Caballero,1994-12-21
4814,Nubia,Castañeda Martínez,1991-02-17
4815,Lucía,Mora Ramírez,1968-12-29
4816,Ricardo,Duarte Orozco,1983-05-27
4817,Eva,Rentería Díaz,1983-10-08
4819,Dayana,Quiroz Londoño,1953-08-21
4820,Gloria,Mena Pérez,1952-02-21
4821,Yurany,Ortega Arteaga,1993-01-20
4822,Luis,Giraldo Flórez,1972-02-18
4823,Víctor Mirian,Ortega Reyes,1983-06-19
4824,Norbey,Torres Ríos,1960-09-26
4826,William,Ospino Bedoya,1992-05-11
4828,Hugo,Castellanos Castro,1966-03-15
4829,Jesús,Valencia Durán,1974-11-15
4830,Carlos,Calderón Córdoba,1989-12-26
4832,Alexander,Ramírez Jaramillo,1963-05-21
4833,Fanny David,Castrillón Morales,1984-07-24
4834,Kelly Cristina,Hernández Quintero,1991-02-05
4835,Bernardo,Romero Gómez,1995-08-05
4837,Ricardo,Guzmán Hernández,1992-07-16
4838,Daniela Maritza,Guerrero Montes,1992-01-18
4839,Alejandro,Rojas Cruz,1987-11-10
4840,María Yudy,Galeano Castro,1975-06-03
4842,Enrique Johanna,Díaz Montes,1961-04-03
4843,Marcela,Díaz Perea,1967-05-10
4844,Andrés,González González,1987-09-14
4845,Gabriela,Camacho Villegas,1994-01-04
4846,Mariana Javier,Ochoa Valencia,1972-05-10
4847,Yeison Ramón,Martínez Bravo,1979-08-01
4848,Manuel,Ramos González,1977-08-05
4849,Patricia,Velásquez Bonilla,1986-12-12
4850,Milena,Ortiz Figueroa,1988-07-09
4851,Nelly,Lara Sandoval,1984-02-27
4852,Eduardo Alexander,Patiño Torres,1990-12-25
4853,María,Hernández Angulo,1992-03-15
4854,Román María,Muñoz Peña,1977-12-13
4855,Gilberto Hernando,Estrada López,1991-03-27
4856,Dary Kevin,Palacios García,1989-07-07
4858,Óscar,Giraldo Jiménez,1977-12-14
4859,Ana Ricardo,Ruiz Guerrero,1992-09-25
4861,César,Silva Benavides,1988-01-07
4862,Manuel Alberto,Zapata Hernández,1982-11-16
4863,Juliana,Daza Torres,1976-09-22
4864,Francisco,Pacheco Bedoya,1982-07-04
4865,Nathalia,Castro Leal,1967-03-10
4867,Alberto,Reyes Pacheco,1998-01-24
4868,Ana,García Álvarez,2003-06-13
4869,Luisa Ricardo,Buitrago Santos,1967-02-22
4871,Valentina Enrique,Aguirre Trujillo,1983-10-31
4872,Sandra Elizabeth,Gil Vélez,1978-09-01
4873,Inés,Ochoa Quintero,1958-11-08
4874,Alexander Rosa,Ortiz Vega,1998-04-18
4875,Elvia Gabriel,López Salazar,1974-04-28
4876,Camilo,González Fajardo,1995-06-29
4877,Héctor Patricia,Hernández Ramírez,1985-07-30
4878,Andrés Diego,Valencia Pérez,1975-03-10
4879,Juliana Lorena,Sánchez Sierra,1971-01-25
4880,Esmeralda Leidy,Muñoz Villamizar,1977-03-02
4882,Hernán Liliana,Aguirre Arenas,1989-01-23
4883,Daniel,González Valencia,1969-01-05
4884,Antonio,Ramírez Guerrero,1991-08-28
4885,Jesús,Jaramillo Álvarez,1995-11-06
4886,Danna,Guzmán Díaz,1972-07-08
4887,Alberto Rafael,Alarcón Duarte,1994-03-03
4889,Camilo María,Sánchez Bolaños,1986-09-08
4890,Jesús,Muñoz Pérez,1996-04-01
4891,Julio José,Castaño Hernández,1987-08-04
4892,Diego,Garzón Daza,1992-06-29
4894,Carlos,Martínez Correa,1978-06-05
4895,Gabriel,Carvajal Reyes,1987-03-29
4896,Ever Juan,Rojas Angulo,1955-02-15
4897,José,Gonzáles Jiménez,1997-09-07
4898,Yuliana,Rincón Herrera,1992-01-11
4899,Miguel,Gamboa García,1959-09-09
4900,Liliana Martha,Rivera Salcedo,1978-09-28
4901,Liliana,Contreras Rodríguez,2000-11-13
4903,Jesús Segundo,Cárdenas Camacho,1959-12-13
4904,Andrés Ruth,Monroy Pérez,1994-12-19
4905,Carmen,Vargas Ramos,1993-01-03
4906,Santiago,Herrera Castillo,1956-08-07
4907,Astrid Diana,Escobar Alvarado,1986-04-11
4908,John David,Rodríguez Monsalve,2003-02-19
4909,Lina Flor,García Salazar,1997-01-18
4910,Julián,Arias Parra,1987-01-22
4911,Sara Ángel,Cárdenas Luna,1982-01-17
4912,Johana Alfredo,Díaz Pulido,1976-12-09
4913,Jesús David,Bedoya Martínez,1986-06-23
4914,Fabio,Herrera Silva,1986-12-14
4915,Manuel,Martínez Guerrero,1978-03-24
4916,Mónica,Díaz Mosquera,1975-09-13
4917,Mabel,Gil Méndez,1985-03-22
4918,Lucía,Hernández Meneses,1984-10-29
4919,Luz,Escobar Arias,1993-03-04
4920,Aura Leidy,Romero González,1976-05-16
4922,Jesús Rafael,Ramírez Arias,1979-03-11
4923,Carlos,Castañeda Moreno,1954-11-13
4924,Mónica Rafael,Erazo Blanco,1982-10-31
4925,Alexis Jhon,Ruiz Díaz,1998-07-05
4927,Rocío Luz,Buitrago Arango,1984-08-14
4928,Luis,Páez Ortiz,1983-02-27
4929,Inés,Escobar Garzón,1995-12-07
4930,Sebastián,Correa Arango,1999-01-27
4931,Óscar Francisco,Salazar Rodríguez,1951-10-16
4932,Diana,Ospina Flórez,1962-06-13
4934,Enrique,Rincón Guevara,1984-06-25
4935,Teresa,Carvajal Díaz,1987-08-08
4936,Javier John,García López,1986-03-31
4938,Paola,Mora Suárez,1989-12-29
4939,Humberto Lina,Velásquez Perea,1977-09-28
4940,José Johanna,Cárdenas Maldonado,1997-09-07
4941,Rubén,López González,1979-12-27
4942,Martín Mireya,Arias Camacho,1994-03-11
4943,Lucero,León Arrieta,1987-01-05
4944,David José,Hernández Barbosa,1974-01-22
4948,Enrique Luz,Correa Muñoz,1989-02-19
4949,María María,Campo Rentería,1981-11-12
4950,Estiven,Gutiérrez Gallego,2004-11-16
4951,Mateo José,Pineda Martínez,1981-09-28
4952,Norma,Castillo Rodríguez,1993-02-17
4953,Lucía Albeiro,Salazar Puentes,1951-04-11
4954,Alberto,Guerra Rodríguez,1982-08-19
4955,Vanessa,Velasco Ochoa,1996-01-27
4956,María,Yepes Gutiérrez,1970-03-25
4957,Jhonny José,Oviedo Zapata,1965-05-13
4958,David,Hernández Andrade,1977-06-09
4959,David,Acosta Martínez,1956-04-01
4960,Carlos Nelcy,Vega Ruiz,1955-07-30
4961,Ricardo,Bravo Salamanca,1986-02-15
4962,Inés,Gómez Navarro,1980-05-26
4963,Paola,Herrera Peña,1981-06-05
4964,Alfonso,Rodríguez González,1990-02-04
4966,Esteban,Escobar Castrillón,1965-11-05
4967,María,Ríos Pacheco,1965-02-28
4968,Manuel Elena,Pineda León,1966-12-31
4969,Dary Jorge,Londoño Rodríguez,1978-02-27
4970,Amparo Diana,Herrera Ortiz,1971-01-26
4971,Didier Mauricio,Maldonado Valencia,1955-11-22
4972,Alexander Carolina,Álvarez León,1986-07-01
4973,Efrain,Moreno Caicedo,1978-09-08
4974,José Andrea,Martínez Ortiz,1974-07-02
4975,Jairo Orlando,Ruiz Nieto,1995-03-19
4976,Samuel,Sánchez Galvis,1979-05-31
4977,Gloria Ricardo,Sánchez Hernández,1961-04-27
4978,Johana,Ardila Lara,1970-05-30
4979,Nelly,Castellanos Martínez,1981-09-27
4980,Esperanza,Rodríguez Fernández,1958-09-21
4981,David Manuel,Rodríguez León,1972-08-28
4982,Liliana,García Prada,1969-09-16
4983,Luis,Castro Sanabria,1979-09-03
4984,Humberto Gina,Pacheco López,1983-03-02
4985,Dary,Morales Sánchez,1958-11-25
4987,Manuel,Alarcón Arboleda,1984-06-19
4988,Rubiela,Villa Cardona,1992-04-01
4989,Marlene Campo,Barrios Rueda,1994-10-05
4990,Antonio,Rodríguez Rueda,1989-01-20
4991,Eduardo,Hernández Ortega,1987-06-05
4992,Alfredo,Maldonado Amaya,1951-06-24
4993,Nidia Alejandro,Chacón Rodríguez,1970-12-24
4994,Jenny,Jiménez Caicedo,1985-09-03
4995,Elizabeth,Mosquera Sánchez,1984-08-18
4996,Patricia,Mendoza López,1988-03-04
4997,Lucía,Monsalve Parra,1999-05-31
4999,Pedro,Padilla Carrillo,1956-07-20
5001,Luisa,Muñoz Moreno,1956-02-16
5002,Eduardo,Palacio Melo,1996-12-14
5003,Geraldine,Castro Carmona,1992-07-02
5004,Cecilia,Morales Cifuentes,1974-11-25
5005,Gloria Jean,Ibarra Reyes,1987-01-19
5007,Claudia,López Peña,1994-01-31
5008,Margoth,Patiño Castañeda,1991-06-24
5009,Francisco,Trujillo Acosta,1981-04-24
5010,Graciela Sebastián,Bohórquez Orjuela,1995-01-01
5011,Felipe Diana,García Peña,1953-12-22
5012,Alejandro,Naranjo Guzmán,1982-10-19
5013,Andrés Alexander,Sepúlveda Ávila,1993-05-08
5014,Cristian Isabel,Ospina Pinzón,1986-02-14
5016,Valentina,Duarte Peña,1984-07-01
5017,Cecilia,Muñoz Castillo,1997-02-04
5018,Francisco,Castaño Torres,1984-02-18
5019,Fidel Luz,Morales González,1982-10-14
5021,Rocío,Palacio Sánchez,1972-09-22
5023,Doris,Rodríguez Herrera,1959-12-13
5024,Jorge Marina,Sánchez Soto,1990-07-21
5026,Adriana,Beltrán Gonzáles,1964-09-20
5027,Yolima María,Patiño Pineda,1983-11-18
5028,María,Vargas Gaviria,1966-06-22
5029,Abraham,Suárez Rueda,1978-12-28
5030,Luz Susana,Giraldo Jaimes,1970-06-16
5031,Santiago,Narváez León,1976-01-19
5032,Rafael,López Rodríguez,1958-09-25
5034,Manuel Diana,Vargas Suárez,1977-03-26
5035,Elizabeth Carlos,Valencia Roa,1981-12-31
5036,Eduardo María,Oviedo Bejarano,1983-10-24
5037,Inés,Ávila Pacheco,1991-09-28
5039,Mery,Molina Angarita,1973-09-09
5040,David,Velásquez Loaiza,1964-03-27
5041,Ana,Galvis Muñoz,1981-04-21
5042,Patricia,Parra Carvajal,1970-05-14
5043,Marina,Montes Osorio,1978-03-10
5044,Vanesa,Hernández Gómez,1989-10-21
5045,Paula Rocío,Herrera Pinto,1991-06-07
5048,Katherine María,Hernández Martínez,1993-05-16
5050,Myriam,Gallego Vega,1997-05-01
5051,Johanna,Ramírez Pineda,1960-10-09
5052,Stella,Hernández Castro,1968-03-12
5053,Carlos,Londoño Navarro,1977-08-04
5054,José,Reyes Villamizar,1968-06-03
5055,José,Gutiérrez Torres,1986-09-18
5056,Jacqueline,Castro Chaparro,1953-03-05
5057,Javier,Barbosa Bustos,1981-08-28
5058,Luis,Ruiz Ortiz,1978-03-25
5059,Sofía Erika,Rojas Cárdenas,1956-03-15
5061,Flor Fanny,Acevedo Hernández,1982-10-08
5062,Claudia,Contreras Flórez,1990-10-19
5064,Luis,Gómez Arboleda,1992-12-20
5065,Nelly,Jiménez Escobar,1959-07-01
5066,Inés,Suárez Giraldo,1961-12-25
5067,Harold,García Estrada,1979-03-28
5068,Felipe María,Mendoza Vanegas,1989-04-01
5069,Magaly,Gaitán Zambrano,1997-11-17
5071,Víctor,Martínez Escobar,1971-10-09
5072,Luz Alberto,García Rojas,1990-11-20
5073,Jader,Díaz Hernández,1982-05-04
5074,Angélica Dayana,Pérez Vallejo,1969-06-13
5075,Armando,Alzate Fonseca,1961-06-30
5076,Pedro,Marín Camargo,1970-05-21
5077,Alba,Montoya Rosero,1961-09-18
5078,Flor Raúl,Guevara Acosta,1955-07-16
5079,Viviana,Reyes Cano,1979-04-10
5080,Adolfo Paola,Agudelo Montenegro,1990-10-15
5081,Cecilia Víctor,López Vanegas,1988-10-14
5082,Mauricio,Mantilla González,2002-04-28
5083,Felipe,Ortiz Vásquez,2000-06-17
5085,Luz,Lara Muñoz,1985-10-21
5086,Marina,Jaramillo Sánchez,1995-06-07
5087,William,Parra Gutiérrez,1950-03-04
5088,Juan Pablo,Cortés Torres,1978-07-20
5089,Fabiola,Mendoza Guevara,1993-07-13
5090,Elisa,Bustos Salazar,1989-11-05
5091,Miguel,Sánchez Díaz,2000-02-08
5092,Santiago Edgar,Flórez Sánchez,1993-08-23
5093,Patricia,Medina Pulido,1973-10-27
5094,Arturo,Romero Valencia,1980-10-04
5096,Diana Manuel,Muñoz Ortiz,1963-10-13
5097,Rocío,Rodríguez Rodríguez,1995-09-17
5099,Giovanny,Betancur Hurtado,1977-01-02
5100,Pedro Gloria,Romero Castellanos,1988-05-25
5101,Janeth,Sánchez Ávila,1991-04-03
5103,Jhon,Ortega Ruiz,1975-06-24
5104,Carmen,Vargas Rincón,1963-06-03
5105,Ronald Deicy,Oviedo Rojas,1991-07-02
5106,Andrés Eduardo,Jiménez Perea,1967-03-27
5107,Luis Claudia,Daza Ramos,1989-08-14
5108,Rocío,Palacios Moreno,1988-07-05
5109,Pedro,Estrada Correa,1990-09-20
5110,Ronald,Melo Chávez,1975-12-01
5111,Nicolás Clara,Rivera Mena,1991-04-26
5112,Lina,Arias Vega,1970-05-24
5116,Diego,Gutiérrez Monsalve,1990-12-01
5117,Lucía Martha,Sierra Gómez,1989-09-11
5118,Jhon Jhoana,Castellanos Gómez,1996-06-02
5119,Esneider Alexander,Díaz Sánchez,1968-06-17
5120,Antonio,Rodríguez González,1974-08-28
5121,Pedro,Rentería Morales,1999-12-03
5122,Cristian Liliana,Álvarez Chaparro,1988-09-24
5123,Iván,Patiño Ochoa,1988-01-06
5124,Jairo Nubia,Cruz Rengifo,1974-11-24
5125,Patricia Julián,Muñoz Gutiérrez,1983-12-14
5126,Luis Esperanza,Silva Garzón,1965-07-28
5127,Shirley,Sánchez Muñoz,1996-04-22
5128,Rosa Manuel,Suárez Pacheco,1989-08-17
5129,Lucía,Cardona Díaz,1971-05-17
5130,Beatriz Ángel,Cortés García,1982-09-25
5131,David,Pineda Fajardo,1991-08-29
5132,Paulina,Cardona Castro,2001-07-20
5133,Jesús,Narváez Cano,1950-09-22
5134,Diego,Núñez Mosquera,1975-07-19
5135,Camilo Felipe,Rentería Ariza,1980-10-07
5136,Katerine,González Restrepo,1976-12-16
5137,Cecilia,Mosquera Anaya,1998-10-02
5138,Pilar,Ceballos Fonseca,1975-07-24
5140,Katherine,Guzmán Rivera,1978-01-21
5141,Ruth,Muñoz Caicedo,1992-11-06
5142,Johnny Daniela,Saavedra Cruz,1967-10-27
5143,Kelly Linda,Hernández Salazar,1951-01-31
5144,Johana Luz,Gómez Ramírez,1976-08-12
5145,Rolando,Maldonado Bravo,1969-05-25
5147,Amelia Angie,Pacheco Cortés,1979-07-13
5148,Carlos Daniela,Erazo Sierra,1991-03-04
5151,Iris,Lozano Díaz,1963-12-24
5152,Andrés,Patiño Hernández,1985-11-06
5153,Sara,Gallego Castellanos,1986-02-14
5154,Isabel Geraldine,Flórez Suárez,1966-09-18
5155,Emilio Leonor,González Bernal,1998-10-15
5156,Oswaldo,Ortiz Ruiz,1988-05-18
5157,Harold Ignacio,Castro Villamizar,1958-01-07
5158,Marcela,García Córdoba,1962-03-04
5159,Estela,Guevara Quintero,1951-12-08
5160,Paula Luis,González Calderón,1971-03-29
5161,Santiago Felipe,Martínez López,1978-04-11
5162,Eliana Carlos,Martínez Díaz,1986-03-25
5164,María Andrés,Córdoba Velandia,1981-03-16
5166,Fabián Ricardo,Méndez Gaitán,2001-10-27
5167,Marina,González Orozco,1956-04-18
5168,Carlos,Daza García,1974-03-23
5169,Yuly Hernando,Valencia Mejía,1997-10-18
5170,Luz Kevin,Pérez León,1993-12-05
5171,Hugo Rosa,Ángel Rivera,1975-10-30
5173,María Cristina,Mosquera Padilla,1972-09-30
5174,Andrés,López Gómez,1987-02-12
5175,Alejandra Luis,Cuesta Sierra,1974-09-29
5176,Javier Mercedes,Gómez Bedoya,1971-02-13
5178,Liseth,Ramírez Aguilar,1999-07-19
5179,María Viviana,Ortiz Nieto,1993-08-03
5180,Carmen,Rodríguez Bolaños,1993-08-12
5181,Johnny,Pabón Lozano,1968-03-20
5182,Gonzalo Marcela,Camargo Ramírez,1998-02-11
5184,Beatriz,Arango Pérez,1970-12-01
5185,María,Díaz Parada,2003-10-28
5186,Isabel,López González,1985-03-06
5187,Esteban,Padilla Romero,1985-10-20
5188,Blanca,Fernández López,1970-05-09
5189,Carmen,Pérez Mosquera,1992-07-03
5190,Alexander,Arboleda Montenegro,1985-07-23
5191,Tania Santiago,López Lara,1968-09-20
5194,Alexander,Villegas Cano,1983-05-28
5195,Mauricio,Murillo Bermúdez,1993-07-06
5196,Diana Mateo,Martínez Álvarez,1946-05-26
5200,Andrés Guillermo,Sánchez Pacheco,1994-01-07
5201,Mónica Stella,Díaz Contreras,1973-08-23
5203,Jaime,Ortega López,1983-01-26
5204,Sandra,Gallego Rojas,1958-09-17
5205,Enrique,Reyes Guerra,2000-02-27
5206,Erika,Betancur López,1962-08-01
5207,Adriana,Arévalo Oviedo,1979-04-11
5208,Luis Mauricio,Caro Arango,1955-03-16
5210,Carmen,Figueroa Ortiz,1994-08-18
5211,Sergio,Correa Erazo,1989-09-06
5212,Maritza Jaime,Vera González,1973-09-28
5213,Lady Carlos,Valencia Ruiz,1994-11-30
5214,Angie,Sierra Arango,1956-11-19
5215,Jairo Carmen,Bohórquez Vargas,1972-06-17
5216,Pedro,Ramos Posada,1964-10-24
5217,Arley,Pacheco Valderrama,1993-08-05
5218,Sonia Gabriel,Ortiz Pérez,1998-12-03
5219,Esteban,Moreno López,1956-10-06
5221,David,García Fernández,1976-08-24
5222,Fanny María,Vallejo Pineda,1986-08-09
5223,María Luz,Rojas Jiménez,1970-09-20
5224,Javier Jennifer,Forero Peña,1990-02-03
5225,Néstor Katherine,Vásquez Nieto,1996-11-03
5227,Elizabeth Adriana,Gómez Vanegas,1985-02-05
5229,Dayana Luis,González Ortiz,1973-05-27
5230,Eduardo,Rojas Gil,1995-03-28
5231,Julia,Ortiz Soto,1993-08-21
5232,Rosa Edgardo,Restrepo Loaiza,1968-12-01
5235,Andrea Elena,Trujillo Mosquera,1993-11-29
5236,Pedro,Ramírez Montoya,1988-04-09
5237,Angie,Garzón Vera,1968-12-16
5240,Laura,Rincón Pulido,1986-06-17
5241,Gustavo José,Alzate Cuesta,1996-06-29
5242,Ramiro Valentina,Galvis Forero,2002-12-26
5243,Liliana,Ariza Torres,1961-12-18
5244,Edwin,Villamizar Vergara,1996-08-18
5245,José,Hurtado Sánchez,1982-07-30
5246,Rosa Julia,Jaimes Mercado,1989-10-10
5248,Mery,Hernández Rojas,1997-09-28
5249,Wendy,López Hernández,1984-09-13
5251,Mery Simón,Benavides Restrepo,1992-06-10
5252,Yohana,Acosta Rojas,1987-01-11
5254,Bernardo Henry,Álvarez Díaz,1989-08-07
5255,Patricia,Torres Santos,1982-09-02
5256,María Nilson,Anaya Arrieta,1970-10-04
5258,Antonio Alicia,Cortés Rueda,1973-01-20
5259,Rosalba,Gutiérrez Gutiérrez,1983-02-25
5260,David David,Ortiz Pulido,1965-02-19
5261,Leydi Dolly,Mesa Ramos,1967-10-11
5263,Ángel,Amaya Garzón,1951-08-05
5264,Andrea,Duque Pinzón,1989-04-10
5265,Alexander,Moreno Ramírez,1957-02-15
5266,Fabiola,Guerrero Herrera,1950-09-16
5267,Nicolás,Angarita Martínez,1972-11-11
5268,Diego Dora,Becerra Buitrago,1979-11-28
5269,Mercedes,Bejarano Escobar,1989-03-11
5270,Alberto César,Suárez Vargas,1981-02-26
5271,Milena,Hernández Benavides,1953-05-08
5273,Paola,Martínez Mora,1977-04-25
5274,Eduard,Ospina Bautista,1984-02-15
5275,Jorge,Castañeda Hernández,1997-07-19
5276,Miguel,Pinto Sánchez,1968-11-29
5277,Marlene Bayron,Mendoza Vélez,1984-06-14
5278,Adriana José,Guzmán Puentes,1957-10-09
5279,Shirley Tatiana,López Rojas,1961-08-25
5280,Mauricio Carlos,Ardila Castro,1994-10-16
5281,Rosa,Jiménez Herrera,1995-04-24
5282,Jesús Sebastián,Castro Galvis,1966-07-08
5283,Felipe César,Zuluaga Alarcón,1978-07-02
5284,Misael Martha,Torres Beltrán,1977-12-30
5285,Yuli Stiven,Guerrero Navarro,1958-04-25
5286,Diana,Alfonso Morales,1979-05-28
5287,Rosa,Pérez Cárdenas,1975-08-01
5288,Anyi,Franco Gonzáles,1948-08-14
5289,Orlando,Rangel Gómez,1994-05-18
5290,Martha Luis,Arango Salazar,1974-10-20
5291,Felipe José,Pineda Amaya,1977-08-15
5292,Manuel Miguel,Guevara Morales,1981-07-10
5293,Jimmy,Rodríguez Gutiérrez,1987-12-01
5294,Enrique Alfredo,Cifuentes Vargas,1970-02-28
5295,Viviana,Gutiérrez Sanabria,1946-05-27
5296,Isabel,Barrios Vargas,1959-03-08
5297,Andrés Julián,López Martínez,1976-08-08
5298,Carlos,Miranda Meza,1980-03-06
5299,Victoria Johanna,Galeano Espinosa,1981-08-06
5300,José,Cano Rosero,1972-02-09
5301,Mary,Suárez Ramírez,1990-05-10
5302,Luis,Ortiz Arrieta,1995-03-16
5303,María Diana,Méndez Gómez,1979-06-15
5304,Yeimy,Navarro Peña,1987-03-06
5305,Jaime,Hernández Ballesteros,1969-06-10
5306,Juan,Calderón Mosquera,1983-05-21
5307,José,Hernández Sierra,1994-11-07
5309,John,Hernández Serrano,1974-06-11
5310,María Wilder,Cifuentes Mosquera,1982-02-16
5311,María Alejandro,Díaz Galeano,1992-09-08
5313,Eduardo,Osorio Muñoz,1976-12-25
5316,Jonathan,Romero Delgado,1978-10-05
5317,Lizeth,Flórez Sánchez,1968-08-20
5318,Fidel,Sepúlveda Rodríguez,1981-09-02
5319,Lucía,Mena Núñez,2002-04-25
5320,Rosa,Tovar Guevara,1991-06-22
5321,José,Cruz Angarita,1997-05-08
5323,Luz,Cabrera Mendoza,1989-02-27
5324,David,Herrera Cuéllar,1986-07-23
5325,Paola Carlos,Valencia García,1980-08-28
5326,Margarita,Herrera Granados,1989-01-07
5327,Adrián,Pérez Maldonado,1945-10-12
5328,Yamid,Castro Martínez,1981-07-17
5329,Enrique,Alzate Ruiz,1994-03-01
5330,Lady,Romero López,1988-01-06
5331,Fernando,Nieto López,1995-06-04
5332,Sandra,Carvajal Agudelo,1978-10-18
5334,Rosario,Escobar Villamizar,1963-06-05
5335,Natalia,Cerón Soto,2000-06-28
5336,Milton,López Cáceres,1995-06-30
5337,Roberto,Cuesta Oviedo,1994-05-14
5338,Luz,Forero Ballesteros,1975-06-03
5339,Bladimir,Guevara Ramírez,1991-10-17
5341,Rocío Leonor,Angulo García,1991-04-12
5342,Alexis,Pineda López,1990-10-13
5343,Santiago Angélica,Jaramillo Acosta,1962-06-20
5344,Samuel,Parra Rodríguez,1956-07-20
5345,Luisa,Palacios Salazar,1988-06-19
5347,Patricia,Andrade Rivera,1969-02-15
5348,Carolina Paola,Moreno Pabón,1975-11-27
5349,Beatriz Carmen,Cardona Tovar,1971-04-06
5350,Mary Jorge,Cáceres Martínez,1977-11-02
5351,Johanna Iván,Restrepo Ávila,1997-01-03
5352,Juan,Díaz Rodríguez,1996-10-18
5353,Estela,Ortiz López,1994-12-03
5354,Nohora David,Amaya Cabrera,1960-01-19
5356,Edilma Joaquín,Benítez Zuluaga,1978-06-17
5357,Javier,Beltrán Navarro,1980-11-09
5358,Luz,Mosquera Pardo,1985-11-22
5360,Héctor,Rivas Alzate,1973-05-07
5362,Paola,García Gutiérrez,1995-12-07
5363,Abel José,Pedraza Giraldo,1987-03-27
5364,Leandro,Alarcón Hoyos,1995-12-09
5365,Edward,Narváez Correa,1987-12-13
5366,Luz,Ariza Castillo,1995-09-11
5368,Hugo Leonardo,Alvarado Martínez,1991-04-10
5369,Myriam,González Castro,1986-03-09
5370,Wilson,Ortega Rincón,1989-05-20
5371,María,Orozco Sánchez,1968-05-24
5372,Marcela Myriam,Galvis Ariza,2002-01-28
5373,Jair Kelly,Martínez Ariza,1993-08-24
5374,Elena,Medina Gamboa,1985-05-12
5376,María Luz,Sepúlveda Bernal,1969-07-14
5378,Luz,Escobar García,1958-07-19
5379,William,Castro Orozco,1987-06-04
5380,Francy,Ramírez Loaiza,1972-03-25
5381,Eduardo,Peña Castro,1977-05-08
5382,Gustavo Samuel,Mesa Hurtado,1992-12-28
5383,Luisa,Velásquez Ortiz,1980-05-31
5384,Sebastián,Cáceres Fernández,1982-03-21
5385,Ángel Beatriz,Ramírez Garzón,1992-11-14
5386,Stella,Romero Rentería,1967-02-06
5387,Edith Marcela,Sánchez Caro,1969-02-21
5388,María Ismael,Ramírez Flórez,1972-02-25
5389,Inés Alexandra,Romero Castillo,1985-06-24
5390,Adriana,Zapata Suárez,1990-06-17
5391,Clara,Murillo Arévalo,1995-12-01
5392,María Saúl,Mercado Roa,1983-04-20
5395,Óscar,Pabón Naranjo,1996-06-27
5396,Mercedes,Cortés Sarmiento,1978-08-22
5397,Betty Óscar,Osorio Vélez,1983-05-27
5398,María Juan,Pinzón Gómez,1971-09-17
5399,Fernando Margarita,Daza Salas,1971-01-09
5400,Esther,Erazo Muñoz,1995-02-14
5401,Yazmín,Garzón Mora,1987-08-08
5402,Beatriz Mercedes,Blanco Aguilar,1997-07-09
5403,Milton José,Morales Palacio,1986-03-13
5405,Valentina,Morales Tovar,1990-07-14
5406,Fernando Jesús,Acevedo Villa,1979-07-18
5408,Enrique Eliana,Cuesta Pérez,1981-06-09
5409,Edgar,Muñoz Valderrama,1994-10-24
5411,Julián Vanesa,González Hoyos,1980-03-23
5412,Ana Javier,Muñoz Ariza,1953-10-05
5413,Jhonatan Katherine,Duarte Salazar,1948-07-06
5414,José,Ospina Cárdenas,1964-06-28
5415,Mateo Daniela,García Arias,1997-08-24
5416,Andrés,Castro Medina,1953-01-16
5418,Yéssica Germán,Rodríguez Ortega,1971-07-17
5419,Margarita,Moreno Vargas,1963-09-17
5420,José,Buitrago Villegas,1962-09-01
5422,César,González Sánchez,1995-06-26
5423,Alexis,Sánchez Mantilla,1976-07-22
5424,Andrés,Mosquera Fonseca,1990-08-04
5425,Sandra,Villa Trujillo,1997-09-16
5426,Cristina,Lozano Ríos,1974-12-23
5427,David Tomás,Rojas Vega,1995-02-21
5428,Jesús,Salas Quiroz,1991-06-11
5430,Fredy Marcela,Rodríguez Rodríguez,1983-05-15
5431,Jhon Ana,Uribe Mendoza,1980-01-23
5432,Yolanda Carlos,Parra Zambrano,1981-10-24
5433,Gloria,Cano Castillo,1991-04-13
5435,Ruth,Rodríguez Villa,1971-11-14
5436,Katerine Marcela,Rojas Rivera,1974-01-26
5437,Yéssica Orlando,Paz Castellanos,1998-04-19
5439,Javier,Ruiz Villamizar,1996-03-17
5440,Ana,González Ballesteros,1949-04-14
5441,Luz Alix,Cabrera Palacios,1968-05-28
5442,Alberto Carlos,Blanco Molina,1963-02-25
5443,Felipe,Gómez Cárdenas,1969-06-19
5444,Henry,Cárdenas Garcés,1984-03-17
5445,Luisa,Morales Zuluaga,1958-04-04
5446,Anyi,Rojas Cardona,1967-12-02
5447,Jair Luis,Aguilar Barragán,1965-09-06
5448,Luz Diego,Herrera Toro,1980-04-16
5449,María Dolores,Muñoz Martínez,1967-09-17
5450,Margarita,Buitrago García,1989-09-05
5453,Carmen Emilio,Sánchez Arias,1997-02-19
5454,Andrés Andrés,Valencia Camargo,1985-05-16
5455,Miriam,López Mora,1982-03-31
5456,Rocío Karol,Guerrero Rincón,1988-02-21
5457,Steven,Díaz Velasco,1960-01-04
5458,Yadira,Caicedo Medina,1986-03-16
5459,María,Palacios Carvajal,1991-11-01
5460,Luis Arbey,Ortiz Cardona,1971-09-03
5461,Maribel,Guerra Peña,1965-03-01
5462,Rosa,Moreno Hernández,1997-11-23
5463,Lorena Cristian,López Vega,1983-08-19
5464,Yaneth,Muñoz Flórez,1975-03-17
5465,Marcela,López Sanabria,1979-05-18
5466,Geraldine,Ospina Cabrera,1975-07-01
5467,David,Acosta Chávez,1986-10-11
5468,Rosa,Giraldo Meneses,1970-08-30
5469,Patricia,Gamboa Fernández,1996-10-04
5470,Rubén Carmen,Ortiz Moreno,1995-07-04
5471,Ana,Pérez López,1981-06-16
5472,José María,González Rodríguez,1957-05-17
5473,Diana,Martínez Orozco,1989-09-19
5474,Alfonso,Torres Pérez,1986-08-02
5476,Piedad Jimmy,Posada Ramírez,1978-12-17
5478,Myriam,Osorio Quintero,1990-04-04
5479,Yésica César,Ramírez Calderón,1980-05-24
5480,René Isabel,Rodríguez Salas,1975-12-21
5481,Cristian Felipe,Álvarez Murillo,1979-12-05
5482,Josué,Silva Vera,1992-06-14
5483,Freddy,Peña Sierra,1989-04-11
5484,Adriana,Bravo García,1984-05-29
5485,José Jhon,Salazar Pedraza,1992-07-24
5486,Luz,Villegas Henao,1997-04-01
5487,Ana,Rodríguez González,1994-12-02
5488,Cristian,Torres Muñoz,1966-11-11
5489,Orlando Pilar,Prada Gómez,1980-02-22
5490,Yuliana,Suárez Sarmiento,1981-03-09
5492,Andrea Fernando,Serrano Márquez,1974-10-08
5493,María,Salazar Zapata,1980-12-23
5494,Ángela Rafael,Parada Valencia,1974-07-04
5495,Vanessa,Camargo Rincón,1991-06-22
5496,Sandra,Hernández Díaz,1973-12-30
5497,Lina,Correa Pardo,1967-02-08
5498,Ricardo Antonio,Arias Ospina,1971-06-16
5499,David Ana,Barrios Torres,1989-10-11
5501,William,Quintero Gil,1989-01-09
5502,Marina Estella,Lozano Quintero,1967-07-28
5504,Esperanza Carlos,García Toro,1973-02-08
5505,Ana,Zambrano Arrieta,1988-07-06
5506,José,Fonseca Riascos,1969-09-01
5507,Astrid,Bohórquez Escobar,1983-07-10
5508,Andrea,Ramírez Suárez,1994-02-22
5510,Angie,Molano Escobar,1998-10-14
5511,Armando,Meza Rueda,1985-01-12
5512,Juan,Ordóñez Muñoz,1985-09-07
5513,Carlos Andrés,López Martínez,1986-02-12
5514,Rafael,Mora Torres,1995-06-19
5516,Fabio,Ramírez Muñoz,1983-07-30
5517,Laura,González Torres,1989-12-02
5518,Alexander Junior,Alarcón Burbano,1984-06-13
5519,David Rosa,García Vásquez,1957-08-04
5520,Isabel Fernando,Perdomo García,1980-02-05
5521,Teresa Maribel,Rivera Mesa,1994-09-05
5522,Johanna,Romero Pérez,1990-03-17
5523,Lina,Angarita Barreto,1984-03-13
5524,Gisela,Guzmán Rengifo,1985-12-31
5525,Zulma Martha,Bedoya Torres,1985-02-26
5526,Zulma Yerson,Ortega Castillo,1992-05-27
5527,Patricia Julieth,Galvis Amaya,1988-12-04
5528,Richard,Meneses Cruz,1994-03-08
5529,José María,Agudelo Rodríguez,2002-12-13
5530,Felipe,Rivera Reyes,1991-10-08
5531,José,Morales Galeano,1977-07-11
5533,Diego,Quiroga Solano,1971-01-11
5536,Alejandro,Bedoya Guerrero,1988-06-16
5537,Diana Zulma,Campo Castro,1966-03-14
5538,Jairo,Camacho Ávila,1981-11-01
5539,Vladimir Antonio,Páez Granados,1997-02-17
5540,Rubén,Nieto Zapata,1988-09-11
5541,Jhon Luis,Sánchez Bedoya,1970-03-17
5542,Liliana José,Toro Serrano,1976-04-19
5543,Rubiela,Gaviria Sánchez,1981-06-24
5544,Patricia,Solano Quintero,2002-09-12
5545,Paula,Ruiz Manrique,1988-10-08
5546,Andrés,Álvarez Flórez,1992-11-23
5547,Álvaro Alberto,Mendoza Escobar,1975-03-10
5548,Henry,Rodríguez Silva,1971-12-21
5549,Alba,Ortiz Montoya,1956-11-04
5550,Harold,Rojas Niño,1963-01-28
5552,Javier,Jaimes Ramírez,1995-11-03
5553,Gabriel Leonor,Díaz Peña,1998-04-05
5554,Marlene,Mendoza Delgado,1979-03-08
5555,Esteban,Riascos Estrada,1976-06-04
5556,Kevin,Acevedo López,1962-03-17
5557,David,Loaiza Sánchez,1985-02-01
5559,Elena Claudia,Ortiz Padilla,1969-08-18
5560,Paola Yuly,Vargas Velásquez,1972-09-11
5561,Fernando María,Guerra Márquez,1964-10-19
5562,Angie Sara,Díaz Rosero,1971-06-15
5563,Doris,Quintero Vergara,1944-10-13
5564,Alexandra,Lozano Castellanos,1991-06-06
5565,Eduardo,Mercado Alfonso,1991-02-05
5567,Luis,Serrano Monroy,1979-05-19
5568,Gustavo Elsa,Herrera Ramírez,1972-03-11
5569,Gloria Lucía,González Mosquera,2000-08-31
5570,Erika,Agudelo Jiménez,1992-04-01
5571,Rafael,Pérez Palacio,1964-12-24
5572,Graciela,Ruiz Andrade,1996-12-27
5573,Jaime José,Yepes Garzón,1963-11-04
5574,Marta Marcela,Meza Londoño,1970-07-21
5575,Mario,Olaya Rodríguez,1955-05-12
5576,Sandra,Lara Gómez,1987-07-06
5577,Lucero María,Cardona Ramos,1983-03-12
5578,Jesús,Fernández Narváez,1966-09-10
5579,Sandra Carlos,Prada Arboleda,1967-01-06
5580,María Elsy,Castro Gómez,1991-03-27
5581,Alberto John,Bolaños Rubio,1988-04-03
5582,Valeria Teresa,Erazo Villa,1960-02-19
5583,Victoria,Castañeda Páez,1968-05-28
5584,Mayra,Torres Bustamante,1997-01-19
5585,Alexander,Rincón López,1962-01-27
5587,Eduard,Sánchez Cuéllar,1975-02-21
5588,Alcira,Acosta Gallego,1989-06-04
5589,Hernando,Fonseca Gutiérrez,1960-08-08
5590,Alexander,Ramírez Duque,1973-10-21
5591,Mery Ruth,Montoya Calderón,2003-09-15
5592,Sandra,Sierra Rico,1977-08-13
5593,Alonso,Manrique Ramírez,1981-10-01
5594,Ángela,Ariza Díaz,2002-07-15
5595,Edgar Julián,Valencia Rojas,1993-03-08
5596,Antonio,López Martínez,2001-10-21
5598,María Johana,Ramírez Castro,1986-09-26
5599,Julio,Romero Miranda,1984-05-26
5602,Amparo Ana,Mosquera Cuesta,1974-03-07
5603,Dario,Rodríguez Rincón,1963-11-04
5604,Carlos Manuel,González López,2004-01-28
5605,Raúl Vanesa,Mena Rodríguez,1969-07-24
5606,Alexander Dary,Amaya Guerrero,1990-06-19
5608,Jorge,Pineda Lara,1982-11-18
5609,Yuli,Rojas López,1988-01-25
5610,Carlos,Bautista Miranda,1970-05-16
5611,Ofelia Luis,Ordóñez Rengifo,1997-04-14
5612,Gregorio,Gallego Cardona,1991-07-21
5613,Carmen Juan,Sánchez Yepes,1974-05-14
5614,Alba,Camacho Salazar,1969-01-29
5616,María Óscar,Hurtado Barragán,1971-06-18
5617,Marcela Antonia,Pinzón Soto,1975-04-19
5618,Jorge,Daza Ortiz,1994-04-27
5619,Ricardo,Vallejo Castillo,1989-10-22
5620,Javier Antonio,Buitrago Patiño,1985-04-10
5621,Ferney Martha,Meneses Morales,1975-10-02
5622,Javier,Páez Martínez,1989-12-01
5623,Luz,Navarro Rodríguez,1993-07-18
5624,Ernesto,Acevedo Bravo,1993-04-30
5625,Javier Omaira,Álvarez Blanco,1970-08-15
5626,Natalia Magda,Quintero Flórez,1971-10-06
5627,Emilia John,Gómez Sánchez,1970-03-13
5628,Henry Carolina,Guzmán Díaz,1975-08-21
5629,Laura Marcela,Carvajal Romero,1986-12-01
5630,Lorena Albeiro,Salazar Gómez,1968-11-15
5631,Luz,Castro García,1986-05-26
5632,Jaime Natalia,Zapata Caicedo,1986-11-25
5634,Tatiana Ernesto,Álvarez Narváez,1963-01-16
5635,Antonio Patricia,Salazar López,1985-05-04
5636,Andrés María,Daza Burgos,1981-11-03
5637,Teresa,Castañeda Garcés,1991-05-10
5639,Elizabeth Andrea,Serrano Rendón,1966-01-13
5640,Ángel,Marín Gutiérrez,1974-10-28
5641,María,Castro Martínez,1978-12-13
5642,Ernesto William,Herrera Gómez,1970-07-17
5643,Stella Dayana,Rincón Rangel,1956-11-11
5644,Marina,Vélez Rivera,1997-11-27
5646,María,Ortiz Palacios,1989-02-18
5647,Liliana Luz,Castro Palacios,1996-04-18
5648,Lucía,Bedoya Villamizar,1991-06-29
5650,Andrea,Arias Caicedo,1969-04-10
5651,Natalia Lorena,Rojas Álvarez,1958-06-23
5653,Juan Hernando,Correa Murillo,1985-04-04
5654,Carlos Alexis,Erazo Rivera,1962-10-26
5655,Aura Cristian,Rodríguez Meza,1957-08-22
5657,María Robinson,Cuéllar Rodríguez,1970-10-16
5658,Santiago,Correa Vásquez,1967-08-06
5660,Eduardo Martha,Díaz Ramos,1984-05-05
5661,Martha,Vargas Muñoz,1982-06-11
5663,Luz,Quintero Padilla,1956-06-07
5664,Teresa,Cardona Romero,1967-06-14
5666,Hernán,Sierra Ríos,1995-04-08
5668,Luis Ángela,Rubio Gaviria,1994-01-14
5669,Adriana,Durán Villegas,1998-07-08
5671,María Lucía,Barrera Posada,1983-07-26
5672,Alfonso,Salas Álvarez,1990-08-15
5673,Ingrid Cecilia,Angulo Arroyo,1990-05-29
5674,Marina,Gómez Guzmán,1958-05-19
5675,Tulio,Hernández Rojas,1958-03-01
5676,Francisco Smith,Quiroz Ortega,1986-07-08
5677,Hilda Oliva,Daza Suárez,1991-12-19
5678,Jenny,Valencia Rodríguez,1979-05-24
5679,Olga Estiven,Moreno Pérez,1987-08-25
5680,Diana Nelson,Moreno Vargas,1970-06-29
5681,Alberto,Mendoza Pedraza,1986-02-20
5683,Luz,Fuentes Mora,1968-09-28
5684,Victoria,Guevara Rodríguez,1977-11-17
5685,Edinson Marcela,Castillo Barragán,1992-12-01
5686,Rubén,Vásquez Martínez,1976-04-07
5687,Elena Carlos,García Álvarez,1963-07-22
5688,Luz,Vallejo Pinzón,1979-07-26
5689,Mauricio Óscar,Muñoz Alvarado,1978-05-17
5691,William,Pineda Marín,1969-09-12
5692,Elena Fernanda,Rodríguez Quintero,1968-01-17
5693,Rocío Yesid,Marín Bravo,1989-02-25
5694,Lucía Jesús,Valencia Pérez,1961-11-29
5695,Alexander,Cárdenas Díaz,1994-08-03
5700,Luz Mario,Duarte Martínez,1977-01-26
5701,Betty,Rubio Peña,1966-09-19
5703,Milena Camilo,Velásquez Hoyos,1987-07-26
5704,Marta,Zambrano Zapata,1975-01-15
5706,Paul,Molina Rivera,1989-09-15
5707,María Manuel,Pérez Santos,1974-07-19
5708,Marleny Dary,Romero Bolívar,1994-12-25
5709,Norma Fernando,Díaz Salazar,1971-03-19
5712,Armando,Hernández Moreno,1991-01-02
5713,Jaime,Bermúdez Torres,1978-09-13
5714,Sonia Martha,Muñoz Montenegro,1989-07-28
5715,Leidy,Mora Mendoza,1991-01-04
5716,Dayana,Ramírez Galindo,1968-05-31
5718,Marina Richard,Castro Rubio,1994-04-24
5719,Ligia,Pérez Cantillo,2003-06-29
5721,Alejandra,Caicedo Rojas,1969-12-19
5722,Jennifer Leydi,Medina Rivera,2000-07-23
5724,Danna Luis,Pabón Mosquera,1959-08-15
5725,Andrés,Osorio Rojas,1991-07-25
5726,Fabián Carlos,Mendoza Palacios,1972-12-18
5727,Gilberto,Cuéllar Hernández,2000-04-08
5728,Jairo Ximena,Martínez Londoño,1983-10-07
5729,Gabriel,Bernal Jiménez,1958-05-11
5731,Claudia,Ortiz Herrera,1982-12-05
5733,Anderson,Gutiérrez Torres,1999-02-10
5734,Rosa,Cuesta Vargas,1965-09-02
5735,Natalia,Lozano Escobar,1960-05-22
5736,Lucía,Rivas Ardila,1992-08-26
5737,Elena,Guzmán Silva,1972-11-25
5738,Luz Alberto,Pabón Peña,1981-07-17
5739,Carmen,Martínez Ortiz,1990-07-25
5740,Rubiela Fanny,Muñoz Díaz,1982-03-10
5741,Johana,Mendoza Rico,1974-02-01
5742,Teresa,Velásquez Medina,1981-02-19
5743,Sonia,Silva Bonilla,1972-01-14
5744,Fernando Jeisson,Benavides Jaramillo,1994-08-06
5745,Carlos,Prieto Cerón,1979-03-02
5746,Luz,León Polo,1984-09-03
5747,Luis Arturo,Meza Torres,1968-01-11
5748,Fanny,González Rueda,1999-06-30
5750,Teresa,Londoño Agudelo,1978-12-14
5751,Alexander Luz,Ortiz Díaz,1997-05-16
5752,María Jhonatan,Romero Castrillón,1998-09-18
5753,Elena,Franco Martínez,1967-07-09
5754,César,Marín Muñoz,1971-07-05
5755,Yasmín,Benítez Martínez,1993-09-21
5756,Julia,Ramírez Hernández,1991-07-17
5757,Valentina María,Meza Naranjo,1984-08-14
5758,Cecilia,Cardona Restrepo,1967-04-06
5759,Helena,Valencia Barrera,1952-11-11
5760,Adrián,Zambrano Vallejo,1989-01-06
5761,Silvio,Flórez Arias,1961-06-14
5762,Jorge Luis,Ortiz Rodríguez,2001-04-13
5763,Yuliana,Vega Villamizar,1968-01-02
5764,Beatriz Mauricio,García Marín,1995-03-04
5766,Ignacio Guillermo,Hernández Sierra,1954-10-28
5767,Gloria,Salazar Caicedo,1951-06-13
5768,Willian,Soto Pérez,1969-12-09
5769,Jean,García Polo,1983-03-26
5770,José Sindy,Camargo Sierra,1968-06-23
5771,Sandra Iris,Peña Sánchez,1956-10-12
5772,Héctor,Morales Castro,1971-04-10
5774,Nancy José,Beltrán López,1995-09-07
5775,Julieth Nelson,Gómez López,1966-04-05
5776,Marina Eugenio,López Córdoba,1997-02-06
5777,Joan Yulieth,Restrepo Molina,1988-07-16
5780,Deisy Viviana,Salas Carrillo,1991-03-16
5781,Gladys,Galindo Corredor,1990-12-06
5782,Blanca,Valencia Parra,1991-02-12
5783,Gladys Martha,Bonilla Duarte,1971-09-11
5784,Alfredo,Ávila Moreno,1956-10-30
5785,Andrés,Sánchez Ochoa,1980-01-16
5786,Antonio Ana,Bermúdez Blanco,1982-08-13
5787,Freddy Inés,Fernández Sierra,1986-04-17
5788,Arturo Víctor,Muñoz Vargas,1960-09-01
5789,Dayana Rosa,Benavides Bravo,1972-01-28
5790,Alberto Javier,Carrillo Becerra,1980-10-26
5791,Johanna María,Arévalo Angarita,1980-11-07
5793,Alberto Steven,Cáceres Serrano,1951-08-25
5794,Concepción Alexander,Becerra Moreno,1997-12-27
5795,Paulo Gloria,Medina Riascos,1962-07-24
5798,Elizabeth José,Ballesteros Restrepo,1976-07-19
5799,Vanessa Pedro,Martínez Rincón,1999-07-29
5800,Ana Manuel,Ordóñez Martínez,1988-06-25
5801,Alexandra,Bonilla Murcia,1963-09-29
5802,María Gloria,Ramírez Parra,1986-10-20
5803,Diego Ana,Caro Bohórquez,1971-12-26
5804,Arnulfo,Sandoval Delgado,1983-07-25
5805,Claudia Nelson,Uribe Barrera,1981-01-28
5806,Fernando,Castillo Moreno,1975-01-09
5807,Julio Wilder,Soto Álvarez,1989-10-25
5808,Jaime,Vanegas Salgado,1977-02-19
5809,Juan Dina,Castillo Herrera,1996-09-21
5810,Jesús,Molina Anaya,1980-05-16
5811,Fernanda Yaneth,Martínez Alzate,1992-11-11
5812,Edison Andrea,Rodríguez Palacios,1985-02-23
5813,Joaquín Kelly,Mena Soto,1977-06-01
5814,Magdalena,Barrios Córdoba,1993-01-04
5815,Jesús,Díaz Moreno,1969-12-19
5816,David,Bermúdez Sánchez,1992-12-07
5817,Mario Luz,Cárdenas Galvis,1998-05-19
5818,Orlando,Pinzón Aguilar,1991-10-12
5819,Antonio,Cuéllar Luna,1960-05-29
5820,Walter,Rodríguez Arias,1971-04-28
5821,Liliana,Murillo Martínez,1958-07-26
5823,Alejandro Alfonso,Vargas Castro,1968-09-24
5824,Luis,Sánchez Lara,1991-09-16
5825,Patricia,García Pulido,1981-05-22
5826,Stella Francy,Cruz Vásquez,1989-12-03
5827,Rosa,Molina Vargas,1976-03-10
5829,Alexander,López García,1989-02-25
5831,Luis,Palacio Cuesta,1973-08-03
5832,Alberto Leonel,López Triana,1982-07-30
5833,Luisa,Becerra Jaimes,1990-10-29
5835,Andrés Blanca,Ruiz Manrique,1985-11-29
5836,Estiven,Torres Beltrán,1981-05-17
5837,Miguel,Salazar Velásquez,1999-03-29
5838,Mireya,Vera Córdoba,1992-06-03
5839,Arnulfo,Ocampo Ojeda,1998-12-25
5840,Brian Juan,Ramírez Pérez,1963-09-01
5841,Sofía Alexander,López Pérez,1980-04-25
5843,Luz Jorge,Montoya Córdoba,1962-01-10
5844,Marina Luisa,Andrade Ramírez,1996-08-08
5845,Alexandra,Sánchez Monsalve,1981-07-20
5846,Armando,Díaz Castillo,1976-12-10
5848,Edith Laura,Bolívar Quintero,1991-11-26
5851,Diana Francia,Cruz Benítez,1970-06-11
5852,Luz Stiven,Villamil Ojeda,1964-03-18
5854,Marcela Graciela,Rojas Meza,1980-04-11
5855,Karen,Hernández Narváez,1976-05-24
5856,Mónica,Erazo Moreno,1973-10-26
5857,Jairo,Barrera Díaz,1984-01-24
5858,Camila,Durán Sánchez,1989-12-20
5860,María Karen,Cantillo Hurtado,1989-11-02
5861,Ana Alejandra,Gómez Galeano,1993-07-13
5862,María,Muñoz López,2002-11-08
5863,Diego,Angulo Quintero,1994-03-26
5864,Jorge,Barrera López,1983-03-31
5865,Pablo,Gómez Molina,1962-10-18
5867,Angélica,Morales Garzón,1967-12-17
5868,Diego Martha,Marín Caballero,1990-05-30
5869,Lorenzo Milena,Muñoz Romero,1982-01-19
5870,Ligia,Hernández Herrera,1959-11-15
5871,Yolanda,Pinto Palacios,1988-07-26
5873,José Gloria,Escobar Moreno,1976-03-07
5874,Andrés,Morales Posada,1975-10-04
5875,Socorro,Rodríguez Medina,1953-10-17
5876,Rocío Sergio,Suárez Moreno,1988-04-16
5877,Victoria Yury,Rangel Rendón,1987-10-11
5878,Ana,Valencia Díaz,1970-11-30
5879,Óscar Jhon,Fernández Acosta,1969-05-02
5880,Stiven,Londoño Gutiérrez,1987-08-05
5881,María María,Londoño Mosquera,1965-03-31
5882,David Patricia,Contreras Espinosa,1965-08-27
5883,Cecilia,Cárdenas Martínez,1975-01-16
5884,Jennifer,Hernández Galvis,1993-07-16
5885,Beatriz,Vargas Beltrán,1986-05-22
5886,Gilberto,Ramos Vélez,1963-03-09
5888,Julio Esther,Vega Morales,2002-08-30
5889,Guillermo,Fuentes Pérez,1997-01-05
5891,Didier,Jiménez Zapata,1993-05-18
5892,Yuliana,Reyes Jaramillo,1995-04-22
5893,Octavio,Mora Moreno,1985-05-07
5894,Julia Carlos,Gutiérrez Vargas,1972-05-28
5895,Yuly Andrea,López Meneses,1958-03-17
5896,Carlos,Rivera Flórez,1984-04-12
5897,Judith,Bedoya Sánchez,1972-09-02
5898,Enrique,Gómez Sánchez,1995-03-12
5899,Marisol,García Triana,1992-03-22
5900,Patricia,Sánchez Torres,1991-01-28
5901,Jaime,Palacios Ramírez,1994-08-09
5903,Fabio Elizabeth,Vargas Sánchez,1957-09-29
5904,Milena,Nieto Álvarez,1995-02-16
5905,Andrés Bernardo,Bautista Roa,1998-04-23
5906,Luis Alexander,Acevedo Calderón,1980-12-11
5907,Milena,Castillo Garcés,2001-03-20
5908,Luisa Alonso,Díaz Hernández,1991-07-22
5909,Gloria,Torres Patiño,1980-11-05
5910,José,Zambrano Vargas,1979-03-25
5911,Gloria,Sandoval Gómez,1983-06-21
5912,María,Rodríguez González,1985-06-08
5913,Ángela Juan,Quintero Contreras,1965-11-05
5914,Amalia Aníbal,Velásquez García,1980-01-11
5915,Ángela,Rodríguez Forero,1982-06-09
5916,Marta,Ramírez Gamboa,1983-09-16
5917,Antonio,Maldonado Nieto,1997-09-01
5918,David,Vélez Mora,1993-09-06
5919,Jorge Jorge,Jaimes Galindo,1987-06-11
5920,Rosario Olga,Bolaños Gamboa,1982-04-22
5921,Bryan,Gómez Ruiz,1979-11-27
5922,Marina Antonio,Parra Calderón,1974-11-10
5923,Ligia Andrés,González Garzón,1988-12-20
5924,Ramiro Tatiana,Campo Castro,1948-07-20
5925,María Albeiro,Camacho Bautista,2001-05-26
5926,Yineth,Medina Valencia,1998-10-10
5927,Diana,Rodríguez Ramírez,1987-04-20
5930,Judith María,Méndez Rosero,1983-11-16
5931,Carlos,Toro Meneses,1970-11-02
5932,Carlos,Ruiz Bonilla,1998-09-07
5933,Manuel,Murcia Cárdenas,1990-08-17
5934,Adriana,Pérez Ramírez,1984-07-16
5935,Verónica Edward,Rodríguez Quintero,1972-09-19
5936,Javier María,Peña Caballero,1985-05-25
5938,Sebastián,Andrade Triana,1989-07-13
5940,Carolina Viviana,Erazo García,1973-02-24
5941,María Elisa,Bonilla Núñez,1984-01-30
5942,Andrés,Camacho López,1964-09-23
5943,Ever Hernán,Castillo Sierra,1959-05-06
5944,David Sonia,Zapata Sánchez,1985-04-22
5945,Alfonso,Ospina Cárdenas,1977-01-19
5946,Astrid,Pérez Barrios,1974-02-26
5947,Jairo,Medina Alzate,1960-12-11
5948,Milena,Álvarez Carvajal,1993-05-05
5949,Milena,Rivas Rico,1968-05-23
5951,Diego Mariana,Buitrago Ruiz,1976-12-15
5952,Enrique Albeiro,Santos Prieto,1978-02-24
5953,Verónica Esther,Mantilla Moreno,1974-01-06
5954,Luz,Carvajal Cabrera,1994-09-16
5955,Óscar,Rojas Polo,1982-04-30
5956,Mariana Nelson,Romero Hernández,1996-04-09
5957,José,Gil Osorio,1992-10-22
5958,Claudia Hernán,Becerra Díaz,1990-01-14
5959,José,Giraldo Flórez,1989-10-17
5961,Carolina,Hurtado Ortiz,1974-04-14
5962,Francia Jaime,Mercado Sánchez,1977-02-06
5963,Gustavo,González Sarmiento,1990-11-04
5965,Alejandro Cecilia,Suárez Alvarado,1982-11-25
5966,Jorge,Rivera Hernández,1992-01-08
5967,Ana Emilio,Galvis Sánchez,1991-08-26
5968,Juan,Escobar Calderón,1974-12-23
5969,David,Arteaga López,2004-05-31
5970,Alejandra,López Gaviria,1993-03-31
5971,Martha,Sánchez Acevedo,1954-07-29
5972,Diego Eliecer,Cruz Pérez,1976-01-14
5973,Katherine,Cardozo Rivera,1991-02-08
5974,Alexis,Ortega Castañeda,1990-07-08
5976,Andrés,Rodríguez Vera,1988-11-04
5977,Aldair,Loaiza Bernal,1985-02-18
5978,Alba Judith,Riascos Osorio,1989-01-30
5979,Cecilia,Rodríguez Parada,1976-08-02
5980,Luis Luis,Arévalo Sandoval,1981-01-16
5982,Alba,Hernández Chacón,1991-12-17
5983,Pedro Felipe,Riascos Gutiérrez,1981-02-06
5984,María Luz,Arboleda Delgado,1987-06-18
5985,Álvaro,Arrieta Arévalo,1967-03-17
5986,Alfonso,Correa Ariza,1968-11-10
5987,María,Rodríguez Villa,1986-04-04
5988,Aura,Padilla Morales,1991-05-09
5989,Anderson,Páez Vargas,1998-01-02
5993,Esperanza,Camacho Vanegas,1956-08-02
5994,Cecilia,Buitrago Díaz,1989-09-29
5995,Vanessa Rubén,Zapata Carmona,1971-03-03
5996,Margoth Susana,Salcedo Guevara,1988-07-09
5997,José Fabián,Arenas López,1982-01-16
5998,Alberto Arturo,Lara Cerón,1984-07-12
6000,José Alonso,Pérez Rodríguez,1991-01-25
6001,Fernando,Hernández Torres,1986-01-28
6002,Teresa,Niño Jiménez,1960-12-31
6003,Claudia Mariana,Valencia Herrera,1971-06-13
6004,Anderson Claudia,Silva Alzate,1969-04-20
6005,Angie Daniel,Caro Mora,1982-06-10
6006,Jhon Miguel,Villamizar Martínez,1956-01-29
6008,Gloria,Rodríguez Vallejo,1981-01-13
6010,María,Restrepo Palacios,1988-11-18
6011,María,Murcia Jaramillo,1996-06-02
6012,Gloria William,Martínez Moreno,2000-09-22
6013,Omaira Betty,Rojas Polo,1986-08-17
6014,Concepción Ingrid,Álvarez Orozco,1957-01-29
6015,Augusto Miguel,Manrique Romero,1960-04-09
6016,Ana Jhon,Ortiz Martínez,1995-11-29
6017,Felipe,Méndez Mendoza,1985-08-02
6018,Stella Esteban,Ruiz Villamil,1988-09-28
6020,Andrés,González Daza,1978-11-05
6021,Inés,Ramírez Perea,1959-07-15
6022,Alberto Luis,Valencia Torres,1996-04-26
6023,Luis,Cuéllar Londoño,1950-03-15
6024,Augusto Marlene,Perea Gómez,1995-09-11
6025,Marlon,García Ramos,1964-05-15
6026,Paola,Ospina Pérez,1975-10-01
6027,Juan Juan,Bohórquez Rojas,1966-03-29
6028,Cristian,Rojas Mosquera,1983-07-29
6029,María,Loaiza Torres,1973-05-16
6030,María,Pérez Rincón,1972-10-27
6031,Milena,Uribe Rojas,1965-06-06
6032,Patricia,Rojas Pérez,1992-11-19
6033,Sandra,Ortiz Mosquera,1979-04-10
6035,Alonso,León Castaño,1972-02-21
6036,Yulieth,Rodríguez Andrade,1953-06-07
6037,José,Jiménez Alzate,1965-09-17
6038,Mabel,Espinosa Martínez,1948-11-26
6039,Rosa,Hernández Espinosa,1960-01-16
6040,Luz,Orozco Benítez,1992-11-15
6042,Juan Santiago,Sepúlveda Zapata,1969-03-21
6043,Karen Liliana,Melo Vargas,2001-03-23
6044,María,Ospina Medina,1987-08-11
6046,Manuel,Herrera Molina,1961-12-25
6047,Isabel,Palacio Moreno,1987-03-22
6048,Rosa Fabián,Contreras Márquez,1989-09-10
6049,Cristian,Guzmán Figueroa,1955-10-30
6050,Isabel,Vélez Ramírez,1983-03-27
6051,Enrique,Aguilar Torres,1951-08-20
6052,Paola,Ortega Melo,1984-12-29
6053,Martha,Restrepo Jaramillo,1970-07-16
6054,Miguel José,Méndez Silva,1987-07-12
6055,José,Zapata Ardila,1985-04-15
6056,Harvey,Salamanca Vera,1985-07-02
6057,Alexandra,López Castaño,1959-05-18
6059,Luisa,Reyes Mesa,1979-12-12
6060,Alexander,Sánchez Mejía,1959-04-29
6061,Alberto,Hernández Córdoba,1973-12-24
6062,José,Martínez Ramírez,2002-12-07
6063,Omar,Daza Posada,1959-03-18
6064,Fidel Yina,Ordóñez Guerrero,1979-10-10
6065,María Iván,Hernández Bautista,1992-10-13
6066,Patricia,González Rodríguez,1991-12-01
6067,Gloria,Mosquera Sánchez,1985-05-19
6068,Brayan,Delgado Becerra,1962-07-03
6069,Claudia Lida,Orjuela Miranda,1971-05-24
6070,Santos,Salgado Forero,1965-04-29
6071,Carolina,Granados Salazar,1983-04-14
6072,Cristian Yolanda,Rentería García,1985-05-30
6073,Federico Gerardo,Ardila León,1994-08-14
6074,Mercedes,Suárez Marín,1980-11-29
6076,Stella,Ramos Valencia,1986-08-08
6077,Dario,Mosquera Muñoz,1973-12-21
6078,Augusto,Agudelo Castillo,1993-04-04
6079,Camila Miryam,Camargo Morales,1990-07-30
6080,Diego,Rojas Quintero,1967-11-12
6083,Cristian,González Valencia,1966-02-20
6085,Argemiro Ángel,Lozano Muñoz,1989-05-12
6086,Freddy Ruth,Mosquera Castrillón,1964-02-12
6087,Antonio,Valencia Hernández,1994-08-25
6088,Natalia Luz,Ramírez Amaya,1973-04-04
6089,José,Gómez Caicedo,1994-09-04
6090,Andrés Mauricio,Pérez Sánchez,1978-10-16
6091,Ángel Jhon,Serna Miranda,1987-10-20
6092,Óscar,Gallego Bolaños,1988-07-30
6093,Luz Jesús,Ayala Moreno,1981-05-27
6094,Ruth,Jiménez Mejía,1982-10-31
6095,Enrique,Hernández Carvajal,1990-11-25
6096,Yeimy Elías,Sanabria Ortiz,2003-06-26
6097,Esperanza Yenny,Padilla López,1954-06-17
6098,Luz,Martínez Ramírez,1974-06-21
6099,Janeth Patricia,Quintero Álvarez,1989-04-06
6100,Fernanda,Ramírez Álvarez,1965-11-05
6102,Olga Bernardo,Carvajal González,1972-11-11
6104,Joan,Roa León,1971-02-01
6105,Margarita,Sarmiento Barreto,1968-12-16
6106,Javier Betty,Ayala Cruz,1987-09-27
6107,Vladimir,Franco Caballero,1987-09-26
6108,Andrés,Giraldo Riascos,2001-05-18
6109,Myriam,Vargas Díaz,1989-04-16
6110,Carmen Karen,Vásquez Monsalve,1994-01-19
6113,Kelly Dayana,Calderón Rueda,1963-11-13
6114,Efrén,Padilla Ospina,1962-05-29
6115,Robinson,Hoyos Valderrama,1956-08-03
6116,Patricia Flor,Romero Granados,1983-11-19
6117,Claudia Luisa,Henao Ramírez,1997-09-29
6118,Juan Wilson,Rodríguez Silva,1985-06-17
6119,Arnulfo,Burbano García,1990-10-11
6120,Susana Armando,Contreras Posada,1990-09-20
6121,Edisson Sebastián,Villamil Gómez,1975-05-27
6122,José Juliana,Meneses Chacón,1981-02-26
6123,Paola Edinson,Restrepo Ramos,1990-09-20
6125,Lizeth,Rojas Gamboa,1996-11-11
6126,Julián,Mora Cárdenas,1976-11-23
6127,Fernando David,Vallejo Montenegro,1982-05-13
6128,Carlos,Ramírez Sánchez,1986-10-12
6130,Carlos David,Gómez Fajardo,1994-07-02
6131,Diana,Fernández Castillo,1965-10-29
6132,Sara Fernando,Henao Rueda,1961-10-22
6133,Elizabeth,Peña Cerón,1995-12-28
6134,Mary,Castro González,1984-01-16
6135,Claudia,Buitrago Ruiz,1990-10-02
6136,Karen,López Martínez,1987-10-02
6138,Edgar,Peña Tovar,1972-01-16
6139,Luis Alba,Yepes Restrepo,1973-10-22
6140,Rocío,Galvis Barrera,1994-11-28
6141,Camila,Ortiz Pérez,1955-08-23
6142,Luz,Daza Pérez,1955-07-07
6143,Carlos,Gómez Toro,1993-02-27
6144,Alexander,González Barreto,1970-07-28
6145,Andrés,Sánchez Correa,1966-04-30
6146,Michael,Gutiérrez Jaramillo,1986-06-06
6147,Santiago,Mejía Cardozo,2003-07-22
6148,Yenny,Guerrero Quintero,1988-11-15
6149,Edwar,Caicedo Ocampo,1987-05-02
6150,Fabián,Carrillo Barreto,1958-11-22
6151,Marcela,Parra Silva,1997-11-16
6152,María,Polo Barrera,1990-05-03
6153,Valentina,Moreno Jiménez,1977-11-02
6154,María Laura,Guzmán Jaimes,1974-07-12
6155,Víctor Yadira,Miranda Álvarez,2002-11-15
6156,Juan Diana,Guerrero Ceballos,1988-01-17
6157,Nelcy,Valencia Estrada,1978-09-07
6158,Ivonne,Rodríguez Hernández,1954-08-09
6163,Ángel Juliana,Gutiérrez Villegas,1955-08-23
6164,Eliecer Danilo,García Caballero,1975-12-30
6165,Sneider,Vargas Palacio,1998-12-10
6166,María,Orozco Jaimes,1991-11-10
6167,Isabel Carlos,Bonilla González,1986-10-28
6168,Lucía,Gómez Medina,1970-12-14
6169,Ángel Andrés,Rivera Ruiz,1993-08-26
6170,Wendy,Martínez Camargo,1998-12-26
6172,Leidy,Buitrago Rodríguez,1978-04-17
6173,Lorena,Flórez Blanco,1976-04-02
6174,Daniela Isabel,Agudelo Torres,1968-11-23
6176,Nohora,Arenas Calderón,1981-03-24
6178,Claudia Santos,Moreno Ruiz,1972-10-11
6179,Carmen,Herrera Valencia,1975-10-27
6182,Camila,Ospina Ruiz,1978-01-25
6184,Edith,García Sierra,1982-11-24
6185,Daniel Felipe,Mercado Álvarez,1976-03-13
6186,Fernando José,Rengifo Córdoba,1971-02-03
6187,Camila Fernando,Vergara Estrada,1965-09-06
6188,Beatriz Patricia,Rincón Restrepo,1981-08-17
6190,Mary,López Domínguez,1989-09-26
6191,César,Salas Jaramillo,1968-06-13
6192,Augusto,Galeano Duarte,1975-04-10
6193,Jaime,Ramírez Salas,1980-01-22
6196,Johanna Rosa,Duque Lara,1981-09-22
6197,César,Mosquera García,1975-08-30
6198,Judith Alberto,Correa Acevedo,1982-09-19
6199,Álvaro Fabián,Flórez Acosta,1989-05-14
6200,Lina,Arango Galvis,1946-01-05
6201,Patricia,Hurtado López,1980-04-18
6202,Javier,Chávez Morales,1990-05-10
6203,María,Velásquez Ortiz,1967-02-21
6204,Catalina,Angulo Pérez,1998-10-02
6205,Jackeline José,Aguilar Ramírez,1967-11-30
6206,José José,Aguilar Muñoz,2000-02-24
6207,Diego,Martínez Vera,1964-08-01
6208,Fidel Geraldine,Pérez Durán,1976-11-19
6209,Johnny,Ortega Álvarez,1955-01-20
6210,Alba,Álvarez Perea,1968-07-08
6211,Sandra,Pérez Villa,1981-11-16
6212,Astrid,López Sánchez,2004-10-23
6214,Omar,Delgado Hernández,1979-06-22
6215,Rocío Rodrigo,Ramírez Portilla,1974-05-05
6216,Leidy Óscar,Serna Ortiz,1966-08-26
6217,Cecilia Jhon,Parada Ariza,1989-09-14
6219,Aldemar Jerson,Gaviria García,1991-11-30
6220,Harold,Villamizar Ramos,1965-08-16
6221,Luis,Agudelo Mendoza,1960-06-08
6222,Carmen Alexander,Díaz Sánchez,1975-06-18
6223,Martha,Montoya Vásquez,1961-01-05
6224,Óscar Raúl,Parada Acevedo,1994-09-17
6225,Martín,Ruiz Escobar,1983-12-11
6226,Iván Iván,Rojas Murillo,1981-09-13
6227,Gilma Ana,Ramírez Silva,1964-08-10
6229,Segundo Josefina,Arango Gil,1999-02-27
6230,Marco Maribel,Contreras Caballero,1979-01-10
6231,Marlén Bertha,Duarte Rodríguez,1956-02-15
6232,Luz,Estrada González,2000-01-29
6233,Fernando,Ortiz Cabrera,2004-01-21
6234,Ximena Alberto,Monroy Rueda,1991-03-08
6235,Carolina,García Rincón,1979-03-22
6236,Dary Catalina,Ortega León,1989-06-03
6237,Edilson Aura,Castaño Gaitán,1989-02-16
6239,Luis,Velásquez Correa,1979-03-26
6240,Enrique,Angulo Sánchez,1969-04-19
6241,Felipe Edgar,Castaño Anaya,1988-08-27
6242,Andrés,Cantillo Figueroa,1964-07-03
6243,Juan,Guerrero Aguirre,1967-04-02
6244,Karen,Guerrero Guerrero,1989-05-25
6245,Isabel,Rodríguez Posada,1996-04-22
6246,Mauricio Michel,Restrepo Arenas,1956-04-30
6247,Óscar,López Velásquez,1985-04-03
6248,Sandra María,Ospina Ruiz,1987-06-28
6249,Martha,López González,2005-04-15
6250,Socorro,Rodríguez Amaya,1973-10-20
6251,Adriana,Padilla Montoya,1994-11-23
6252,Carolina Natalia,Cardona Ramírez,1967-07-10
6254,María Juan,Monroy Vergara,1994-05-20
6255,Yolanda,Gil Osorio,1979-02-15
6256,Carlos Cielo,Guzmán Orozco,1980-10-20
6257,Vicente,Mosquera Romero,1988-11-07
6258,María Albeiro,Delgado Henao,1955-05-31
6259,Alberto,Ceballos Sanabria,1973-10-31
6260,Luis,Serrano Buitrago,1963-04-10
6261,Sebastián,Narváez Fajardo,2002-06-29
6262,Yuly,Blanco Puentes,1974-02-10
6263,Carlos Ramiro,Alarcón Moreno,1986-02-22
6264,Yolanda Irma,Ceballos Serna,1998-02-21
6267,María Yenny,Sánchez Niño,1994-11-01
6268,José Carolina,Morales Espinosa,1976-04-10
6269,Carlos,Oviedo Pérez,1983-11-27
6271,Harold Esteban,Rueda Orozco,1977-06-15
6272,Santiago Andrés,Rincón Osorio,1997-10-22
6273,José Kelly,Núñez Castro,1976-05-28
6274,Nidia Mireya,Palacio Lozano,1965-04-25
6275,Sebastián,Sepúlveda Ríos,1983-11-14
6276,Daniela Isabel,Carrillo Ríos,1979-10-23
6277,Marco Luis,Galvis Ochoa,1975-01-24
6278,Javier Stella,Barrera Rivas,1963-06-15
6279,Augusto,Romero Cárdenas,1959-07-16
6280,Judith,Marín Montoya,1971-12-14
6281,Alexander,Ayala Gil,1970-08-16
6282,Luis Edilma,Zuluaga Caballero,1995-03-27
6283,María,Cardozo Figueroa,1970-10-07
6284,Juliana Claudia,García Fuentes,1990-10-08
6286,María Guillermo,González Mora,1987-03-15
6289,Eliana John,Arias Zuluaga,1989-07-08
6290,Lucía César,Garzón Ibarra,1973-05-22
6291,Elena,Velásquez Guzmán,1983-01-20
6292,Javier Yohana,Peña Galindo,1981-01-16
6293,Danilo,Rojas Posada,1986-12-10
6294,Angie Brayan,Galeano Flórez,1994-11-23
6295,Socorro Karen,Correa Gómez,1992-12-19
6296,Nohora Ángel,Castro Cárdenas,1986-07-08
6297,Ángel Nelson,Torres Muñoz,1966-04-21
6298,María,Hurtado Londoño,1984-06-25
6299,Yecid,Cruz Méndez,1968-12-20
6301,Fabio,Villegas Lozano,1979-11-22
6302,Luis Carmen,Ortega Hernández,1990-09-25
6303,Viviana,Mendoza Sánchez,1983-10-11
6304,Julio,García Vargas,1956-03-01
6305,María Alberto,Arango Molina,1983-04-17
6306,Olga,Muñoz Morales,1991-08-31
6308,Juan,Cortés Perdomo,1989-05-07
6309,Esther,Caballero Meneses,1981-04-25
6310,Marta,Fajardo Pinto,1987-05-04
6311,María,Gómez Cardona,1958-05-22
6312,Arnulfo,Torres Cardona,1978-11-08
6313,Patricia,Navarro Barrios,2000-11-13
6314,Luz Jesús,Ortiz Jiménez,1954-11-15
6315,Leonardo Antonio,García Pérez,1979-12-04
6316,Patricia,Montenegro Quiroz,1975-02-06
6317,Carlos,Mosquera Gómez,1974-08-17
6318,María,Miranda Sánchez,2002-12-17
6319,Aura Dolly,Rodríguez Tovar,1979-09-03
6321,Cristian,Herrera Pérez,1988-08-26
6322,María,Rodríguez Serrano,1989-08-22
6324,Libia,Torres Ardila,1974-09-13
6325,María Antonio,Gutiérrez Torres,1974-01-21
6326,Carlos,Hoyos Cruz,1972-09-18
6327,Segundo,Jiménez Restrepo,1993-03-18
6329,Elizabeth,González Bermúdez,1984-06-25
6330,Nohora,Marín López,1973-07-04
6331,Fernanda,Rengifo Gaitán,1953-02-06
6332,María Cristian,Santos Prada,1987-02-26
6333,Ricardo,Moreno Trujillo,1975-06-02
6335,Sandra Carlos,Bermúdez Quiroga,1992-03-24
6336,José,Daza Vargas,1949-04-30
6338,Andrés Fredy,Herrera Serna,1974-07-26
6339,Cecilia,Rodríguez López,1993-04-09
6340,Leonardo,Buitrago Flórez,1997-08-15
6341,Ernesto,Burbano Mosquera,1978-07-22
6343,Luisa,Muñoz Rodríguez,1959-12-08
6344,Laura Yasmín,Espinosa Gómez,1981-11-18
6345,Carmen Pablo,Riascos Rodríguez,1984-10-29
6347,Patricia,Arias Rivera,1994-06-15
6348,Aleida,Pérez Rueda,1990-05-05
6349,Joan,Fajardo Garzón,1973-04-25
6350,Federico,Acosta Bohórquez,1974-05-18
6351,Humberto Marina,Espinosa Peña,1990-02-17
6352,Camila,Fajardo Ospina,1983-03-29
6353,Andrés,Martínez Suárez,1985-08-01
6354,Carlos,Ruiz Villegas,1979-01-05
6355,Roberto,Díaz Mendoza,1992-03-02
6356,Benjamín María,García Martínez,1962-03-11
6357,Mauricio,Mora Herrera,1978-09-21
6359,Luis Cecilia,Peña Triana,1962-10-31
6362,Amanda Raquel,Cruz Pérez,1977-07-12
6364,José,García Santos,1991-08-26
6366,Fredy,Serrano Cáceres,1964-02-12
6367,Alexander Enrique,Sierra Calderón,1985-03-18
6368,Fanny Ricardo,Jiménez Moreno,2001-08-16
6369,Martha Marina,Jiménez Gómez,1998-03-20
6370,María,Castro Fernández,1978-07-03
6371,Ramón,Bernal Díaz,1984-02-29
6372,Ramiro Yair,Manrique Peña,2003-07-23
6373,Alex Johanna,Cortés Vega,1987-05-17
6374,Jairo Bryan,Rentería Perdomo,1964-01-28
6375,Magdalena Néstor,Martínez Amaya,1994-02-09
6376,Liliana,León Díaz,1977-10-09
6378,Luis,Jaramillo Álvarez,1979-09-09
6380,Martha Jairo,Molina Montoya,1996-02-20
6381,Nancy,Torres Álvarez,1985-12-05
6382,Lady Patricia,Hurtado Gamboa,1960-02-21
6383,Antonio,Toro Díaz,1967-03-07
6384,Jhon,Rojas Gómez,2001-02-06
6385,Judith,Correa Palacios,1986-09-13
6386,Luis Ximena,Solano Rojas,1973-05-17
6389,Lidia Ligia,Becerra López,1963-07-18
6390,Alix Camilo,Hernández Londoño,1960-08-08
6392,Karol,Carvajal Villamizar,1986-01-11
6393,Carolina,Rincón Ardila,1976-12-31
6394,Juan Daniel,Serna Gómez,1983-02-22
6395,Carolina,Guevara Moreno,1964-08-24
6396,Martha,García Moreno,1973-01-28
6398,Hilda,Herrera Lozano,2000-05-25
6399,Aura,Agudelo Suárez,1994-12-07
6400,Juliana Luz,Agudelo López,1974-05-10
6401,Aida,Castro Contreras,1966-02-10
6402,Juan,Cano Barreto,1989-09-01
6403,Francisco Olga,Marín Gutiérrez,1966-12-09
6404,Maritza,Forero Amaya,1971-08-01
6405,Camila,Barrios Angulo,1963-03-07
6406,Hugo,Hernández Rodríguez,1991-06-27
6409,María Richard,Rodríguez Pérez,1981-12-16
6410,Sara Luis,González Caballero,1965-09-16
6411,Katherine,Cifuentes Álvarez,1991-05-13
6412,Kelly,Vega Suárez,1983-05-20
6414,Miguel,Giraldo Zapata,1976-08-21
6415,Óscar Fernanda,Castro Díaz,1958-07-04
6418,Víctor,Duarte Gómez,1991-06-10
6419,Erika,Gallego López,1988-12-04
6421,Nohora,González Méndez,1987-03-30
6422,Luz,Agudelo Cárdenas,1977-07-14
6423,Martha,Ordóñez Hoyos,1988-07-16
6425,Fernando Paola,Ramírez Polo,1969-05-20
6426,Alexandra,Correa Narváez,1977-12-14
6428,Lucía,Pérez Martínez,1967-06-05
6430,William,Arroyo Mosquera,1990-10-08
6431,David Luis,Acosta Silva,1982-06-22
6432,Verónica,Loaiza Meneses,1995-09-01
6433,Ignacio,Montoya Martínez,1972-10-29
6434,Raúl Patricia,Molina Ospina,1980-06-09
6435,Luis Jorge,Torres Duarte,1983-07-10
6437,Mauricio,Pulido González,1978-02-06
6438,Ruth Augusto,Rodríguez Castillo,1980-02-28
6439,Aurora,Cárdenas Rodríguez,1976-04-06
6440,Esperanza,Martínez Pabón,1959-07-02
6441,Andrés,Medina Acosta,1965-06-17
6442,Angie Ariel,Osorio Córdoba,1983-03-20
6443,Luz,Moreno Díaz,1964-08-30
6444,Eugenia,Pineda Orozco,1966-04-26
6445,Teresa Alfredo,Olaya Osorio,1960-04-22
6446,Olga Carolina,Olaya Loaiza,1981-01-27
6447,Sebastián,Ortega Caballero,1956-07-14
6448,Alfonso,García Roa,1946-01-24
6449,Carlos,Suárez Gamboa,1996-09-20
6450,Angie Sandra,Padilla Espitia,1993-07-23
6451,Andrés Xiomara,Cuéllar Navarro,1994-01-21
6452,Jhony Walter,Vergara Cortés,1995-09-15
6453,Emilio William,Gil Manrique,1980-06-03
6454,Andrés,Ramírez Mendoza,1987-05-03
6455,Alejandro,Murcia Carrillo,1987-05-05
6457,Felipe,Uribe Ramírez,1975-08-11
6458,Ximena David,Gonzáles Palacios,1957-02-26
6459,Francy,Orozco Vélez,1997-07-12
6460,Santiago,López Ospina,1988-01-16
6461,Martha Jenny,Rodríguez Zapata,2001-03-13
6462,Isabel Blanca,Gómez Moreno,1957-07-20
6463,Rubén Diana,Vargas López,1987-12-28
6464,María,Castro Gaitán,1983-05-29
6465,José,Rodríguez Ramírez,1990-08-27
6466,Alexis,Padilla Giraldo,1972-06-20
6467,Yaneth,Alarcón Rojas,1976-10-21
6468,Manuel María,Mercado Loaiza,1968-11-05
6469,Miriam,Osorio Martínez,1981-06-19
6470,Ximena,Leal Moreno,1959-09-06
6471,Maira Luis,Rueda Romero,1978-05-26
6473,Carolina,Ortega Chávez,1998-09-17
6474,Shirley,Niño Álvarez,1956-01-10
6476,Inés,Díaz Ramos,1978-04-15
6477,Esteban,Ortiz López,1995-01-21
6479,Roberto,Meneses Gómez,1974-11-22
6480,Rosa,Cardona Moreno,1966-02-26
6481,Camilo,Álvarez Rodríguez,1976-04-22
6482,Edilma Nidia,Hernández Gómez,1991-11-12
6483,Isidro,Luna Rico,1986-12-29
6484,Amalia,Pineda Arango,1978-02-26
6485,Luz,Mora Pardo,1971-07-02
6487,Fabián Joel,Arenas Aguirre,1980-12-05
6489,Doris,Martínez Morales,1961-05-13
6490,Josefina Alicia,Díaz Medina,1981-04-27
6491,Stiven Pedro,Pineda Rodríguez,1955-05-22
6493,Armando,Duarte Rodríguez,1981-04-30
6494,Luis Daniel,Castro Bustamante,1986-04-08
6495,Fanny,Mora Giraldo,1990-08-01
6496,Enrique Margarita,Garzón Loaiza,1974-06-10
6497,Óscar,Palacios Mena,1990-03-25
6498,Carolina Rodolfo,Medina Gómez,1990-10-18
6499,Patricia,Zapata Méndez,1987-07-04
6500,Yaneth Adolfo,Hernández Loaiza,1989-12-26
6501,Luz,Salazar Arango,2001-08-25
6502,Lucía,Martínez Roa,1965-05-25
6503,Nora,Anaya Granados,1969-02-25
6506,Camila,Espinosa Rojas,1972-04-18
6507,Yurani,Peña Vargas,1989-03-09
6508,Jhon,Londoño Quintero,1973-02-20
6509,David,Torres Blanco,1987-04-28
6510,Magda,Martínez Moreno,1989-11-19
6511,Alexandra Alexander,Romero Valencia,1994-11-11
6512,Miguel,Contreras Medina,1972-03-12
6513,Sebastián,Valderrama Herrera,1976-11-06
6514,Aurora Luis,Torres Hernández,1981-05-22
6515,Luz,Barrios Álvarez,1990-09-19
6516,Alonso Ángela,Velásquez Pérez,1983-12-16
6517,Nubia,García Sarmiento,1980-11-08
6519,Jaime,Fonseca Pérez,1999-08-16
6520,Amanda,Herrera Parra,1995-11-21
6521,Leidy María,Fernández Páez,1995-10-06
6523,Natalia,Corredor Cardozo,1993-11-11
6525,José,Rodríguez Becerra,1988-03-25
6526,Duván,Castillo Ortiz,1998-10-07
6527,Samuel,Alzate Rodríguez,1976-10-13
6528,María,González Sánchez,1970-08-25
6530,María,Roa López,1977-07-19
6531,José,Molina Rojas,2002-04-08
6533,Nel,Obando Bohórquez,1981-11-11
6534,Derly,Osorio Escobar,1950-12-22
6535,Nancy María,Cifuentes Estrada,1976-08-27
6536,Jhon Eugenia,García Gaitán,1966-06-23
6537,María Socorro,Díaz Aguirre,1989-05-09
6539,Ofelia,Ruiz Orjuela,1969-01-01
6540,Iván,Delgado Anaya,1995-02-28
6541,Eduardo Sandra,Ibarra Torres,1994-05-03
6542,Liceth,Arenas Melo,1968-03-22
6543,Alicia María,Jiménez Páez,1980-05-15
6544,Jairo,Becerra Guerra,1976-03-31
6545,Alejandro,Ramos Tamayo,1966-02-05
6546,César,Camargo Beltrán,2006-03-07
6547,Stella Esteban,García Silva,1997-07-10
6549,Sergio Katherine,Castro Gómez,1962-03-14
6550,Mariana,Morales Cáceres,1992-07-10
6551,José,Monroy Alzate,1984-06-07
6552,Natalia,Rodríguez Gutiérrez,1965-03-23
6553,Katerine,Álvarez García,1985-02-01
6555,Roger José,Galindo Gutiérrez,1971-02-21
6556,Fabián,Bedoya Pérez,1988-02-03
6557,Sergio Gladys,Arteaga Pinto,1978-11-10
6558,Rafael Fernando,Martínez Granados,1981-03-16
6559,Juliana,Vergara Muñoz,2002-05-23
6560,Yaneth,Ortega Ávila,1973-11-01
6561,Marcela Daniela,Quiroz Pineda,1980-11-20
6562,Carmen Eder,Gutiérrez Fajardo,1977-06-24
6563,Javier Lina,Medina Giraldo,1990-12-05
6564,Juan,Osorio Murillo,1953-12-24
6565,Yulieth,Correa Muñoz,1968-10-31
6566,Rodrigo,Estrada Jiménez,1994-10-31
6567,María,Fonseca Ospino,1949-10-15
6568,Fernando Johanna,Giraldo Arias,1986-12-09
6569,Sindy,López Osorio,1992-04-30
6570,Efrén,Silva Silva,1968-08-07
6571,Martha,Cuesta Palacios,2000-10-29
6572,Rodrigo,Rangel Gómez,1989-04-25
6573,Liceth Gustavo,Núñez Ramírez,1993-12-31
6574,Paola Nathalia,Díaz Rincón,1963-06-29
6575,Rosalba,Sánchez López,1992-08-25
6576,Sergio,Solano Córdoba,1997-03-17
6577,Hernán,Silva Hernández,1981-06-09
6578,Elena Nel,Portilla Calderón,1992-07-06
6579,Sergio Sandra,Barrera Murillo,1986-04-28
6580,María,Saavedra Fernández,1979-09-03
6581,Héctor Omaira,Guzmán Flórez,1972-07-05
6583,Jorge,González Alzate,1982-06-25
6584,Mónica,Rojas González,1973-05-13
6585,Alexander Valentina,Arias Herrera,1994-11-19
6586,Armando Claudia,Suárez Herrera,1990-07-08
6587,Nohora,Alarcón Osorio,1979-02-07
6588,Eduardo,Mejía Rodríguez,1974-03-28
6589,Milena José,Morales Rodríguez,1946-07-20
6590,Yadira,Giraldo Vélez,2003-02-25
6591,Víctor Tulia,Peña Calderón,1980-09-11
6592,Luis Alexander,Bonilla Peña,1995-09-11
6593,Manuel,Valencia Orozco,1999-01-25
6594,Carol David,Barragán Arrieta,1996-08-29
6595,Manuel Daniela,Posada Ramírez,1996-09-24
6596,Alberto,Córdoba Montoya,1974-01-26
6597,Guillermo Luz,Hernández Castro,1979-04-13
6598,Antonio,Álvarez Angarita,1995-03-26
6599,José Alberto,Bolívar Durán,1981-04-12
6600,Piedad,Mena Ospina,1988-02-23
6601,Estiven Andrés,Arrieta Roa,1985-09-12
6602,Martha,Ochoa Bohórquez,1997-02-28
6603,Patricia,Bohórquez Beltrán,1981-03-06
6604,Jhon Héctor,Herrera Bejarano,1980-08-04
6605,Liliana Hugo,Ávila Castellanos,1974-08-11
6606,Santiago,Carvajal Mora,1981-06-26
6607,Jhonatan Nubia,Ojeda Martínez,1966-12-04
6608,Carlos César,Parra Márquez,1961-10-03
6609,Ismael,Agudelo Duque,1993-07-04
6610,Yolanda,Pérez Uribe,1969-01-31
6611,Andrés Alberto,Bolaños Muñoz,1962-08-30
6612,José,Castro Hernández,1973-11-14
6613,Diego,Flórez Delgado,1997-05-07
6614,Stiven,Cantillo Quintero,1994-07-02
6615,Juan,Posada Martínez,1987-05-22
6616,Alberto Jaime,Rodríguez Guerrero,1988-05-25
6617,Isaac Claudia,Mesa Silva,1987-12-13
6618,Eugenia Manuel,Rojas Gómez,1983-10-27
6619,Diego Dairo,Álvarez Castillo,1993-05-25
6621,Clara,Ceballos Henao,1980-12-04
6622,Margarita,Fernández Franco,1984-01-22
6625,Angélica,Cárdenas Velasco,1992-03-22
6627,Cecilia,Ramírez Díaz,1984-08-21
6629,Karol Julieth,Sánchez Vargas,1970-02-18
6630,Armando Fernando,Benavides Vera,1992-09-22
6631,Alberto Omaira,Morales Ayala,1972-11-27
6632,Nancy,Molina Garzón,1991-01-29
6633,Valentina,Rincón Luna,1997-05-01
6634,Esteban Luz,Álvarez Parra,1997-02-11
6635,Mauricio,Forero Rodríguez,1988-10-30
6636,Oswaldo,Álvarez Cortés,1957-08-13
6637,Humberto,Ochoa Ramírez,1966-11-12
6638,Julián,Ibarra Barreto,1990-08-05
6639,Adriana,Parra López,1981-11-03
6640,María Laura,Fernández Montenegro,2001-08-01
6642,Enrique,Gutiérrez Quintero,1977-11-24
6643,Andrea Tatiana,Medina Quiroga,1995-05-13
6644,Juan,Pérez Rojas,1977-03-15
6645,Gabriel Mabel,Arenas Ardila,1954-02-23
6647,Ana Andrés,Guerrero Pérez,1996-06-24
6648,Dora,Palacios Velásquez,1988-04-24
6649,Clemencia,Guevara Estrada,1981-12-05
6650,Amanda,Díaz Buitrago,1983-12-01
6652,Santiago,Vargas Salazar,1989-03-29
6653,Aura,Serna Parada,1996-11-09
6654,Felix Yesenia,Durán Suárez,1999-02-16
6655,Agustín Heidy,Rodríguez Camacho,1959-12-09
6656,Carolina,Molina Benítez,1982-08-18
6658,Antonio,Hernández López,1998-09-07
6659,Dario Carlos,Maldonado Nieto,1994-01-13
6660,Jaime,Vega Bohórquez,1981-03-26
6661,Orlando,Martínez Cano,1985-02-08
6663,Rafael,Cortés Orjuela,2003-02-05
6664,Manuel,Murillo Soto,1999-04-13
6665,Andrés,Arias Díaz,1968-06-13
6666,Zoraida Elías,Carvajal Gallego,1973-04-15
6670,Pedro,Martínez Díaz,1985-01-22
6671,Patricia,Londoño Gómez,1992-07-23
6672,César,Bejarano Reyes,1974-02-15
6673,Nubia Jorge,Estrada Quintero,1992-07-25
6674,María Jorge,Villamizar Ruiz,1992-11-26
6675,Leider Hernán,Gutiérrez López,1970-10-03
6676,Luis,Buitrago Rivera,1999-09-27
6678,Luz,Trujillo Torres,1997-03-21
6679,Leonor,Muñoz Muñoz,1952-10-08
6680,Luz Erika,Cuéllar López,1979-10-03
6681,Pilar,Maldonado Cuéllar,2006-10-22
6682,Damaris Lina,Tovar Flórez,1968-07-19
6683,Antonio,Rojas Torres,1968-11-04
6684,Inés,Meza González,1981-03-27
6685,Andrea,Franco Duarte,1977-04-17
6686,Rafael,Vélez López,1980-12-22
6687,Antonio,Arboleda Castillo,1986-07-15
6688,Manuel,Moreno Díaz,1990-10-12
6689,Liliana,Bautista Arias,1966-01-05
6690,Elías Camilo,Trujillo Orozco,1970-01-07
6691,Diego,Delgado Castaño,1977-03-02
6692,Carlos,Camargo Álvarez,1980-06-15
6693,Fernanda Rafael,Pérez Jiménez,1999-08-07
6695,Olga,Duarte Mora,1966-02-07
6696,Adiela,Morales Mora,1997-01-26
6697,Dora Carlos,Martínez Martínez,2000-04-22
6698,Camilo Omar,Arias Ángel,1981-07-23
6699,Emilse Daniel,Zambrano Betancur,1970-04-10
6700,Edwin,García Martínez,1975-05-30
6701,Carlos Beatriz,Pérez Velasco,1972-05-10
6702,Vanessa,Herrera Rubio,1974-04-16
6703,Anyi Rosario,Restrepo Ortiz,1996-01-05
6704,Sandra,Orjuela Guzmán,1987-11-04
6705,Daniela Alejandra,Arroyo Mercado,1945-10-13
6706,Alberto,Córdoba Peña,1984-08-28
6707,Elena,Patiño Gutiérrez,1968-11-06
6708,Luis,Roa Rodríguez,1983-12-17
6709,Jessica,Bustos Pedraza,1969-02-26
6711,Mario,Bolívar Ríos,1997-08-13
6712,Alberto,Manrique Hernández,1970-01-31
6713,Alexander,Muñoz Cuéllar,1970-02-24
6714,Mery,Correa López,1984-05-01
6715,Olga Juan,Andrade Bedoya,1979-03-04
6716,Carlos,García Rivera,1973-07-18
6717,Ligia William,Obando Tovar,1980-03-30
6718,Lizeth Jaime,Castillo Prada,1987-08-12
6719,Estella,Medina Polo,1949-03-10
6720,Nelly,Velásquez Maldonado,1998-05-06
6721,Ángela,Cruz Mesa,1983-02-18
6722,Alonso Patricia,Giraldo Morales,1998-12-28
6723,Lorena Astrid,Ortiz Figueroa,1978-08-28
6724,Patricia Paola,Salazar Marín,1960-10-11
6725,Santiago,Pérez Pérez,1980-11-18
6726,María Benjamín,Cardona Restrepo,1980-08-14
6727,José,Sánchez Riascos,1951-12-10
6728,Fernando,Rodríguez Vargas,1966-01-08
6729,María Margoth,Ortiz Villegas,1983-11-15
6730,Paula José,Suárez Ibarra,1965-09-18
6731,Emma Edwar,Ríos Chaparro,1958-02-15
6732,Karol,Moreno González,1970-05-23
6733,Eduardo,Suárez Rodríguez,1972-05-28
6734,Luis,Cárdenas Osorio,1972-03-27
6735,Martha,Parra Burbano,1983-10-14
6738,Daniela Magda,Zapata Lozano,1989-10-22
6739,María,Barrios Gómez,1997-10-21
6740,María,Morales Hernández,1999-01-11
6742,Danny,Ramos Triana,1981-10-13
6743,Luis,López Delgado,1953-09-24
6744,Rosa,Ardila Anaya,1997-05-15
6746,Sergio,Vargas Meneses,1976-05-06
6747,Milena,Hernández Ruiz,1984-07-04
6748,María Estefanía,Cabrera Corredor,1984-11-11
6749,Nancy Rosa,Osorio Pinto,1958-04-22
6750,María,Figueroa Alzate,1987-08-31
6751,Julián,Muñoz Barreto,1973-12-04
6752,Dora,Sepúlveda Velásquez,1998-03-23
6753,Aurelio,Polo Herrera,1981-06-02
6754,José Camilo,Meza González,1998-10-29
6755,Marta Luis,Marín Mosquera,1978-01-13
6756,Camilo,Palacios Acevedo,1999-08-07
6757,Marina,Gómez Ramos,1985-03-05
6758,Cristian,Jiménez Pérez,1975-10-30
6759,Javier Mercedes,Córdoba Barrios,1996-09-02
6760,Sofía Carmen,Vargas Correa,1998-09-09
6761,Andrés,Agudelo Ramírez,1994-11-22
6762,Josefa,Gaitán Alzate,2004-05-07
6763,Harold,Caro Rojas,1977-04-29
6764,Marina Michel,Franco Rojas,1990-11-24
6765,Alberto,Cruz Córdoba,1983-09-22
6766,Bibiana,Ospina Ruiz,1996-02-11
6767,Consuelo Daniel,Bravo Gómez,1968-02-04
6768,Antonio Fabiola,Suárez Castro,1998-10-12
6769,Gustavo,Acevedo Parra,1950-03-28
6770,Hernando,Rodríguez Quintero,1985-05-25
6772,Beatriz,Reyes López,1947-09-14
6773,Felipe,Gutiérrez Sánchez,1996-02-05
6774,Flor,Pineda Londoño,1954-06-03
6775,Esneider,Camacho Pérez,1958-03-20
6776,Jairo,Ríos Quintero,1962-06-03
6777,José James,Alvarado Méndez,1983-12-12
6778,María,Ortiz Guevara,1986-12-01
6780,Nancy Luis,Álvarez Vargas,1993-10-30
6781,David,Cárdenas Cardozo,1979-09-19
6782,Jairo,Rodríguez Uribe,2005-10-20
6783,Inés Marina,González Gil,1984-05-25
6784,Isidro,Sánchez Delgado,1989-10-14
6785,Luis,Mercado Londoño,1998-01-27
6786,Oliva Mary,Rivera Herrera,1964-05-24
6787,Julián,González Ramírez,1987-10-11
6788,María,Díaz Vargas,1963-09-25
6789,Marina,Álvarez Quintero,1960-12-08
6790,César,Ramírez Ortega,1995-12-27
6791,Melba David,González Barrera,1992-04-27
6793,Lucía,García García,1957-04-14
6794,José,Meneses Guzmán,1999-01-06
6795,Patricia,Trujillo Chávez,1989-12-15
6796,José Alberto,Díaz Palacios,1990-12-29
6797,Alcides,Pineda Gutiérrez,1991-09-13
6798,Doris Johan,Ospina Álvarez,1976-06-22
6799,Víctor,Sánchez Sánchez,1982-08-13
6800,Sandra,Velasco Cifuentes,1965-11-30
6801,Yamile,Fuentes Bermúdez,1985-05-23
6802,Manuel,Palacios Muñoz,1963-09-07
6803,Smith,García Vanegas,1989-09-19
6804,Santiago,Jaramillo Pinto,1973-11-28
6806,Gloria Carolina,Bustos Vélez,1983-04-20
6807,David Leonardo,Cruz Salas,1988-01-19
6808,Edward,Rengifo Murillo,1999-05-30
6809,Jesús,Galeano Ortega,1959-05-06
6810,Humberto John,Muñoz Mosquera,2003-08-04
6811,Leonardo Lorena,Romero Loaiza,1966-02-19
6812,Valentina,Perea Cabrera,1994-03-18
6813,Tatiana,Pinzón Muñoz,1991-11-26
6814,Irma David,Garzón Cruz,1974-03-01
6815,Marina,López Pacheco,1966-05-12
6817,Rubén Jhon,Cuesta Sánchez,1994-01-27
6818,Sergio,Álvarez Salazar,1973-04-26
6819,Francisco,Ortiz Ardila,1992-05-29
6820,Raquel,Franco Gutiérrez,1985-08-05
6821,Arbey Dolores,Aguirre Morales,1983-02-06
6822,Natalia Yenny,Zuluaga Calderón,1997-06-16
6823,Ángela,Arévalo Ramírez,1991-10-13
6824,Lucía Adalberto,Rodríguez Portilla,1991-08-01
6825,Yanet,Rengifo Obando,1960-04-08
6826,Paola,Guevara Ramírez,1969-06-23
6827,Doris,Acevedo García,1988-12-19
6828,Esperanza,Mejía Ospino,2005-01-26
6829,María,Bustos Mesa,1980-11-08
6830,Alexandra,Sánchez Pérez,1972-08-10
6831,Sonia,Arrieta Cruz,1963-06-21
6832,Jesús Socorro,Torres Vargas,2002-01-09
6833,Ángela Sebastián,Henao Solano,1978-01-06
6834,Ángela Carolina,Quiroz Vanegas,1952-01-12
6835,José Leidy,Mosquera Barrios,1990-08-04
6836,Jhoan,Acevedo Luna,1980-12-27
6837,Patricia María,Martínez López,1977-05-24
6838,Fernanda,Bermúdez Cabrera,1990-08-10
6839,Gabriel,Castillo Castellanos,1989-06-03
6840,Flor Leidy,Mosquera Quintero,1991-07-15
6841,Víctor,Silva Montoya,1986-09-02
6842,Orlando Sergio,Ruiz Salcedo,1989-06-10
6843,Isabel,Mosquera Martínez,1970-01-14
6844,Hernán,Ortega Hernández,1993-11-16
6845,Alberto,López García,1974-07-28
6846,Andrés,Guerra Torres,1988-08-30
6847,Rafael Blanca,Ortega Valencia,1978-03-22
6848,Adriana,Murillo Muñoz,1995-01-16
6849,Alonso,Martínez Gómez,1969-03-01
6850,Diana,Méndez Quintero,1998-10-17
6851,Fredy Jair,Ceballos Ortiz,1987-08-05
6852,Luis Yuli,Jiménez Rivera,1993-10-08
6854,Josué,Ospina Ramírez,1974-04-09
6856,José Sandra,Ochoa López,1966-01-13
6858,Alba Karen,Martínez Gutiérrez,1982-07-07
6859,Jairo,Ocampo Guevara,1987-05-21
6860,Fabián,González Mendoza,1973-08-27
6861,Juan,Molano Mercado,1970-03-15
6863,Karen Julio,Tovar Restrepo,1995-03-10
6864,Jenny,Moreno Cruz,1994-04-12
6865,Felipe María,Arévalo Rendón,2002-05-04
6866,Jean,Mosquera Gutiérrez,2000-02-02
6867,Jorge,Ortiz Acosta,1981-01-28
6868,Néstor,Sierra Arango,1982-11-13
6869,David,Velasco Arroyo,1984-06-15
6874,Andrés,Galeano Leal,1998-06-25
6877,Alonso,Calderón Narváez,1981-06-09
6879,Alexandra,Contreras Castaño,2000-01-04
6881,Jhoan,López Vargas,2000-06-26
6882,Alejandro María,Portilla Cerón,1981-12-29
6883,Leandro,Jaramillo Rico,1995-01-29
6885,José,Ortiz Delgado,1974-01-01
6886,Javier,Castillo Uribe,1963-12-14
6887,Johanna Andrés,Tamayo Gutiérrez,1989-09-24
6888,Antonio,Torres Rojas,1972-01-17
6889,Nancy Camilo,Tovar Serrano,1978-11-05
6890,Ingrid Doris,Vargas Pineda,1963-07-31
6891,Sindy José,Álvarez Arteaga,1974-07-13
6892,Sonia Lorena,Ramírez Valencia,1970-09-17
6893,Paola,Rincón Montes,1966-09-14
6896,Esteban Eider,Duque Leal,1981-11-04
6899,James,Arenas Bautista,2000-07-11
6900,Francisco,Cantillo Vargas,2001-10-01
6901,Karen Inés,Ramos Ceballos,1961-06-13
6902,Cristian,Salcedo Gamboa,1999-03-28
6903,Jesús,Meza Ramírez,1972-08-27
6904,Andrea,Ortiz Cifuentes,1962-03-04
6905,Carlos Marina,Mendoza Jaramillo,1952-10-16
6906,Gabriela Juan,Marín Carrillo,1995-06-08
6908,Rubiela,Cortés Luna,1954-04-24
6909,Sebastián Alejandra,Mora Sánchez,1982-11-26
6912,Fernando Luz,Rosero Rodríguez,1986-08-16
6913,Esther,Cuesta Ramírez,1984-07-16
6914,Orlando Alejandra,Bolívar González,1979-03-28
6916,Valentina,Rentería Ospino,1987-02-19
6918,Socorro,Barrera Sepúlveda,1996-11-13
6919,Mónica María,Alarcón Palacios,1990-02-21
6920,Mauricio,González Calderón,1980-02-12
6921,Rafael,Calderón Mejía,1997-06-30
6922,María,Camargo Buitrago,1978-12-19
6923,Cecilia,Tovar Vargas,1971-09-02
6924,Camilo,Trujillo Mejía,1976-12-09
6925,Nayibe,Puentes Ospino,1999-07-26
6926,Cristina Carlos,Velandia Ramírez,1958-09-05
6927,Leonor Ingrid,Bedoya Vélez,1982-11-16
6929,Luis Lady,Gutiérrez Jaramillo,1971-08-30
6930,Yina,Burbano Restrepo,1958-12-19
6932,Elena Martín,Camacho Quintero,1982-09-15
6933,Alberto,Páez Murillo,1981-07-27
6934,Cielo Luisa,Camacho Ávila,1980-10-11
6935,Margarita,Vera Escobar,1954-02-22
6936,Yudy,Pérez Peña,1973-11-21
6937,Camilo,Bohórquez Ramírez,1977-08-22
6938,María,Cárdenas Pedraza,1989-11-26
6939,Henry,Torres Bravo,2002-02-21
6940,Jesús,Vega Villegas,1964-04-26
6941,Andrés,Vargas Garzón,1963-07-09
6942,Inés,Ramírez Osorio,1970-12-06
6943,Bernardo,Rodríguez Mendoza,1951-09-23
6944,Javier,Cano Cabrera,1988-06-13
6945,Liliana Esteban,Muñoz Castro,1988-11-12
6946,Jhoan,Rueda Salazar,1988-10-18
6947,Aura,Rico Rojas,1977-06-13
6949,Juan,Ospina Benavides,1963-12-02
6951,Claudia,Angulo Duque,1976-05-26
6952,Stella Gilma,Castro González,1976-12-18
6954,Socorro,Delgado Miranda,1977-05-22
6956,Milena,Quintero Gil,2000-06-29
6958,Manuela,Jiménez Parada,1993-06-20
6959,Johana Leonardo,Restrepo Franco,1998-02-02
6960,Augusto Gregorio,Rosero Ocampo,1989-02-17
6961,José,Nieto Medina,1993-11-09
6963,John,Mena Sánchez,1965-06-02
6964,Alejandra,Martínez Sandoval,1950-10-27
6965,Jesús Carlos,Bautista Osorio,1987-07-11
6966,Alberto,Moreno Álvarez,1962-09-15
6967,Alexander Roger,Gómez Quintero,2003-01-09
6968,David,Villa Meneses,1986-04-22
6969,Elizabeth,Zapata Henao,1976-12-25
6970,María Felipe,Castro Buitrago,1984-10-18
6971,Enrique,Morales Bustos,1985-08-08
6972,Antonio,Peña Peña,1978-02-13
6973,Fernando Sergio,Gómez Sepúlveda,2001-07-13
6974,María,Hernández Mercado,1978-08-09
6975,Ovidio,Londoño Gutiérrez,1991-09-19
6976,Carlos Marleny,Mesa Lara,1980-07-09
6978,Beatriz Edison,Sepúlveda Parra,1970-12-02
6979,Eduardo Diana,Reyes Pineda,2001-09-04
6980,Cristian Yesid,Rodríguez Vargas,1996-06-05
6981,Claudia,Patiño Cárdenas,1974-08-05
6982,Marina Joaquín,Trujillo Melo,1962-03-02
6983,Jesús,Barrera Guerrero,1987-07-29
6984,Luis Enrique,Quintero Parra,1975-08-08
6986,Ángela,Cáceres Gómez,1973-11-12
6987,Elena Camilo,Alzate Carvajal,1984-04-03
6988,Pilar,Gutiérrez González,1971-03-04
6989,Lorena Tania,Orozco Silva,1998-02-13
6990,Dario,Solano Rivera,1987-02-13
6991,Maritza,Valencia Torres,1972-08-22
6992,Johana,Monroy Ayala,1986-11-12
6993,Mery,Correa Silva,1997-06-06
6995,Elsa Enrique,Toro Monsalve,2001-07-05
6996,María Susana,Bolaños Londoño,1968-05-28
6997,Sandra,Monroy Rodríguez,1987-10-27
6998,Cristian Miguel,Parra Valencia,1965-04-30
6999,Jhon,Cáceres Martínez,1972-04-14
7000,Óscar Ana,Montoya Rincón,1961-10-25
7001,José,Lozano Pinzón,1966-12-06
7002,Segundo,Luna Osorio,1993-03-26
7003,María Diana,Castrillón Vera,1960-07-23
7005,Isabel,Castro Pérez,2000-07-10
7006,Linda Ofelia,Parra Restrepo,1960-11-25
7007,Fernando,Beltrán Díaz,1985-11-26
7008,Mónica,Sarmiento Sánchez,1985-07-20
7009,Sandra Luis,Castro González,1985-01-24
7010,Carlos,León Fonseca,1977-03-12
7011,Helena,Blanco Sánchez,2002-02-21
7012,Camilo,Álvarez Ochoa,1986-02-21
7013,Esmeralda Eder,Ramírez Solano,1960-07-19
7014,Yesid,Pérez Rodríguez,1957-06-28
7016,Pedro,Martínez Hernández,1971-11-16
7017,Andrea,Gómez Restrepo,1974-12-14
7018,Luisa,Sierra Sepúlveda,1977-05-17
7019,William,Romero Ávila,1991-10-21
7020,Leidy,Gómez Ariza,1987-05-10
7021,Susana,Rodríguez Triana,2002-11-13
7022,Valentina María,Gómez Flórez,1962-03-11
7023,José,Castro Luna,1991-10-25
7024,Cecilia Juliana,Granados Aguirre,1963-04-10
7025,Wilmer,Carvajal Bermúdez,1990-04-28
7026,Piedad,Rodríguez Sánchez,2002-08-19
7027,Iris,Molina Arenas,1958-08-29
7028,Luz,Pérez Cantillo,1998-08-14
7029,Carlos Luis,Silva Cardona,1975-02-02
7030,Sonia John,Bedoya Álvarez,1980-06-21
7031,Eduardo,Giraldo Zuluaga,1994-09-08
7032,Rosa Diana,Mora Méndez,1990-09-18
7033,Javier María,Molina Hurtado,1981-03-28
7034,Alberto,Torres Correa,1987-02-04
7035,Andrea,Gómez Hurtado,1949-12-19
7037,Nohora,Camargo Narváez,1995-11-19
7038,Esteban,Fernández Ordóñez,1980-06-18
7039,Angélica,Salazar González,1992-07-28
7040,Yuly,Gallego González,1958-08-23
7041,Alberto,Ospina Gamboa,1974-12-13
7042,Sandra,Gaviria Medina,2000-08-07
7043,David Myriam,Hernández Torres,1977-04-27
7044,Alfonso Augusto,Caicedo Arenas,1990-02-03
7045,Alberto,García Carrillo,1996-04-08
7046,Uriel,Molina Duarte,1999-02-21
7047,Karol,Zapata Vega,1950-03-04
7048,Eugenia,Arias Mendoza,1994-02-13
7049,Francisco,Galindo Silva,1988-08-11
7050,Marcela Laura,Carvajal Ramírez,1982-12-08
7051,Juan,Caballero Pérez,1988-03-22
7052,Carlos María,Bernal Cardozo,1988-03-17
7053,Carlos,López Hernández,1984-06-29
7054,Marcela,Rodríguez Daza,1973-07-05
7056,Yulieth José,Muñoz Ortiz,2001-01-16
7057,Sofía,Quintero Monsalve,1987-06-20
7058,Libia Jorge,Caro Ramírez,1992-03-15
7059,Rosario Libardo,Niño Morales,1980-11-01
7061,Luis Alba,Cantillo Rodríguez,1953-08-23
7063,Carlos,Molina Zambrano,1979-01-26
7064,Martha,Barrera Rivas,1988-12-31
7065,Juan,Manrique Mosquera,1956-08-19
7066,Claudia,Salamanca Cifuentes,1999-06-15
7067,María Robinson,Fajardo Rubio,1976-04-26
7068,Martha,Morales López,1989-03-18
7069,Carmen Yesid,Arias Rojas,1999-07-15
7070,Laura,Rincón Ortiz,1987-06-30
7071,Jorge,Álvarez Rojas,1984-02-27
7073,César,Mosquera Murillo,1984-10-16
7074,Oswaldo,Castro Leal,1980-02-15
7075,Alfonso,Cardona Orozco,1990-07-03
7077,Juan Dario,Rosero Villegas,1962-06-11
7078,Orlando,González Rodríguez,1975-06-07
7079,Alfredo,Saavedra Molina,1968-01-25
7080,Luis,Díaz Gutiérrez,1977-03-26
7081,Yohana Mireya,Valencia Patiño,1974-03-20
7082,Felipe,Moreno Vanegas,1968-11-27
7083,Marina,Rivera Rojas,1989-05-02
7084,Gladys Nury,Hoyos Contreras,1983-02-23
7085,José Arturo,Vera Medina,1994-04-16
7086,Jairo Mario,Rojas Quintero,1971-12-02
7087,Luz Edwin,Sierra Ariza,1986-12-10
7088,Sandra,Castañeda Álvarez,1955-11-17
7089,Doris,Rincón Ríos,1963-09-15
7090,Hernán Gilberto,Mejía Jiménez,2000-12-20
7091,Eugenia,Ramírez García,1996-01-11
7092,Margarita Armando,Muñoz Moreno,1972-06-30
7093,Patricia Margarita,Acosta Gil,1980-12-26
7094,Ángela,Obando Cardona,1982-07-16
7095,Yaneth,González Gutiérrez,1995-02-04
7096,Dario Enrique,Marín Rodríguez,1994-06-11
7097,Elsy,López Ortiz,1999-08-01
7098,Andrea Óscar,Orozco Álvarez,1957-09-24
7099,Lorena José,Espinosa Torres,1993-09-24
7100,Jerson Javier,López Vera,1984-09-28
7101,María Samir,Díaz Padilla,1998-12-22
7103,Marta,Murillo Rojas,1987-09-30
7104,Agustín,Cruz Díaz,1989-08-23
7105,Yésica,Franco Uribe,1995-07-18
7106,Carlos Ángela,Martínez Castro,1957-11-01
7107,Natalia,Mora Soto,1965-05-19
7108,Fanny Julio,Fuentes Hoyos,1966-08-01
7109,Eliana Alberto,Soto Moreno,1988-04-23
7110,Carmen,Quintero Bonilla,2001-07-16
7112,Andrés,Rodríguez Mejía,1975-07-08
7114,Elena,Cuesta Trujillo,1959-10-11
7115,Milena,Cárdenas Cruz,1977-03-16
7116,Reinaldo,Moreno Díaz,2004-08-23
7117,Joel Jesús,Correa Romero,1955-08-01
7118,Andrés,Jiménez Castellanos,1995-02-11
7119,Jonathan Karol,Morales Díaz,1952-04-12
7120,Mauricio,Posada Tovar,1992-03-04
7121,Alirio Helena,Mendoza Ángel,1992-04-26
7122,Emma,Morales Jiménez,1981-07-01
7123,Lina,Ortiz Mesa,1961-01-25
7125,Miller,Londoño Restrepo,1963-08-06
7126,Yina,León Gallego,1986-11-20
7127,Juan Diana,Bermúdez Rodríguez,1984-11-08
7128,Gerardo María,Cortés Herrera,1987-01-07
7129,Esperanza,Becerra Serrano,1980-09-14
7130,Enrique José,Medina Herrera,1985-06-06
7131,Lina,Arias González,1989-11-22
7132,Edilma Yaneth,Montenegro Álvarez,1984-08-11
7133,José,Parra Aguilar,1994-12-14
7134,María,Rojas Henao,1960-07-31
7135,Amparo Mónica,Rodríguez Figueroa,1986-09-15
7136,David Víctor,Gutiérrez Torres,1965-03-31
7137,Fabio,Lozano Pérez,1969-08-10
7138,Dario,Hernández López,1993-08-25
7140,José Jhon,Muñoz López,1970-10-07
7141,Humberto Omar,Mendoza Gutiérrez,1984-10-05
7142,Alexander,Patiño Restrepo,2006-05-09
7143,Carlos Pilar,Jiménez González,1965-07-07
7146,Carlos,García Rivas,1952-08-20
7147,Isabel,Álvarez Vargas,1991-02-24
7148,Brian Nubia,Acevedo Moreno,1999-10-10
7149,Enrique Andrea,Arrieta Velasco,1954-10-18
7150,Germán Enrique,Álvarez Erazo,1986-08-17
7152,Diana María,Barrera Gómez,2001-10-11
7153,Armando,Álvarez Maldonado,1980-11-04
7154,Luz,Álvarez Vásquez,1975-03-28
7155,Rafael,Miranda Alfonso,1986-04-20
7156,Iván,López Hernández,1986-05-20
7157,Alfonso,Murillo García,1978-01-10
7158,Ana Damaris,Córdoba Vanegas,1998-08-11
7159,Mario,Giraldo González,1983-02-19
7160,José,González Guerrero,1975-07-23
7161,Carmen Rubiela,Olaya Díaz,1986-03-13
7162,Adrián Javier,Villa Quiroga,1972-05-21
7163,Mariela Jessica,Cardona Correa,1972-01-27
7164,Arley,Suárez Niño,1976-09-04
7165,Augusto,Pedraza Hernández,1981-04-27
7166,Leonardo,Alarcón Velasco,1984-10-05
7167,Alcira,Toro Gamboa,1984-08-24
7168,Johana,Patiño González,1970-01-04
7169,Catalina Cristina,Hoyos Torres,1992-05-06
7170,Alfonso,Jaramillo Velásquez,1991-11-29
7171,Dagoberto,Torres Suárez,1975-08-13
7172,Ruby Julio,Moreno Marín,1996-02-17
7173,Alberto,Forero Jaramillo,1998-12-07
7174,Martha,Durán Gil,2003-05-11
7175,Lilia Ana,García Ortega,1957-04-02
7177,Antonio,Castellanos Vera,1994-08-29
7179,Carlos,Mejía Rodríguez,1987-12-14
7180,Diego,López Mosquera,1994-03-17
7181,Xiomara Ana,Fernández López,1998-02-12
7182,Omar,Ochoa Rivera,1978-04-22
7183,Claudia,Rodríguez Ocampo,1980-01-21
7185,Guillermo,Ordóñez Ospina,1978-10-07
7186,Ariel Mariela,Saavedra Peña,1989-06-26
7187,Pedro,Espinosa Rivera,1957-02-18
7188,Mauricio Fernando,Rodríguez Gómez,2007-02-19
7190,Isabel Guillermo,Martínez Guerrero,1993-11-17
7191,José,Moreno García,1967-07-02
7192,Gloria,Silva Reyes,1996-11-06
7193,Cecilia León,Saavedra Serrano,1993-11-14
7194,Martha,Gómez Franco,1972-01-27
7195,Alexander Elías,Morales Restrepo,1972-12-15
7196,Emilia Darío,Gómez González,1971-08-21
7198,Wilson,Caicedo Bernal,1966-05-21
7199,Sebastián Lorena,Molina Mejía,1990-10-29
7200,Alfonso,Acosta Arango,1980-06-05
7201,Roberto Óscar,Ortiz Parra,1977-08-30
7202,Camila Hugo,Delgado Quintero,1987-05-28
7203,Óscar,González Cárdenas,1963-11-14
7204,Bibiana,Pabón Rojas,1971-07-02
7205,David,Martínez Bolívar,1995-10-24
7206,Diana,Muñoz Figueroa,1987-11-14
7207,Edison Antonio,Pérez Barragán,1960-07-22
7208,Johana Francisco,Moreno Ortega,1993-11-05
7209,Carlos,Rivera Álvarez,1972-06-07
7210,Alejandra,Gómez Patiño,1989-10-04
7211,Rodrigo,Beltrán Torres,1992-01-28
7213,Xiomara Sebastián,Niño Montenegro,1983-04-30
7214,César Mariana,Mosquera León,1995-07-02
7215,Walter,Carmona Jaimes,1992-10-20
7216,Amalia,Meza Vargas,1980-04-12
7217,Luz,Cárdenas Obando,1954-05-16
7218,Leidy Enrique,Caicedo González,1985-07-26
7220,Karen,Gonzáles Medina,2004-03-15
7221,David Carlos,Arévalo Velasco,1973-03-06
7222,Álvaro,Ospina Gutiérrez,1974-12-18
7223,Catalina,León Castillo,1972-01-21
7224,Jesús Humberto,Roa Sánchez,1984-10-19
7225,Felipe Carmen,Orozco Estrada,1998-08-31
7227,Eduardo José,Ortiz Pabón,1972-07-12
7228,Antonio,Arévalo Montenegro,2001-07-31
7229,Bryan Gilma,Carrillo Gómez,1988-04-07
7230,Isabel,Melo Vásquez,1966-09-29
7231,Antonio,Sánchez López,1966-10-24
7232,Manuel,Vargas Torres,1965-02-27
7233,Jesús,Díaz Vallejo,1976-11-27
7234,Dary,Amaya Acosta,1990-10-28
7235,Cecilia Leider,García Bustamante,1990-03-06
7237,Julián Robinson,Ríos Flórez,1976-09-06
7238,Carlos,Vergara Herrera,1975-04-29
7239,Silvia,Amaya Rodríguez,1984-03-21
7241,María Ana,Miranda Chaparro,1982-08-03
7242,Luis Norma,Rincón Franco,1957-10-01
7243,Lucía,Mosquera Díaz,1950-02-26
7244,Emerson,Andrade Cabrera,1991-01-03
7245,Betty Diego,Flórez Jaimes,1975-07-30
7246,Sandra,Torres Serrano,1989-11-14
7247,Edwin Jhon,Sierra Rodríguez,1948-10-06
7249,Sandra,Sierra Durán,1990-08-29
7250,Patricia,Salazar Barrera,1999-07-18
7251,Marina,Giraldo Salcedo,1992-11-28
7253,Luz,Caicedo Triana,1984-10-15
7254,Carolina Tatiana,Rosero Gutiérrez,1992-11-19
7255,Ángel Albeiro,Mendoza Córdoba,1978-12-03
7256,Alonso Sebastián,Vega Sánchez,1983-04-23
7257,Libardo María,Rengifo Pineda,1950-11-17
7258,Lilia Andrés,Parra Gutiérrez,1997-08-04
7259,Felipe Alejandra,Galindo Medina,1997-03-17
7260,Israel,Quintero Castro,1996-11-29
7261,José,Jiménez Muñoz,1989-09-01
7262,José Esneider,Rivera Lozano,1977-04-14
7263,Paola Magaly,Álvarez Hernández,1985-04-30
7264,Nancy,Caicedo Cano,1967-11-18
7265,Domingo Patricia,Rodríguez Ramírez,1999-12-17
7266,Milena,Padilla Parra,2003-12-26
7267,José Alejandra,Vargas González,2005-03-15
7268,Héctor José,Montoya Flórez,1980-05-25
7269,Julieth,Ruiz Tovar,1999-02-15
7270,Esther,Murillo Jiménez,1981-06-06
7271,Nury,Londoño Ríos,1955-01-17
7272,Nelly Ramón,Duarte Franco,1984-09-16
7273,Ximena Danna,Franco Lozano,1983-04-08
7274,Armando Laura,Vargas Méndez,1970-12-31
7275,Humberto,Castro Barrios,1986-04-09
7276,Betty Jimmy,Quintero Morales,1991-11-20
7278,Edward Luz,Rodríguez Pinzón,1973-04-07
7279,Manuel,Prada Acosta,1978-06-28
7280,Cecilia Yolanda,Gutiérrez Correa,1985-10-14
7281,Blanca,Martínez Gómez,1989-07-08
7282,Luz Fernanda,López Garcés,1985-10-27
7283,Edith,Caicedo Giraldo,1985-05-18
7284,Vanesa Consuelo,Murillo Carrillo,1980-03-27
7285,Dina Carlos,Bernal Pérez,1965-04-11
7286,Eliana José,Ramírez Rivas,1986-04-04
7287,Nelson,Hernández Becerra,1952-03-12
7288,César,Fernández Guerra,1981-11-21
7289,Daniel Jhon,Villegas Bonilla,1997-04-27
7290,Sneider,Torres Márquez,1984-05-29
7291,Augusto,Moreno Sánchez,1986-02-25
7292,Lucero Felipe,Martínez Parra,1999-08-06
7293,Alexandra,Cardona Morales,1997-08-22
7294,Luis,Ramírez González,1991-05-15
7295,Cristian,Jaramillo Ruiz,1995-03-19
7296,Andrés,Parra Giraldo,1964-01-27
7297,Yair Juliana,Franco Ortiz,1985-11-23
7298,Fernando Magdalena,Palacios Palacios,1994-04-12
7301,Sebastián Eliecer,Correa Martínez,2005-01-08
7302,Doris Jesús,Cuéllar Puentes,2004-07-02
7303,Yuly,Gutiérrez Gómez,1981-10-02
7304,Gloria Enrique,Barragán Mosquera,1962-08-06
7305,José,Hurtado Álvarez,1970-04-12
7306,María,Morales Fernández,1994-07-02
7307,Alexander,Suárez Méndez,1992-08-26
7308,Andrés Juan,Duarte Tovar,1987-12-08
7309,Ángela Milena,Cruz Acosta,1970-10-17
7310,Mónica Camilo,Niño Sánchez,1995-04-01
7311,Dario,Pedraza Duque,1974-02-05
7312,Jesús,Jiménez López,1988-03-02
7313,Katerine Andrés,Álvarez Rodríguez,1981-02-18
7314,Jorge David,Beltrán Gutiérrez,1990-07-03
7315,Jesús,Rodríguez Torres,1967-02-17
7316,Ángel,Narváez Salas,1997-07-14
7317,Wilson Luis,Daza Vergara,1980-09-15
7318,Tatiana Julio,Forero León,1993-02-12
7319,Amelia,Rincón Flórez,1988-07-31
7320,Ana Olga,Jaimes Sierra,1986-02-15
7322,María,Córdoba Romero,1967-06-15
7323,Alix,Rueda Aguirre,1971-04-12
7324,Sofía,Valencia Parra,1974-04-15
7325,Rubén,Corredor Castillo,1990-11-08
7326,Mary,Pérez Medina,1983-05-21
7327,María,Ballesteros Lara,1985-06-27
7331,Albeiro Hernando,Mejía Vanegas,1972-07-26
7332,Milena Carlos,Parra Uribe,1997-10-03
7333,Duván Edwin,Gil Montes,1984-11-29
7335,Augusto,Narváez Mosquera,1955-11-23
7336,Leonor Daniel,Vásquez Pineda,1976-05-11
7338,Sofía Cristian,Rivera Rivera,1969-11-03
7339,Cristian Jhon,Triana Hernández,1973-02-20
7340,Esperanza,Fernández Romero,1997-09-14
7342,Enrique,Páez López,2006-01-09
7343,Silvia Carlos,Mantilla Pérez,1997-10-04
7344,Diana,Montoya Lozano,1971-03-14
7345,Marcos,Mora Sierra,1961-12-29
7346,Victoria,Daza Méndez,1961-06-13
7347,Julio,García Salazar,1996-09-08
7348,Jairo Juan,Hoyos Narváez,1982-07-25
7349,Clara,Buitrago Orozco,1988-04-02
7350,Carlos,Fernández López,1984-07-17
7351,Jorge,Sarmiento Mercado,1968-10-05
7352,Augusto,Arenas Restrepo,1977-08-28
7353,Claudia,Suárez Rivas,1978-01-23
7354,Irene Cristian,Rojas Chaparro,1998-05-25
7356,Amparo Isabel,Sánchez Vallejo,1995-09-11
7357,Harold Dayana,Ortega Sánchez,1983-11-10
7358,Edgar David,Rentería Ramos,1988-10-26
7359,Stiven Leonel,Miranda Vanegas,1974-09-12
7360,María,Herrera Jiménez,1998-10-16
7361,Doris Magda,Sierra Duarte,1989-10-30
7362,Alicia Jorge,Méndez Montoya,2002-08-18
7363,Maribel,Herrera Mena,1998-10-25
7364,Elena,Rodríguez Guevara,1997-12-02
7365,Óscar,Díaz Jiménez,1991-11-08
7366,Patricia,Ortega García,1979-06-30
7367,Carmen,Castro Padilla,1995-10-08
7368,María,Flórez Pérez,1962-04-12
7369,Sandra Héctor,Camargo Pinto,1971-06-15
7373,Ángel Johanna,Ruiz García,1985-03-14
7374,Víctor,Tovar Ramírez,1987-11-23
7375,Rocío,Sánchez Bernal,1997-02-18
7376,Luis,López Figueroa,1966-05-19
7377,Andrés,Guzmán Álvarez,1993-07-16
7378,Sandra Jaime,Velásquez Agudelo,1992-09-12
7380,Diana,Suárez Moreno,1970-10-03
7381,Manuel,Becerra Acosta,1955-11-02
7383,Fernando Paola,Ardila Valencia,1977-05-28
7384,Pedro,Serrano Serna,1999-03-23
7385,Luis Franklin,Forero Rodríguez,1970-07-14
7386,Esteban,Marín Barrera,1973-04-13
7388,Felipe Paola,Jiménez Becerra,1997-11-27
7390,Verónica Sebastián,Rodríguez Muñoz,1960-06-24
7391,Yulieth,González Quintero,2000-09-04
7392,Ángel,Galvis Londoño,1986-04-14
7393,Francisco,Ocampo Caicedo,1977-11-06
7395,Johanna,Romero Castillo,1978-03-14
7396,Camila,Salazar Pinzón,1973-03-04
7397,Hugo Cristina,Trujillo Vargas,1969-05-03
7398,Diana Elizabeth,Buitrago Rodríguez,1991-05-24
7399,Lady,Ordóñez Riascos,1962-03-22
7400,Ruth,Giraldo Quintero,1970-06-12
7401,Alfredo,Muñoz Mora,1994-10-01
7402,Camilo,González Orozco,1968-04-14
7403,Carlos Luz,Henao Caicedo,1985-08-04
7404,Jorge Didier,Mora Lozano,1982-05-17
7405,Manuel Jimena,Quintero Ospino,1966-11-07
7406,Nelson,Guerrero González,2002-07-22
7408,Andrés Nathalia,Gutiérrez Cárdenas,1989-06-28
7409,Damaris Erika,Arias Niño,1966-04-17
7410,Alexander Jesús,Gaviria Acosta,1988-04-21
7411,José Arturo,Giraldo Mena,1978-09-08
7412,Adriana David,López Galeano,1989-12-14
7413,Juan,Ramos Pinzón,1985-11-03
7414,Germán,Zambrano Palacios,1964-11-10
7415,José,Guerrero Rivera,1966-06-06
7416,Luz Germán,Rodríguez Mesa,1973-03-10
7417,Alexander,González Naranjo,1980-12-28
7418,Elizabeth,Gómez Acevedo,1997-02-15
7420,Luis Carmenza,Benítez Quintero,1993-09-23
7421,Wilmer,Polo Vega,2000-12-03
7422,Blanca,Barrera Herrera,1948-10-11
7423,Fernanda José,Restrepo Torres,1971-01-02
7424,Jorge Xiomara,Alzate Rodríguez,1992-03-12
7426,Andrea,Guerrero Ordóñez,1975-12-18
7427,Claudia,Pardo Gómez,1991-03-22
7428,Maritza Andrea,Alfonso Rodríguez,1984-08-28
7429,Mateo Alirio,Ballesteros Aguirre,1989-10-27
7431,Luis,Carvajal Valencia,1984-01-29
7432,Katherine Sonia,Corredor Álvarez,1960-02-24
7434,Alejandro Román,Rosero Vargas,1982-03-10
7435,María,Rivera Herrera,1975-08-21
7436,Elkin,Luna Fajardo,1974-12-15
7437,Alberto,Blanco Bravo,1989-12-02
7438,Mónica Camilo,Cano Puentes,1965-08-03
7439,Jonathan,Jiménez Suárez,1952-04-02
7440,Dayana José,Pardo López,1982-02-04
7442,Marleny César,Ruiz Herrera,2004-07-28
7443,María Miguel,Montes Pinzón,1996-10-08
7444,Luz Antonio,Zambrano Cantillo,1956-09-22
7445,Camilo,Sánchez López,1983-07-12
7448,Claudia María,Nieto Londoño,1991-11-13
7449,Diana Fernando,Méndez Rodríguez,1999-01-28
7450,Marly,Hurtado Rodríguez,1979-08-07
7451,Esmeralda,Molina Betancur,1983-12-16
7452,Vanessa,Nieto Restrepo,1989-10-03
7453,Jacqueline,Osorio Díaz,1991-06-24
7454,Juan,Roa Ospina,1995-04-27
7455,Ángela,Torres Hernández,1996-09-10
7456,Luz Martha,Rodríguez Betancur,1996-08-30
7457,Miguel David,Bravo Ortiz,1993-11-12
7458,María,Patiño Velasco,1998-07-16
7459,Enrique Beatriz,Daza Cuesta,1982-06-26
7460,Raúl Fanny,Amaya Rubio,1993-08-01
7461,Rosa,González Pinzón,1999-03-10
7462,Juan,Salgado Flórez,1987-01-04
7463,Juan,Zapata Ramírez,1980-11-29
7464,Sandra,Vargas González,1969-07-02
7465,Felipe José,Vargas Restrepo,1983-04-23
7466,Patricia,Velasco Ceballos,1992-02-19
7467,Enrique,Rodríguez Salamanca,2004-10-28
7468,Vanessa José,Garcés Franco,1974-06-05
7469,Eduardo,Becerra Reyes,1983-07-30
7470,Angélica Emiro,Ochoa Quintero,1992-06-04
7471,Yolanda,Montoya Fernández,1985-10-24
7472,Mayerly,Vallejo Murillo,1973-11-14
7473,Ana Germán,Cruz Monsalve,1990-07-12
7474,Luz Walter,Polo López,2000-09-13
7475,Carlos,Muñoz Tovar,1988-04-16
7476,Mauricio,Ruiz Ortiz,1998-07-17
7478,Pablo,Rincón Ríos,1988-09-02
7479,Carlos,López Palacios,1965-07-08
7480,Isabel Laura,Ramírez Hernández,1975-01-11
7483,Ana,Velásquez Ríos,1989-10-16
7484,Jairo,Patiño Ramos,1983-01-31
7485,Manuel Blanca,Martínez Londoño,1970-03-27
7487,Tania,Restrepo García,1995-04-12
7488,Samuel Cecilia,Suárez Fonseca,1965-04-18
7489,Vilma Martha,Hernández Álvarez,1972-04-22
7490,Edith Miguel,Estrada Rodríguez,1966-06-09
7491,Carlos,Ruiz Silva,1963-02-02
7492,María Alba,Romero García,1958-12-18
7493,Fernando,Ruiz Medina,1988-05-06
7494,Juan,Quintero Londoño,1964-03-09
7495,Cristina David,Galeano Rubio,1950-01-08
7496,Manuel Armando,Cáceres Muñoz,1999-10-21
7497,Ferney,Vanegas Lozano,1960-05-14
7498,Andrés,Rodríguez Bravo,1987-11-07
7499,Diana Ruby,González Ardila,1982-11-25
7500,Antonio Andrés,Oviedo Melo,2001-03-17
7501,Nelson Valeria,Meneses Sánchez,1998-05-23
7502,Jorge Juan,Gómez Alfonso,1966-05-08
7503,Sonia,Alfonso Montes,1990-09-12
7505,Francisco Carolina,Jiménez Murcia,1968-09-02
7506,Valentina,Rodríguez Ortiz,1997-12-18
7507,Gina Milena,Corredor Sierra,1968-08-14
7510,Katherine,Hernández Caicedo,1993-06-08
7511,Mercedes,Rodríguez Salgado,1974-10-23
7512,Roberto Rosalba,Mosquera Luna,1977-11-02
7513,Antonio,Quintero González,1957-10-13
7514,Helena Juan,Ramos Ruiz,1996-12-07
7516,Jhon Emilce,Córdoba Torres,1973-01-16
7517,Julián José,Rubio Gonzáles,1963-03-24
7519,Vilma,Jaramillo García,1990-12-29
7520,Enith,Silva Martínez,1986-01-04
7521,Mireya,Medina Zapata,1991-03-11
7522,Andrés,Sepúlveda Cruz,1974-12-24
7523,Camilo María,Vélez Castro,1989-10-23
7524,Judith,López Gil,1962-06-28
7525,Harold,Méndez Vargas,1996-10-19
7526,Gabriel,Núñez Sánchez,1993-02-10
7527,Juan,Espitia Mosquera,1982-04-18
7528,Fernando,Sánchez Ortiz,1986-01-01
7529,Hermes,Henao Moreno,1989-11-25
7530,Cecilia Pedro,Rincón Rubio,1982-06-17
7532,Sergio,Suárez Orozco,1980-02-24
7533,Albeiro,Cortés González,1983-04-21
7534,Leidy,Rodríguez Osorio,2002-08-02
7536,Wilson,Bernal Hurtado,1987-07-10
7537,Juan Andrea,Rivera León,1997-04-03
7538,Miriam,Rodríguez Durán,1994-10-17
7539,Jefferson Yéssica,Pacheco Sánchez,1986-09-06
7540,Eduardo,Narváez Osorio,1969-07-28
7541,Alejandro,Pérez Romero,1984-11-14
7542,Fabián,Herrera Pérez,1992-03-13
7543,Olga,Ramírez Salamanca,1992-04-07
7544,Vanessa,Montes Duarte,1962-12-09
7545,Ángela,López Guzmán,1960-08-09
7546,John,Vega Vásquez,1958-12-02
7547,Diana,Sepúlveda García,1968-05-18
7549,Edgar Gloria,Morales González,2000-11-07
7550,Doris José,Velandia Torres,2004-07-08
7551,Claudia,Forero Bermúdez,1977-03-27
7552,Ángel Viviana,Vega López,2002-07-29
7553,Juan,Parada Caicedo,1981-10-04
7555,Evelio José,Marín Lara,1977-07-01
7556,Luis Reinaldo,Marín Bernal,1989-03-14
7557,Yamile,Gómez Rincón,1991-08-01
7558,Rubén Leidy,Bustamante Rodríguez,1982-10-31
7560,Yamid,Vargas Ochoa,1992-06-24
7561,José Fernando,Martínez Sánchez,1988-11-12
7563,Carmen,Guerra Rivas,1986-06-26
7564,Eugenia Andrea,Ríos García,1988-01-01
7565,Elías Milena,Álvarez Camargo,1966-08-17
7566,Leidy,Quintero Alarcón,1972-01-05
7568,Enrique,Castro Restrepo,1980-03-16
7570,Javier Daniela,Vallejo Ramírez,1963-01-15
7571,Marleny,Romero Rodríguez,1979-05-30
7572,Victoria,Quintero Correa,1992-05-31
7573,Rosa,Hernández Torres,1985-12-09
7575,Roberto Luis,Galindo Barrios,1994-10-22
7576,Patricia Alexis,Restrepo Patiño,1982-11-07
7577,Emilio Javier,Hernández Rojas,1963-06-20
7578,Augusto,Cifuentes Vega,1981-02-23
7579,Helena,Zuluaga Vásquez,1974-08-13
7580,Fernando Antonia,Mosquera Beltrán,1979-09-18
7581,Armando,García Arias,1995-10-01
7582,Andrés,Torres Sandoval,1986-06-20
7583,Susana,León Lozano,1975-08-17
7584,Angie,Galeano Suárez,1990-10-26
7586,Jorge,Jaimes Monsalve,1976-05-11
7587,Rosa,Sarmiento Arenas,1970-02-27
7588,Irene José,Contreras Martínez,1971-09-10
7589,Luis,Núñez Contreras,1977-12-10
7590,Liliana,Gutiérrez Garzón,1988-05-04
7591,María,Franco López,1992-02-09
7592,Martha,Perea Rodríguez,1998-05-10
7593,José,Gutiérrez Álvarez,1992-01-22
7595,Alejandra Edinson,Murillo Guerrero,1994-09-25
7596,Adriana,Moreno Ballesteros,1992-10-26
7597,Julián,Gómez Peña,1974-06-24
7598,Elena Jairo,Buitrago Gutiérrez,1997-06-17
7599,Carlos Rafael,Cardozo López,1993-04-27
7600,Alejandro,Mejía Méndez,1996-09-01
7601,Carlos Raúl,Angulo Londoño,1990-04-12
7602,Cecilia,Romero Benavides,1994-05-25
7603,Manuel,Ballesteros López,1998-10-22
7604,Luisa Eugenia,Contreras Díaz,1977-05-27
7607,Luis,Sánchez Pineda,1993-07-27
7608,Andrés Iván,Suárez Álvarez,1977-08-31
7609,Andrés,Cantillo Rojas,1993-02-23
7610,Carlos,Restrepo León,1968-04-20
7611,Luz,Contreras Henao,1974-09-09
7612,Norberto Dora,Gómez Molina,1987-10-12
7613,Alba,Reyes Orozco,1981-06-17
7614,Lucía,Molina Ortiz,1973-01-16
7615,Andrés Orlando,Salas Rengifo,1968-03-09
7616,Lilia,Franco Ortega,1997-07-08
7617,Adela,Cáceres Roa,1987-07-18
7618,María,Rodríguez Sánchez,1957-03-13
7619,Nubia Antonio,Arango Castillo,1966-11-03
7620,Edgar,Valencia Gómez,1966-06-30
7622,Francisco,Sánchez Ruiz,1952-10-06
7623,Paola Elmer,Castro Arias,1990-01-03
7624,Samuel,Cabrera Ojeda,1983-11-03
7625,Melissa,Morales Mora,1980-02-23
7626,María,Velásquez Ocampo,1976-07-14
7627,Juan,Martínez Calderón,1990-04-11
7630,Patricia Mery,Morales Obando,1958-07-07
7631,Luz Willian,Caro Jiménez,1979-10-16
7632,Francisco Andrés,Rodríguez Gil,1988-10-03
7633,Xiomara,Luna Loaiza,1995-01-27
7634,Camila,Mosquera Rincón,1973-11-06
7635,Milena,Posada Vélez,1979-11-08
7636,Héctor,Orjuela Martínez,1964-12-07
7637,José,Montoya Gutiérrez,1985-10-07
7638,Andrés Luisa,Sandoval Camacho,1959-06-20
7639,Henry,González Tovar,1963-11-22
7640,Viviana Martha,García García,1956-01-04
7641,Edith,Ojeda Barragán,1987-03-25
7643,Armando,Morales López,1990-11-03
7645,Carlos,Barrera Londoño,1949-01-27
7646,Carmen Natalia,Sánchez Muñoz,1998-07-28
7647,Margarita,Ojeda Hernández,1991-08-16
7648,Andrés José,Jaramillo Rico,1963-01-05
7649,Guillermo,Pulido Pérez,1962-12-14
7650,Luisa Hernán,Tovar Vergara,1987-02-18
7651,Bibiana Yurany,Flórez Reyes,1974-08-21
7652,Junior,Guerrero Guerrero,1978-11-08
7653,Uriel Mirian,Martínez Polo,1969-04-08
7654,Alejandra,Carmona Vega,1986-01-15
7656,Fabián Andrea,González Ortiz,1975-10-03
7657,Liliana Carlos,Palacios Hernández,1982-07-18
7659,Óscar Isabel,Quiroga Sánchez,1990-12-11
7661,Alberto Marcela,Alzate Padilla,2000-11-22
7662,Carlos,Martínez Navarro,1972-06-12
7663,Armando,Díaz González,1983-06-18
7664,Miguel,Prieto Alvarado,1955-01-18
7665,Alexandra Raúl,Gómez Peña,1964-10-10
7667,Augusto,Gaitán Vargas,1986-12-17
7669,Raquel Javier,Jiménez Velandia,1967-11-05
7670,Enrique,Murcia Murillo,1981-12-17
7671,Catalina Rosa,Gómez Pérez,1993-11-21
7672,Alejandro Diego,Jaramillo Castro,1994-05-04
7673,Amanda,Arias Rojas,1978-01-25
7674,Sandra María,García Restrepo,1984-04-18
7675,Andrés,Sánchez Rodríguez,1989-04-30
7677,Elisa Carolina,Mosquera Miranda,1989-06-14
7678,Steven Raúl,Cortés Gómez,1959-11-03
7679,Wendy Karen,Forero Ríos,1982-01-20
7680,Juan,Díaz Sánchez,1983-06-02
7681,Vanessa,González Hernández,1985-05-06
7682,Yuri Andrés,Pinto González,1957-07-28
7684,Rubén Elizabeth,Pineda Galvis,1979-09-14
7686,Jorge,Gutiérrez Figueroa,1983-01-26
7687,Dary,Romero Quintero,1965-12-26
7690,Mercedes,Hernández Gutiérrez,1977-04-30
7691,Carolina,Ruiz Castillo,1967-06-05
7693,José Humberto,Vargas Vargas,1971-11-28
7695,Alejandra Gloria,Gil Vega,1970-05-16
7697,Víctor Jhonatan,Serna Betancur,1963-10-25
7699,Norberto Óscar,Ariza González,1982-08-18
7700,Clara,Zapata Bermúdez,1987-02-26
7701,Guillermo Angélica,González González,1982-09-12
7702,César María,Villegas Ortiz,1979-10-13
7703,Cecilia Leidy,Fernández Martínez,2001-08-05
7704,Edgardo Inés,Erazo Herrera,1986-01-08
7705,Fabiola,Sepúlveda Rueda,1969-09-08
7706,Alberto,Quintero Jaramillo,1983-04-03
7708,Lucía,Navarro Mosquera,1973-06-14
7710,Leonardo Valeria,Mora García,1989-12-14
7711,César,Cruz Calderón,1990-08-22
7713,Sergio,Arévalo Hernández,1967-09-17
7714,Sara,Vargas Rubio,1962-07-05
7715,Ana,Velásquez Bermúdez,1956-02-04
7716,James Paula,Cruz Barrera,1971-03-08
7717,Claudia Andrés,Mena Figueroa,1974-04-27
7719,Enrique Maritza,Rubio Blanco,1980-02-18
7720,Milena Andrea,Ortega Mejía,1982-12-18
7721,Olga Humberto,Amaya Ramírez,1965-05-11
7722,Carmen,Rincón Daza,1986-11-25
7724,Jorge,Gutiérrez Sierra,1970-03-21
7725,Martha,Sánchez Delgado,1994-02-16
7726,Iván,Galeano Moreno,1991-01-22
7728,Lorenzo Andrés,Ariza Cruz,1969-10-28
7730,Gustavo Libardo,Blanco Correa,1957-08-14
7732,Daniel Vanesa,Alfonso Restrepo,1992-09-03
7733,María,Vergara Arias,1997-01-25
7734,Danna Jorge,Peña Oviedo,1985-10-01
7735,Luz,Jiménez Ortiz,1984-07-09
7736,Andrés,Cabrera Pacheco,1972-08-20
7737,Consuelo,López Miranda,1996-01-28
7738,José,Ortiz Torres,1973-01-09
7740,Jennifer,Ruiz Vega,2003-02-02
7741,Fabián Ferney,Díaz Hurtado,1992-08-01
7742,Alfonso,Ortiz Salcedo,1996-04-16
7743,Patricia,Gómez Reyes,1978-12-18
7744,Cristian,Miranda Lozano,1947-12-08
7745,Angie,Gómez Suárez,1997-01-17
7747,Dora,Agudelo García,1982-05-15
7748,Albeiro Gloria,Villegas Gómez,1986-05-27
7749,Mary,Ramírez Morales,1997-12-17
7750,Lucía,Zambrano Londoño,1978-01-05
7751,Yulieth,Barrera Vallejo,1975-03-04
7753,Juan María,Ortega Medina,1977-02-15
7754,Lucía Domingo,Pérez Villamizar,1992-12-07
7756,Juan María,Ospina Díaz,1983-01-11
7757,Sebastián María,Burgos Rivera,1981-08-24
7758,Inés,Díaz Orozco,1982-07-24
7759,Cristina,Zuluaga Martínez,2003-06-24
7760,Paola,Ospina Sánchez,1984-04-02
7763,Teresa Marcela,Díaz Gómez,1977-05-02
7766,Luis,Hernández Fuentes,1964-12-04
7767,Guillermo,Narváez Vásquez,1986-12-08
7768,Leider Olga,Restrepo Gómez,1975-09-17
7769,María,Álvarez Torres,1971-07-20
7770,Jessica Eugenia,Parra Valencia,1957-10-26
7772,José,Muñoz Salamanca,1987-10-13
7773,Elizabeth,Duarte Vargas,2002-01-07
7774,Manuel,Martínez Saavedra,1964-04-13
7775,Óscar,Arias Ardila,1969-11-24
7776,Diego,Mesa Tamayo,1998-07-13
7777,Amanda,Arévalo Espitia,1979-08-25
7778,Marisol,Quiroz Angulo,1995-01-25
7780,Paola Albeiro,Hernández Sánchez,1971-03-28
7781,Antonio Juan,Roa García,1971-10-16
7782,Victoria,Rincón Pacheco,1987-03-05
7783,Mercedes,Orozco Moreno,1990-05-16
7784,Alberto Hugo,Pulido Gutiérrez,1984-02-28
7786,Jorge,Gómez Suárez,1981-09-29
7787,María María,Hernández Rueda,1979-12-08
7788,Elena,Rueda Ortiz,1985-08-18
7789,Juan,González Rojas,2000-06-15
7790,Jennifer José,Ortega Ariza,1992-06-10
7791,Luis Eduardo,Patiño Martínez,1981-05-14
7792,Diego,Calderón Barragán,1960-07-16
7794,Marcos,Nieto Chaparro,1996-01-10
7797,Antonio,Duque Arango,2001-10-16
7798,Jesús Alejandro,Amaya Osorio,1978-10-02
7799,Carlos Andrea,Castaño Durán,1979-09-06
7800,Manuel Erika,Ariza Figueroa,1994-06-01
7801,Luz Carmen,Pacheco Álvarez,1992-09-09
7802,Luz,Giraldo Burgos,1984-10-24
7803,Martha Carolina,Parra Martínez,1989-10-24
7804,Victoria José,Ramírez Gómez,1994-09-23
7805,Andrea Margarita,Oviedo Gómez,1982-10-02
7806,Octavio,Díaz Cuéllar,1987-10-29
7807,Karina,González Díaz,1984-01-27
7808,Stella,Palacios Suárez,1982-11-29
7809,Javier Alix,Caicedo Salazar,1992-03-30
7810,José Manuel,Álvarez Acosta,1979-05-23
7812,Hernán José,Hernández Murillo,1999-04-05
7813,Jerson Jesús,Hernández Mejía,2002-10-25
7814,Liliana,Córdoba Arias,1989-05-15
7815,Diana,Niño Montoya,1987-05-07
7816,Ferney,Ríos Duque,1988-02-27
7818,Diego José,Vergara López,1991-02-20
7819,Hilda,Páez Gutiérrez,1985-08-12
7820,Ángela,Alvarado Martínez,1971-07-14
7821,David,González Salas,2001-09-04
7822,José,Mena Mejía,1983-04-06
7824,Mauricio,Ortega Medina,1979-04-06
7825,Martha Milena,Garzón Martínez,1994-04-26
7827,Eduardo,Muñoz Flórez,1989-07-03
7828,Adalberto,Romero Arévalo,1994-09-06
7829,Gonzalo,Arboleda Vásquez,1969-09-03
7830,John,Sierra Suárez,1992-02-15
7831,Lucía,Barbosa Sandoval,1970-06-05
7832,Mary,Álvarez Vallejo,1994-08-05
7833,Andrea Enrique,González Ríos,1962-09-14
7834,Leonel,Sandoval Rodríguez,1987-11-27
7835,Marcela Jorge,Moreno Barragán,1955-06-16
7836,José,Sánchez Morales,1981-07-15
7837,Edgar,Zambrano Gutiérrez,1996-08-09
7838,Luis,Sierra Herrera,1995-12-28
7839,Jaime Julieth,Cerón Reyes,1997-03-10
7840,Alicia Matilde,Torres Soto,2004-05-21
7841,Andrea Olga,Ordóñez Corredor,1980-11-26
7842,María,Jiménez Ortiz,1983-08-17
7843,Augusto,Jiménez Portilla,2000-06-20
7844,Mercedes Erika,Martínez Díaz,1992-01-30
7845,Juan,López Maldonado,1973-09-17
7846,Fernando Javier,Muñoz Flórez,1984-06-11
7848,Jenny,García Benavides,1964-11-01
7849,Luis Lucía,Cruz Ospina,2001-12-19
7850,Carlos,Beltrán Flórez,1984-11-04
7851,Ximena,Rodríguez García,1993-06-24
7853,Jesús Liliana,Cruz Moreno,1984-06-28
7854,Alberto,Sepúlveda Ortiz,1957-11-17
7855,Juan,Cáceres Vanegas,1990-01-28
7856,Alfredo Alfonso,Cantillo Ospina,1975-04-01
7857,Reinel Yaneth,Pardo Orozco,1977-01-14
7858,Harvey Ana,Ramos Romero,1959-02-05
7859,Luis Janeth,Hernández Beltrán,1967-09-28
7860,Pablo,Naranjo Pérez,1987-06-21
7861,José,Pinzón Gómez,1965-11-03
7862,Nidia,Sánchez Bejarano,1991-09-25
7863,Paola,Castrillón Ramírez,1965-12-06
7864,Elena,Bonilla Mosquera,1995-12-15
7865,Alexandra María,Pérez Jaramillo,1957-04-24
7866,Jader,Muñoz Martínez,1964-06-25
7867,Julieth,Álvarez Gil,2001-08-30
7868,Andrés Carlos,Burgos Gómez,1978-09-29
7869,Diego Duván,Rendón Orozco,1990-06-21
7870,Álvaro,López Hernández,1989-11-23
7871,Eliana Stiven,Restrepo Bernal,1949-10-17
7872,Yesid Estela,Villegas Osorio,1986-12-14
7873,Eva Mónica,Cardozo Morales,1978-02-12
7875,Amparo,Pinzón Ramírez,1978-04-16
7876,Ignacio,Rodríguez Díaz,1972-03-08
7877,Miryam,Valencia Pacheco,1991-10-26
7878,Andrés,Rodríguez Correa,1996-08-20
7879,Martha,Ortiz Benavides,1978-09-09
7880,Luis Juan,Estrada Ramírez,1967-04-09
7881,Mauricio,Rivera Marín,2000-09-26
7882,Héctor,Córdoba Beltrán,1970-06-12
7883,Nicolás María,González Gaviria,1984-07-29
7884,Hernando,Padilla Pérez,1990-11-12
7885,Carlos,Díaz Hernández,1991-08-17
7887,María,Restrepo Rodríguez,1961-02-15
7888,Lorena,Correa Bedoya,1993-08-15
7889,Ana,Angarita Rodríguez,1999-11-20
7890,Consuelo,Moreno Quintero,1989-01-29
7891,María,Velásquez Prieto,1974-03-23
7892,Milton,Bautista Pérez,1988-07-31
7893,Iván,Alvarado López,1999-10-03
7894,Hernán,Arango Peña,1973-09-15
7895,Teresa,Cuéllar Rosero,1980-12-19
7896,Alberto,Contreras Bravo,1986-04-18
7897,Miguel Angélica,Rivera Aguilar,1987-12-31
7898,Blanca,Gutiérrez Velasco,1978-10-12
7899,Alberto,Cárdenas Solano,1988-03-30
7900,María,Mendoza Riascos,1992-04-07
7901,María Álvaro,Gómez Bernal,1987-03-29
7902,Consuelo Karen,González Ortiz,1966-04-07
7903,Fabio,Ortiz Arenas,1983-02-05
7906,Leidy Alejandro,Guevara Rincón,1990-07-31
7907,Diana,Bustamante Ramírez,1990-12-24
7908,Katherine,Duarte Fernández,1993-09-12
7909,Mario Diego,Ríos Rojas,1998-10-23
7910,Carlos,Jaramillo Moreno,1998-04-13
7911,Juan Eugenio,Zapata Ibarra,1994-08-07
7912,Fernando Nidia,Pérez Salas,1974-05-24
7913,Raúl,Mesa Bautista,1975-03-18
7915,Andrés Constanza,Díaz López,1970-02-22
7916,Sandra Juan,Hurtado Perdomo,1957-05-02
7917,Tatiana,Salgado Naranjo,1959-12-07
7922,William,Agudelo Montes,1978-08-02
7923,José,Barrera González,1990-12-02
7925,Frank,Olaya Calderón,1983-04-28
7926,Héctor María,Mora Cruz,1998-07-21
7927,Armando Jesús,Anaya Bermúdez,1968-01-31
7928,Esteban Martha,Rodríguez Cardona,1989-08-25
7929,Jorge,Sánchez Castillo,1965-04-26
7930,Alfredo Ana,Torres Rivera,1965-01-11
7931,Tatiana Enrique,Vera Barrios,1978-05-24
7932,Daniela,Alarcón Gómez,1986-12-25
7933,Efrén Carolina,Blanco Beltrán,1990-04-27
7934,Fernanda Hernando,Jaramillo Galeano,1982-08-17
7935,Jesús,López Vargas,1988-09-09
7937,Luz Andrea,Sandoval Arias,1964-04-05
7938,Cristian,Pérez Beltrán,1986-12-07
7939,Ana Joel,Restrepo Ramírez,1978-03-13
7940,David Julia,Soto Vergara,1993-01-18
7941,Eugenia,Romero Toro,1979-08-20
7942,Rosalba,Bonilla Ocampo,1985-02-20
7943,José Wilmer,González Jaramillo,1984-05-22
7944,Hernando,Cruz Portilla,1987-12-16
7945,César,Mercado Mendoza,1982-03-13
7946,Carmen María,González Bolaños,1967-04-03
7948,María,Blanco Méndez,1959-11-28
7950,Luz Elena,Jiménez Romero,1996-02-23
7951,Miriam,Medina Londoño,1998-05-08
7952,Esther,Salazar Patiño,1964-08-31
7953,Mónica Jhon,Arroyo Suárez,1953-01-20
7954,Albeiro,Ríos Carvajal,1989-08-24
7956,Juan,Blanco Ríos,2000-12-02
7957,María Vanessa,Gallego Torres,1973-03-13
7958,Sofía,Castillo Ramírez,1979-10-15
7959,Mario John,Ortega Barbosa,1996-05-07
7960,Alexander,Ortiz Rueda,1982-03-26
7961,Leonor Johnny,Gallego Flórez,1985-11-17
7962,Gloria,Sandoval Parra,1970-09-10
7964,Margarita,Sánchez Córdoba,1985-11-06
7965,Ana María,Torres Cardona,2000-01-26
7966,Alfonso,Ocampo Molina,2004-06-23
7967,Mónica Angélica,Zambrano Mendoza,1990-05-24
7968,Yulieth Lisbeth,Herrera Serrano,1975-12-15
7969,Fernando Rafael,Flórez Flórez,1995-07-28
7970,Maritza Antonio,Tovar Martínez,1997-04-01
7971,Margarita Adriana,González Zuluaga,1995-10-11
7972,Elena Martha,Vega Guerrero,1964-12-09
7973,Sebastián Andrés,Ramírez Ríos,1990-08-16
7974,David Valentina,González Montoya,1989-08-26
7976,Marina María,Medina Mejía,1981-04-07
7978,Luis Stella,Ospina Rojas,1985-09-16
7979,Alexander Diana,Portilla Hernández,1986-12-19
7980,Miriam,Suárez Cáceres,1954-07-29
7981,José,Roa Romero,1972-05-12
7983,Sandra Elizabeth,Moreno Prada,1988-01-18
7984,Luis,Ramírez Alfonso,1989-10-03
7985,Antonio Alexandra,Castillo Galindo,1983-01-15
7986,Maritza,Camargo Sandoval,1993-11-10
7987,Paola,Mosquera Rodríguez,1969-05-07
7988,Alejandra,Torres Orozco,1968-09-23
7989,Antonio Viviana,Bedoya Ortega,2004-02-29
7990,Iván,Guerra Mejía,1987-02-21
7991,Jorge Cristian,Gil Vergara,1999-03-06
7992,David,Rodríguez Rentería,1987-08-08
7994,José Socorro,Martínez Pinzón,1985-11-26
7995,Luis Sandra,Rentería Becerra,2000-08-26
7996,Marcela,Cortés Navarro,2006-06-27
7997,Mercedes,Salcedo García,1982-08-18
7999,Eliana Carlos,León Orozco,1968-10-18
8000,María,Martínez Osorio,1990-03-20
8003,Jorge,Molina Villa,1971-06-21
8004,Didier,Cardona Ortiz,1993-01-19
8005,Alexander Juan,Jiménez Ortiz,1988-04-20
8006,Javier,Gómez Montoya,1993-01-03
8007,Fabián,Rojas Alfonso,2004-06-24
8008,Esteban,Torres Correa,1992-06-24
8010,Ángela Jair,Herrera Sarmiento,1977-11-29
8012,Natalia Aurora,Camargo Campo,1979-02-06
8013,Diana Julieth,Castro Hernández,1991-10-25
8014,Katerine,Orozco Núñez,1971-06-29
8016,Wilson,Ramírez Pulido,1983-05-05
8018,Natalia,Rojas Bernal,1968-09-08
8021,Margarita,Acosta Valencia,1996-04-04
8022,Judith Luz,Morales Melo,1997-05-17
8023,Ricardo,Calderón Salgado,1996-03-29
8024,Jeison,Correa Castro,1984-03-28
8025,Juan,Arrieta González,1997-02-11
8026,Andrés Felipe,Niño Morales,2002-05-19
8027,Jesús,García Morales,1952-05-08
8028,Patricia,Vargas Rodríguez,1984-11-04
8029,Daniela Marisol,Suárez Rodríguez,1986-01-23
8030,Segundo,Ochoa Suárez,1967-11-26
8031,Cristian,Pacheco Gaitán,1990-07-19
8032,Esther,Vélez Portilla,1982-02-26
8033,Juan,Sánchez Manrique,1999-12-23
8035,Esperanza Blanca,Navarro Díaz,1969-09-11
8036,Silvia,Hernández Mosquera,1981-11-10
8037,Ximena,Torres Caicedo,1961-07-06
8038,Mary,Castañeda Morales,1998-03-08
8039,Juan,Contreras Vanegas,2000-03-06
8040,Patricia Jorge,Galeano Reyes,1966-04-24
8041,Luis,García Bermúdez,1997-07-03
8042,Natalia,Carrillo Morales,1957-03-11
8043,Leidy,López Reyes,1978-04-06
8044,María Ricardo,Méndez Cardona,1980-05-08
8045,Fernanda Hilda,Barragán Arias,1991-04-02
8046,Marina,López Ardila,1997-09-09
8047,Fabio Ignacio,Morales Bermúdez,1976-12-14
8048,Mireya Jairo,Acosta Pérez,1969-05-13
8049,Johana,Gómez Ramírez,1972-09-09
8050,Rubén,Rodríguez Torres,1956-05-06
8051,Fredy Doris,Castañeda González,1992-09-02
8052,Johan,Rodríguez Martínez,1993-10-24
8053,Julio,Herrera García,1991-09-03
8054,Manuel,Pedraza Quintero,1982-08-04
8055,Orlando,Bejarano Carrillo,1981-04-05
8056,Arnulfo,Rivera Vargas,1991-09-06
8057,Eider,Palacios Gómez,1963-10-14
8061,Nicolás,Durán Serrano,2003-12-23
8062,Antonio,Martínez Gómez,1994-02-25
8064,Felipe Luis,Moreno Granados,1983-06-07
8065,Inés,Muñoz Ruiz,2002-06-01
8066,Marina,León Molina,1990-10-03
8067,Yineth,Castañeda Espitia,1968-12-07
8068,Ricardo Liliana,Arroyo Pérez,2003-07-18
8070,Carmen Judith,Quintero Correa,1968-12-09
8071,María Alberto,Muñoz Roa,1991-11-18
8072,Laura Cecilia,Acosta Gallego,1994-03-24
8073,Eduardo Felipe,Osorio Silva,1992-08-21
8074,Cristian,Contreras Leal,1976-12-22
8076,Angélica,Hernández Herrera,1969-06-20
8077,Alveiro Lucía,Gil Vásquez,1982-10-08
8078,Raquel,Ruiz Camargo,1997-10-02
8079,Milena,Vargas López,1973-08-16
8080,Francisco Alexander,Fernández Loaiza,1965-12-17
8081,Gladys Sergio,Ballesteros Rojas,1988-03-21
8082,Amelia,Díaz Arroyo,1969-02-13
8083,Matilde,Ruiz Mejía,1989-01-30
8085,Yamile,Blanco Beltrán,1984-09-29
8086,Esther,Cruz Luna,1958-08-02
8087,Edilson,Vargas Oviedo,1980-12-14
8088,Nelcy,Galvis López,1964-03-06
8089,Alba,Reyes Sandoval,1979-10-28
8090,María,González Mejía,1982-10-31
8091,Esther,Valderrama González,1990-09-14
8092,Fabián,Barreto Tovar,1995-07-19
8093,Carmen,Barrios Rubio,1998-10-11
8094,Claudia Camilo,Molina Mendoza,1998-05-04
8095,William,Barrera Andrade,1981-10-25
8096,Diana Wilmer,Gómez Martínez,1988-06-28
8097,Rocío José,Quintero Soto,1974-01-02
8098,Mario,Martínez Villa,1979-08-04
8099,Alejandro,Jaimes Rosero,1970-01-17
8100,Cristina,Martínez Puentes,1961-06-24
8101,Óscar José,Guerrero Calderón,1983-06-10
8102,Fernanda,Morales Gutiérrez,2000-10-14
8103,Dayana,Castro Herrera,1978-07-03
8105,Néstor,Roa Bejarano,1965-06-09
8106,José,Alzate Bedoya,1988-06-19
8107,Jairo Marleny,Guerra Espitia,1983-01-29
8108,Manuel,Gómez Mosquera,1993-01-07
8109,Luis,Alfonso Betancur,1987-05-05
8110,Ingrid Juliana,Cortés Carvajal,1974-10-17
8112,William,Jaimes Mosquera,1991-02-23
8113,Martha,Bernal Morales,1975-02-02
8114,Laura José,López Moreno,1965-06-18
8115,Miguel,Beltrán Guerra,1993-03-21
8116,Blanca Alexander,Sánchez Herrera,1988-04-14
8117,Karen Arnulfo,Álvarez Galeano,1963-11-18
8119,Elisa,Gutiérrez León,1972-11-12
8120,Clara Jorge,Sánchez Martínez,1964-09-01
8122,Ana,Hurtado Suárez,1992-07-14
8123,Mauricio Camilo,Ramos Ortiz,1978-01-26
8125,Alexander,Carmona Guevara,1983-08-21
8126,Concepción,Guzmán Serrano,1955-10-14
8127,Yina,Ortiz Pinzón,1992-12-05
8128,Olga,Gallego Castellanos,1987-07-19
8129,Aura Antonio,Espinosa Gutiérrez,2000-07-20
8130,Marleny,Arias Triana,1989-01-09
8131,Jaime,Duque Valencia,2003-01-01
8132,Brayan Armando,Burgos Burgos,1993-05-03
8133,Azucena,Rangel Navarro,1975-04-01
8134,Juan,Quiroz Patiño,2005-11-12
8135,Andrés,Camargo Perdomo,1989-07-08
8136,Aníbal Jonathan,Muñoz Ruiz,1986-03-14
8137,Eduardo,Castro Niño,1985-01-21
8138,Leidy Shirley,Solano Zambrano,1986-02-03
8139,Ana Andrés,Zapata Ríos,1976-10-02
8140,Cecilia Diego,Molina Rodríguez,1990-04-11
8141,Melissa,García Parra,1980-01-06
8142,Elizabeth Ana,Chacón Ortiz,1994-04-25
8143,Luis,Flórez Zapata,1978-11-28
8144,Gloria Carolina,Moreno Salazar,1996-05-19
8146,Claudia,Bravo Cardona,2003-10-07
8147,Andrea María,Álvarez Castro,1961-05-11
8148,Jorge,Restrepo Rodríguez,1959-07-21
8149,Cristina,Morales González,1972-07-16
8150,Martha,Cabrera López,1976-04-10
8151,Franklin,Trujillo Alvarado,1981-08-31
8154,Alberto Martha,Polo Maldonado,1976-03-01
8155,Edison,Duque Parada,1949-06-13
8156,Norma,Gómez Gil,1975-10-08
8157,Octavio Jesús,Sepúlveda Villamizar,1985-09-18
8158,Héctor,Arévalo Rodríguez,1996-11-11
8159,María,Roa González,1967-03-15
8160,Mercedes,Cifuentes Díaz,1980-12-03
8161,Stiven,Jaramillo Torres,1995-04-27
8162,José Cristian,Escobar Camacho,1954-05-04
8164,Juliana Patricia,Álvarez Nieto,1988-04-25
8165,Carlos Brayan,Galindo González,1999-10-14
8166,Stella,Romero Andrade,1985-11-29
8167,Oswaldo,Velásquez Londoño,1999-01-05
8168,Jhonny,Ruiz Ariza,1965-10-14
8169,Mónica,Ramírez Pérez,1964-11-23
8170,Henry Duván,León Suárez,1989-04-18
8171,Javier Nelly,Hoyos Carvajal,2005-03-27
8172,Patricia Dora,Barrios Cárdenas,1988-08-24
8173,Lilia Alfonso,Martínez Mantilla,2000-10-16
8174,Clemencia Fernanda,Álvarez Vargas,1995-03-18
8175,Carmen Luis,Ayala Pérez,2001-10-02
8176,Mónica Paola,Ramírez Moreno,1991-11-11
8177,Cristian,Rodríguez Torres,1976-03-11
8179,Carlos,Narváez Gómez,1962-11-22
8180,Martha Carmen,Acosta Gutiérrez,1999-02-25
8181,Jairo,Cárdenas Narváez,1984-01-23
8183,Felipe,Gutiérrez Ospina,1978-04-21
8185,Alfonso Johanna,López Martínez,1955-06-11
8186,Maicol,Ramírez Castro,1984-10-21
8187,Luis,Rentería Rojas,1993-06-11
8188,Claudia,Lozano Gómez,1964-12-01
8189,Omar Ana,Moreno Jiménez,1980-03-14
8190,Pedro,Ruiz Carrillo,1954-11-25
8192,Ángela David,Ruiz Morales,1994-01-06
8193,Andrés Alejandro,Díaz Moreno,1959-05-17
8194,Sebastián Luis,Vergara Delgado,1993-05-20
8197,Rodrigo María,López Valencia,1954-05-27
8198,Daniela,Salcedo Serna,1970-02-10
8199,Jorge,Martínez Rivera,1972-07-21
8200,Antonio,Guerrero García,1996-07-28
8201,Amparo Roberto,Pinto Sánchez,1964-05-08
8202,José,Pérez Alvarado,1976-05-25
8203,Emilia,Camargo Jaimes,1959-08-25
8204,Luz,Barrera Osorio,1991-11-20
8205,Derly Lucía,Ortiz Rodríguez,1973-07-23
8206,Hugo Milena,Pérez Mendoza,1994-08-05
8207,Armando,Moreno Molano,1961-07-23
8209,Leidy Jorge,Quintero Sepúlveda,1969-08-24
8211,Andrés,Rodríguez Beltrán,1974-07-19
8212,Sofía,Angulo Díaz,1973-04-04
8213,Antonio,Guerrero Mosquera,1992-05-22
8214,José,Hernández Guzmán,1992-11-12
8218,Carolina Vicente,Peña Martínez,1996-11-08
8219,Yolima Gonzalo,Tovar Acevedo,1981-01-30
8220,Enrique,González González,1971-05-05
8222,Paola Kelly,Medina Pinto,1999-09-18
8223,Mariela Gabriela,Peña Cifuentes,1970-09-18
8224,María Henry,Gómez Villa,1979-10-02
8225,Luis,Vargas Hernández,2004-04-08
8226,Olga,Zapata Moreno,1955-05-20
8227,Jacqueline,Pineda Barrios,1993-05-05
8228,Carlos,Trujillo Chávez,1976-12-15
8229,Liliana,Ramírez Torres,1992-04-02
8230,Mercedes,Cifuentes Quintero,1985-01-17
8231,Fredy Miguel,Figueroa Pérez,1996-02-19
8232,Alexander Alberto,Peña Sánchez,1992-02-19
8233,Yaneth Fidel,Moreno Valencia,1979-10-28
8234,Alonso,Henao Flórez,2002-09-04
8235,Manuel,Méndez Díaz,1979-08-25
8237,Richard Iván,López Anaya,1990-02-18
8238,María,Camargo Arias,2001-06-15
8240,Adolfo,Palacios Ramírez,1991-03-06
8241,Esther Luz,Suárez Camacho,1995-08-23
8243,Luz,Angulo Castellanos,1961-05-30
8244,Ángel,Morales Mena,1994-04-12
8245,Inés David,Meza Carvajal,1960-06-23
8246,David,Mena Miranda,1973-11-26
8248,Erika,Londoño Romero,1996-11-04
8249,Andrey,Díaz Acosta,1997-06-10
8250,Dagoberto Jairo,Márquez Suárez,1981-01-09
8251,Felix Francisco,Gaviria Vega,1985-08-01
8252,Bibiana,Salcedo Martínez,1984-04-10
8253,María Dario,Restrepo Reyes,1994-10-13
8254,Nelly,Bejarano Ayala,1991-01-15
8255,Pablo,Corredor Rosero,1993-01-23
8256,Pedro Eider,Zambrano Suárez,1983-03-24
8258,Elena María,Mosquera Tovar,1976-04-25
8260,Jhon,Melo Rodríguez,1995-01-06
8261,Eduar,Ramos Cano,1985-11-30
8263,Antonio,Castillo Muñoz,1986-04-06
8264,Daniela,García Londoño,1975-02-02
8265,Óscar,Pérez Hernández,1955-07-21
8266,Marcela Milena,Sánchez Garcés,1980-05-30
8268,Alexis Carlos,Jiménez Valencia,2001-04-09
8269,Milena Uriel,Rincón Carvajal,1982-06-05
8270,Fernando,Galeano Pérez,1994-01-28
8272,Luis,Saavedra Ángel,1987-10-23
8273,Víctor,Hernández Escobar,1959-01-27
8274,Fabiola Camilo,Bravo Rodríguez,1961-01-28
8275,Manuel Dary,Mantilla Vera,1974-07-26
8276,Susana,González Alfonso,1994-06-14
8277,José,Rodríguez Ramírez,1964-05-28
8278,Jhon,López Agudelo,1991-09-02
8279,Felipe Angie,Reyes Durán,1989-08-11
8280,Hernando,García Morales,1984-12-25
8281,Liseth,Moreno Reyes,1984-04-27
8282,María,Ramos Bernal,2000-03-09
8283,Sofía María,Fernández Jiménez,1988-12-25
8284,José Francisco,Herrera Osorio,1965-02-06
8285,Claudia,Sierra Agudelo,2001-02-01
8286,Arturo,Palacios Rodríguez,1998-11-20
8287,Omar,Aguilar Restrepo,1987-10-03
8288,Alberto Fernando,Ávila Hernández,2002-05-23
8289,Mónica,León López,2001-12-24
8290,Jairo Andrés,Muñoz Mena,1991-11-26
8291,Pablo Patricia,Quintero Alfonso,2002-04-21
8292,Carmenza,Toro Barrios,1970-01-21
8293,Rosa Isabel,Ruiz Torres,1988-04-03
8294,Camilo,Valderrama Restrepo,1995-02-08
8295,María Camilo,González Gutiérrez,1996-04-26
8296,Elena Enrique,González Zapata,1989-01-23
8297,Leonel,Rojas Escobar,1992-07-17
8298,Francisco,Arias Giraldo,1981-11-02
8300,Brayan,González Reyes,1985-11-23
8301,Lizeth,Reyes Amaya,1997-09-26
8302,Diego,Franco Muñoz,1982-01-13
8303,Alberto Carlos,Cortés Martínez,1994-12-22
8304,Julieth,Rojas Marín,1973-10-12
8305,Orlando,Rojas Vera,1987-07-10
8306,Luisa,Gómez Muñoz,1983-11-25
8307,Ofelia,Mosquera Sánchez,1980-10-19
8308,Agustín,Vargas Durán,1993-03-20
8309,Edgar,Betancur López,1982-05-12
8310,Nohora,Álvarez Peña,1982-07-18
8311,Manuel,Gamboa Carvajal,1977-10-30
8313,Andrés,Vargas Sánchez,1961-12-26
8314,Mario Viviana,Valencia Duarte,1991-07-02
8316,Betty Beatriz,Ramírez Vega,1986-12-09
8317,Claudia,Cifuentes López,1962-07-24
8318,Cecilia,Caicedo Osorio,1976-05-02
8319,José,Gutiérrez Rojas,1996-09-12
8320,Dahiana Nelson,Mejía Ramírez,1988-07-06
8322,David,García Arboleda,1973-04-22
8325,Jorge Marlén,Soto Torres,1953-08-08
8326,Margarita Beatriz,Espinosa Cano,1982-06-13
8327,Elizabeth Paulina,Daza Durán,1991-09-17
8328,Andrea,Jiménez López,1996-03-24
8329,María,Velásquez Ochoa,1985-09-10
8331,María Diego,Maldonado Camacho,1987-04-21
8332,Omaira Hugo,Medina Sánchez,1990-10-07
8333,Lorena Dario,Sepúlveda Perdomo,1988-06-25
8334,Luis,Camargo Londoño,2001-08-31
8335,Rosa Gloria,Bejarano Arias,1981-12-27
8336,Jaime César,Rivera López,1997-07-17
8337,Nelson Ruth,Londoño Gutiérrez,1953-01-19
8338,Ana,García Roa,1979-09-23
8339,Fernando,Rojas Medina,1999-10-25
8340,Cristian,Vargas Melo,1973-01-07
8341,Jesús,Rincón Carmona,1995-10-13
8342,Miriam Milena,Molina Pérez,1958-12-05
8344,Lucy,Romero Bautista,1987-07-08
8345,Claudia,Pinto Marín,1986-06-17
8346,Marina Alejandra,Torres Villegas,1987-06-28
8348,Gerardo,Garzón Arteaga,1960-04-01
8350,Óscar,Moreno Guerra,1963-12-08
8351,Carlos Eduardo,Meneses Ríos,1968-08-29
8352,Hernando,Ramírez Agudelo,1990-12-30
8353,Luis,Guerra Pérez,1985-11-27
8354,Ruth,Carrillo Pineda,1963-08-28
8356,Elisa Marcela,Arboleda López,1954-07-18
8357,Dora,Uribe Orjuela,1990-03-16
8358,Ramiro Alfonso,Rodríguez Zapata,1973-03-15
8359,Yair,Villa Ceballos,1978-11-21
8360,Clemencia,Rincón Martínez,1961-10-31
8362,Daniel,Alarcón Parra,1989-03-18
8363,Luis,Arias Vargas,1998-01-23
8364,Constanza,Medina Pinzón,1985-08-17
8365,Luis María,Aguirre Garzón,2001-06-07
8366,Andrés,Carvajal Tovar,1986-07-24
8367,María Sebastián,Rodríguez Velásquez,1997-09-13
8368,Carmen,Jiménez Mesa,1970-09-22
8369,Edgar Hugo,Bonilla Maldonado,1985-05-20
8370,Uriel Sebastián,Bernal Guerrero,1982-11-21
8371,Rodolfo María,Marín Lara,1968-04-28
8372,Natalia,Guevara Pineda,1991-06-13
8373,Hernán,Sánchez Rivera,1979-10-30
8374,Luis,Patiño Orjuela,1984-06-27
8375,Marcela,Gómez Córdoba,1989-09-17
8377,Néstor,Ochoa Jaimes,1992-02-24
8379,César,Rangel Bohórquez,1990-03-10
8380,José,Bedoya Martínez,1999-04-22
8381,Julián Blanca,Sánchez Guerrero,1988-11-21
8382,Jazmín,Agudelo Alvarado,1976-12-31
8383,Carlos José,García Guevara,1965-10-11
8385,Blanca,Ramírez García,1972-03-28
8386,Carlos,Narváez Ramos,1990-01-15
8387,Andrea Patricia,Alvarado Loaiza,1978-03-04
8388,José,Sánchez Suárez,1974-12-13
8389,Juliana,Domínguez Tovar,2002-12-26
8390,Joaquín,Chaparro Barrios,1980-02-04
8391,Alexis Marta,Gómez Ballesteros,1970-12-22
8392,Gloria,Cortés González,1996-04-09
8393,José Germán,Salazar Bonilla,1964-03-17
8394,Carlos,Soto Gómez,1978-08-23
8395,Francisco Martha,Castro Gómez,1970-01-19
8396,Alfonso,Vergara Díaz,1995-06-29
8397,Teresa Andrés,Moreno Cifuentes,1987-01-23
8398,Lucía,Espinosa Rodríguez,1962-05-23
8399,María,Calderón Moreno,1986-05-25
8400,Gladys,Ruiz Flórez,1981-09-30
8401,Gilma Enrique,Sepúlveda Puentes,1994-06-16
8402,Felipe Pedro,Barragán Domínguez,1991-11-10
8403,Juan Alberto,González Rodríguez,1973-08-03
8404,Diego,Hernández Ariza,1988-07-29
8405,Adalberto,Loaiza Guevara,1988-10-24
8406,Germán,Jaimes García,1997-11-29
8407,David Fernanda,Pérez Durán,1980-10-05
8408,Camilo,Pineda León,1980-02-20
8409,Cristian,González Ruiz,1965-12-29
8410,Socorro Juan,Ramírez Muñoz,1983-03-02
8411,Martha,Palacios Ramírez,1978-11-05
8412,Edwin,Delgado Mora,1967-01-20
8413,Alfonso Carlos,Fernández Duarte,1955-01-31
8414,María,Villamizar Agudelo,2000-06-09
8415,Laura Ovidio,Trujillo Parra,1995-04-01
8416,María Carolina,Navarro Correa,2002-06-06
8417,Rosa José,Salcedo Guzmán,1981-01-25
8418,Edith,Martínez Vergara,1972-08-20
8420,Isabel Irma,Barrios López,1975-03-20
8421,Luisa,Pérez Pedraza,1974-05-20
8422,Francisco,Gil Martínez,1976-07-15
8423,Alejandro,González Tovar,1985-02-05
8424,Camilo,Sánchez Salazar,1999-06-11
8425,Andrea Alberto,Giraldo Campo,1961-09-18
8426,Hernán Antonio,Hernández Alzate,1988-07-30
8427,Hernán,González Rincón,1994-10-24
8428,Luz,Figueroa Gonzáles,1953-07-01
8429,Tulia,Rodríguez Loaiza,1965-07-07
8430,Luis Andrés,Torres Aguilar,1994-08-01
8431,Efrain,Cano Marín,1989-05-24
8432,José,Hernández Serrano,2006-10-21
8434,Marlon,Rengifo Jiménez,1993-03-16
8435,Victoria,Fernández Suárez,1970-06-09
8436,Fredy,Ramírez Villamizar,1990-04-13
8437,Aura,Quintero López,1997-06-22
8439,Joan,Arango Ochoa,1988-08-24
8440,Marcela Elizabeth,Pacheco Córdoba,1968-04-30
8441,Francisco,Hernández Bedoya,1978-09-21
8442,Enrique Claudia,Padilla Fonseca,1986-07-26
8443,Luis Willian,Reyes Medina,1985-06-12
8445,Clara,Agudelo Pabón,1964-11-30
8446,Fredy María,Miranda Castrillón,1969-01-23
8447,Alberto Óscar,Peña Vásquez,1964-05-25
8448,Diana,Zapata García,1992-11-19
8449,Eliecer Estefanía,Mejía Bernal,1985-10-08
8450,Jhon Yaneth,Roa Zuluaga,2002-11-07
8451,Orlando,Fuentes Palacio,1990-04-03
8452,Teresa Edgar,Acevedo Guevara,2003-05-24
8453,María Mauricio,Uribe Pérez,1977-10-17
8454,Luisa Andrés,Hurtado Hernández,1994-04-01
8455,Jorge Fernanda,Sánchez Acevedo,1982-11-23
8456,Armando,García Orozco,1990-06-24
8457,Andrés,Toro González,1991-04-05
8458,Camilo,Burbano Villamizar,1994-05-31
8459,Víctor,Guerra Ramírez,1995-02-21
8460,Jorge,Cardona Pérez,1985-05-19
8461,Santiago,Palacios Puentes,1993-04-02
8463,Jennifer,Torres Arias,1989-12-30
8464,Judith Alejandra,Aguirre Álvarez,1991-11-22
8465,Laura,Hernández Sánchez,1993-04-02
8466,Martha Daniela,Gómez Montenegro,1956-10-08
8467,Juan,Ochoa Salazar,1961-12-25
8468,Alonso,Murcia Peña,1988-12-24
8469,Ana,Ríos Meneses,1962-10-15
8470,Elsa,Acevedo Jaimes,1977-08-12
8471,Jorge Fredy,Pérez Martínez,1986-06-04
8474,José Aldemar,Quintero Páez,1996-05-01
8475,Josefa,Rodríguez Rodríguez,1992-05-18
8476,Alberto Leidy,Blanco Castro,1997-05-26
8477,Alfonso,Romero Vega,1991-06-04
8478,Maritza Enrique,López León,1972-02-10
8479,Carolina,Gómez Mesa,1991-07-05
8480,Fabián,Herrera Muñoz,1995-10-28
8481,José,Ortega Hernández,1965-03-27
8484,Leonardo Marcela,Durán Bedoya,1994-08-06
8485,Edwin Fernando,Torres Bautista,1993-06-17
8486,Jhon Mónica,Garzón Páez,1982-02-06
8487,Iván,Camargo Gómez,1990-06-14
8488,Mónica,Pulido Hernández,1953-02-09
8489,Jesús,Arévalo Ocampo,1972-11-05
8490,Humberto,Zapata Becerra,1988-05-21
8491,Javier,Benavides Romero,1984-09-27
8492,Carlos Claudia,Guerrero López,1980-04-18
8493,Yaneth Andrea,García Jaramillo,1959-06-28
8494,Alveiro,Pérez Rodríguez,1992-10-17
8495,Olga Alexis,Vallejo Blanco,1962-12-16
8496,María,Patiño Pérez,1956-01-02
8498,Alexander Norma,Espinosa Ocampo,1994-12-01
8499,Javier,Romero Rodríguez,1982-05-27
8500,Andrés,Barrera Betancur,1985-04-30
8501,Nelly,Mendoza Agudelo,1993-03-20
8502,María,Suárez Gómez,1970-05-22
8503,Luz Diana,Pinzón Ramírez,1985-10-26
8504,Ángela María,Caicedo Suárez,1999-12-25
8507,Jesús,Pineda Restrepo,1985-10-14
8508,Jesús,Navarro Rueda,1994-08-17
8509,Mariana,Martínez Aguirre,1994-07-24
8511,Jaime Yaneth,Hernández Martínez,1980-04-12
8512,Clara,Torres Caicedo,1996-06-04
8513,Elena,Burbano Bernal,1991-09-18
8514,César,Hernández Pérez,1962-06-01
8515,Hugo,Palacio Serna,1987-03-09
8517,Franklin Leonardo,Rojas Velandia,1998-03-14
8518,Carlos María,Molina Trujillo,1966-10-09
8519,Jhon,Cárdenas Luna,1983-12-23
8520,Luis,Gómez Gonzáles,1964-11-27
8521,Luis Elkin,Rodríguez Hernández,1982-08-07
8525,Lorena Jhoana,Valencia Salazar,1978-04-11
8526,María,Gómez González,1986-12-10
8527,Rosa,Mena Jaramillo,2000-05-15
8529,María,Polo Blanco,1986-05-08
8530,David,Ospina Suárez,1992-01-01
8531,José,Méndez Gómez,1992-02-23
8532,Eduardo Alejandra,Parra Martínez,1989-05-12
8533,Luz Luis,Vélez Barrios,1993-11-19
8534,Francy,Bastidas Díaz,1980-07-13
8536,Blanca Antonio,Parra Garzón,1987-11-13
8537,Yeison César,Ríos Rojas,1997-07-05
8538,Andrés Lorena,Trujillo Durán,1991-10-03
8539,Alfredo,Suárez Contreras,1989-06-22
8540,María,Becerra López,2000-03-07
8541,Alfredo Enrique,Londoño Palacios,1996-07-26
8542,Katerine,Parra Sánchez,1995-06-03
8543,María,Zambrano Domínguez,1954-08-30
8544,Nubia Angélica,Cantillo Loaiza,1987-12-30
8545,Marlene Alexander,Vanegas Lozano,1985-01-27
8546,Ángel,Bonilla Díaz,1987-12-20
8547,Nataly,Cabrera Torres,1992-04-01
8548,Nelcy,Zapata Osorio,1996-09-01
8549,Carlos,Sierra Escobar,1994-04-02
8550,Roberto,Moreno Vargas,1979-08-27
8551,David Fernando,Villamizar Franco,2002-04-04
8552,Alexander,García Barbosa,1950-05-28
8553,Dolly María,Caballero Márquez,1995-09-01
8554,Alexander,Hernández Castro,1976-04-22
8555,Carmen,Gómez Sánchez,1982-05-21
8556,Alexander Alberto,Ortega Salas,1996-07-10
8557,Andrés Bernardo,Saavedra Salazar,1995-12-23
8560,Erika,Osorio Montoya,1979-10-11
8561,Luz,Miranda Barbosa,1968-01-03
8563,Magaly Jorge,García Ramírez,1988-04-26
8564,Teresa Andrés,Duarte Flórez,1980-08-15
8565,José,Rico Beltrán,1985-05-07
8567,Ángel Carmen,Rico Guerrero,1970-06-20
8568,Dayana Johanna,Rodríguez Ramos,1977-11-25
8569,Enrique,Montoya Vergara,1969-10-28
8571,Marcela Diana,Guerrero Guerrero,1962-10-15
8572,María,Romero Páez,1983-07-29
8573,Orlando,Vera Rodríguez,1999-12-28
8575,Ángela,Perea Díaz,1990-08-20
8576,Mario José,Fajardo Castillo,1963-12-09
8577,Rafael,Mosquera Rodríguez,1987-08-02
8578,Diego Dary,Maldonado Camacho,1963-01-03
8579,Diana Ignacio,Angulo Rentería,1991-10-16
8580,Flor,Cárdenas Osorio,1973-05-28
8581,Sebastián Ruth,Bernal Buitrago,1959-09-24
8582,María Stella,Ramírez Escobar,1992-01-26
8583,Martha David,Nieto Ramírez,1989-10-19
8584,Alexander,Álvarez Jiménez,1986-07-02
8586,Jesús Mario,Moreno Pérez,1998-04-23
8587,Elizabeth,Murcia López,1973-02-21
8588,Fabio,Bermúdez Pulido,1986-05-21
8591,Eduardo,Caicedo Acosta,2004-04-16
8593,Daniela,Galeano Espinosa,1992-05-20
8594,Esteban Miguel,Figueroa Sierra,1993-08-06
8595,Nury,Bonilla Vargas,1995-12-14
8596,Fernando José,Ríos Jiménez,1965-10-22
8597,Marcela,Vargas Giraldo,1988-02-21
8598,Julián,Calderón Flórez,1994-10-11
8599,Alfonso Guillermo,Romero González,1984-12-31
8601,Fernanda,Gaitán Barrios,1992-01-16
8603,Alberto,Jaramillo Ramírez,1979-08-21
8604,Johana Helena,Galindo Barragán,1985-04-30
8605,Stella,Vargas Suárez,1967-02-10
8606,Leidy,Mosquera Jiménez,1968-06-26
8607,Adrián,García Ortiz,1985-07-18
8608,Javier,Pinto Rivas,1965-07-04
8609,Roberto,Rodríguez Ocampo,2002-09-26
8610,Paula Alexander,González Garcés,1975-11-22
8611,Luis,Ruiz Delgado,1968-03-24
8612,Olga Felipe,Marín Pardo,1994-10-10
8613,Augusto,Moreno Parra,1977-05-27
8614,Aura María,Ortiz Hernández,1991-09-13
8615,Mercedes,Cerón Valderrama,1989-05-05
8616,Nelsy,Bejarano Castillo,1988-07-04
8617,Martha Carlos,Rodríguez Sandoval,1985-09-26
8618,María,Ochoa Ramírez,1978-12-02
8619,Luz Jesús,Marín Hernández,1999-01-12
8620,Karen,Patiño Díaz,1993-05-20
8622,Fabiola Vanesa,Caro Palacios,1991-11-28
8623,Jesús,Restrepo Ramírez,1993-03-15
8624,Alberto,Montes López,1964-09-04
8625,Karol,García Lozano,1988-04-12
8626,Ángel,Gutiérrez Nieto,1971-01-02
8627,Luz,Díaz Villamil,1957-08-31
8628,Alexis,Mantilla Guzmán,1977-03-31
8629,Lina Danna,Campo Ríos,1998-05-29
8630,Javier,Duque Rojas,1963-10-14
8631,Sebastián Nancy,García Ortiz,1989-10-24
8632,José,Meneses Trujillo,1975-08-25
8633,Farid Gonzalo,Becerra Arroyo,1980-08-18
8634,Eduardo Carlos,López Londoño,1970-06-24
8635,Wilder Juan,Torres Ceballos,1971-10-13
8636,Lucía Claudia,Granados Jiménez,1976-01-13
8637,Manuel Elcy,Correa Mora,1966-02-27
8639,Marco,Carrillo Medina,1970-10-11
8642,Alexander Víctor,Velasco Moreno,1963-11-30
8643,Esperanza,García Vargas,1988-07-18
8644,Andrea Patricia,Molano Gómez,1957-11-19
8645,Ovidio,Uribe Uribe,1992-11-08
8646,Fabio Katerine,Martínez Pulido,1980-06-05
8648,John Eugenia,Correa Martínez,1977-12-28
8649,Iván,Vargas Gil,1972-03-05
8651,Luis Elizabeth,García Rojas,1981-03-20
8652,Diana Jesús,Sanabria Arroyo,1974-07-19
8653,Paola Tulia,Rojas Barreto,1995-02-10
8654,Jimena,Amaya Arenas,1986-12-29
8655,Nancy Juliana,Ávila Ortega,1964-09-27
8656,César María,Gallego Henao,1994-05-02
8657,Edgar,Mendoza Castro,1997-12-26
8658,Luis,Salcedo Muñoz,1970-03-25
8659,Teresa,Bohórquez Rivera,2001-10-07
8661,Elena,González Álvarez,1982-06-12
8662,Blanca Jaime,García Toro,1981-12-16
8663,Julio,Rengifo Romero,1985-03-23
8664,Carlos,Gómez López,1987-01-12
8665,María Alejandra,Buitrago Bohórquez,1978-06-11
8666,Mary,Forero Silva,1971-05-15
8668,Javier,Mercado Mora,1969-01-21
8669,Carlos Pedro,Velásquez Melo,1974-07-02
8670,Viviana Jhonatan,Ríos García,1970-02-10
8671,Katherine David,Erazo Trujillo,1996-05-30
8672,Marina,Herrera Rivera,1983-08-14
8673,Ximena,Torres Torres,1976-11-29
8674,Martha,Castañeda Velasco,1979-07-22
8675,Danilo,Rincón Castro,1994-11-11
8676,Antonio,Jiménez González,2000-06-20
8677,Jorge,Rodríguez Salazar,1978-12-10
8678,Luis,López Salas,1970-07-19
8679,Marina Ricardo,Ocampo Quintero,1993-05-02
8680,Martha Liliana,Andrade Rosero,1968-04-03
8681,José,Castro Orozco,1970-10-19
8682,Ricardo,Estrada Ríos,1964-12-26
8683,Fredy Yolanda,Ríos García,2003-08-11
8684,John Marina,Gómez Moreno,1981-08-02
8685,Alejandro,López Mena,1999-10-23
8686,Marcela Milena,Córdoba Pacheco,1996-11-12
8688,Marina,Moreno Villamizar,1966-11-01
8690,Lucero,Loaiza Ibarra,1973-03-15
8691,Tatiana,Rodríguez Suárez,1979-11-05
8692,Jean Edgar,Peña Suárez,2004-07-25
8693,Miguel Silvia,Soto Bernal,1988-11-27
8694,Amparo David,Mendoza Arboleda,2007-03-13
8695,Yohana,Barragán Londoño,1975-09-09
8696,María,Morales Castrillón,1993-03-24
8697,Elena,Romero Londoño,1978-05-07
8698,Jair,Rodríguez Palacios,1991-06-06
8699,María Carlos,Hernández Agudelo,1978-05-17
8701,Marcela,García Sánchez,1954-01-30
8702,Alba,Cárdenas Restrepo,1992-06-13
8703,Andrea,Bautista Córdoba,1982-02-26
8706,José,Montoya Gil,1988-04-17
8707,Eider Hernando,Quintero Martínez,1975-05-12
8709,Arbey,Durán Osorio,1973-02-16
8710,Jeison,Herrera Bedoya,1996-08-28
8711,Alexandra,Ruiz Cardona,1996-03-05
8712,Andrés,Barbosa García,2001-02-15
8713,María,Rodríguez Gutiérrez,1977-03-19
8714,Carlos Javier,Ramírez García,1975-12-04
8715,José Fernando,Hernández Mosquera,1999-11-27
8716,Marco,Arévalo Mercado,1988-01-18
8717,Yulieth Lorena,Jaimes Mosquera,1979-10-10
8718,Carolina,González Pérez,1993-05-10
8719,Guillermo,Bautista Rincón,2005-07-09
8720,Felipe Miryam,Salas Vásquez,1977-04-01
8721,Rosalba,Mejía Ospina,1980-12-04
8722,Alberto,Rodríguez Pardo,1979-04-06
8724,Yesenia,Corredor Ávila,1997-07-09
8725,Rosa Ronald,Caicedo Bedoya,1992-09-25
8726,Gustavo,Torres Agudelo,1997-03-12
8727,Harold,Monroy Pérez,1972-10-09
8728,Bryan,Sánchez Hoyos,1991-03-30
8729,Milena,Álvarez Cruz,1955-02-04
8730,Gregorio,Guerra Rivera,1999-06-27
8731,Óscar Lucila,Pulido Fernández,1960-09-11
8732,Rosa Jorge,Acosta Álvarez,1992-06-09
8733,Lizeth,Reyes Triana,2001-12-20
8734,José,Ríos Suárez,1994-09-15
8735,Juan,Ayala Álvarez,1979-06-09
8736,Rubén Jenny,Rojas Ávila,1980-08-23
8737,William,Londoño Ochoa,1999-06-16
8738,Alexis,Silva Corredor,1960-11-19
8739,Alexandra,Gutiérrez Mena,1992-01-21
8740,José María,Cruz Pérez,1967-05-29
8741,Patricia,Rivera Villegas,1956-07-02
8742,Javier Alfonso,Martínez Morales,1984-06-19
8743,Jhonatan,Parra Medina,1992-01-07
8744,Javier,Torres Ortiz,1975-06-24
8745,Erika Liliana,Hernández Torres,1996-12-23
8746,Carlos,Luna Carrillo,2004-08-23
8747,Eder Luz,Ruiz Jiménez,1981-04-13
8748,Luis,Caicedo Acosta,1992-01-26
8750,Gladys,Vargas Quiroz,1979-09-09
8752,Elena,Flórez Erazo,1989-01-25
8753,Mónica Tomás,Ceballos Vanegas,1985-12-19
8754,Claudia,Mendoza Fuentes,1974-08-30
8756,Leidy Daniel,Rojas Valencia,1997-02-09
8757,Jorge Rosa,Torres Naranjo,1997-04-07
8758,Andrea,Gutiérrez Muñoz,1959-03-06
8760,David,Zuluaga Osorio,1987-01-15
8761,Rosalba Edwar,Mendoza León,1970-04-25
8762,Jackeline,Méndez Amaya,1977-11-07
8763,Julia,Molina Mora,1984-07-28
8764,Paola Ángela,Vera Vargas,1991-11-19
8765,Alejandra,Castañeda Molano,1986-11-09
8766,Elena,Alarcón Escobar,1988-10-08
8767,Daniel Julieth,Gutiérrez Mora,1995-12-10
8768,María,Gallego Hernández,1970-05-13
8769,Andrea,Morales Cortés,1977-01-20
8770,Miguel,González Arias,1973-05-12
8772,Emilse,Ruiz López,1969-04-26
8773,Yohana Luz,Rico Calderón,2001-11-17
8774,Leonor,Molina Lozano,1987-07-04
8775,Francisco Hernando,Cruz Castellanos,1997-03-12
8776,Blanca,Rojas Durán,1973-08-25
8777,María Gonzalo,Caicedo Hernández,1993-05-05
8778,Daniel,Díaz Durán,1969-05-21
8779,Frank Augusto,Peña Rivera,1967-08-04
8782,Carlos,Rodríguez Jaramillo,1994-12-31
8783,Esther Hugo,Cardona Mejía,1988-04-21
8784,Yaneth,Rentería Velandia,2004-03-27
8785,Viviana Mario,Martínez Marín,1972-04-30
8786,Adriana,Zuluaga Díaz,2006-02-27
8787,Paola,Camargo López,2002-05-11
8788,Gloria Zoraida,Páez Medina,1975-11-29
8789,Augusto,Pulido Arango,1985-03-04
8791,María,Mora Narváez,1983-09-06
8792,Mauricio,Garcés Trujillo,1984-04-09
8793,Edisson Luz,Ocampo Bedoya,1962-08-17
8795,Ana Marcela,Torres Hernández,1981-02-16
8796,Marta,Mora Hoyos,1987-10-28
8797,David Jeferson,Durán Velásquez,1975-01-17
8798,Liseth,Restrepo Rivera,1986-12-06
8799,Juan,Alzate Rojas,1985-08-25
8802,Liliana Gonzalo,Sarmiento Delgado,1991-06-24
8803,Erika Dario,Perea Rodríguez,1950-11-16
8804,Liliana,Moreno Giraldo,1987-03-02
8805,Milena,Mosquera Palacio,1978-07-05
8806,Paola,Reyes Herrera,1993-08-12
8808,Alicia Rocío,Pineda Calderón,2002-02-02
8809,Alba,Calderón Daza,1988-03-26
8810,Valentina,Sierra Galindo,1973-02-15
8811,Elvira Oswaldo,Niño López,1967-07-30
8814,Norma Mauricio,Arenas Morales,1987-08-13
8815,Ricardo Camila,Hernández Castañeda,1984-11-28
8816,Alejandra,Hernández Suárez,1985-11-10
8818,Silvia,Martínez Rendón,1978-06-09
8819,Víctor,Chaparro Gutiérrez,1986-07-22
8820,Dario Diego,Velásquez Correa,1985-10-14
8821,Diana Angie,Díaz García,1982-12-25
8822,Fabiola,Reyes Díaz,1961-09-05
8823,Blanca,Ríos Martínez,1988-02-14
8827,Orlando Luis,Acevedo Angulo,1958-08-08
8828,Jhonatan,Silva Flórez,1992-11-03
8829,Stella Diana,Delgado Osorio,1981-12-09
8830,Mariana Jesús,Montoya Andrade,1998-04-28
8831,Carmen,Vargas Lozano,1996-03-30
8832,Liseth,Rodríguez Rincón,1995-04-29
8833,Luisa,Lozano Torres,1996-09-16
8835,Fernando Leonardo,Meza Rosero,2001-01-28
8837,Flor,Burgos Rojas,1987-09-05
8841,Laura,Guevara Palacio,1953-06-23
8842,Shirley María,Álvarez Garzón,1958-05-15
8843,Emilio,Quintero Mora,1961-04-11
8845,Wilmer,Zapata Mantilla,1982-12-16
8846,José,Muñoz Castro,1991-01-09
8847,Carlos Nelson,Padilla Jiménez,2003-11-16
8848,Javier,Orozco Vásquez,1992-06-05
8849,Brayan,Ardila Figueroa,1995-11-23
8850,María,Marín Díaz,1995-03-18
8851,Alexis Mary,Agudelo Martínez,1995-09-26
8852,Manuel,Muñoz Martínez,1964-01-29
8853,Edwin,Rodríguez Rojas,1992-09-17
8854,Manuela Edgar,Zuluaga Pérez,1979-05-10
8855,María Marina,Meza Suárez,1971-04-28
8856,María Rafael,Mesa Cortés,1969-06-22
8857,María Elisa,Guevara Vargas,1999-08-16
8858,Johan,Montes Jiménez,1995-03-06
8859,Judith,Hernández Cruz,1963-01-26
8860,Omar,Díaz Reyes,1981-03-26
8862,Leonel,Pérez Cardona,1997-07-08
8863,Fernando Hernán,Gómez Palacios,1976-12-18
8864,Fernanda,Mercado Osorio,1969-05-23
8866,Enrique Luz,Toro Martínez,1994-05-21
8867,Arturo,Niño Jiménez,1997-11-29
8868,Carmen Edisson,Quintero García,1990-07-22
8871,Xiomara,Hernández Gallego,1983-07-29
8872,Laura,Gómez García,1994-04-02
8874,Francisco,León Gómez,1995-07-28
8875,Lilia,Becerra Ramos,1986-11-18
8876,Mateo,Lozano Villa,1985-06-19
8877,Rocío Damaris,León Tamayo,1986-04-30
8878,Juan,López Ortiz,1968-11-22
8880,Yaneth,Herrera Muñoz,1953-01-10
8881,Andrea Ana,Valencia Pérez,1963-03-30
8882,Miriam Andrea,Navarro Vargas,1994-06-19
8883,Aura Gabriela,Camargo Montes,1986-04-17
8884,Elvia,Parra Martínez,1969-11-22
8885,Luis,Triana Martínez,1989-02-11
8886,Alejandra,Vega González,1986-03-24
8887,Karen,Sánchez Valencia,1989-08-03
8888,Juliana,Díaz Rangel,1988-01-29
8889,Angélica,Torres Ramírez,1983-08-29
8890,Elizabeth Jairo,Monsalve Guzmán,1980-05-20
8891,Fernando,Jaimes Gómez,1997-09-27
8892,Leonardo,Orozco Mosquera,1987-10-05
8893,Tomás,Vargas Montenegro,1974-05-06
8894,Miryam Eduardo,Padilla Ramírez,1958-04-14
8895,Rosa,Delgado Campo,1999-04-22
8896,Johan,Londoño Rosero,1990-09-14
8897,Andrés Milton,Rodríguez Mejía,1954-05-12
8898,Juan Isabel,Díaz Rincón,1955-09-04
8900,Ricardo María,Martínez Guerrero,1999-12-25
8903,Edinson,Ortiz Franco,1975-06-07
8904,Rodrigo,Cruz Jaramillo,1973-12-05
8905,Milena,Franco Jaramillo,1996-04-21
8906,Isabel,Ramírez Barrera,1989-02-07
8907,Jackeline Damaris,Peña Ospino,1989-03-16
8908,Andrés Yesenia,Pérez Paz,2003-12-20
8909,Luis,Jiménez Arias,1977-02-09
8910,Alejandro,Sierra Solano,1987-08-10
8911,Patricia,Serrano Ortega,1959-11-03
8912,Gloria Johana,López Rodríguez,1991-11-28
8913,Eduardo,Arias García,2001-07-05
8914,Beatriz,Pulido Sandoval,1971-03-04
8915,Andrés Javier,García Rangel,1973-11-05
8916,Sebastián,Torres Arboleda,1995-02-01
8917,Fernando,Figueroa Fuentes,1983-12-10
8918,Nelly,Garzón Quiroga,1996-01-13
8919,Néstor Andrea,Valencia Gil,1978-12-17
8920,Augusto,Cardona Murillo,1989-12-17
8921,Patricia,Pinzón Padilla,1994-09-18
8923,Gregorio,Ruiz López,1992-06-09
8925,Jorge Constanza,Fuentes Jiménez,1986-09-19
8926,María,Henao Medina,1985-07-10
8927,Enrique Andrés,Fonseca Rojas,1994-07-06
8928,Liseth,Granados Orjuela,1980-12-22
8929,Pablo Nicolás,González Romero,1999-06-11
8930,Alonso Estiven,Sierra Ceballos,1985-09-08
8931,Yuliana Margoth,Herrera Castro,1975-03-17
8932,Alexandra María,Molina García,1976-08-05
8933,Diego,Vallejo Jiménez,1995-12-12
8934,María Fabián,Ortiz Fonseca,1994-01-29
8935,Luisa María,Rivera Gómez,1992-01-28
8936,Nataly Alejandra,Burgos Sarmiento,1971-10-14
8937,Marina,Miranda Meza,1966-09-22
8938,Ronald,Toro Parra,1993-04-17
8939,Juan,Quiroga García,1979-05-24
8940,Lida,Molina Romero,1996-04-06
8941,Leidy Fabián,Duarte Patiño,1991-12-06
8942,Alexis,Alzate Yepes,1986-05-29
8943,Adriana Yamile,Pineda Mercado,2001-08-25
8944,Andrea,Bonilla Ortiz,1968-05-25
8945,David,Torres Álvarez,1956-10-23
8947,Cecilia Alberto,Parra Londoño,1987-02-12
8948,Andrés Robinson,Ordóñez Vargas,1996-07-11
8949,Leidy,Quiroga Chávez,1953-12-29
8950,Dary Nelly,Sierra Castillo,1954-08-29
8951,William,Jiménez Moreno,1988-07-07
8952,Eva,Orozco Cardona,1955-10-08
8953,Roberto Fernando,Castro Osorio,1966-02-23
8954,Teresa Eduardo,Giraldo Rojas,1981-10-04
8955,Stiven Jair,Ochoa Ramírez,1979-01-08
8957,Dora,Naranjo Torres,1976-07-21
8958,Blanca,Díaz Acosta,1991-08-17
8959,Ruby Fabián,Díaz Ortiz,1969-04-26
8960,Jesús Javier,Mora Páez,1993-06-02
8961,Patricia,Restrepo Arévalo,1991-09-11
8962,Enrique,Hernández Rojas,1991-06-25
8963,Judith Cristian,Flórez Ruiz,1984-11-10
8964,Jaider,Rivera Rivas,1997-01-18
8966,Luz,Vásquez Rodríguez,1983-06-22
8968,Andrés,Díaz Álvarez,1993-07-23
8969,Diana Sonia,Muñoz Buitrago,1957-10-07
8970,Jesús,Ceballos Rivera,1954-07-29
8971,Elizabeth Alexander,Montenegro Castellanos,1965-09-30
8972,Carolina,Bohórquez Arias,1961-11-23
8973,Fernando,Rodríguez Fernández,1982-03-03
8974,Ricardo Leidy,Caballero Zuluaga,1997-03-30
8975,Esther,Álvarez Díaz,1997-02-10
8978,Pedro,González Velasco,1984-12-10
8979,Carol,Camacho Camacho,1991-04-27
8980,Jaime,Vargas Fuentes,1958-10-23
8982,Carlos,León Caicedo,1979-12-31
8983,Leidy Javier,Rodríguez Castro,1989-05-11
8984,Viviana Antonio,Castillo Valencia,1994-09-14
8985,Carmen,Vargas Ardila,1981-10-03
8986,Antonio Alberto,Londoño Ávila,1951-12-10
8987,Alexander Uriel,Parra Barrios,1972-12-05
8988,Andrés Yolima,Díaz Mejía,2002-08-14
8989,Marlene Marco,Chaparro Rueda,1995-06-26
8990,Enrique,Yepes Díaz,1957-04-27
8991,Fabio Lizeth,Pérez Marín,1990-09-25
8992,Ángel,Guzmán Parra,1999-04-04
8993,Esperanza,González Salas,1983-02-22
8994,Gabriel Patricia,Pérez Anaya,1992-10-03
8995,Jimmy María,Sánchez Suárez,1991-02-10
8996,Luz Armando,Villa Suárez,1991-08-29
8997,Maritza,Álvarez Castillo,1987-01-11
8999,Aura,Sánchez Trujillo,1977-10-18
9000,Betty Darwin,Galeano León,1978-02-11
9001,Yaneth Luz,González Pacheco,2001-02-17
9002,Carolina,Pérez Rojas,1967-05-26
9003,Carlos,Ospino Henao,1983-12-01
9004,David,Serrano Martínez,1990-07-02
9006,Jhon,Herrera Fuentes,1969-02-25
9007,Lucía,García Ramos,1987-01-23
9008,Diana,Meneses Marín,1988-07-12
9009,Andrea,Moreno Cruz,1976-04-01
9010,Nelly Patricia,Reyes Rojas,1994-11-14
9011,Rocío,Fonseca Castaño,1991-11-29
9013,Elena David,López Méndez,1978-11-04
9014,Gloria,Guevara Torres,1991-12-21
9017,Marco Karen,Ruiz Garcés,2000-03-30
9018,Alberto Rosa,Córdoba Sánchez,1999-04-11
9019,Wilmar,López Ruiz,1972-07-19
9021,Edwin David,Moreno Hernández,2005-01-14
9022,Felipe,Ávila Palacios,1988-02-08
9023,René,Arteaga Quintero,1998-08-04
9024,Leonor,Romero Fernández,1988-11-20
9026,Ángela,Molina Pérez,1966-01-17
9027,Andrés Gloria,Ibarra Rivera,2006-09-09
9028,Aura,Cerón Gil,1998-09-30
9030,Jaime,Hernández Toro,1956-11-01
9031,Esteban Karen,Ramírez Valderrama,1981-05-26
9033,Angie,Arias Galindo,1976-06-28
9034,Carmenza,Rengifo Murcia,2002-02-15
9035,Rosalba Ignacio,Galvis Gómez,1990-05-24
9036,Mónica,Martínez Mosquera,1975-01-13
9037,Alexander,Mena Caicedo,1974-12-30
9038,Clemencia Edilberto,Ocampo Alzate,1970-01-29
9039,Luis,Ortega Rodríguez,1989-08-09
9040,Óscar,Castillo Álvarez,1979-01-08
9041,Ingrid,Muñoz Mercado,1989-05-27
9043,María Ángela,Peña Gutiérrez,1990-05-01
9044,Rodrigo David,López Oviedo,1979-04-26
9046,Felipe,Martínez Rodríguez,1982-02-15
9047,Alirio,Cardozo Arteaga,1970-12-13
9048,Antonio Diana,Durán Aguirre,1974-05-24
9049,Gerardo,Vargas González,1981-08-21
9050,Luis Lizeth,Roa Suárez,1968-01-11
9051,Kevin,García González,1979-06-13
9052,Martha,Patiño Gaviria,1979-04-11
9053,Esneider Marco,Sarmiento Ariza,1978-07-14
9054,Carlos,García Montoya,1999-09-13
9055,Manuela Silvia,Monsalve Hernández,1973-01-01
9056,José,Benavides Torres,1967-03-25
9057,Steven,Arenas López,1986-09-22
9058,John María,Valencia Camargo,1976-01-26
9059,Eugenia,Campo Páez,1989-05-17
9060,Silvia María,Sierra Jiménez,1988-01-17
9061,Doris,Muñoz Calderón,1996-09-04
9063,Nancy Fernanda,Galindo Agudelo,1970-11-09
9064,Lida,Arango López,1999-06-09
9065,Fernanda Mabel,Hernández Moreno,1964-05-26
9066,Milena,Gómez Vanegas,1992-08-28
9067,Adriana,Vargas Moreno,1965-08-09
9068,Edinson,Hernández Cifuentes,1987-10-18
9069,Ruth Kevin,Guerrero Hernández,1982-05-23
9070,Armando Maritza,Contreras Ibarra,1997-04-08
9071,Magnolia Leonardo,Moreno Díaz,1956-10-21
9072,Ana,Torres González,1970-05-28
9073,Rafael Diana,Duque Ruiz,2005-07-05
9074,Ángel,García Marín,1999-11-28
9075,Martha Marco,Narváez Torres,1988-02-16
9076,Cecilia,Alzate Muñoz,1990-01-17
9077,Lina Juan,Salcedo Bernal,1985-03-27
9078,Martha Lucía,Calderón Jaramillo,1983-10-02
9079,Sergio,Lozano Hernández,1986-07-24
9080,Dairo,González Vargas,1976-08-23
9081,Santiago,Uribe Osorio,1988-03-10
9082,Rocío,Daza Montes,1967-03-28
9083,Lucía Marina,Maldonado García,2000-09-23
9084,Iván Cecilia,Díaz Uribe,1972-02-17
9085,Samir,Bonilla Espitia,1999-11-29
9086,Beatriz,Mercado Gutiérrez,1982-05-13
9087,Mario Fabián,Hurtado Rodríguez,1985-02-11
9088,Mauricio Elvia,Vásquez Ojeda,2003-12-27
9089,Doris,García Cárdenas,1984-09-03
9092,Alejandro María,Bernal Gutiérrez,1991-02-09
9093,Carlos,Acosta Medina,1989-04-06
9095,Helena Fernando,Rodríguez García,1984-12-20
9097,Daniela,Cardona Valencia,1961-11-25
9098,Joel,Ocampo Lara,1998-09-04
9099,Amanda Martha,Carmona Rivera,1998-10-02
9100,Miguel Carlos,Pinzón Pérez,1969-11-25
9101,Alonso,Barrera Beltrán,1955-07-15
9102,Gloria,Arrieta Sierra,1972-12-07
9103,Patricia Gloria,Benítez Gaitán,1976-08-26
9105,Patricia,Mora Londoño,1995-11-29
9106,Juan,Salazar Montoya,1997-10-20
9107,Liliana,Londoño Medina,1999-01-13
9108,María,Díaz Velasco,1992-06-08
9109,Jesús,Pérez Cruz,1981-08-06
9110,Luis Andrés,Ospina Londoño,2002-05-19
9111,José,Cruz Estrada,1969-09-02
9112,Daniela,Bravo Ramírez,1975-05-11
9114,Ángela Eduardo,Sepúlveda Herrera,1989-07-10
9115,Ricardo,Ocampo Gamboa,1968-05-15
9116,Germán,González Quintero,1974-12-22
9118,Andrés Josefa,Palacios Pérez,1981-11-11
9119,Paola Isabel,Cortés García,1979-08-24
9120,Edwin,López Parra,1970-05-14
9121,Sandra,Bernal Franco,1986-09-19
9123,Antonio,Villamizar Bohórquez,1986-04-08
9126,Liliana Samir,López Cruz,1975-06-11
9127,Lucía Alonso,Caballero Gil,1975-10-12
9128,William,Valencia Peña,1962-10-02
9130,Hilda,Quintero Uribe,1987-10-19
9131,Jorge,Pineda García,1980-04-24
9132,Jairo,Rengifo Salamanca,1965-02-12
9134,Jorge,Cortés Leal,1971-07-02
9135,Ruth,González Rojas,1975-12-15
9136,Miriam,Muñoz Murillo,1950-10-12
9137,Mirian Laura,Beltrán Ruiz,1998-07-04
9138,Jhoana,Rueda Rodríguez,1994-02-26
9139,Paola,Osorio Romero,1988-07-05
9140,Alexander,Palacio Gómez,1991-11-21
9141,Carlos,Pacheco Murcia,1961-09-27
9142,José Elisa,Guerrero Beltrán,1989-10-02
9144,Esperanza,Giraldo Lara,1995-07-04
9145,Walter,Ruiz Rivera,1982-12-08
9146,David,Gómez Sierra,1953-09-12
9148,Leonor,Hernández Fernández,1973-02-19
9149,Julio,Perea Rodríguez,1989-12-04
9152,Daniel,Martínez Castañeda,1998-09-19
9153,John,Arévalo Medina,2001-10-21
9154,Dario,García Castañeda,1958-12-24
9155,Judith,Mendoza Ibarra,1977-10-08
9156,Manuel,Palacios Betancur,2001-05-25
9158,Arley Diego,Salazar Narváez,1984-03-13
9159,Liseth,García Prieto,2000-05-01
9161,Ana,Padilla Sandoval,2001-11-06
9162,José,Díaz Ibarra,1961-07-29
9163,Yamile,Acosta Ruiz,1972-01-11
9164,Fabio,Gómez Vargas,1992-07-04
9165,María Jorge,Valencia Garzón,1996-12-03
9166,Teresa María,Anaya Marín,1998-12-01
9167,Ricardo,Estrada Villegas,1959-02-14
9168,Manuel Alejandra,Ramírez Peña,1947-10-18
9169,Orlando,Fernández López,1966-03-25
9170,Javier,González Parra,1986-10-14
9171,Carmen,Zapata Aguirre,1978-05-09
9172,Kelly,Luna Gómez,1980-01-09
9173,Luz Mónica,Orjuela Bolaños,1994-10-17
9174,Steven Lucía,Álvarez Jaramillo,1958-05-30
9175,Antonio David,Guerrero Bonilla,1997-10-15
9176,Nubia Robinson,Moreno Pabón,1992-10-31
9177,José Pedro,García Rojas,1992-06-01
9178,Jorge,Paz Sánchez,1999-09-24
9179,Marcela,Ardila Ramírez,1979-10-03
9180,Marcela,Daza Barreto,1987-06-02
9181,Jorge,Murillo Jiménez,1977-02-05
9183,Valentina Sofía,Londoño Jiménez,1988-04-14
9184,Bibiana,Barbosa Daza,1983-10-26
9185,Yolima Fanny,Medina Cantillo,1986-02-19
9186,Rafael Jaime,Castillo Amaya,1982-04-29
9187,Carlos Luz,Mena Roa,1997-12-30
9188,Alfonso Felix,Jiménez Delgado,2002-06-06
9189,Gladys Alexander,Ramos Martínez,1961-08-14
9191,María,Ramírez Daza,1984-11-28
9192,María,Molina García,1980-06-06
9193,Karen Teresa,Arango Moreno,2002-06-05
9194,Juan Nohora,Caballero Gil,1994-03-28
9195,Margarita Catherine,Méndez Cruz,1994-05-05
9196,Fernando Vanesa,Mosquera Montes,1975-11-29
9197,Juan María,Villamizar González,1973-03-14
9198,Inés Erika,Perea García,1993-03-28
9199,Beatriz Concepción,Jiménez Córdoba,2000-03-18
9200,Dario Jhon,Arias García,1963-02-09
9201,Inés Lucila,Pinto Suárez,1973-08-02
9202,Aurora,Rosero García,1954-06-12
9203,Leonardo,Duarte Mora,1993-06-28
9204,James,Muñoz Zapata,1983-08-11
9205,Fernando Alba,Rodríguez Vergara,1998-05-07
9206,Aura,Narváez Carrillo,2003-01-22
9208,Brayan,Vega Benavides,1995-04-08
9209,Néstor,Rivas López,2002-07-06
9210,Alexander,Gómez Ortega,1969-10-17
9211,Yéssica Edwin,Mantilla Villamizar,1972-08-19
9212,Nelly Stella,Sánchez Torres,1978-10-14
9213,Diana Fredy,Gómez González,1994-02-21
9214,Carmen,Gutiérrez Mercado,1981-02-01
9215,Pablo Felipe,Nieto Giraldo,1966-07-08
9216,Emma Sergio,Vargas Granados,1982-11-22
9217,Omaira,Garzón Rojas,1979-09-01
9220,Ana,Gómez Sandoval,1984-03-26
9223,Neider,Gil Díaz,1989-10-05
9224,Jacqueline Wilson,Herrera Castellanos,1992-10-15
9225,Lucila Helena,Gómez Castañeda,2003-03-09
9226,Lorena,Angulo Cifuentes,2001-11-27
9227,Ever,Bermúdez Jiménez,1962-01-11
9228,Diana Gerardo,Rivera Bedoya,1976-05-17
9229,Jhan,Naranjo Ortega,1973-01-05
9230,Camilo Shirley,Cáceres Quintero,1976-06-30
9231,Camilo Milena,Jiménez García,1960-04-18
9232,Alejandro,Cerón Quiroz,2003-05-01
9233,Rosa Carmen,Garzón Gaviria,1988-06-01
9234,Stella,Aguirre Navarro,1979-03-29
9235,Antonio Lina,Alvarado Caro,1984-10-01
9236,Armando,Gómez Muñoz,1997-09-10
9238,Sofía Carlos,Prieto López,1960-06-11
9239,Felipe,Rueda Torres,1977-04-11
9240,Ángel,Rodríguez Castro,1984-01-23
9241,María,Ramírez Gómez,1993-07-08
9242,Verónica,Herrera Rojas,1988-01-30
9243,María,Rodríguez Vásquez,1996-11-30
9244,Johan,Murillo Beltrán,1995-01-08
9246,María,Rendón Cardona,1955-09-17
9248,María,Pérez Ortiz,1985-06-10
9249,Anderson Leidy,Acevedo Bernal,1987-08-13
9250,Jaider Víctor,Gutiérrez Peña,1976-01-21
9251,Patricia,Granados Salazar,1988-09-09
9252,Óscar Socorro,Tamayo Gómez,1997-09-06
9253,Jaider Henry,Murillo Gómez,1972-04-14
9254,Ernesto,Herrera Vélez,1996-03-31
9255,Rosa Manuel,Álvarez Morales,1980-12-25
9257,Liliana,Martínez Quintero,1995-07-22
9258,Pedro,Galvis Hernández,1991-12-16
9260,Brayan Mario,Pulido Prieto,2002-11-28
9261,Alejandra,León Montoya,1972-07-31
9262,Nancy Lucía,González Reyes,1986-06-14
9263,Dary,González Gallego,2002-09-26
9265,María,Oviedo Montoya,1999-03-25
9266,Héctor,Triana Lara,1987-11-04
9267,Cristina Martha,Cortés Ramírez,1998-09-25
9268,Enrique,Salazar Figueroa,1983-03-14
9269,Cecilia,Londoño Ortiz,1997-03-05
9271,Jhon,Galvis Cruz,1999-03-04
9272,Victoria,Mena Murillo,1970-01-29
9274,María Alejandra,Ortiz González,2002-12-08
9275,Beatriz Alicia,Suárez Villa,1989-04-21
9276,Juan Samuel,Guzmán Quiroz,1996-09-13
9277,Inés Javier,Pinto Marín,1989-08-13
9278,Cristian Laura,Cano García,1988-11-07
9279,César,Guerrero Barreto,1967-06-25
9280,Alexander Pablo,Pinto Bernal,1990-04-29
9282,Andrea,Orozco Ramos,1966-07-02
9283,María Julio,Salazar Rodríguez,1991-09-08
9285,Efrain Mario,Ramírez Villegas,1989-11-30
9286,José Elmer,Cruz Miranda,1983-06-09
9287,Tomás,Pardo Ospina,1993-12-21
9288,Dario,Alzate Jaramillo,2006-02-05
9289,Fernando Jorge,Ríos Sánchez,1973-09-28
9291,Luis,Torres Barreto,1974-10-31
9294,Enrique,Rincón Rodríguez,1992-08-13
9295,Óscar,Guerrero Rodríguez,1980-01-07
9296,Ximena Luis,Arango Serna,1976-03-14
9297,Dora,Campo López,1986-02-19
9298,Mercedes,Jiménez Ávila,1989-12-12
9299,María Adriana,Marín García,1976-01-15
9300,Adriana Paola,Durán Naranjo,1965-10-20
9301,Yaneth Luis,Jiménez Solano,1989-12-21
9302,Juan,Castillo Pérez,1983-04-28
9303,Álvaro,Molina Arias,1993-09-28
9304,Fernando,Ayala Méndez,1990-04-17
9305,Fernanda,Hoyos Martínez,1997-12-23
9306,Guillermo Gloria,López Angulo,2002-08-05
9307,Felipe Antonio,Mercado Ibarra,2006-04-13
9308,Alicia,Rendón Salazar,1994-10-03
9309,Juan Jeison,Rodríguez Garcés,1997-02-01
9310,Judith,Ardila Gómez,2000-12-21
9313,Alexandra Olga,Silva Pinzón,1990-03-22
9314,María Libia,Peña Torres,1986-11-09
9315,Edwar Rosalba,Arias Manrique,1962-07-29
9316,María,Perdomo Rentería,1960-06-15
9317,Armando Felipe,Torres Rojas,1980-10-29
9318,Carlos,Ruiz Cardona,1969-06-03
9319,Manuel Alberto,Rendón Mejía,1998-06-13
9320,Viviana,Bermúdez Martínez,1983-03-12
9321,Constanza,Marín Prieto,1981-08-27
9322,Cecilia,Marín Jiménez,1987-02-12
9323,Fernanda Pedro,Benavides Ruiz,1999-08-11
9324,Carolina Ana,Cáceres Sierra,1965-03-18
9325,Mauricio,Aguirre Maldonado,1994-11-24
9326,Gloria,Cáceres Acosta,1971-03-14
9327,Javier,Serna Franco,1971-05-30
9328,Gustavo,Castro Aguilar,1969-06-16
9329,Jaime Valeria,Gil Agudelo,1974-05-19
9330,Jaime,Osorio Castillo,1984-07-10
9331,Amparo José,Mosquera Rojas,1979-04-12
9332,Diana Álvaro,Ardila Flórez,1978-08-13
9333,Manuel Patricia,Roa Gómez,1959-08-03
9335,Mercedes,Ojeda Álvarez,1994-07-11
9336,Nubia,Marín Moreno,1985-07-16
9337,Juan,Pedraza Mejía,1993-04-16
9339,Dario,Cruz Gutiérrez,1990-11-04
9340,Gustavo Nancy,Delgado García,1996-04-30
9341,Milena Consuelo,Caicedo Rodríguez,1994-11-06
9342,Isabel Alonso,Bolaños Polo,1981-05-12
9343,María Patricia,López Bautista,1995-07-19
9344,Alberto,Ortiz Aguirre,1963-06-21
9345,Andrés Luz,Valencia Ramírez,1975-08-05
9347,Tatiana Danilo,Sánchez Álvarez,2001-09-01
9348,Nicolás,Chacón Marín,1981-06-04
9349,Abelardo,Morales Muñoz,1993-02-07
9350,Andrea,Lara Escobar,1979-07-25
9351,Fernanda Diana,Carvajal Palacios,1993-10-09
9352,Armando Alexander,Álvarez Mena,2000-03-22
9353,Stella,Rincón Beltrán,1985-02-21
9354,Aura Lorena,Ortega Álvarez,1990-04-06
9355,Edwar,Ruiz Garzón,2006-02-26
9356,Henry,Vásquez Méndez,1981-07-09
9357,Lucía,Arias Palacio,1972-02-05
9358,Sofía Yesid,Bustos García,1988-10-15
9360,Cristian Luis,Moreno León,1996-04-12
9361,Edgar,Cardona Rojas,2003-04-20
9362,Diana,Velandia Ortiz,1993-08-12
9363,Gloria,Arias Rincón,1993-04-27
9364,José Gloria,Suárez Ávila,1997-12-25
9366,Sara,Barrios Acosta,1979-08-17
9367,Andrés Vanessa,Granados Díaz,1984-02-09
9368,Anderson,Carrillo Díaz,2003-07-21
9369,Felipe,Lozano Hernández,1980-06-27
9370,Deiby,Barrera Ramírez,1991-06-05
9371,Erika Harold,Patiño López,1972-07-10
9372,Diana,Torres Muñoz,1985-11-08
9373,Carolina Claudia,Duque Castro,1987-04-19
9376,César Germán,Quintero Castellanos,1978-09-01
9377,Yasmín,López Mesa,1995-01-01
9378,Carlos María,Barragán León,1967-09-09
9379,Gerardo Rodrigo,Córdoba Hernández,1989-02-14
9380,Alfonso Luz,Giraldo Gaitán,1992-08-07
9381,Jean Steven,Rodríguez Gutiérrez,1980-03-27
9382,Julián,Sánchez Toro,1980-08-13
9383,Wendy Luz,Jaramillo García,1997-07-03
9384,Marcela Eliecer,Jaimes Arteaga,1980-02-06
9385,Gerardo,Lozano Gómez,1951-07-22
9387,Josefina José,Martínez Torres,1973-06-08
9388,Javier Camilo,Ortiz Ardila,1953-03-21
9389,Carlos,Espinosa Chávez,1980-07-19
9390,Fernando,Ruiz Rodríguez,1966-12-05
9391,Esther,García Márquez,1965-02-09
9393,Carolina,Pérez Guzmán,1975-09-18
9394,Andrés María,Marín Quintero,2003-05-15
9395,Arley,Navarro Córdoba,1999-01-24
9396,Mayra Alexander,Osorio Ramírez,1951-06-11
9398,Óscar,Torres Maldonado,2002-11-13
9399,Manuel,Rico Bautista,1993-06-08
9400,Natalia,Ríos Hernández,1991-03-06
9401,Lorena,García Contreras,1979-05-16
9402,Cecilia,Rincón Chávez,2000-08-18
9403,Gregorio,Cortés Hurtado,1994-03-18
9404,María Patricia,Vanegas Suárez,1993-05-15
9405,Armando Natalia,Romero Giraldo,1977-09-09
9406,Rosario,Bermúdez Becerra,1987-01-22
9407,José,García González,1963-01-13
9409,Piedad,Padilla Gutiérrez,1999-09-04
9410,Jorge,Velásquez Gutiérrez,1961-06-22
9411,Ana,Sánchez Pineda,1966-04-20
9412,Felipe,Fajardo Díaz,1996-06-12
9413,Lucy Sonia,Bolaños Acosta,1971-07-25
9414,Yeison,Rojas Londoño,1961-08-25
9415,Segundo,Ortiz Rojas,1996-05-29
9416,Yeison,Castrillón Vásquez,1972-03-14
9417,Cecilia,Beltrán Vega,1985-12-02
9419,Dora María,Arboleda Acosta,1989-11-10
9420,Dora,Camargo Restrepo,1957-09-17
9421,Brayan,López Aguilar,1992-01-04
9422,María,Castro García,1973-02-07
9423,Dayana,Gómez Andrade,1995-02-14
9424,Inés,Gómez López,1953-07-03
9425,Jesús,Rodríguez Beltrán,2006-01-09
9426,Mario,Murcia Arrieta,1974-04-22
9427,Mary,Miranda Cardona,1989-08-28
9428,María,Arboleda Burgos,1990-07-19
9429,Inés Judith,López Martínez,1964-11-13
9430,Claudia Herney,Ordóñez León,1977-08-07
9432,Cielo,Méndez Martínez,1996-12-04
9433,Luisa Daniela,Pabón Ortiz,1977-11-11
9436,Lorena Gloria,Martínez Giraldo,1964-05-09
9437,Juan,Ríos Vanegas,1989-05-26
9438,Cecilia,Mosquera Carvajal,1982-09-24
9439,Antonio,Andrade Meneses,1986-09-27
9441,Jhon,Pérez Carrillo,1983-03-09
9442,Gabriela,Ojeda Guzmán,1981-07-27
9443,Luz,Ángel Osorio,1975-08-03
9445,Alba,Mosquera Romero,1992-08-16
9446,Mercedes,López Tamayo,1969-10-28
9447,Deisy,Acevedo Vargas,1977-07-07
9448,Claudia Fernando,Ortiz Arias,1947-01-18
9449,Alfonso,Rodríguez Ortega,1992-06-01
9450,Ivonne Miguel,Castro Rodríguez,1966-05-29
9451,Jorge,Ortega Loaiza,1979-05-14
9453,María Claudia,Sepúlveda López,1978-06-07
9454,Gabriel Jesús,Mora Rojas,1962-09-19
9455,Manuel,Pérez Salazar,1975-04-22
9456,Luis,Gómez Ríos,2000-07-20
9457,Andrea,Daza Beltrán,1992-01-24
9458,Lucía,Rosero Bernal,1994-01-13
9459,Fernanda,Ardila Cárdenas,1965-05-11
9460,Gustavo,Martínez Castaño,1995-04-17
9461,Laura,Henao Valencia,1988-03-04
9462,Eva Irene,Forero Garzón,1965-07-15
9463,Álvaro,Mosquera Alarcón,1994-08-24
9464,Kelly Helena,Villamizar Forero,1980-09-18
9465,Vanessa Andrés,Vargas Jiménez,2001-04-24
9466,Edna,Sánchez Soto,1953-12-07
9467,Saúl,Vélez Guevara,1975-04-19
9468,Pilar José,Perdomo Montoya,1983-08-02
9469,Elena Mauricio,Murillo Rengifo,1977-11-12
9472,Yineth,Bravo Carmona,1985-01-16
9474,Ignacio Laura,Ruiz Osorio,1985-08-18
9475,Esther José,Fonseca Rodríguez,1990-07-16
9477,Elizabeth,Flórez Peña,1997-03-30
9479,Alfonso,Sandoval Pinto,1981-09-08
9481,Tatiana,Erazo Valencia,1997-08-15
9482,León Luz,Vargas Melo,1964-12-02
9483,Martha Kevin,Torres Díaz,1990-05-01
9485,Andrés Stella,Díaz Ramírez,1954-06-20
9486,John,Guerra Zambrano,1975-12-01
9487,Rosalba,Valencia Vargas,1990-06-29
9488,Fernando Ricardo,Caballero Arango,1994-10-25
9491,Eduardo,González Alfonso,1984-02-12
9492,Julio,Barrera Gómez,2000-01-13
9493,William,Prieto Gaviria,1979-09-03
9494,Patricia Richard,Díaz Gómez,1963-07-12
9495,María,Contreras Díaz,1982-11-30
9496,Claudia,Díaz Sánchez,1987-01-29
9498,Fernando Camilo,Jaramillo Daza,1989-03-01
9499,Estiven,Torres Reyes,1955-04-20
9501,Patricia Margoth,Hernández Ramírez,1968-06-07
9502,Angie,Núñez Ceballos,1996-11-10
9504,Yeison Liliana,Rodríguez Pérez,1951-01-26
9505,Judith,García Díaz,1958-04-13
9507,Cecilia,Guerra Jaimes,1999-04-14
9508,Nancy José,Durán Daza,1998-09-13
9509,Esther Angélica,Rojas Jiménez,1991-11-19
9510,Marlén Alfredo,Molina Pérez,1992-04-30
9511,Gladys,Quintero Barrera,1980-09-12
9512,Edgar,Rodríguez Torres,1992-05-01
9513,José,Murillo Guerrero,1987-04-02
9514,Horacio,Gutiérrez Luna,1997-02-15
9515,Daniel,Gómez Rodríguez,1963-07-03
9516,Andrés,Bolívar López,1988-01-21
9517,Camilo Alexis,Barrera Martínez,1992-04-28
9518,Rubén Lucía,Ortiz Castillo,1994-03-31
9519,Elena,Castrillón Lozano,1984-11-02
9523,Henry,Ortega Sierra,1994-05-28
9524,Cristina,Lozano Salas,1996-10-11
9525,Carlos,Barbosa Correa,1998-05-14
9526,Antonio,Muñoz Pérez,1996-02-19
9527,Pedro,Osorio Barrios,1967-05-05
9528,Héctor Andrés,Perea Rojas,1994-09-25
9529,Elisa Sebastián,Osorio Mena,1982-07-02
9531,Elena,Rojas González,2000-04-29
9532,Mauricio María,Chaparro Rosero,1962-04-04
9533,Elkin Nicolás,Zapata Restrepo,1992-10-08
9534,Margarita Geraldine,Morales Arboleda,2001-10-27
9535,Andrea,Hernández Cardozo,1951-07-15
9536,Milena,Ramos Toro,1971-06-08
9537,Isabel,Rodríguez Méndez,1979-07-21
9538,José Jonathan,Giraldo Murillo,1998-02-16
9539,Carlos,Sanabria Ayala,1962-09-26
9540,Yaneth,Zuluaga Rojas,1980-12-22
9541,Marcos,Mendoza Zapata,1988-10-05
9542,Rafael David,Maldonado Gil,1968-04-14
9543,Rosario Ana,Peña Orozco,1987-12-24
9544,Isabel Julián,Vega González,1981-10-16
9545,María David,Acevedo Ramírez,1971-02-08
9546,José Marcela,Betancur Rodríguez,1985-01-26
9547,Ana Rosa,Arias Valencia,1985-02-01
9548,Juan Jhon,Ramos Gamboa,1986-03-18
9549,Magda,Murcia Navarro,1985-03-18
9552,Felipe Edilma,Montes Ballesteros,2001-10-13
9553,Alberto,Guzmán Naranjo,1956-12-10
9554,Jorge,Ospino Muñoz,1979-02-19
9555,Gloria,Benavides Salazar,1986-07-30
9558,Fabio Carlos,Rojas Díaz,1974-06-20
9560,Johanna Alberto,Vargas Caro,1997-04-02
9562,Janneth,Marín Fonseca,1963-02-22
9563,Miguel Yanet,Correa Rodríguez,1975-10-17
9564,Edgar Graciela,Quintero Ruiz,1964-01-08
9565,Tatiana,Guerrero Murcia,1987-11-19
9566,Carolina,Márquez Ávila,1983-11-22
9568,María,González Beltrán,1988-04-11
9569,Andrés Anderson,Marín Ramírez,1983-12-16
9570,Clara Martín,Rosero Torres,1978-06-08
9571,Marcela Tatiana,Mosquera Ortega,1986-02-17
9572,Nelly Fernando,Jaramillo Rentería,1974-07-28
9573,Miller Eduar,Gómez Vélez,1965-05-16
9574,María,López Rodríguez,1994-07-03
9575,Jhonny,Estrada Gómez,1960-02-24
9576,María,González Pulido,1979-10-27
9577,Juan Luz,Gómez Contreras,1965-08-10
9578,Patricia Eugenio,Ramírez Ceballos,1985-08-19
9580,Tatiana,Amaya Ariza,1964-07-15
9581,Juliana,Molano Velasco,1982-05-16
9582,Juan,Ruiz Arias,1983-03-09
9583,Luz,Manrique Arias,1986-08-02
9585,María Alberto,Padilla Bedoya,1992-10-31
9587,Paola,Garzón Torres,1980-01-02
9588,Leidy,Peña Vargas,1998-10-01
9589,Leonor,Parra Gómez,1993-01-03
9591,Tatiana,Mercado Arévalo,1978-02-27
9592,Javier Diego,González Marín,1967-01-27
9593,Antonio,Leal Ortega,2005-06-17
9594,John,Duque Parra,1990-03-02
9595,Mercedes,Pérez Rodríguez,1985-02-17
9596,Óscar Lina,Vergara Orjuela,2004-05-26
9598,Azucena,Peña Ibarra,1956-12-28
9599,Edison,Camacho Vanegas,1961-12-15
9600,Jhoan Carolina,Rosero Mesa,2004-10-10
9601,Andrés,Bustos Palacios,1959-06-22
9602,Liliana,Trujillo Osorio,1992-03-01
9604,Orlando,Vargas Mendoza,1976-10-30
9605,Jenny,Zapata Jiménez,1969-06-17
9606,Jairo,Castillo Ortiz,1986-05-24
9607,Ernesto Johana,Marín Ortiz,1966-10-14
9608,Sandra,Rodríguez Fuentes,1996-11-19
9609,Angie,González Melo,1976-04-18
9611,Daniela,Palacios Ángel,1960-10-11
9612,Johana,Suárez Rojas,1976-12-05
9614,Ángel Fanny,Londoño Ortiz,1975-05-16
9616,Carmen María,Alvarado Moreno,1999-10-21
9617,Luisa Alejandro,Reyes Torres,1987-07-20
9618,Antonio Edgar,Orozco Pinto,1976-01-10
9619,Amanda,Serna Cifuentes,1984-04-11
9620,Enrique,Gaitán Castillo,1993-11-30
9621,Efrén,Quiroga Ochoa,1986-08-20
9622,María Lucía,Gallego Ochoa,1969-07-17
9623,Cecilia,Niño Silva,1994-07-22
9624,Carlos,Alfonso López,1989-02-26
9625,Amparo,Mantilla Vega,1991-03-24
9626,Ramón Iván,Martínez Rincón,1957-04-21
9628,Luz,Osorio Salazar,1974-09-03
9629,Enrique,Gómez Romero,1986-01-15
9630,Cecilia,Gutiérrez González,1997-01-28
9631,Claudia,Muñoz Benavides,1970-07-03
9632,Andrea Carlos,Salcedo Mosquera,1976-10-14
9633,Juan Victoria,Pérez Sandoval,1977-07-05
9635,Juan María,Pardo Ortiz,1995-05-29
9636,Alexander Andrea,Ramírez Martínez,1992-05-26
9637,Oliva Jorge,Barrera Medina,1983-06-13
9638,Andrea,Parra Álvarez,1988-09-07
9639,Andrés,Bautista Vega,1995-03-11
9643,Adriana Carlos,Jiménez Alzate,1973-05-07
9644,Mary,Sánchez Bohórquez,1985-07-19
9645,Isabel,García Castro,2003-12-01
9646,Lorena Juan,Santos Silva,1984-11-20
9647,Sandra Carlos,Bernal Bravo,1990-09-21
9648,Tatiana José,Blanco Moreno,1967-06-17
9649,Juan,Meza Saavedra,2003-06-02
9650,Claudia,Murillo Palacios,1977-06-06
9651,Claudia,Suárez Jaramillo,1998-06-22
9652,Milena,Monsalve Martínez,1996-01-29
9653,Darwin,Moreno Hernández,1979-09-21
9654,Jenny,Prada Pacheco,1971-09-12
9655,Gloria Diana,Garcés Franco,1993-05-10
9656,Leandro,Carrillo Mena,1982-10-27
9657,Andrés,Carrillo Bermúdez,1978-12-12
9659,Magaly,González Agudelo,1983-06-25
9660,Juan Jesús,Guzmán Acosta,1980-04-26
9661,Ricardo,Parra Martínez,1990-07-23
9662,Natalia,Sepúlveda Campo,1987-02-05
9663,Diana Josefina,Riascos Jiménez,1974-12-04
9664,Yaneth,Cano Bedoya,1968-05-17
9665,María,Bernal Rivera,1973-11-05
9666,Cristian,García Parra,1995-09-27
9667,Arturo Cristian,Ospina Monroy,1959-09-30
9668,Andrés Diana,Sánchez Cuéllar,1981-12-16
9669,Gabriel,Mosquera Salazar,1996-10-29
9670,Gloria Ximena,Martínez Rivera,1997-10-14
9671,Johana,Díaz Quintero,1969-07-20
9672,Janeth Marcela,Ardila Salcedo,1992-05-15
9673,Diego,Martínez Ariza,1998-06-19
9674,Karina Inés,Rojas León,2002-03-06
9675,David Andrés,Moreno Orozco,1983-03-22
9676,Manuel José,Herrera Ramos,1998-10-14
9677,Miguel,Vargas Hernández,1988-03-01
9679,Patricia Gina,Arrieta Díaz,1981-05-06
9680,Carlos,Caro Hernández,1969-08-06
9681,Hernán Rubiela,García Jiménez,1993-04-08
9683,Mauricio,Cabrera Tovar,2000-12-15
9684,Emilio,Galindo Ramírez,1993-07-08
9685,María,Guerra Vanegas,1975-06-06
9686,Liliana Emma,Castro Hernández,1994-08-25
9687,Lorena Manuel,Valencia Restrepo,1980-02-22
9688,Óscar María,Delgado Medina,1998-07-17
9690,Lucía Cristina,Torres Gaviria,2001-08-12
9691,Angie,Estrada Castro,1969-04-11
9692,Fernando,García Hernández,1990-08-07
9693,Diego,Moreno Navarro,1998-04-25
9694,Jorge,Henao Pineda,2005-12-20
9695,Carlos,Jiménez González,1985-01-26
9696,Gustavo Camilo,Galvis Rodríguez,1982-02-15
9697,José Ximena,Barrios Torres,1957-12-07
9698,Bibiana Nidia,Sánchez Rodríguez,1978-02-09
9699,María,Caballero Prada,1973-10-30
9701,Ana Leandro,Rojas Medina,1991-11-04
9703,Orlando Nelly,Caballero Romero,2000-06-14
9704,Marlén,Alvarado Gómez,1979-11-27
9705,Patricia,Molina Buitrago,1983-09-20
9707,Mónica José,Ríos Garcés,1963-12-12
9709,Luis Fernando,Domínguez Moreno,1991-02-10
9710,Hernando,Valencia Orozco,1996-01-13
9711,Alberto Antonio,Muñoz Mercado,1987-02-09
9712,Leonel,Corredor Arrieta,1968-04-14
9713,Rosalba José,Quintero Jiménez,1996-01-11
9714,Tatiana,Muñoz Pabón,1996-01-19
9715,Rosa,Leal Durán,1964-01-31
9716,Paola,Santos Ríos,1980-09-08
9717,Alexander,Meneses Cuéllar,1976-03-11
9718,Willian Daniel,Toro Quintero,1983-03-23
9719,Paola Carmen,Valencia Vargas,1958-12-19
9720,Carlos Jaider,Betancur Molina,1994-03-18
9721,Laura,Cárdenas Giraldo,1997-02-09
9722,Andrés,Torres Ávila,1994-07-26
9723,Olga,Molano Pérez,1994-12-08
9724,Ruby,Méndez Rivas,2005-05-13
9725,Luz Luisa,Ayala Agudelo,1967-12-07
9727,Gladys Gloria,Jiménez Herrera,1994-03-13
9729,Rosalba,Duarte Londoño,1975-12-30
9730,Sofía,Castañeda Gutiérrez,1990-09-30
9731,Armando Elsy,Morales López,1983-06-01
9732,Armando,Escobar Cardona,1991-02-22
9733,Olga Milena,Polo Melo,1982-05-05
9734,Luis Yohana,Giraldo Rojas,1992-07-09
9735,Adela,Marín Fernández,1981-10-15
9739,Inés,Martínez Rentería,1973-02-20
9741,Helena,Vallejo Torres,1967-06-22
9742,Lucía José,Martínez Mejía,2002-01-10
9743,Esperanza,Polo Rosero,1994-10-15
9744,Lucía Ernesto,Castro Valencia,1984-06-01
9745,Carlos,Rengifo Moreno,1981-12-27
9746,Ariel Andrés,Valderrama Garzón,1995-05-21
9747,Francisco,Páez Martínez,1973-01-28
9748,Luis Karen,Gómez Mora,1991-01-21
9749,Alexis Patricia,Morales Quintero,2006-08-11
9751,Diego,Moreno Pedraza,1976-08-10
9752,Leonardo,Castillo Mora,1993-07-29
9753,Jhon Sofía,González Rivera,1982-06-11
9754,Yamile Adriana,Salcedo Moreno,1996-09-19
9755,Manuel Piedad,Flórez Mena,1976-05-21
9756,Jeison,Moreno Jiménez,1979-06-21
9760,Lucía Milton,Ortiz Martínez,1969-02-02
9761,María José,Forero Pérez,1972-09-04
9762,Carolina,Molina Montoya,1974-10-21
9763,Ferney,Rangel Morales,1995-01-30
9764,Vanessa Patricia,Escobar Cruz,1990-12-30
9765,José Gloria,Prada Cabrera,1993-07-09
9766,Francy,Mendoza Peña,1968-12-22
9770,Jesús,Castellanos Bolívar,1987-12-19
9771,Martha,Guerra Pérez,1999-02-07
9772,Jorge Andrés,Silva Rodríguez,1997-03-15
9773,Deicy,Mena González,1998-08-26
9774,Camilo,Sandoval Gutiérrez,1962-10-06
9775,Josefina,Mena Perdomo,1957-07-18
9776,Mariela,Torres Martínez,2006-08-20
9777,Fabián,Ramírez Bedoya,1989-08-15
9778,Juan,Bolaños Zapata,1962-06-02
9779,Nubia,Vélez Sanabria,1984-04-06
9781,Erika Natalia,Meneses Pérez,1992-11-19
9782,Milena,Fonseca Blanco,2004-05-15
9784,Mauricio Marta,Tovar Granados,1990-05-11
9785,Antonio,Gómez Silva,1992-04-20
9786,Alexander,Mosquera Velandia,1989-04-08
9787,Carolina Yamile,Arias Castillo,1975-06-24
9788,José Alfonso,Díaz León,1990-04-07
9789,Yenny,Castrillón López,1987-08-29
9790,Janeth Santiago,Hernández Rojas,1998-06-05
9791,Daniela Leidy,Ruiz Bravo,1996-03-18
9792,Carlos Alexander,Rodríguez Henao,1991-05-20
9793,Paula Eduardo,Pabón Jiménez,1966-02-17
9794,Maribel,Niño Hernández,1997-02-02
9795,Lorena,Acevedo Sanabria,2001-12-21
9796,Paola Alejandro,Barrios Moreno,1970-01-17
9797,Sebastián,Acevedo Velandia,1979-09-15
9798,Alberto,Osorio Patiño,1983-10-21
9799,Ibeth Alfredo,López Bermúdez,1982-11-14
9800,Julián Yeny,Rojas Caicedo,1967-10-23
9802,Libardo,Arenas Gómez,1982-10-11
9803,Julio,Zapata Rojas,1999-01-25
9805,Andrea,Bermúdez León,1975-12-28
9807,Isabel,Camargo Ariza,1992-12-03
9808,Carolina María,Vega Cabrera,1970-11-24
9810,Juan,Díaz Montenegro,1955-12-28
9811,Jesús Katerine,Posada Castro,1989-08-08
9812,Edinson,Sánchez Gómez,1995-05-19
9813,Manuel,López Álvarez,1977-06-05
9814,Olga David,Daza Manrique,1986-12-27
9816,Alexis,González Rentería,1985-04-03
9817,Jorge,Mosquera Torres,1992-09-06
9818,Luis,Morales García,1995-06-05
9819,Sonia Brayan,Martínez Roa,1991-07-27
9820,Armando Luz,Díaz Pérez,1981-02-08
9821,Andrés Milton,Londoño Sánchez,1997-01-10
9822,Yenny,Contreras Posada,1994-02-13
9823,Irma,Suárez Ávila,1999-01-31
9824,Henry Angie,León Galeano,1973-09-18
9825,Irma,Muñoz Quintero,1976-12-15
9826,Iván Antonio,Chacón Guerrero,1980-08-16
9827,María,Muñoz Mosquera,1983-07-16
9828,María,Acosta Hernández,1992-05-13
9829,Ferney Juan,Caballero Vásquez,1980-03-06
9830,Tatiana,López Arteaga,1979-01-21
9831,Luis,Rodríguez Gómez,1986-12-09
9832,Danna,Perea Cortés,1984-11-02
9833,Carolina Humberto,García Rojas,1960-06-05
9834,Felipe Diego,Melo Castaño,1996-08-22
9835,Dayana,González García,1971-02-26
9836,Carlos,Forero Gómez,1996-06-28
9837,Miriam,Zambrano Sanabria,1978-09-25
9840,Andrea,Leal Sánchez,1988-06-08
9841,Daniel,Arroyo Rivera,1984-01-29
9842,Andrés,Medina Mercado,1989-03-08
9843,Paola,Rodríguez Castaño,1966-06-28
9844,Mauricio,Reyes Castellanos,1968-05-03
9845,Alfonso,Álvarez Vásquez,1988-02-05
9846,Fernando,Acevedo Mesa,1975-09-02
9848,Jhon Yuli,Gaviria Gil,2005-11-23
9849,Carmen Olga,Pérez Álvarez,1973-09-19
9851,Lilia Eliecer,Bernal Herrera,1984-03-10
9852,Nelsy,Valderrama Arango,1991-12-21
9853,José,Flórez Villegas,1974-09-24
9854,Paola,Moreno López,1987-02-03
9856,Paola Camilo,Silva Castrillón,1991-12-16
9857,Esteban,Hernández Mena,1979-09-27
9858,Sebastián Alexander,Muñoz Medina,1955-06-19
9859,Andrea,Martínez Monsalve,1992-11-26
9860,Luis Eliana,Ospina Torres,1982-05-06
9861,Edgar Leydi,Ortiz García,1989-09-03
9863,Claudia,Campo Zapata,1995-01-13
9864,Ernesto Myriam,Padilla Fernández,1990-09-02
9865,Fernando Janeth,Valencia Valderrama,1981-11-04
9866,Eva Javier,Hurtado Fuentes,1968-09-07
9867,Eliana John,Gómez Álvarez,1976-01-04
9868,Oswaldo Rosalba,Hernández Rodríguez,1992-07-20
9869,Dario,Parra González,1966-11-09
9870,María,Muñoz Prieto,1991-07-23
9871,Manuela,Barrios Torres,1974-07-24
9872,Rosa,Medina Ruiz,1972-07-11
9873,Geovanny,Gómez Ortiz,1986-06-03
9875,María,Suárez Nieto,1981-01-20
9876,Yolanda,Parra Camargo,1981-11-01
9877,María Oswaldo,Torres Cáceres,1974-05-04
9878,Fredy,Ospina León,1955-11-20
9879,Amanda Robinson,Patiño Acevedo,1994-07-23
9880,Johana Mirian,Sarmiento Acosta,1978-03-02
9881,Amparo Fernanda,Suárez Bedoya,1989-11-24
9882,David,Hernández Gómez,2001-04-13
9883,Eugenia,Gallego Quintero,1982-11-04
9884,Elizabeth,Cuesta Vargas,1966-05-29
9887,Tatiana,López Vega,1973-12-11
9888,Dina Camilo,Rodríguez López,2000-03-02
9889,Néstor,Galeano Rojas,1990-08-07
9890,Yulieth Andrés,Álvarez Caicedo,1985-06-20
9891,Amanda Mauricio,Pérez Ospina,1962-08-01
9892,Johanna Hernán,Márquez Duarte,2003-03-27
9893,Esmeralda,Luna Yepes,1993-04-14
9894,Samuel Carolina,Ruiz Portilla,1978-12-10
9895,Ibeth,Salcedo Vásquez,1970-01-07
9896,Eduardo Juan,Mendoza Morales,2003-05-24
9898,Kelly Gerardo,Ariza González,1994-01-15
9899,Alexander Jesús,Navarro Rivera,1998-08-22
9900,César,González Rodríguez,1994-01-23
9901,Alberto,Muñoz Parra,1979-02-12
9902,Martha,Buitrago Martínez,1955-05-21
9903,Carolina,González Meneses,1976-04-21
9904,Carlos,Loaiza Giraldo,1991-02-06
9905,Alexander,Rojas Rodríguez,2004-12-15
9907,Rosa,Palacios Pabón,1970-03-25
9908,Alfonso Juan,González Peña,1999-08-09
9909,Andrea Alonso,Padilla Ríos,1993-04-25
9910,Emilse,Corredor Mantilla,1964-12-16
9911,David Ana,Patiño Romero,2004-05-26
9912,Paola,Ávila Bermúdez,1990-04-07
9913,José María,Herrera Duque,2000-04-24
9914,Leonor,Rodríguez Rojas,1996-01-26
9915,Jacqueline Leider,Molina Franco,1981-04-24
9916,Carolina,Lara Valencia,1971-11-04
9918,Efrain,Duarte Rodríguez,1987-01-23
9919,Francisco,Durán Ortiz,1960-12-27
9920,Alix,Castellanos Flórez,1991-03-19
9921,Fernanda,Jaimes Ortiz,1999-04-27
9923,Fabián Shirley,Gómez Rincón,1984-04-23
9925,James,Muñoz Pérez,1991-04-14
9926,Nury,Morales Ardila,1978-02-19
9927,Lizeth Alfredo,Arias Guzmán,1987-11-14
9928,Alexander María,Herrera López,1980-06-23
9929,Sandra,Molina Bedoya,2001-07-07
9931,Libia,Restrepo Naranjo,1991-03-10
9932,Elkin,Ortega Leal,1954-02-14
9933,Kelly,Rodríguez López,1970-04-29
9935,Esmeralda Milton,Pérez Montenegro,1993-04-23
9936,Claudia,Gómez Alarcón,1958-12-08
9937,Juan Claudia,Rentería Hernández,1998-05-18
9938,Fernando Giovanny,Vega Silva,1980-12-02
9939,Carlos,Ramos Giraldo,1962-02-03
9940,Ana Dora,Barbosa Cárdenas,1990-04-30
9942,Lorena,Barrera Ibarra,1997-04-03
9943,Janeth,Morales Vásquez,1993-11-18
9944,Fabián,Ochoa García,1986-03-14
9945,Juan Esteban,Angarita Guerra,1968-10-12
9946,Tatiana,Peña Castro,1953-11-27
9947,Andrés,Morales Romero,1976-12-24
9948,Yair,Torres Hurtado,2001-02-21
9950,Enrique Tatiana,Pérez Díaz,1974-06-19
9951,María Gerardo,Bustos Sánchez,1952-08-27
9952,Stiven Guillermo,Molina Zuluaga,1989-01-08
9953,Alejandra Andrés,Córdoba Mercado,1990-03-31
9954,Albeiro,Medina Giraldo,1989-04-29
9955,Alexandra,Andrade Ospina,2003-03-22
9956,Luz,Arrieta Carvajal,1955-09-27
9957,Fernando Yaneth,Ojeda Moreno,1989-08-19
9958,Claudia Edinson,Bedoya Triana,1980-03-25
9960,Giovanny,Torres Cruz,1981-09-12
9962,Ana,Jaimes Montoya,1975-11-09
9963,Lorena,Sanabria Vega,1978-03-31
9964,Luis Esmeralda,Arenas Martínez,1958-12-10
9965,Andrés,Mendoza Yepes,2002-07-10
9966,Miriam,Páez Galeano,1992-02-02
9967,María,Caballero Martínez,1987-05-06
9968,Ángel,Parra Vargas,1980-02-28
9969,Socorro,Quintero Hernández,1985-07-16
9970,Andrea,Salazar García,1997-01-16
9971,Estefanía,Moreno Amaya,1976-07-30
9972,Natalia,Gaviria Rueda,1974-05-27
9973,Nelson,Rodríguez González,1967-05-02
9974,Luisa,Salamanca Suárez,1971-04-30
9975,Jorge,Cortés Montoya,1979-09-18
9976,Karina Constanza,Cortés Álvarez,1971-01-07
9977,Jhon,Caicedo Jaimes,1991-01-21
9978,José,Arango Quintero,1992-01-22
9980,María,Delgado Arias,1987-12-17
9982,José Cecilia,Contreras Muñoz,1984-10-04
9983,Laura Pablo,Páez Cardona,2008-08-24
9985,Carlos María,González Villamizar,1954-01-07
9986,Carlos,Suárez Caro,1998-08-09
9987,Denis Nelson,Jiménez Melo,1983-04-07
9988,Milena Inés,Pérez Bermúdez,1973-06-05
9989,Jhon Rafael,Vanegas Ortiz,1965-09-30
9990,Luz Ruth,Gonzáles Sánchez,1994-05-10
9991,Carlos,Martínez Nieto,1984-10-15
9992,Fabián,Alarcón Gaviria,1995-02-09
9993,Rafael,Quintero Ortiz,1995-05-15
9994,Francisco Víctor,Aguilar Blanco,1998-03-15
9995,Carlos Luis,Morales Díaz,1972-11-09
9996,Carlos,Luna Herrera,1988-02-12
9997,Orlando Virginia,Mejía Castro,2004-07-31
9998,Luz,Bautista Sánchez,1991-08-20
9999,Lucía,Meza Rincón,1994-09-03
10000,Carmen Humberto,Bolívar González,1979-08-15
